# Blender 4.1.1
# www.blender.org
mtllib GreatSword.mtl
o tripo_node_d2e619f7-56ed-4392-a247-5d6a0d683301
v 0.453165 -0.067155 1.322312
v 0.453165 -0.067155 1.322312
v 0.453165 -0.067155 1.322312
v 0.456015 -0.064028 1.307568
v 0.456015 -0.064028 1.307568
v 0.456015 -0.064028 1.307568
v 0.195235 -0.066642 1.338280
v 0.243327 -0.068085 1.327270
v 0.251995 -0.025392 1.352005
v 0.319740 -0.018911 1.317412
v 0.319740 -0.018911 1.317412
v 0.168681 -0.027362 1.441729
v 0.037186 -0.035530 1.357828
v 0.037186 -0.035530 1.357828
v 0.037186 -0.035530 1.357828
v 0.061068 -0.034920 1.351187
v 0.061068 -0.034920 1.351187
v 0.061068 -0.034920 1.351187
v 0.096413 -0.027783 1.393806
v 0.096413 -0.027783 1.393806
v 0.123607 -0.038273 1.384587
v 0.123607 -0.038273 1.384587
v 0.148266 -0.042225 1.394673
v 0.034841 -0.048952 1.365166
v 0.034841 -0.048952 1.365166
v 0.034841 -0.048952 1.365166
v 0.034841 -0.048952 1.365166
v 0.034841 -0.048952 1.365166
v 0.051431 -0.045031 1.373716
v 0.051431 -0.045031 1.373716
v 0.051431 -0.045031 1.373716
v 0.051431 -0.045031 1.373716
v 0.040956 -0.044130 1.364836
v 0.040956 -0.044130 1.364836
v 0.040956 -0.044130 1.364836
v -0.006102 -0.067291 1.347254
v -0.087730 -0.048202 1.313197
v -0.087730 -0.048202 1.313197
v -0.087730 -0.048202 1.313197
v -0.087730 -0.048202 1.313197
v -0.112495 -0.049521 1.327384
v -0.112495 -0.049521 1.327384
v -0.112495 -0.049521 1.327384
v -0.112495 -0.049521 1.327384
v 0.057875 -0.029899 1.352278
v 0.057875 -0.029899 1.352278
v 0.057875 -0.029899 1.352278
v -0.099855 -0.030818 1.305961
v -0.099855 -0.030818 1.305961
v -0.099855 -0.030818 1.305961
v -0.252209 -0.018228 1.453497
v -0.252209 -0.018228 1.453497
v -0.176255 -0.027157 1.362048
v -0.138300 -0.028899 1.341696
v -0.214976 -0.026944 1.451846
v -0.214976 -0.026944 1.451846
v -0.143194 -0.040852 1.333649
v 0.137597 -0.067407 1.376472
v 0.088312 -0.066213 1.333905
v 0.032332 -0.076363 1.246157
v 0.032332 -0.076363 1.246157
v 0.038262 -0.036085 0.302464
v 0.038262 -0.036085 0.302464
v 0.039696 -0.031918 0.092824
v 0.096333 -0.024800 0.166451
v 0.096333 -0.024800 0.166451
v 0.096333 -0.024800 0.166451
v 0.096333 -0.024800 0.166451
v -0.040390 -0.031883 0.295792
v -0.040390 -0.031883 0.295792
v -0.062408 -0.024512 0.239113
v -0.062408 -0.024512 0.239113
v -0.062408 -0.024512 0.239113
v -0.062408 -0.024512 0.239113
v 0.065355 -0.022971 0.247348
v 0.065355 -0.022971 0.247348
v 0.065355 -0.022971 0.247348
v 0.010796 -0.013298 0.008168
v -0.018413 -0.006715 0.008105
v -0.084200 -0.023135 0.164388
v -0.084200 -0.023135 0.164388
v -0.084200 -0.023135 0.164388
v -0.084200 -0.023135 0.164388
v -0.137037 -0.022989 0.243613
v -0.041952 -0.024491 0.093999
v -0.133567 -0.032909 0.212333
v -0.133567 -0.032909 0.212333
v -0.331261 -0.069309 1.301949
v -0.452702 -0.040758 1.292377
v -0.452702 -0.040758 1.292377
v -0.407939 -0.026462 1.286242
v -0.407939 -0.026462 1.286242
v -0.407939 -0.026462 1.286242
v -0.338621 -0.025511 1.333484
v -0.064974 -0.077724 1.218585
v -0.064974 -0.077724 1.218585
v -0.064974 -0.077724 1.218585
v -0.278840 -0.067179 1.309594
v -0.516390 -0.065891 1.289084
v -0.516390 -0.065891 1.289084
v -0.516390 -0.065891 1.289084
v -0.505741 -0.069342 1.295549
v -0.473522 -0.051048 1.319606
v -0.473522 -0.051048 1.319606
v -0.473522 -0.051048 1.319606
v 0.005121 -0.003337 5.001403
v -0.006219 -0.001274 5.001797
v -0.006219 -0.001274 5.001797
v -0.006219 -0.001274 5.001797
v 0.009710 0.008738 5.002474
v 0.009710 0.008738 5.002474
v -0.289546 0.071860 1.323021
v -0.044219 0.080947 1.216738
v -0.044219 0.080947 1.216738
v -0.044219 0.080947 1.216738
v -0.044219 0.080947 1.216738
v -0.213840 0.033921 1.360672
v -0.330087 0.033310 1.329433
v -0.401824 0.034986 1.285941
v -0.401824 0.034986 1.285941
v -0.401824 0.034986 1.285941
v -0.465953 0.037076 1.293062
v -0.469401 0.055461 1.319166
v -0.469401 0.055461 1.319166
v -0.514055 0.064578 1.285653
v -0.514055 0.064578 1.285653
v -0.514055 0.064578 1.285653
v -0.479653 0.072861 1.295029
v -0.317557 0.072796 1.306344
v -0.039383 0.037678 0.294951
v -0.039383 0.037678 0.294951
v -0.122537 0.046146 0.227586
v -0.122537 0.046146 0.227586
v 0.030853 0.043748 0.297771
v 0.030853 0.043748 0.297771
v -0.038883 0.038102 0.099938
v -0.038883 0.038102 0.099938
v 0.040012 0.041984 0.096769
v -0.008126 0.025995 0.012442
v -0.137056 0.031084 0.243111
v -0.137056 0.031084 0.243111
v -0.088333 0.029585 0.168858
v -0.088333 0.029585 0.168858
v -0.088333 0.029585 0.168858
v 0.017951 0.019624 0.009022
v 0.072500 0.032559 0.250689
v 0.072500 0.032559 0.250689
v 0.072500 0.032559 0.250689
v -0.062881 0.031016 0.239936
v -0.062881 0.031016 0.239936
v -0.062881 0.031016 0.239936
v -0.062881 0.031016 0.239936
v 0.096388 0.034636 0.169656
v 0.096388 0.034636 0.169656
v 0.096388 0.034636 0.169656
v 0.096388 0.034636 0.169656
v 0.018947 0.087451 1.241854
v 0.018947 0.087451 1.241854
v 0.156958 0.071003 1.380638
v 0.098132 0.068897 1.341746
v -0.009562 0.066775 1.331705
v -0.263478 0.022653 1.484322
v -0.263478 0.022653 1.484322
v -0.286741 0.010714 1.497072
v -0.286741 0.010714 1.497072
v -0.200840 0.035671 1.446235
v -0.131382 0.037539 1.339921
v -0.097415 0.051902 1.307559
v -0.097415 0.051902 1.307559
v -0.097415 0.051902 1.307559
v -0.097415 0.051902 1.307559
v -0.096842 0.045920 1.306721
v -0.096842 0.045920 1.306721
v -0.096842 0.045920 1.306721
v 0.057921 0.053165 1.380611
v 0.057921 0.053165 1.380611
v 0.057921 0.053165 1.380611
v 0.057921 0.053165 1.380611
v 0.057921 0.053165 1.380611
v 0.070938 0.046960 1.378031
v 0.070938 0.046960 1.378031
v 0.074678 0.045481 1.373789
v 0.074678 0.045481 1.373789
v 0.074678 0.045481 1.373789
v 0.092081 0.036681 1.404924
v 0.092081 0.036681 1.404924
v 0.070006 0.038778 1.377268
v 0.070006 0.038778 1.377268
v 0.070006 0.038778 1.377268
v 0.232491 0.032942 1.364941
v 0.310490 0.032742 1.320280
v 0.310490 0.032742 1.320280
v 0.124878 0.038456 1.485875
v 0.250677 0.048880 1.341413
v 0.250677 0.048880 1.341413
v 0.230343 0.046472 1.344254
v 0.460976 0.064724 1.322314
v 0.460976 0.064724 1.322314
v 0.460976 0.064724 1.322314
v 0.458753 0.066758 1.308495
v 0.458753 0.066758 1.308495
v 0.458753 0.066758 1.308495
v 0.457379 -0.067984 1.314914
v 0.457379 -0.067984 1.314914
v 0.457379 -0.067984 1.314914
v 0.466320 -0.057446 1.316276
v 0.466320 -0.057446 1.316276
v 0.466320 -0.057446 1.316276
v 0.456897 -0.057934 1.325807
v 0.456897 -0.057934 1.325807
v 0.443401 -0.058319 1.334151
v 0.441896 -0.067753 1.327092
v 0.441896 -0.067753 1.327092
v 0.440793 -0.069313 1.316631
v 0.441919 -0.066191 1.306902
v 0.441919 -0.066191 1.306902
v 0.442528 -0.056452 1.304494
v 0.459507 -0.055854 1.306356
v 0.459507 -0.055854 1.306356
v 0.214744 -0.068502 1.346545
v 0.170561 -0.067064 1.370038
v 0.156197 -0.065147 1.348012
v 0.150389 -0.060640 1.329005
v 0.202734 -0.066846 1.324271
v 0.203375 -0.068131 1.308020
v 0.250012 -0.069609 1.307500
v 0.257738 -0.064201 1.338395
v 0.257738 -0.064201 1.338395
v 0.225898 -0.066100 1.359282
v 0.275703 -0.025501 1.363128
v 0.244723 -0.025305 1.379525
v 0.226823 -0.025298 1.360344
v 0.215808 -0.025197 1.340576
v 0.215808 -0.025197 1.340576
v 0.257374 -0.025228 1.335796
v 0.292056 -0.025625 1.343166
v 0.326983 -0.011353 1.319269
v 0.326983 -0.011353 1.319269
v 0.316254 -0.012591 1.328464
v 0.316254 -0.012591 1.328464
v 0.316254 -0.012591 1.328464
v 0.300738 -0.026410 1.325319
v 0.300738 -0.026410 1.325319
v 0.309199 -0.033087 1.314869
v 0.309199 -0.033087 1.314869
v 0.345982 -0.028051 1.327257
v 0.352226 -0.012577 1.329080
v 0.212673 -0.027478 1.417249
v 0.225258 -0.011683 1.431328
v 0.225258 -0.011683 1.431328
v 0.225258 -0.011683 1.431328
v 0.200626 -0.009417 1.460460
v 0.200626 -0.009417 1.460460
v 0.121720 -0.026206 1.434635
v 0.152909 -0.025605 1.407499
v 0.163911 -0.013479 1.505976
v 0.129650 -0.026170 1.494703
v 0.201026 -0.025346 1.398941
v 0.094036 -0.028148 1.375502
v 0.094036 -0.028148 1.375502
v 0.047205 -0.041394 1.358995
v 0.047205 -0.041394 1.358995
v 0.088907 -0.034442 1.367229
v 0.088907 -0.034442 1.367229
v 0.088907 -0.034442 1.367229
v 0.074404 -0.039632 1.371210
v 0.141941 -0.025691 1.390190
v 0.091676 -0.029447 1.438086
v 0.091676 -0.029447 1.438086
v 0.059597 -0.038134 1.398590
v 0.059597 -0.038134 1.398590
v 0.094644 -0.043806 1.404113
v 0.094644 -0.043806 1.404113
v 0.094644 -0.043806 1.404113
v 0.141047 -0.044432 1.416299
v 0.141047 -0.044432 1.416299
v 0.176037 -0.042423 1.375755
v 0.165319 -0.041130 1.357929
v 0.165319 -0.041130 1.357929
v 0.129532 -0.031332 1.379401
v 0.129532 -0.031332 1.379401
v 0.129532 -0.031332 1.379401
v 0.169940 -0.025615 1.359565
v 0.169940 -0.025615 1.359565
v 0.186139 -0.044594 1.396426
v 0.186139 -0.044594 1.396426
v 0.040775 -0.062961 1.401263
v 0.010357 -0.065689 1.371476
v -0.013832 -0.079051 1.377073
v -0.021904 -0.075036 1.340137
v -0.015261 -0.065678 1.316531
v -0.015261 -0.065678 1.316531
v 0.005997 -0.059549 1.334257
v 0.005997 -0.059549 1.334257
v -0.096742 -0.035626 1.315781
v -0.096742 -0.035626 1.315781
v -0.096742 -0.035626 1.315781
v -0.100691 -0.042168 1.307595
v -0.100691 -0.042168 1.307595
v -0.100691 -0.042168 1.307595
v -0.100691 -0.042168 1.307595
v -0.090367 -0.051820 1.303849
v -0.090367 -0.051820 1.303849
v -0.066246 -0.057987 1.292551
v -0.066246 -0.057987 1.292551
v -0.065501 -0.061945 1.309958
v -0.065501 -0.061945 1.309958
v -0.123824 -0.061263 1.317894
v -0.096581 -0.057925 1.295911
v -0.117663 -0.038611 1.308087
v -0.117663 -0.038611 1.308087
v -0.125552 -0.042464 1.330136
v -0.125552 -0.042464 1.330136
v -0.112357 -0.029775 1.317735
v -0.112357 -0.029775 1.317735
v -0.114907 -0.028801 1.304291
v -0.114907 -0.028801 1.304291
v -0.263282 -0.019509 1.438380
v -0.263282 -0.019509 1.438380
v -0.263282 -0.019509 1.438380
v -0.239970 -0.026717 1.426608
v -0.252759 -0.022288 1.488319
v -0.252759 -0.022288 1.488319
v -0.267292 -0.005499 1.473467
v -0.267292 -0.005499 1.473467
v -0.267292 -0.005499 1.473467
v -0.274901 -0.005972 1.445732
v -0.274901 -0.005972 1.445732
v -0.119281 -0.031857 1.340300
v -0.119281 -0.031857 1.340300
v -0.145219 -0.031080 1.367603
v -0.145219 -0.031080 1.367603
v -0.176614 -0.026858 1.343238
v -0.135715 -0.028220 1.326105
v -0.181626 -0.029073 1.406113
v -0.181626 -0.029073 1.406113
v -0.207116 -0.026968 1.400130
v -0.160999 -0.044693 1.410772
v -0.160999 -0.044693 1.410772
v -0.170016 -0.036577 1.449892
v -0.170016 -0.036577 1.449892
v -0.170016 -0.036577 1.449892
v -0.196287 -0.028736 1.503166
v -0.234934 -0.017460 1.520490
v -0.157921 -0.032912 1.497628
v -0.157921 -0.032912 1.497628
v -0.179284 -0.041153 1.353916
v -0.168960 -0.045776 1.370033
v -0.168960 -0.045776 1.370033
v -0.140876 -0.037259 1.319578
v -0.140876 -0.037259 1.319578
v -0.181341 -0.039551 1.340092
v -0.181341 -0.039551 1.340092
v 0.112292 -0.067092 1.363512
v 0.135809 -0.068726 1.398106
v 0.096872 -0.067966 1.383205
v 0.181463 -0.068672 1.388735
v 0.062985 -0.067145 1.352530
v 0.031800 -0.062970 1.318105
v 0.044061 -0.066380 1.305699
v 0.052487 -0.067427 1.292638
v 0.093620 -0.067484 1.309583
v 0.024245 -0.075883 1.258967
v -0.011775 -0.088012 1.245826
v -0.011038 -0.090245 1.234347
v -0.011038 -0.090245 1.234347
v 0.026821 -0.074302 1.225543
v 0.049198 -0.052778 1.228132
v 0.049198 -0.052778 1.228132
v 0.053495 -0.051939 1.247921
v 0.053495 -0.051939 1.247921
v -0.013023 -0.081886 1.221109
v -0.013023 -0.081886 1.221109
v -0.013023 -0.081886 1.221109
v 0.061109 -0.029355 0.281343
v 0.067773 -0.023371 0.291051
v 0.067773 -0.023371 0.291051
v 0.067773 -0.023371 0.291051
v 0.052639 -0.024710 0.310364
v 0.052639 -0.024710 0.310364
v 0.052639 -0.024710 0.310364
v 0.053214 -0.042466 0.356485
v 0.033463 -0.053953 0.354727
v 0.033463 -0.053953 0.354727
v 0.033140 -0.038213 0.265599
v 0.055612 -0.030565 0.257431
v 0.055612 -0.030565 0.257431
v 0.077153 -0.021318 0.119863
v 0.069569 -0.031387 0.133639
v 0.069569 -0.031387 0.133639
v 0.037586 -0.044435 0.122652
v 0.011912 -0.055062 0.118199
v 0.011912 -0.055062 0.118199
v 0.010103 -0.045044 0.089919
v 0.010103 -0.045044 0.089919
v 0.019848 -0.022173 0.041382
v 0.030249 -0.014658 0.037930
v 0.053670 -0.017061 0.081272
v 0.003944 -0.029734 0.042019
v 0.003944 -0.029734 0.042019
v 0.003944 -0.029734 0.042019
v 0.085536 -0.011793 0.108281
v 0.103913 -0.025172 0.150508
v 0.103913 -0.025172 0.150508
v 0.129248 -0.028746 0.167300
v 0.129248 -0.028746 0.167300
v 0.119948 -0.024802 0.176226
v 0.119948 -0.024802 0.176226
v 0.119948 -0.024802 0.176226
v 0.098666 -0.011176 0.172318
v 0.098666 -0.011176 0.172318
v 0.093260 -0.014768 0.192030
v 0.086313 -0.032752 0.187839
v 0.086313 -0.032752 0.187839
v 0.086313 -0.032752 0.187839
v 0.117357 -0.011795 0.178007
v 0.117357 -0.011795 0.178007
v -0.058325 -0.027839 0.275112
v -0.058325 -0.027839 0.275112
v -0.050290 -0.031348 0.258309
v -0.032746 -0.036901 0.263745
v -0.011739 -0.044402 0.267989
v -0.015738 -0.042638 0.299144
v -0.015738 -0.042638 0.299144
v -0.054073 -0.018016 0.301765
v -0.054073 -0.018016 0.301765
v -0.065551 -0.018010 0.282627
v -0.065551 -0.018010 0.282627
v -0.065551 -0.018010 0.282627
v -0.083224 -0.030665 0.231949
v -0.083224 -0.030665 0.231949
v -0.081549 -0.014407 0.229380
v -0.064053 -0.013885 0.232340
v -0.064053 -0.013885 0.232340
v -0.067960 -0.033603 0.252310
v -0.067960 -0.033603 0.252310
v -0.089412 -0.040084 0.242823
v -0.089412 -0.040084 0.242823
v -0.067019 -0.032386 0.213177
v -0.067019 -0.032386 0.213177
v -0.047881 -0.041577 0.208840
v -0.046081 -0.035695 0.236564
v -0.071957 -0.015621 0.213438
v 0.068179 -0.026871 0.235035
v 0.068179 -0.026871 0.235035
v 0.068179 -0.026871 0.235035
v 0.073174 -0.013434 0.233512
v 0.073174 -0.013434 0.233512
v 0.077683 -0.014040 0.245202
v 0.077683 -0.014040 0.245202
v 0.077683 -0.014040 0.245202
v 0.076312 -0.027692 0.251700
v 0.076312 -0.027692 0.251700
v 0.076312 -0.027692 0.251700
v 0.051744 -0.035948 0.235147
v 0.000288 -0.012996 -0.001310
v 0.000288 -0.012996 -0.001310
v 0.000288 -0.012996 -0.001310
v 0.002570 -0.002015 -0.009573
v 0.002570 -0.002015 -0.009573
v 0.013968 -0.005308 -0.001574
v 0.013968 -0.005308 -0.001574
v -0.025292 -0.015005 0.041918
v -0.032268 -0.000640 0.038446
v -0.032268 -0.000640 0.038446
v -0.017379 0.003193 0.000015
v -0.017379 0.003193 0.000015
v -0.009194 -0.010784 -0.001179
v -0.009194 -0.010784 -0.001179
v -0.011491 -0.024450 0.043057
v -0.011491 -0.024450 0.043057
v -0.007087 0.000540 -0.009546
v -0.007087 0.000540 -0.009546
v -0.007087 0.000540 -0.009546
v -0.100091 -0.027587 0.176272
v -0.100091 -0.027587 0.176272
v -0.100091 -0.027587 0.176272
v -0.114856 -0.028169 0.165823
v -0.114856 -0.028169 0.165823
v -0.093036 -0.026578 0.148837
v -0.093036 -0.026578 0.148837
v -0.084488 -0.012132 0.173404
v -0.084488 -0.012132 0.173404
v -0.096067 -0.012562 0.178391
v -0.096067 -0.012562 0.178391
v -0.075595 -0.035075 0.188903
v -0.075595 -0.035075 0.188903
v -0.075595 -0.035075 0.188903
v -0.081473 -0.015045 0.192121
v -0.123321 -0.024882 0.250132
v -0.126188 -0.010526 0.256149
v -0.144030 -0.011686 0.245783
v -0.155573 -0.015588 0.229114
v -0.155573 -0.015588 0.229114
v -0.140905 -0.030566 0.232176
v -0.140905 -0.030566 0.232176
v -0.140905 -0.030566 0.232176
v -0.120306 -0.038275 0.241935
v -0.120306 -0.038275 0.241935
v -0.059346 -0.005489 0.076388
v -0.059346 -0.005489 0.076388
v -0.015433 -0.039470 0.092522
v -0.015433 -0.039470 0.092522
v -0.076722 -0.017811 0.117684
v -0.090301 -0.003918 0.102689
v -0.090301 -0.003918 0.102689
v -0.036569 -0.039956 0.125715
v -0.064280 -0.028646 0.134595
v -0.064280 -0.028646 0.134595
v -0.013644 -0.050711 0.120332
v -0.013644 -0.050711 0.120332
v -0.155197 -0.017765 0.208396
v -0.155197 -0.017765 0.208396
v -0.112829 -0.029711 0.208038
v -0.112829 -0.029711 0.208038
v -0.112829 -0.029711 0.208038
v -0.101991 -0.032486 0.221711
v -0.101991 -0.032486 0.221711
v -0.101991 -0.032486 0.221711
v -0.101991 -0.032486 0.221711
v -0.112538 -0.040146 0.229791
v -0.112538 -0.040146 0.229791
v -0.129689 -0.030415 0.187586
v -0.129689 -0.030415 0.187586
v -0.111934 -0.030003 0.192809
v -0.111934 -0.030003 0.192809
v -0.145903 -0.016260 0.182604
v -0.292628 -0.066352 1.293444
v -0.293429 -0.068140 1.322392
v -0.344343 -0.069605 1.280073
v -0.299118 -0.067983 1.276497
v -0.301625 -0.068571 1.335300
v -0.338833 -0.067813 1.316119
v -0.465934 -0.045976 1.299661
v -0.465934 -0.045976 1.299661
v -0.465934 -0.045976 1.299661
v -0.432656 -0.050073 1.301742
v -0.423549 -0.043162 1.289362
v -0.423549 -0.043162 1.289362
v -0.449302 -0.028054 1.290258
v -0.472432 -0.031167 1.297748
v -0.472432 -0.031167 1.297748
v -0.385649 -0.045548 1.288368
v -0.385649 -0.045548 1.288368
v -0.376268 -0.031385 1.286525
v -0.376268 -0.031385 1.286525
v -0.390849 -0.021732 1.299088
v -0.390849 -0.021732 1.299088
v -0.394450 -0.009289 1.299369
v -0.414759 -0.010396 1.286646
v -0.414759 -0.010396 1.286646
v -0.372650 -0.026406 1.298625
v -0.311271 -0.025663 1.351267
v -0.323689 -0.028423 1.365281
v -0.356651 -0.026952 1.338635
v -0.369516 -0.026372 1.316104
v -0.342466 -0.025398 1.317843
v -0.301262 -0.025384 1.336004
v -0.059464 -0.089000 1.233187
v -0.059464 -0.089000 1.233187
v -0.093849 -0.075300 1.243338
v -0.093849 -0.075300 1.243338
v -0.098726 -0.071635 1.233875
v -0.103185 -0.063439 1.227620
v -0.082943 -0.063384 1.214331
v -0.082943 -0.063384 1.214331
v -0.065030 -0.053438 1.210266
v -0.065030 -0.053438 1.210266
v -0.047351 -0.063464 1.210027
v -0.047351 -0.063464 1.210027
v -0.047351 -0.063464 1.210027
v -0.245040 -0.063313 1.318340
v -0.246235 -0.066558 1.343436
v -0.246300 -0.063122 1.294146
v -0.285107 -0.003135 1.496014
v -0.285107 -0.003135 1.496014
v -0.285107 -0.003135 1.496014
v -0.281532 -0.011772 1.516149
v -0.281532 -0.011772 1.516149
v -0.281532 -0.011772 1.516149
v -0.286067 0.019570 1.517153
v -0.286067 0.019570 1.517153
v -0.286067 0.019570 1.517153
v -0.511604 -0.066022 1.301009
v -0.511604 -0.066022 1.301009
v -0.513070 -0.054001 1.304083
v -0.521316 -0.055078 1.289870
v -0.521316 -0.055078 1.289870
v -0.521316 -0.055078 1.289870
v -0.508065 -0.067095 1.286644
v -0.508065 -0.067095 1.286644
v -0.509419 -0.055175 1.282782
v -0.509419 -0.055175 1.282782
v -0.493448 -0.067827 1.285808
v -0.493448 -0.067827 1.285808
v -0.493578 -0.069506 1.298592
v -0.498275 -0.066646 1.311399
v -0.498275 -0.066646 1.311399
v -0.498275 -0.066646 1.311399
v -0.440610 -0.059702 1.321629
v -0.440610 -0.059702 1.321629
v -0.440610 -0.059702 1.321629
v -0.440610 -0.059702 1.321629
v -0.437501 -0.052333 1.314275
v -0.437501 -0.052333 1.314275
v -0.470533 -0.049164 1.310175
v -0.470533 -0.049164 1.310175
v -0.479842 -0.033222 1.308934
v -0.483173 -0.035181 1.319492
v -0.483173 -0.035181 1.319492
v -0.476207 -0.069139 1.314868
v -0.476207 -0.069139 1.314868
v -0.443425 -0.069219 1.313232
v -0.443425 -0.069219 1.313232
v -0.499720 -0.052913 1.317152
v -0.499720 -0.052913 1.317152
v -0.498078 -0.038015 1.319098
v -0.498078 -0.038015 1.319098
v 0.006941 -0.002055 5.003320
v 0.006941 -0.002055 5.003320
v 0.003600 -0.000035 5.007677
v 0.003600 -0.000035 5.007677
v 0.002682 -0.002412 5.005136
v 0.005880 -0.004145 4.983616
v 0.008787 -0.002930 4.984796
v 0.003000 -0.004605 4.984881
v -0.008006 0.000395 5.001944
v -0.008006 0.000395 5.001944
v -0.011756 -0.000299 4.986771
v -0.011756 -0.000299 4.986771
v -0.009129 -0.002627 4.985207
v -0.009129 -0.002627 4.985207
v -0.003226 -0.001467 5.005260
v -0.003226 -0.001467 5.005260
v -0.002605 0.001045 5.007999
v -0.002605 0.001045 5.007999
v -0.002605 0.001045 5.007999
v -0.006690 -0.003519 4.985808
v 0.009558 0.006040 5.004725
v 0.009558 0.006040 5.004725
v 0.009558 0.006040 5.004725
v 0.013579 0.007925 4.985228
v 0.012026 0.011484 4.984507
v 0.012026 0.011484 4.984507
v 0.006778 0.008864 5.006700
v 0.006778 0.008864 5.006700
v 0.006778 0.008864 5.006700
v 0.006778 0.008864 5.006700
v 0.006511 0.004365 5.007922
v 0.006511 0.004365 5.007922
v 0.006511 0.004365 5.007922
v 0.009908 0.014061 4.985485
v 0.009908 0.014061 4.985485
v -0.007850 0.016206 4.970976
v -0.009615 0.013680 4.985703
v -0.009615 0.013680 4.985703
v -0.003203 0.011027 5.007176
v -0.003203 0.011027 5.007176
v -0.003203 0.011027 5.007176
v -0.002138 0.016254 4.985368
v -0.298390 0.072846 1.335690
v -0.246137 0.073064 1.354951
v -0.244955 0.069880 1.330430
v -0.250701 0.067131 1.305696
v -0.336259 0.070551 1.318663
v -0.336259 0.070551 1.318663
v -0.080305 0.083818 1.229055
v -0.080305 0.083818 1.229055
v -0.080305 0.083818 1.229055
v -0.076503 0.085866 1.243073
v -0.035331 0.094080 1.235124
v -0.035331 0.094080 1.235124
v -0.064249 0.069620 1.212842
v -0.064249 0.069620 1.212842
v -0.064249 0.069620 1.212842
v -0.084556 0.075280 1.222086
v -0.084556 0.075280 1.222086
v -0.030676 0.069896 1.195704
v -0.030676 0.069896 1.195704
v -0.050579 0.064622 1.194502
v -0.050579 0.064622 1.194502
v -0.242749 0.033618 1.351969
v -0.253484 0.033724 1.371917
v -0.211104 0.034213 1.384607
v -0.167158 0.035654 1.358835
v -0.185770 0.034228 1.343750
v -0.185770 0.034228 1.343750
v -0.238484 0.033776 1.335352
v -0.238484 0.033776 1.335352
v -0.334828 0.033550 1.313785
v -0.364830 0.033748 1.314088
v -0.349884 0.033752 1.334177
v -0.302479 0.033431 1.346186
v -0.291999 0.033525 1.332385
v -0.317638 0.034286 1.360271
v -0.368923 0.040957 1.286394
v -0.368923 0.040957 1.286394
v -0.368923 0.040957 1.286394
v -0.371266 0.053331 1.297003
v -0.371266 0.053331 1.297003
v -0.411246 0.052453 1.292831
v -0.411246 0.052453 1.292831
v -0.391508 0.033059 1.299128
v -0.391508 0.033059 1.299128
v -0.369233 0.034443 1.297373
v -0.410114 0.019573 1.286300
v -0.410114 0.019573 1.286300
v -0.394730 0.020023 1.299901
v -0.444086 0.038229 1.289750
v -0.451869 0.052192 1.298223
v -0.451869 0.052192 1.298223
v -0.476935 0.039205 1.301160
v -0.476935 0.039205 1.301160
v -0.476935 0.039205 1.301160
v -0.478122 0.020724 1.303644
v -0.478122 0.020724 1.303644
v -0.466978 0.021310 1.293651
v -0.445481 0.021573 1.289678
v -0.488126 0.037563 1.323392
v -0.488126 0.037563 1.323392
v -0.488126 0.037563 1.323392
v -0.488126 0.037563 1.323392
v -0.481617 0.038255 1.313209
v -0.481617 0.038255 1.313209
v -0.481617 0.038255 1.313209
v -0.458983 0.054777 1.309206
v -0.502051 0.053658 1.315461
v -0.502051 0.053658 1.315461
v -0.504563 0.037998 1.312972
v -0.504563 0.037998 1.312972
v -0.466098 0.070998 1.318749
v -0.466098 0.070998 1.318749
v -0.496858 0.069231 1.313053
v -0.496858 0.069231 1.313053
v -0.496858 0.069231 1.313053
v -0.516671 0.052650 1.284138
v -0.516671 0.052650 1.284138
v -0.516656 0.053422 1.300688
v -0.512466 0.068120 1.299036
v -0.512466 0.068120 1.299036
v -0.501267 0.063868 1.282430
v -0.501267 0.063868 1.282430
v -0.500583 0.050334 1.281531
v -0.499793 0.072737 1.291899
v -0.499793 0.072737 1.291899
v -0.490217 0.072731 1.304065
v -0.462153 0.072706 1.307963
v -0.460111 0.072786 1.293780
v -0.483906 0.071954 1.286591
v -0.483906 0.071954 1.286591
v -0.459866 0.070886 1.282103
v -0.459866 0.070886 1.282103
v -0.365230 0.072796 1.303444
v -0.369463 0.072126 1.315584
v -0.369463 0.072126 1.315584
v -0.312739 0.070790 1.285699
v -0.364516 0.072853 1.288574
v -0.017263 0.046505 0.295509
v -0.013146 0.050086 0.266107
v -0.031367 0.044154 0.262491
v -0.049335 0.039122 0.257593
v -0.057766 0.035664 0.275285
v -0.057766 0.035664 0.275285
v -0.054438 0.023219 0.302243
v -0.054438 0.023219 0.302243
v -0.054438 0.023219 0.302243
v -0.067436 0.037058 0.352685
v -0.067436 0.037058 0.352685
v -0.067436 0.037058 0.352685
v -0.050395 0.054143 0.351306
v -0.050395 0.054143 0.351306
v -0.026259 0.062474 0.350994
v -0.066445 0.023869 0.284589
v -0.066445 0.023869 0.284589
v -0.066445 0.023869 0.284589
v -0.103745 0.038382 0.219140
v -0.103745 0.038382 0.219140
v -0.112234 0.036012 0.207014
v -0.112234 0.036012 0.207014
v -0.112234 0.036012 0.207014
v -0.129094 0.041078 0.208394
v -0.129094 0.041078 0.208394
v -0.146308 0.035826 0.227276
v -0.146308 0.035826 0.227276
v -0.124206 0.036543 0.248290
v -0.124206 0.036543 0.248290
v -0.146023 0.033117 0.208054
v -0.146023 0.033117 0.208054
v 0.027904 0.047274 0.263751
v 0.007305 0.052793 0.267278
v 0.004396 0.048896 0.296908
v 0.055380 0.038247 0.276200
v 0.049797 0.040086 0.257137
v 0.026138 0.059406 0.354056
v 0.026138 0.059406 0.354056
v 0.046879 0.050222 0.356242
v 0.046879 0.050222 0.356242
v 0.047291 0.034283 0.307507
v 0.047291 0.034283 0.307507
v 0.063110 0.035347 0.287736
v 0.063110 0.035347 0.287736
v -0.000269 0.063956 0.351864
v -0.012153 0.052828 0.098823
v -0.009801 0.035746 0.044242
v -0.023262 0.027533 0.044723
v -0.023262 0.027533 0.044723
v -0.032414 0.054096 0.133810
v -0.010220 0.064877 0.129430
v -0.056880 0.018642 0.080071
v -0.056880 0.018642 0.080071
v -0.087889 0.017231 0.105926
v -0.087889 0.017231 0.105926
v -0.074498 0.030665 0.122512
v -0.061923 0.041072 0.143893
v 0.038315 0.056670 0.130448
v 0.068392 0.043009 0.138493
v 0.075201 0.032334 0.121842
v 0.012333 0.055367 0.096084
v 0.012333 0.055367 0.096084
v 0.014148 0.067341 0.127493
v 0.014148 0.067341 0.127493
v 0.053697 0.028202 0.083616
v 0.029541 0.025603 0.038647
v 0.019445 0.032902 0.042636
v 0.005322 0.039616 0.042859
v 0.005322 0.039616 0.042859
v 0.084043 0.023025 0.109325
v 0.000160 0.024988 0.003122
v 0.000160 0.024988 0.003122
v -0.002943 0.017209 -0.007689
v -0.002943 0.017209 -0.007689
v -0.002943 0.017209 -0.007689
v -0.002943 0.017209 -0.007689
v -0.012797 0.019423 0.002115
v -0.012797 0.019423 0.002115
v -0.144175 0.018471 0.246403
v -0.125077 0.021022 0.255441
v -0.159253 0.020337 0.228395
v -0.159253 0.020337 0.228395
v -0.098207 0.032675 0.177944
v -0.098207 0.032675 0.177944
v -0.098207 0.032675 0.177944
v -0.096047 0.019178 0.178334
v -0.096047 0.019178 0.178334
v -0.084128 0.020726 0.174638
v -0.084128 0.020726 0.174638
v -0.079425 0.036013 0.168954
v -0.079425 0.036013 0.168954
v -0.088343 0.035447 0.156409
v -0.088343 0.035447 0.156409
v -0.110174 0.038121 0.169499
v 0.035584 0.012730 0.035670
v 0.035584 0.012730 0.035670
v 0.017478 0.011374 -0.000507
v 0.017478 0.011374 -0.000507
v 0.017478 0.011374 -0.000507
v 0.006395 0.014486 -0.008078
v 0.006395 0.014486 -0.008078
v 0.008722 0.022541 0.002308
v 0.076719 0.019617 0.245176
v 0.076719 0.019617 0.245176
v 0.076719 0.019617 0.245176
v 0.073347 0.020880 0.233111
v 0.067895 0.035561 0.233916
v 0.067895 0.035561 0.233916
v 0.049445 0.045144 0.233583
v 0.077626 0.042457 0.264214
v -0.064135 0.018707 0.232173
v -0.064135 0.018707 0.232173
v -0.081535 0.019907 0.229393
v -0.083284 0.037215 0.231302
v -0.083284 0.037215 0.231302
v -0.091879 0.048530 0.243150
v -0.091879 0.048530 0.243150
v -0.067363 0.041759 0.252890
v -0.067363 0.041759 0.252890
v -0.045876 0.043142 0.235244
v 0.119648 0.031474 0.177032
v 0.119648 0.031474 0.177032
v 0.119648 0.031474 0.177032
v 0.128591 0.037059 0.168468
v 0.128591 0.037059 0.168468
v 0.103287 0.034083 0.152411
v 0.103287 0.034083 0.152411
v 0.087054 0.040717 0.189408
v 0.087054 0.040717 0.189408
v 0.087054 0.040717 0.189408
v 0.093023 0.022389 0.192459
v 0.098767 0.019481 0.174994
v 0.098767 0.019481 0.174994
v 0.117491 0.019174 0.178272
v 0.117491 0.019174 0.178272
v 0.006777 0.077717 1.219461
v 0.045786 0.065867 1.236292
v 0.045786 0.065867 1.236292
v 0.034460 0.061206 1.218714
v 0.044275 0.070615 1.261565
v 0.044275 0.070615 1.261565
v 0.052068 0.059313 1.255692
v 0.052068 0.059313 1.255692
v 0.052068 0.059313 1.255692
v 0.009333 0.083890 1.253534
v 0.037550 0.073009 1.270492
v -0.034408 0.090600 1.245204
v 0.157390 0.068310 1.403389
v 0.157390 0.068310 1.403389
v 0.201529 0.064697 1.385994
v 0.201529 0.064697 1.385994
v 0.185882 0.071780 1.370973
v 0.124050 0.069223 1.368123
v 0.105252 0.070166 1.389026
v 0.164598 0.069153 1.354192
v 0.072952 0.070340 1.360110
v 0.152766 0.064719 1.334341
v 0.054763 0.069757 1.319262
v 0.043943 0.067991 1.332472
v 0.100310 0.069601 1.315008
v 0.062737 0.068825 1.302703
v 0.152328 0.064268 1.313562
v 0.003176 0.067176 1.362081
v 0.020175 0.057989 1.351635
v 0.020175 0.057989 1.351635
v -0.005017 0.062204 1.316058
v -0.005017 0.062204 1.316058
v -0.023634 0.073648 1.326975
v -0.023634 0.073648 1.326975
v -0.022578 0.082201 1.368054
v -0.022578 0.082201 1.368054
v -0.021033 0.068155 1.308154
v -0.021033 0.068155 1.308154
v -0.230792 0.036433 1.467932
v -0.248769 0.037875 1.436691
v -0.265205 0.021977 1.446082
v -0.265205 0.021977 1.446082
v -0.273509 0.009205 1.478457
v -0.273509 0.009205 1.478457
v -0.277946 0.010222 1.450852
v -0.277946 0.010222 1.450852
v -0.277946 0.010222 1.450852
v -0.166259 0.049392 1.447997
v -0.166259 0.049392 1.447997
v -0.166259 0.049392 1.447997
v -0.158478 0.051448 1.407503
v -0.158478 0.051448 1.407503
v -0.180484 0.036563 1.402350
v -0.180484 0.036563 1.402350
v -0.216216 0.034763 1.508767
v -0.179167 0.036822 1.502335
v -0.232013 0.034258 1.417938
v -0.143286 0.038190 1.366438
v -0.143286 0.038190 1.366438
v -0.111754 0.043581 1.341105
v -0.111754 0.043581 1.341105
v -0.099411 0.043409 1.322546
v -0.099411 0.043409 1.322546
v -0.099411 0.043409 1.322546
v -0.130966 0.037260 1.328386
v -0.130966 0.037260 1.328386
v -0.129650 0.048108 1.330145
v -0.129650 0.048108 1.330145
v -0.133648 0.043832 1.321140
v -0.133648 0.043832 1.321140
v -0.133648 0.043832 1.321140
v -0.100764 0.059910 1.304560
v -0.100764 0.059910 1.304560
v -0.125077 0.058757 1.335048
v -0.125077 0.058757 1.335048
v -0.125077 0.058757 1.335048
v -0.089794 0.052056 1.320548
v -0.089794 0.052056 1.320548
v -0.089794 0.052056 1.320548
v -0.073957 0.057528 1.300228
v -0.080215 0.060933 1.289696
v 0.090940 0.050474 1.406019
v 0.090940 0.050474 1.406019
v 0.090940 0.050474 1.406019
v 0.095178 0.062202 1.402822
v 0.095178 0.062202 1.402822
v 0.095178 0.062202 1.402822
v 0.059989 0.063602 1.369754
v 0.059989 0.063602 1.369754
v 0.032919 0.061393 1.341609
v 0.097509 0.045627 1.388207
v 0.098589 0.041564 1.381802
v 0.098589 0.041564 1.381802
v 0.095577 0.036202 1.389725
v 0.095577 0.036202 1.389725
v 0.148338 0.032995 1.409614
v 0.145996 0.032871 1.388389
v 0.063462 0.051428 1.412855
v 0.083337 0.045366 1.444568
v 0.083337 0.045366 1.444568
v 0.109430 0.035084 1.442708
v 0.109430 0.035084 1.442708
v 0.153832 0.033444 1.435379
v 0.233893 0.032865 1.346639
v 0.190687 0.032895 1.364709
v 0.199891 0.032939 1.388809
v 0.250499 0.033148 1.372811
v 0.264579 0.033052 1.348309
v 0.209280 0.033691 1.406507
v 0.312743 0.031777 1.325673
v 0.312743 0.031777 1.325673
v 0.312743 0.031777 1.325673
v 0.316432 0.017654 1.328500
v 0.316432 0.017654 1.328500
v 0.327452 0.021075 1.319516
v 0.327452 0.021075 1.319516
v 0.322128 0.038576 1.317569
v 0.322128 0.038576 1.317569
v 0.290601 0.047991 1.316777
v 0.290601 0.047991 1.316777
v 0.290996 0.033925 1.319677
v 0.290996 0.033925 1.319677
v 0.169285 0.038242 1.455585
v 0.106073 0.037799 1.551568
v 0.138897 0.030966 1.560633
v 0.157325 0.024161 1.504220
v 0.185140 0.022361 1.464164
v 0.090507 0.037234 1.489498
v 0.090507 0.037234 1.489498
v 0.090507 0.037234 1.489498
v 0.075053 0.037804 1.548475
v 0.075053 0.037804 1.548475
v 0.283336 0.056147 1.332565
v 0.283336 0.056147 1.332565
v 0.246466 0.062661 1.351777
v 0.246466 0.062661 1.351777
v 0.228278 0.045761 1.324898
v 0.228278 0.045761 1.324898
v 0.260799 0.037488 1.317224
v 0.260799 0.037488 1.317224
v 0.260799 0.037488 1.317224
v 0.260799 0.037488 1.317224
v 0.208123 0.049744 1.388835
v 0.208123 0.049744 1.388835
v 0.197875 0.046633 1.376146
v 0.185041 0.046109 1.354039
v 0.185041 0.046109 1.354039
v 0.462078 0.057108 1.323054
v 0.462078 0.057108 1.323054
v 0.467354 0.057696 1.313350
v 0.467354 0.057696 1.313350
v 0.467354 0.057696 1.313350
v 0.463327 0.066952 1.314503
v 0.463327 0.066952 1.314503
v 0.463327 0.066952 1.314503
v 0.446976 0.067405 1.327813
v 0.446976 0.067405 1.327813
v 0.447237 0.058113 1.331964
v 0.444805 0.071200 1.318675
v 0.459858 0.058247 1.306154
v 0.459858 0.058247 1.306154
v 0.459858 0.058247 1.306154
v 0.444219 0.069182 1.308982
v 0.444219 0.069182 1.308982
v 0.444266 0.059400 1.304565
v 0.443867 0.047876 1.304549
v 0.425307 0.047777 1.303235
v 0.425960 0.060372 1.303456
v 0.425722 0.070273 1.309622
v 0.425722 0.070273 1.309622
v 0.459269 0.047711 1.306156
v 0.459269 0.047711 1.306156
v 0.458713 0.035409 1.305983
v 0.458713 0.035409 1.305983
v 0.443042 0.034962 1.304494
v 0.467738 0.047505 1.313906
v 0.467738 0.047505 1.313906
v 0.467788 0.035716 1.314477
v 0.467788 0.035716 1.314477
v 0.467788 0.035716 1.314477
v 0.467962 0.020520 1.315570
v 0.467962 0.020520 1.315570
v 0.458580 0.020281 1.306004
v 0.458580 0.020281 1.306004
v 0.460297 0.047129 1.324274
v 0.460297 0.047129 1.324274
v 0.458293 0.035606 1.325514
v 0.458293 0.035606 1.325514
v 0.456363 0.019968 1.326713
v 0.441400 0.035017 1.335753
v 0.438803 0.019267 1.337305
v 0.437477 0.000433 1.338093
v 0.455159 -0.000160 1.327400
v 0.467759 -0.000246 1.316377
v 0.467759 -0.000246 1.316377
v 0.455134 -0.019513 1.327471
v 0.467745 -0.020490 1.316917
v 0.467745 -0.020490 1.316917
v 0.459174 -0.020175 1.306150
v 0.459174 -0.020175 1.306150
v 0.458671 -0.000318 1.306042
v 0.458671 -0.000318 1.306042
v 0.441555 -0.019147 1.304378
v 0.441329 -0.000250 1.304350
v 0.441906 0.019597 1.304369
v 0.422291 -0.000194 1.302941
v 0.423182 0.018931 1.302999
v 0.424369 0.034300 1.303125
v 0.398942 0.018386 1.301403
v 0.399545 0.033593 1.301448
v 0.400335 0.047538 1.301528
v 0.365034 0.033430 1.299315
v 0.364606 0.047553 1.299241
v 0.363821 0.061661 1.299458
v 0.363821 0.061661 1.299458
v 0.400864 0.061073 1.301804
v 0.400864 0.061073 1.301804
v 0.362547 0.071157 1.308321
v 0.362547 0.071157 1.308321
v 0.400528 0.070696 1.309685
v 0.400528 0.070696 1.309685
v 0.400528 0.070696 1.309685
v 0.361593 0.071411 1.323741
v 0.400120 0.070709 1.324776
v 0.425841 0.070954 1.322407
v 0.400898 0.069725 1.341885
v 0.400898 0.069725 1.341885
v 0.428763 0.069325 1.335540
v 0.428763 0.069325 1.335540
v 0.399050 0.061620 1.353198
v 0.399050 0.061620 1.353198
v 0.427785 0.059359 1.343298
v 0.394456 0.047838 1.347254
v 0.424592 0.047321 1.345482
v 0.444439 0.047123 1.333886
v 0.420505 0.033924 1.347225
v 0.390804 0.034131 1.343526
v 0.387596 0.018611 1.341566
v 0.416781 0.018482 1.348146
v 0.385918 0.002380 1.340811
v 0.414841 0.001403 1.348448
v 0.385621 -0.013817 1.340697
v 0.415598 -0.015567 1.348693
v 0.437629 -0.017712 1.337992
v 0.417623 -0.030822 1.348251
v 0.438909 -0.032992 1.337223
v 0.455899 -0.034299 1.326998
v 0.441135 -0.046252 1.336004
v 0.456667 -0.046732 1.326542
v 0.467412 -0.046826 1.316633
v 0.467412 -0.046826 1.316633
v 0.467626 -0.034802 1.316874
v 0.467626 -0.034802 1.316874
v 0.459577 -0.046005 1.306147
v 0.459577 -0.046005 1.306147
v 0.459645 -0.034339 1.306235
v 0.459645 -0.034339 1.306235
v 0.442591 -0.045711 1.304426
v 0.442314 -0.033674 1.304439
v 0.423990 -0.045868 1.303144
v 0.423308 -0.032943 1.303040
v 0.421875 -0.018165 1.302909
v 0.399295 -0.032297 1.301513
v 0.399882 -0.017534 1.301508
v 0.398931 -0.000052 1.301417
v 0.364400 -0.017747 1.299250
v 0.365088 0.000037 1.299248
v 0.365203 0.018190 1.299306
v 0.315372 0.000147 1.296241
v 0.315827 0.018483 1.296277
v 0.315947 0.033780 1.296305
v 0.261503 0.020156 1.292904
v 0.262338 0.035679 1.292975
v 0.263277 0.050596 1.293145
v 0.315952 0.048144 1.296378
v 0.264264 0.064633 1.293813
v 0.264264 0.064633 1.293813
v 0.264264 0.064633 1.293813
v 0.315876 0.062200 1.296889
v 0.315876 0.062200 1.296889
v 0.264505 0.071945 1.304114
v 0.264505 0.071945 1.304114
v 0.315312 0.071635 1.305479
v 0.315312 0.071635 1.305479
v 0.265402 0.071989 1.315530
v 0.314480 0.071948 1.318350
v 0.268417 0.072168 1.325557
v 0.313480 0.071873 1.330568
v 0.360189 0.071192 1.339365
v 0.313139 0.065069 1.340353
v 0.313139 0.065069 1.340353
v 0.313139 0.065069 1.340353
v 0.358649 0.063388 1.348291
v 0.358649 0.063388 1.348291
v 0.358649 0.063388 1.348291
v 0.317251 0.054166 1.330377
v 0.317251 0.054166 1.330377
v 0.317251 0.054166 1.330377
v 0.356908 0.052007 1.338166
v 0.356908 0.052007 1.338166
v 0.355058 0.036086 1.330721
v 0.354671 0.019720 1.329672
v 0.329146 0.002835 1.320517
v 0.354040 0.003084 1.329177
v 0.316788 0.001612 1.328655
v 0.316788 0.001612 1.328655
v 0.314838 0.017065 1.348081
v 0.314960 -0.000800 1.349804
v 0.313027 -0.017994 1.349646
v 0.313027 -0.017994 1.349646
v 0.302421 -0.005133 1.377909
v 0.302421 -0.005133 1.377909
v 0.296099 -0.023534 1.375949
v 0.296099 -0.023534 1.375949
v 0.296099 -0.023534 1.375949
v 0.267667 -0.009872 1.406502
v 0.267667 -0.009872 1.406502
v 0.259463 -0.025925 1.397692
v 0.259463 -0.025925 1.397692
v 0.270679 0.011535 1.408590
v 0.233314 0.010005 1.436507
v 0.233314 0.010005 1.436507
v 0.233314 0.010005 1.436507
v 0.302966 0.014996 1.376611
v 0.302966 0.014996 1.376611
v 0.299640 0.032036 1.373044
v 0.299640 0.032036 1.373044
v 0.299640 0.032036 1.373044
v 0.267605 0.029236 1.401761
v 0.267605 0.029236 1.401761
v 0.311521 0.034327 1.344485
v 0.311521 0.034327 1.344485
v 0.291719 0.034115 1.337124
v 0.284864 0.034364 1.361076
v 0.261214 0.036114 1.388699
v 0.265217 0.033019 1.329541
v 0.265217 0.033019 1.329541
v 0.228556 0.032942 1.328524
v 0.228556 0.032942 1.328524
v 0.180838 0.033560 1.347853
v 0.180838 0.033560 1.347853
v 0.144765 0.045739 1.384099
v 0.144765 0.045739 1.384099
v 0.138918 0.037991 1.375575
v 0.138918 0.037991 1.375575
v 0.138918 0.037991 1.375575
v 0.150748 0.048070 1.410347
v 0.150748 0.048070 1.410347
v 0.155738 0.060665 1.418231
v 0.155738 0.060665 1.418231
v 0.155738 0.060665 1.418231
v 0.155738 0.060665 1.418231
v 0.217949 0.038382 1.418824
v 0.225435 0.025093 1.428611
v 0.225435 0.025093 1.428611
v 0.207588 0.015135 1.469840
v 0.207588 0.015135 1.469840
v 0.190632 0.018526 1.515299
v 0.190632 0.018526 1.515299
v 0.195021 -0.008436 1.515648
v 0.195021 -0.008436 1.515648
v 0.169684 0.022000 1.571928
v 0.169684 0.022000 1.571928
v 0.185665 -0.004003 1.578893
v 0.185665 -0.004003 1.578893
v 0.157020 -0.015916 1.568008
v 0.165635 -0.000213 1.631768
v 0.165635 -0.000213 1.631768
v 0.141258 -0.015897 1.622992
v 0.110444 -0.025366 1.615093
v 0.120792 -0.023929 1.557271
v 0.076705 -0.029836 1.611590
v 0.076705 -0.029836 1.611590
v 0.084002 -0.028630 1.551129
v 0.084002 -0.028630 1.551129
v 0.096014 -0.028186 1.491842
v 0.096014 -0.028186 1.491842
v 0.058517 -0.050030 1.549837
v 0.075803 -0.052654 1.493558
v 0.076536 -0.057386 1.439810
v 0.046257 -0.074726 1.494292
v 0.046257 -0.074726 1.494292
v 0.040625 -0.080535 1.449244
v 0.040625 -0.080535 1.449244
v 0.008196 -0.080102 1.413630
v 0.008196 -0.080102 1.413630
v -0.009505 -0.095190 1.458466
v -0.026758 -0.096893 1.421538
v -0.026758 -0.096893 1.421538
v -0.035974 -0.091594 1.378649
v -0.035974 -0.091594 1.378649
v -0.064404 -0.095759 1.422491
v -0.064404 -0.095759 1.422491
v -0.061197 -0.086431 1.381251
v -0.061197 -0.086431 1.381251
v -0.053344 -0.078266 1.339552
v -0.053344 -0.078266 1.339552
v -0.035890 -0.081484 1.338003
v -0.035890 -0.081484 1.338003
v -0.047625 -0.070690 1.307861
v -0.047625 -0.070690 1.307861
v -0.030914 -0.072453 1.308699
v -0.030914 -0.072453 1.308699
v -0.046269 -0.064584 1.290204
v -0.046269 -0.064584 1.290204
v -0.025228 -0.065565 1.292459
v -0.025228 -0.065565 1.292459
v -0.004231 -0.058887 1.302308
v -0.004231 -0.058887 1.302308
v -0.021303 -0.065913 1.278753
v 0.004079 -0.059249 1.291329
v 0.020751 -0.057845 1.328506
v -0.018228 -0.071021 1.268635
v 0.011983 -0.064080 1.279200
v -0.014940 -0.079225 1.257023
v 0.018384 -0.071225 1.269396
v 0.058504 -0.068690 1.280414
v 0.062459 -0.064051 1.270175
v 0.062459 -0.064051 1.270175
v 0.062459 -0.064051 1.270175
v 0.101254 -0.062277 1.275430
v 0.101254 -0.062277 1.275430
v 0.099093 -0.067745 1.290206
v 0.151760 -0.058810 1.280825
v 0.151760 -0.058810 1.280825
v 0.152240 -0.069288 1.291890
v 0.152240 -0.069288 1.291890
v 0.151607 -0.062047 1.309628
v 0.204758 -0.068659 1.292893
v 0.204758 -0.068659 1.292893
v 0.205178 -0.054423 1.287057
v 0.257159 -0.050284 1.292592
v 0.255463 -0.064855 1.294046
v 0.255463 -0.064855 1.294046
v 0.312227 -0.048054 1.296153
v 0.311164 -0.062500 1.297264
v 0.311164 -0.062500 1.297264
v 0.311164 -0.062500 1.297264
v 0.309457 -0.069596 1.308874
v 0.309457 -0.069596 1.308874
v 0.306557 -0.069798 1.324343
v 0.361035 -0.061291 1.299700
v 0.361035 -0.061291 1.299700
v 0.359596 -0.069507 1.309706
v 0.359596 -0.069507 1.309706
v 0.358763 -0.069596 1.325254
v 0.357539 -0.068894 1.340487
v 0.357539 -0.068894 1.340487
v 0.305517 -0.069014 1.334647
v 0.305517 -0.069014 1.334647
v 0.398745 -0.069425 1.309610
v 0.398745 -0.069425 1.309610
v 0.398745 -0.069425 1.309610
v 0.398307 -0.069317 1.324095
v 0.398149 -0.067755 1.340734
v 0.398149 -0.067755 1.340734
v 0.394498 -0.058110 1.350971
v 0.394498 -0.058110 1.350971
v 0.354834 -0.057646 1.344991
v 0.354834 -0.057646 1.344991
v 0.422463 -0.069254 1.320618
v 0.424036 -0.067552 1.334832
v 0.424036 -0.067552 1.334832
v 0.423724 -0.057904 1.344776
v 0.423724 -0.057904 1.344776
v 0.420714 -0.044894 1.347328
v 0.390801 -0.043442 1.344904
v 0.387562 -0.028986 1.341985
v 0.352594 -0.045611 1.333825
v 0.352594 -0.045611 1.333825
v 0.309842 -0.050163 1.324699
v 0.309842 -0.050163 1.324699
v 0.307911 -0.056300 1.337870
v 0.307911 -0.056300 1.337870
v 0.265010 -0.047864 1.332690
v 0.266175 -0.054872 1.341913
v 0.266175 -0.054872 1.341913
v 0.266175 -0.054872 1.341913
v 0.226144 -0.043970 1.359814
v 0.226144 -0.043970 1.359814
v 0.233145 -0.055284 1.368688
v 0.233145 -0.055284 1.368688
v 0.233145 -0.055284 1.368688
v 0.189373 -0.056956 1.401369
v 0.189373 -0.056956 1.401369
v 0.137905 -0.058481 1.416243
v 0.137905 -0.058481 1.416243
v 0.087603 -0.059155 1.398830
v 0.087603 -0.059155 1.398830
v 0.087603 -0.059155 1.398830
v 0.049730 -0.058341 1.363974
v 0.049730 -0.058341 1.363974
v 0.049730 -0.058341 1.363974
v 0.215388 -0.042485 1.341849
v 0.215388 -0.042485 1.341849
v 0.262518 -0.041012 1.317986
v 0.262518 -0.041012 1.317986
v 0.260356 -0.027479 1.319359
v 0.260356 -0.027479 1.319359
v 0.208190 -0.032965 1.327204
v 0.208190 -0.032965 1.327204
v 0.208190 -0.032965 1.327204
v 0.208190 -0.032965 1.327204
v 0.423540 -0.068450 1.307951
v 0.423540 -0.068450 1.307951
v 0.399339 -0.059799 1.301674
v 0.399339 -0.059799 1.301674
v 0.424215 -0.058189 1.303233
v 0.399243 -0.046178 1.301454
v 0.362240 -0.046986 1.299124
v 0.363355 -0.032641 1.299215
v 0.313359 -0.033222 1.296133
v 0.314513 -0.017927 1.296186
v 0.258282 -0.034506 1.292685
v 0.259384 -0.018495 1.292815
v 0.260497 0.000859 1.292860
v 0.204979 -0.020042 1.287016
v 0.205502 0.002184 1.287034
v 0.206652 0.023910 1.287194
v 0.149146 0.004162 1.280062
v 0.150784 0.028330 1.280327
v 0.152259 0.046631 1.280617
v 0.208098 0.040383 1.287407
v 0.153788 0.063736 1.281613
v 0.153788 0.063736 1.281613
v 0.153788 0.063736 1.281613
v 0.209625 0.056725 1.287592
v 0.209625 0.056725 1.287592
v 0.153571 0.071000 1.295946
v 0.153571 0.071000 1.295946
v 0.210261 0.070709 1.293976
v 0.210261 0.070709 1.293976
v 0.210261 0.070709 1.293976
v 0.209736 0.070422 1.309870
v 0.212345 0.070245 1.324162
v 0.218844 0.070678 1.337817
v 0.233294 0.069818 1.350305
v 0.233294 0.069818 1.350305
v 0.274468 0.066177 1.335273
v 0.274468 0.066177 1.335273
v 0.105139 0.067993 1.277473
v 0.105139 0.067993 1.277473
v 0.103403 0.069096 1.294542
v 0.070795 0.068405 1.273834
v 0.070795 0.068405 1.273834
v 0.070795 0.068405 1.273834
v 0.067532 0.070580 1.287214
v 0.030335 0.069776 1.279891
v 0.001728 0.077290 1.263926
v -0.004361 0.069978 1.274440
v 0.022465 0.064221 1.290632
v -0.009081 0.065120 1.284637
v 0.014548 0.060821 1.299538
v -0.015101 0.064163 1.294793
v 0.005012 0.059312 1.308320
v -0.035812 0.067852 1.279188
v -0.036770 0.066865 1.292243
v -0.038265 0.071787 1.306180
v -0.038265 0.071787 1.306180
v -0.041428 0.079223 1.328715
v -0.041428 0.079223 1.328715
v -0.056181 0.063005 1.294695
v -0.055576 0.067556 1.309643
v -0.059791 0.073332 1.334153
v -0.080673 0.064530 1.338443
v -0.102014 0.067029 1.372477
v -0.102014 0.067029 1.372477
v -0.072388 0.078934 1.373257
v -0.045837 0.089320 1.369372
v -0.045837 0.089320 1.369372
v -0.073187 0.060510 1.315576
v -0.099720 0.055514 1.340181
v -0.099720 0.055514 1.340181
v -0.124979 0.053909 1.369165
v -0.124979 0.053909 1.369165
v -0.134625 0.072501 1.410040
v -0.134625 0.072501 1.410040
v -0.147815 0.075497 1.452104
v -0.147815 0.075497 1.452104
v -0.147815 0.075497 1.452104
v -0.100280 0.089521 1.454279
v -0.092050 0.086190 1.416623
v -0.040416 0.104374 1.460271
v -0.048328 0.101028 1.417006
v -0.048328 0.101028 1.417006
v 0.019474 0.087456 1.454188
v 0.019474 0.087456 1.454188
v -0.009351 0.086643 1.413181
v -0.009351 0.086643 1.413181
v 0.064140 0.071742 1.444025
v 0.064140 0.071742 1.444025
v 0.031947 0.067835 1.401429
v 0.030862 0.079128 1.495438
v 0.071052 0.063692 1.494198
v 0.071052 0.063692 1.494198
v 0.071052 0.063692 1.494198
v 0.024257 0.073745 1.549689
v 0.055401 0.061695 1.548321
v 0.055401 0.061695 1.548321
v 0.020725 0.070363 1.609570
v 0.051611 0.064759 1.609779
v 0.051611 0.064759 1.609779
v 0.065819 0.039678 1.609436
v 0.065819 0.039678 1.609436
v 0.047539 0.061700 1.671194
v 0.047539 0.061700 1.671194
v 0.047539 0.061700 1.671194
v 0.062298 0.039742 1.671958
v 0.062298 0.039742 1.671958
v 0.062298 0.039742 1.671958
v 0.088018 0.033766 1.674358
v 0.094087 0.038667 1.612012
v 0.112968 0.023865 1.677101
v 0.122535 0.032343 1.617640
v 0.139858 0.017956 1.680926
v 0.139858 0.017956 1.680926
v 0.149677 0.022726 1.626633
v 0.149677 0.022726 1.626633
v 0.152902 -0.001216 1.682672
v 0.152902 -0.001216 1.682672
v 0.140824 0.015204 1.739721
v 0.140824 0.015204 1.739721
v 0.146962 -0.002633 1.740269
v 0.146962 -0.002633 1.740269
v 0.122747 -0.009375 1.739659
v 0.127887 -0.010275 1.679183
v 0.095091 -0.018902 1.738602
v 0.099061 -0.017962 1.675916
v 0.068674 -0.029273 1.736276
v 0.068674 -0.029273 1.736276
v 0.071943 -0.028627 1.673938
v 0.071943 -0.028627 1.673938
v 0.050646 -0.045445 1.735266
v 0.050646 -0.045445 1.735266
v 0.050646 -0.045445 1.735266
v 0.053392 -0.048501 1.672510
v 0.053392 -0.048501 1.672510
v 0.055518 -0.049331 1.610835
v 0.029801 -0.061831 1.671788
v 0.029801 -0.061831 1.671788
v 0.031915 -0.066856 1.610538
v 0.031915 -0.066856 1.610538
v 0.035252 -0.070967 1.549984
v 0.035252 -0.070967 1.549984
v -0.003865 -0.071360 1.610920
v -0.003577 -0.076232 1.552500
v -0.001313 -0.085419 1.498212
v -0.058056 -0.078587 1.555397
v -0.060131 -0.090977 1.500759
v -0.063640 -0.099456 1.458973
v -0.108070 -0.076361 1.497048
v -0.113422 -0.084330 1.454215
v -0.106731 -0.081898 1.420290
v -0.106731 -0.081898 1.420290
v -0.154599 -0.068277 1.452560
v -0.154599 -0.068277 1.452560
v -0.154599 -0.068277 1.452560
v -0.143829 -0.068772 1.412907
v -0.143829 -0.068772 1.412907
v -0.115631 -0.061290 1.376539
v -0.089576 -0.072885 1.381083
v -0.094103 -0.056762 1.339212
v -0.071929 -0.067925 1.340385
v -0.131394 -0.046188 1.372027
v -0.108046 -0.043713 1.340093
v -0.142482 -0.063256 1.498317
v -0.142482 -0.063256 1.498317
v -0.101092 -0.067865 1.554763
v -0.132836 -0.060950 1.556553
v -0.132836 -0.060950 1.556553
v -0.144537 -0.032604 1.556585
v -0.144537 -0.032604 1.556585
v -0.121297 -0.053065 1.618774
v -0.121297 -0.053065 1.618774
v -0.121297 -0.053065 1.618774
v -0.136493 -0.028509 1.619087
v -0.136493 -0.028509 1.619087
v -0.136493 -0.028509 1.619087
v -0.165144 -0.028698 1.625088
v -0.178994 -0.026575 1.560963
v -0.196210 -0.019857 1.630164
v -0.212013 -0.015498 1.565742
v -0.224192 -0.011391 1.633088
v -0.224192 -0.011391 1.633088
v -0.238609 -0.009659 1.573675
v -0.238609 -0.009659 1.573675
v -0.238609 -0.009659 1.573675
v -0.261841 -0.008131 1.535263
v -0.261841 -0.008131 1.535263
v -0.248058 0.009777 1.575344
v -0.248058 0.009777 1.575344
v -0.248058 0.009777 1.575344
v -0.268604 0.012142 1.538196
v -0.268604 0.012142 1.538196
v -0.228736 0.022202 1.566515
v -0.249041 0.022530 1.522196
v -0.198063 0.028350 1.558967
v -0.218752 0.020917 1.630157
v -0.189130 0.029164 1.627421
v -0.157643 0.036696 1.623220
v -0.164586 0.037335 1.557863
v -0.128828 0.043565 1.619037
v -0.128828 0.043565 1.619037
v -0.136951 0.048594 1.556281
v -0.136951 0.048594 1.556281
v -0.149017 0.049616 1.499927
v -0.149017 0.049616 1.499927
v -0.121275 0.071825 1.556449
v -0.121275 0.071825 1.556449
v -0.132908 0.072724 1.499589
v -0.132908 0.072724 1.499589
v -0.088029 0.075006 1.555135
v -0.093596 0.082244 1.498641
v -0.031264 0.082031 1.553929
v -0.032344 0.093068 1.501227
v -0.081557 0.069823 1.615245
v -0.029248 0.076045 1.612342
v -0.073346 0.065720 1.676216
v -0.025395 0.069222 1.673607
v 0.019531 0.066676 1.671148
v -0.020245 0.062212 1.735758
v 0.021136 0.061322 1.734655
v 0.046812 0.056536 1.735474
v 0.046812 0.056536 1.735474
v 0.023374 0.057220 1.799953
v 0.046847 0.047843 1.800755
v 0.046847 0.047843 1.800755
v 0.071939 0.038865 1.801859
v 0.071939 0.038865 1.801859
v 0.064487 0.039297 1.736698
v 0.064487 0.039297 1.736698
v 0.097665 0.028922 1.802777
v 0.089849 0.032211 1.738171
v 0.122420 0.020789 1.803268
v 0.115827 0.022559 1.739176
v 0.145054 0.014186 1.803416
v 0.145054 0.014186 1.803416
v 0.127705 0.019198 1.870026
v 0.147892 0.013295 1.870339
v 0.147892 0.013295 1.870339
v 0.145817 -0.003117 1.870065
v 0.145817 -0.003117 1.870065
v 0.145999 -0.003147 1.803389
v 0.145999 -0.003147 1.803389
v 0.124168 -0.009360 1.869366
v 0.122583 -0.010130 1.803216
v 0.100137 -0.016416 1.868525
v 0.096116 -0.019275 1.802360
v 0.075859 -0.029206 1.867191
v 0.069121 -0.028667 1.800225
v 0.050949 -0.028460 1.864201
v 0.050949 -0.028460 1.864201
v 0.046316 -0.038170 1.797587
v 0.046316 -0.038170 1.797587
v 0.033323 -0.051966 1.862446
v 0.033323 -0.051966 1.862446
v 0.029702 -0.054112 1.795822
v 0.029702 -0.054112 1.795822
v 0.028233 -0.058090 1.734385
v 0.028233 -0.058090 1.734385
v -0.002091 -0.054446 1.794724
v -0.004383 -0.060657 1.733888
v -0.003949 -0.065912 1.672421
v -0.043491 -0.057867 1.735731
v -0.047106 -0.064133 1.674683
v -0.053804 -0.071602 1.613511
v -0.082460 -0.059500 1.678262
v -0.093963 -0.063757 1.615998
v -0.107621 -0.047323 1.681298
v -0.107621 -0.047323 1.681298
v -0.075412 -0.054464 1.739044
v -0.075412 -0.054464 1.739044
v -0.097241 -0.041110 1.742205
v -0.097241 -0.041110 1.742205
v -0.097241 -0.041110 1.742205
v -0.120101 -0.028264 1.745750
v -0.120101 -0.028264 1.745750
v -0.125897 -0.028955 1.683263
v -0.125897 -0.028955 1.683263
v -0.148073 -0.030620 1.749906
v -0.154500 -0.033000 1.687740
v -0.177329 -0.017827 1.752019
v -0.186474 -0.023307 1.691748
v -0.205901 -0.009059 1.754334
v -0.205901 -0.009059 1.754334
v -0.215497 -0.013236 1.694355
v -0.215497 -0.013236 1.694355
v -0.230334 -0.000667 1.755840
v -0.230334 -0.000667 1.755840
v -0.230334 -0.000667 1.755840
v -0.230334 -0.000667 1.755840
v -0.237345 0.003065 1.695922
v -0.237345 0.003065 1.695922
v -0.242283 0.007019 1.633800
v -0.242283 0.007019 1.633800
v -0.217794 0.022596 1.694210
v -0.214191 0.017274 1.754484
v -0.214191 0.017274 1.754484
v -0.187304 0.025720 1.751884
v -0.188141 0.032334 1.691325
v -0.155927 0.034739 1.748266
v -0.154122 0.039081 1.686472
v -0.121055 0.037787 1.743495
v -0.121575 0.038839 1.680548
v -0.121575 0.038839 1.680548
v -0.093634 0.051448 1.740688
v -0.102062 0.059159 1.678530
v -0.102062 0.059159 1.678530
v -0.111133 0.066087 1.617629
v -0.111133 0.066087 1.617629
v -0.065204 0.057703 1.737833
v -0.090598 0.042897 1.802594
v -0.055958 0.053329 1.800764
v -0.012972 0.057198 1.799611
v -0.056332 0.049483 1.864475
v -0.006721 0.051912 1.865102
v 0.026828 0.054576 1.867739
v -0.011227 0.050037 1.929949
v 0.023860 0.044573 1.933646
v 0.059970 0.038324 1.936013
v 0.054002 0.040720 1.868657
v 0.088361 0.030891 1.936518
v 0.082872 0.033824 1.869566
v 0.109494 0.024213 1.936767
v 0.106523 0.025117 1.869888
v 0.128172 0.018771 1.937063
v 0.108998 0.023658 2.000815
v 0.126303 0.018613 2.001217
v 0.143645 0.012789 2.001718
v 0.143645 0.012789 2.001718
v 0.146508 0.012254 1.937551
v 0.146508 0.012254 1.937551
v 0.145233 -0.001447 2.001721
v 0.145233 -0.001447 2.001721
v 0.145014 -0.002834 1.937209
v 0.145014 -0.002834 1.937209
v 0.128530 -0.007147 2.001112
v 0.126055 -0.008381 1.936237
v 0.111044 -0.012619 2.000618
v 0.106005 -0.014542 1.935403
v 0.092447 -0.018525 2.000020
v 0.084057 -0.021488 1.934433
v 0.071925 -0.026410 1.999047
v 0.060101 -0.028490 1.932962
v 0.048484 -0.028342 1.997348
v 0.034909 -0.031397 1.930383
v 0.019431 -0.031968 1.995157
v 0.011813 -0.048036 1.925775
v 0.006569 -0.050377 1.857803
v -0.015587 -0.046280 1.921308
v -0.025835 -0.048053 1.857048
v -0.038239 -0.052245 1.796271
v -0.055909 -0.044553 1.859836
v -0.055909 -0.044553 1.859836
v -0.066827 -0.052221 1.800540
v -0.066827 -0.052221 1.800540
v -0.084286 -0.031502 1.863814
v -0.084286 -0.031502 1.863814
v -0.087931 -0.035457 1.804004
v -0.087931 -0.035457 1.804004
v -0.117480 -0.027788 1.868130
v -0.115780 -0.028028 1.808184
v -0.147893 -0.023319 1.870829
v -0.145265 -0.026855 1.811129
v -0.173203 -0.014588 1.872588
v -0.172613 -0.016504 1.812896
v -0.196931 -0.007768 1.874259
v -0.199271 -0.008706 1.814622
v -0.218878 -0.000925 1.875710
v -0.218878 -0.000925 1.875710
v -0.222461 -0.001797 1.816197
v -0.222461 -0.001797 1.816197
v -0.208785 0.015237 1.874547
v -0.208785 0.015237 1.874547
v -0.211251 0.015729 1.814583
v -0.211251 0.015729 1.814583
v -0.187524 0.021209 1.872355
v -0.187168 0.022893 1.811848
v -0.164591 0.027959 1.869999
v -0.160524 0.030833 1.809091
v -0.138930 0.037515 1.867764
v -0.127283 0.038731 1.805739
v -0.100542 0.039647 1.865465
v -0.143083 0.033507 1.929923
v -0.110142 0.038954 1.927817
v -0.063171 0.045305 1.926676
v -0.115853 0.039838 1.993289
v -0.072389 0.043369 1.992786
v -0.020302 0.047558 1.994660
v -0.077661 0.041730 2.058676
v -0.024534 0.048899 2.058920
v 0.029863 0.040470 2.060628
v 0.026090 0.041463 1.997329
v 0.065907 0.036530 2.062194
v 0.064689 0.037706 1.999490
v 0.089853 0.029101 2.063255
v 0.089871 0.029472 2.000334
v 0.107886 0.023537 2.064021
v 0.088930 0.028342 2.126554
v 0.105696 0.023350 2.127347
v 0.121062 0.018828 2.128096
v 0.124034 0.018853 2.064707
v 0.136280 0.013452 2.128854
v 0.136280 0.013452 2.128854
v 0.140059 0.013892 2.065350
v 0.140059 0.013892 2.065350
v 0.142745 0.001717 2.129193
v 0.142745 0.001717 2.129193
v 0.145213 0.001196 2.065500
v 0.145213 0.001196 2.065500
v 0.129701 -0.005068 2.128556
v 0.130526 -0.005858 2.064853
v 0.114648 -0.009482 2.127819
v 0.114609 -0.011022 2.064160
v 0.099866 -0.014149 2.127092
v 0.098531 -0.016143 2.063513
v 0.082286 -0.019810 2.126271
v 0.079273 -0.022134 2.062713
v 0.061805 -0.027217 2.125403
v 0.057344 -0.029075 2.061770
v 0.029410 -0.029344 2.124088
v 0.026216 -0.030289 2.059916
v -0.019601 -0.037054 2.122849
v -0.018235 -0.036423 2.057550
v -0.016937 -0.035991 1.991458
v -0.070386 -0.032243 2.056695
v -0.059520 -0.034309 1.989330
v -0.049121 -0.036443 1.921630
v -0.104287 -0.027449 1.990120
v -0.091059 -0.030225 1.925403
v -0.135745 -0.023945 1.992464
v -0.128812 -0.028264 1.928807
v -0.158561 -0.016483 1.994594
v -0.154901 -0.019087 1.931352
v -0.176367 -0.011225 1.996488
v -0.176470 -0.012473 1.933398
v -0.194177 -0.006177 1.998384
v -0.194177 -0.006177 1.998384
v -0.196211 -0.006860 1.935307
v -0.196211 -0.006860 1.935307
v -0.209180 0.002253 1.999923
v -0.209180 0.002253 1.999923
v -0.214391 0.000611 1.937037
v -0.214391 0.000611 1.937037
v -0.214391 0.000611 1.937037
v -0.200818 0.014933 1.999326
v -0.200818 0.014933 1.999326
v -0.205560 0.015034 1.936097
v -0.205560 0.015034 1.936097
v -0.183194 0.020093 1.997818
v -0.186249 0.020486 1.934099
v -0.165712 0.025336 1.996269
v -0.166701 0.026112 1.932075
v -0.144367 0.032037 1.994689
v -0.163514 0.024684 2.062060
v -0.144124 0.030537 2.060927
v -0.118222 0.039232 2.059700
v -0.142108 0.029489 2.126710
v -0.118481 0.037763 2.125506
v -0.079386 0.040631 2.124163
v -0.116376 0.036557 2.190787
v -0.079720 0.039839 2.189449
v -0.024859 0.048817 2.188540
v -0.025468 0.048697 2.123514
v 0.031178 0.039440 2.188586
v 0.030987 0.040146 2.124454
v 0.065143 0.035768 2.189457
v 0.065672 0.035565 2.125572
v 0.087486 0.028485 2.190256
v 0.064339 0.036515 2.253816
v 0.086026 0.028818 2.254247
v 0.101988 0.023683 2.254723
v 0.103758 0.023509 2.190922
v 0.116863 0.018908 2.255283
v 0.118774 0.019056 2.191581
v 0.131678 0.013971 2.255875
v 0.131678 0.013971 2.255875
v 0.133859 0.014449 2.192111
v 0.133859 0.014449 2.192111
v 0.138254 0.002618 2.256138
v 0.138254 0.002618 2.256138
v 0.140453 0.002606 2.192343
v 0.140453 0.002606 2.192343
v 0.125698 -0.004876 2.255675
v 0.128065 -0.004717 2.191996
v 0.110624 -0.009676 2.255135
v 0.113205 -0.009253 2.191461
v 0.096143 -0.014402 2.254612
v 0.098723 -0.013879 2.190846
v 0.079605 -0.020000 2.254131
v 0.081762 -0.019391 2.190199
v 0.059522 -0.027246 2.253819
v 0.062402 -0.027084 2.189478
v 0.028778 -0.028832 2.253579
v 0.029821 -0.028915 2.188460
v -0.022177 -0.037344 2.253699
v -0.021032 -0.037443 2.188135
v -0.073468 -0.029395 2.254309
v -0.075193 -0.030013 2.188785
v -0.074846 -0.030597 2.123075
v -0.109927 -0.027583 2.189889
v -0.113562 -0.028127 2.124346
v -0.111940 -0.028298 2.057696
v -0.137414 -0.020074 2.125601
v -0.138371 -0.021388 2.059152
v -0.156138 -0.014601 2.126919
v -0.158548 -0.015240 2.060652
v -0.171565 -0.010180 2.128160
v -0.174747 -0.010539 2.062044
v -0.187213 -0.005485 2.129440
v -0.187213 -0.005485 2.129440
v -0.191273 -0.005821 2.063477
v -0.191273 -0.005821 2.063477
v -0.199556 0.003052 2.130482
v -0.199556 0.003052 2.130482
v -0.204638 0.002786 2.064621
v -0.204638 0.002786 2.064621
v -0.191950 0.014844 2.130009
v -0.191950 0.014844 2.130009
v -0.196419 0.014919 2.064182
v -0.196419 0.014919 2.064182
v -0.176004 0.019430 2.128913
v -0.179870 0.019879 2.063111
v -0.160205 0.024061 2.127832
v -0.171924 0.018864 2.194134
v -0.156488 0.023377 2.193072
v -0.139407 0.028554 2.191999
v -0.153177 0.023873 2.257744
v -0.136716 0.029208 2.256904
v -0.114225 0.036841 2.255953
v -0.133457 0.029168 2.321297
v -0.111733 0.036769 2.320935
v -0.078316 0.039598 2.320627
v -0.079562 0.039808 2.254933
v -0.024129 0.048272 2.319908
v -0.024618 0.048944 2.253913
v 0.031093 0.039646 2.318854
v 0.031311 0.039871 2.253651
v 0.063703 0.037093 2.318296
v 0.032155 0.039963 2.384608
v 0.064563 0.036878 2.382617
v 0.086119 0.029317 2.381289
v 0.085294 0.029489 2.318105
v 0.101227 0.024190 2.380463
v 0.100942 0.024078 2.318187
v 0.115972 0.019145 2.379747
v 0.115734 0.019064 2.318367
v 0.131057 0.013597 2.379221
v 0.131057 0.013597 2.379221
v 0.130764 0.013619 2.318529
v 0.130764 0.013619 2.318529
v 0.136609 0.000608 2.379143
v 0.136609 0.000608 2.379143
v 0.136730 0.001081 2.318620
v 0.136730 0.001081 2.318620
v 0.122267 -0.005574 2.379594
v 0.122863 -0.005588 2.318563
v 0.106707 -0.010902 2.380352
v 0.107372 -0.010566 2.318465
v 0.091189 -0.016274 2.381252
v 0.092083 -0.015766 2.318445
v 0.073465 -0.022802 2.382313
v 0.074974 -0.022130 2.318462
v 0.052671 -0.029500 2.383577
v 0.054172 -0.029015 2.318424
v 0.027944 -0.028712 2.384893
v 0.027504 -0.028739 2.318717
v -0.020327 -0.037084 2.386424
v -0.021501 -0.036999 2.319564
v -0.071570 -0.029162 2.386813
v -0.072219 -0.029353 2.320054
v -0.103974 -0.028841 2.386241
v -0.099967 -0.030042 2.320480
v -0.103689 -0.028945 2.254972
v -0.121804 -0.022333 2.320703
v -0.126000 -0.021606 2.255989
v -0.132779 -0.019913 2.191116
v -0.144569 -0.015614 2.256964
v -0.151037 -0.014321 2.192322
v -0.160459 -0.010549 2.257927
v -0.166289 -0.009737 2.193471
v -0.176429 -0.005693 2.258923
v -0.176429 -0.005693 2.258923
v -0.181822 -0.005270 2.194670
v -0.181822 -0.005270 2.194670
v -0.189774 0.001852 2.259743
v -0.189774 0.001852 2.259743
v -0.194492 0.002636 2.195661
v -0.194492 0.002636 2.195661
v -0.194492 0.002636 2.195661
v -0.184135 0.014163 2.259470
v -0.184135 0.014163 2.259470
v -0.187554 0.014223 2.195221
v -0.187554 0.014223 2.195221
v -0.187554 0.014223 2.195221
v -0.168498 0.019038 2.258586
v -0.180840 0.013708 2.322699
v -0.180840 0.013708 2.322699
v -0.180840 0.013708 2.322699
v -0.165191 0.018640 2.322185
v -0.149743 0.023667 2.321703
v -0.163300 0.018813 2.384816
v -0.147916 0.023965 2.385239
v -0.132182 0.029540 2.385738
v -0.153298 0.024413 2.449085
v -0.137468 0.029728 2.450976
v -0.115387 0.037223 2.452677
v -0.112408 0.037309 2.386281
v -0.078212 0.038763 2.454165
v -0.076636 0.038983 2.386939
v -0.022652 0.048502 2.454187
v -0.023875 0.048171 2.386668
v 0.035353 0.038948 2.451097
v -0.019181 0.048251 2.519178
v 0.042241 0.038325 2.515975
v 0.081012 0.034992 2.512344
v 0.070007 0.036375 2.447519
v 0.106122 0.028064 2.508276
v 0.091875 0.029125 2.444296
v 0.122851 0.023232 2.503858
v 0.106291 0.024036 2.441884
v 0.138140 0.018838 2.499032
v 0.120972 0.019084 2.439132
v 0.152859 0.014311 2.494595
v 0.152859 0.014311 2.494595
v 0.135521 0.013810 2.436389
v 0.135521 0.013810 2.436389
v 0.135521 0.013810 2.436389
v 0.159636 0.003767 2.492922
v 0.159636 0.003767 2.492922
v 0.140915 0.001849 2.435274
v 0.140915 0.001849 2.435274
v 0.140915 0.001849 2.435274
v 0.140915 0.001849 2.435274
v 0.147835 -0.004277 2.496449
v 0.147835 -0.004277 2.496449
v 0.128226 -0.005261 2.437527
v 0.128226 -0.005261 2.437527
v 0.133574 -0.008781 2.500781
v 0.113591 -0.010480 2.440382
v 0.119135 -0.013294 2.505324
v 0.099416 -0.015656 2.443015
v 0.100781 -0.018778 2.509546
v 0.082231 -0.021988 2.445765
v 0.076341 -0.025853 2.513091
v 0.061009 -0.028548 2.448515
v 0.039544 -0.027517 2.516055
v 0.032107 -0.028569 2.451282
v -0.017445 -0.036573 2.518681
v -0.019020 -0.036721 2.453967
v -0.075394 -0.028711 2.519600
v -0.072527 -0.029165 2.454279
v -0.118085 -0.028070 2.519011
v -0.110795 -0.028562 2.452999
v -0.143962 -0.020368 2.518014
v -0.131680 -0.021280 2.451507
v -0.124096 -0.022203 2.385722
v -0.148315 -0.015584 2.449711
v -0.141245 -0.016288 2.385252
v -0.140401 -0.016313 2.321101
v -0.156548 -0.011133 2.384870
v -0.156568 -0.011156 2.321624
v -0.172174 -0.005842 2.384538
v -0.172174 -0.005842 2.384538
v -0.172883 -0.006096 2.322264
v -0.172883 -0.006096 2.322264
v -0.185768 0.002095 2.384379
v -0.185768 0.002095 2.384379
v -0.187122 0.001469 2.322848
v -0.187122 0.001469 2.322848
v -0.187122 0.001469 2.322848
v -0.178888 0.013608 2.384497
v -0.178888 0.013608 2.384497
v -0.190771 0.002953 2.443413
v -0.190771 0.002953 2.443413
v -0.183546 0.014287 2.444538
v -0.183546 0.014287 2.444538
v -0.168042 0.019567 2.446927
v -0.198457 0.014430 2.510270
v -0.198457 0.014430 2.510270
v -0.181969 0.019496 2.512779
v -0.166610 0.024102 2.515357
v -0.186951 0.019915 2.585825
v -0.170068 0.024446 2.584824
v -0.148913 0.029914 2.583277
v -0.147626 0.029728 2.517618
v -0.122452 0.036878 2.582159
v -0.122077 0.037188 2.518951
v -0.079963 0.039109 2.580790
v -0.080888 0.038791 2.519680
v -0.015084 0.048032 2.579038
v -0.075123 0.040128 2.642262
v -0.012588 0.047437 2.639397
v 0.049118 0.037918 2.639614
v 0.046867 0.038834 2.577312
v 0.090097 0.033784 2.640034
v 0.089872 0.035412 2.575125
v 0.116204 0.027020 2.640816
v 0.117332 0.028608 2.573173
v 0.135372 0.022185 2.642221
v 0.138928 0.023386 2.571157
v 0.150426 0.018538 2.643441
v 0.155904 0.019280 2.569891
v 0.166487 0.014440 2.644634
v 0.166487 0.014440 2.644634
v 0.172937 0.015114 2.568458
v 0.172937 0.015114 2.568458
v 0.175580 0.004994 2.645486
v 0.175580 0.004994 2.645486
v 0.175580 0.004994 2.645486
v 0.185245 0.002906 2.568087
v 0.185245 0.002906 2.568087
v 0.185245 0.002906 2.568087
v 0.165207 -0.003040 2.644590
v 0.165207 -0.003040 2.644590
v 0.169761 -0.004097 2.568848
v 0.169761 -0.004097 2.568848
v 0.149522 -0.007411 2.643410
v 0.153529 -0.008264 2.570465
v 0.133873 -0.011728 2.642067
v 0.136061 -0.012681 2.571807
v 0.115398 -0.016377 2.640715
v 0.114731 -0.017905 2.573400
v 0.090313 -0.023061 2.639766
v 0.088187 -0.024388 2.575241
v 0.049795 -0.027031 2.639382
v 0.046888 -0.027258 2.577333
v -0.012468 -0.036542 2.639845
v -0.015167 -0.036108 2.578975
v -0.072804 -0.029452 2.642436
v -0.076107 -0.028689 2.580686
v -0.111849 -0.025706 2.645557
v -0.119284 -0.026444 2.582211
v -0.136563 -0.018610 2.648448
v -0.146764 -0.019574 2.583225
v -0.154171 -0.013607 2.651436
v -0.168378 -0.014132 2.584675
v -0.163384 -0.014706 2.516007
v -0.185197 -0.009686 2.585918
v -0.179203 -0.009985 2.513358
v -0.163166 -0.010447 2.447708
v -0.195139 -0.004852 2.510975
v -0.195139 -0.004852 2.510975
v -0.178373 -0.005189 2.445364
v -0.178373 -0.005189 2.445364
v -0.206360 0.003825 2.509347
v -0.206360 0.003825 2.509347
v -0.201319 -0.005154 2.587184
v -0.201319 -0.005154 2.587184
v -0.214534 0.003638 2.589405
v -0.214534 0.003638 2.589405
v -0.214534 0.003638 2.589405
v -0.203361 0.015383 2.587306
v -0.203361 0.015383 2.587306
v -0.195017 0.005012 2.660736
v -0.195017 0.005012 2.660736
v -0.184952 0.015584 2.658329
v -0.170280 0.019980 2.655007
v -0.171520 0.015371 2.717276
v -0.171520 0.015371 2.717276
v -0.156336 0.019751 2.715318
v -0.141815 0.023789 2.713555
v -0.154955 0.024385 2.651599
v -0.125697 0.028343 2.711832
v -0.137585 0.029276 2.648431
v -0.104368 0.035839 2.709558
v -0.113679 0.036040 2.645497
v -0.069720 0.041519 2.706705
v -0.100384 0.030842 2.773484
v -0.066600 0.041432 2.771843
v -0.012073 0.048088 2.770139
v -0.012375 0.047664 2.703684
v 0.045478 0.038746 2.771014
v 0.048060 0.038722 2.704582
v 0.080968 0.033170 2.773003
v 0.085649 0.033454 2.706764
v 0.104157 0.026686 2.774658
v 0.109986 0.027060 2.708577
v 0.120915 0.022063 2.775883
v 0.126819 0.022688 2.710055
v 0.135614 0.018387 2.776972
v 0.141689 0.018872 2.711483
v 0.150980 0.014573 2.778111
v 0.150980 0.014573 2.778111
v 0.156978 0.014793 2.712985
v 0.156978 0.014793 2.712985
v 0.161339 0.005157 2.778901
v 0.161339 0.005157 2.778901
v 0.166847 0.005153 2.713971
v 0.166847 0.005153 2.713971
v 0.150665 -0.003169 2.778087
v 0.150665 -0.003169 2.778087
v 0.156475 -0.003627 2.712907
v 0.156475 -0.003627 2.712907
v 0.135670 -0.007134 2.776907
v 0.141244 -0.007653 2.711387
v 0.121014 -0.011034 2.775783
v 0.126453 -0.011556 2.709909
v 0.104799 -0.015569 2.774597
v 0.109604 -0.016089 2.708386
v 0.081431 -0.022369 2.773030
v 0.085857 -0.022636 2.706621
v 0.047166 -0.027366 2.771320
v 0.049298 -0.027200 2.704730
v -0.010424 -0.036007 2.770430
v -0.011172 -0.036147 2.704127
v -0.065428 -0.029987 2.771939
v -0.068208 -0.030366 2.706848
v -0.098654 -0.020584 2.773591
v -0.102875 -0.025431 2.709536
v -0.121220 -0.016732 2.774723
v -0.125081 -0.017829 2.711876
v -0.138426 -0.012811 2.775295
v -0.141245 -0.012891 2.713609
v -0.152981 -0.007907 2.775496
v -0.156026 -0.008356 2.715227
v -0.169090 -0.008737 2.654706
v -0.170411 -0.003806 2.717106
v -0.170411 -0.003806 2.717106
v -0.183869 -0.004412 2.658123
v -0.183869 -0.004412 2.658123
v -0.180225 0.005246 2.718427
v -0.180225 0.005246 2.718427
v -0.180225 0.005246 2.718427
v -0.168079 -0.003695 2.775280
v -0.168079 -0.003695 2.775280
v -0.179137 0.005174 2.774500
v -0.179137 0.005174 2.774500
v -0.179137 0.005174 2.774500
v -0.168932 0.015184 2.775010
v -0.168932 0.015184 2.775010
v -0.177455 0.004936 2.838166
v -0.177455 0.004936 2.838166
v -0.168828 0.012976 2.837992
v -0.153281 0.017196 2.837672
v -0.153756 0.019252 2.775618
v -0.138157 0.021607 2.837507
v -0.138793 0.023944 2.775611
v -0.121641 0.026189 2.837414
v -0.122287 0.027355 2.774912
v -0.100513 0.031426 2.837104
v -0.120949 0.024656 2.901459
v -0.099386 0.030061 2.901383
v -0.065690 0.039446 2.901215
v -0.065771 0.040397 2.836484
v -0.013084 0.047121 2.901438
v -0.012189 0.047806 2.836162
v 0.039197 0.039308 2.902507
v 0.042138 0.039521 2.837276
v 0.072517 0.031155 2.903589
v 0.076280 0.032915 2.838614
v 0.094921 0.025358 2.904327
v 0.098994 0.026472 2.839772
v 0.111727 0.021297 2.904827
v 0.115811 0.021925 2.840713
v 0.126614 0.017830 2.905264
v 0.130554 0.018229 2.841534
v 0.141954 0.014158 2.905831
v 0.141954 0.014158 2.905831
v 0.145771 0.014591 2.842405
v 0.145771 0.014591 2.842405
v 0.152715 0.005543 2.906328
v 0.152715 0.005543 2.906328
v 0.156292 0.005738 2.843052
v 0.156292 0.005738 2.843052
v 0.142161 -0.002822 2.905858
v 0.142161 -0.002822 2.905858
v 0.145931 -0.002910 2.842390
v 0.145931 -0.002910 2.842390
v 0.127246 -0.006459 2.905307
v 0.130975 -0.006865 2.841518
v 0.112363 -0.009768 2.904865
v 0.116197 -0.010673 2.840707
v 0.095822 -0.013830 2.904406
v 0.100101 -0.015086 2.839858
v 0.073283 -0.019679 2.903677
v 0.077004 -0.021733 2.838690
v 0.040696 -0.028868 2.902727
v 0.043996 -0.028817 2.837308
v -0.011463 -0.035705 2.901403
v -0.010681 -0.035552 2.836109
v -0.064618 -0.028505 2.901118
v -0.064855 -0.029237 2.836394
v -0.098040 -0.019213 2.901296
v -0.098793 -0.021097 2.836987
v -0.120682 -0.013924 2.901337
v -0.120944 -0.014873 2.837161
v -0.137693 -0.009942 2.901491
v -0.137949 -0.010588 2.837351
v -0.152365 -0.006500 2.901583
v -0.152906 -0.006540 2.837516
v -0.167255 -0.002924 2.901670
v -0.167255 -0.002924 2.901670
v -0.167644 -0.002452 2.837938
v -0.167644 -0.002452 2.837938
v -0.178204 0.004353 2.901705
v -0.178204 0.004353 2.901705
v -0.166601 -0.002785 2.967195
v -0.166601 -0.002785 2.967195
v -0.177419 0.005429 2.967530
v -0.177419 0.005429 2.967530
v -0.166576 0.013860 2.967179
v -0.168169 0.013486 2.901691
v -0.151137 0.017538 2.966731
v -0.152345 0.017277 2.901618
v -0.136270 0.021090 2.966293
v -0.137555 0.020720 2.901558
v -0.119548 0.025177 2.965924
v -0.134524 0.021515 3.030912
v -0.117875 0.025582 3.030774
v -0.096117 0.031110 3.030744
v -0.097446 0.030816 2.965776
v -0.065364 0.039614 3.030897
v -0.065527 0.039584 2.965889
v -0.014875 0.047223 3.031376
v -0.014188 0.047540 2.966441
v 0.036778 0.038254 3.032002
v 0.037528 0.038570 2.967363
v 0.069553 0.030230 3.032385
v 0.070754 0.030348 2.968003
v 0.091982 0.024994 3.032592
v 0.092893 0.025035 2.968367
v 0.108647 0.021222 3.032743
v 0.109658 0.021137 2.968608
v 0.123648 0.017846 3.032875
v 0.124508 0.017717 2.968829
v 0.139136 0.014341 3.033013
v 0.139136 0.014341 3.033013
v 0.139882 0.014099 2.969071
v 0.139882 0.014099 2.969071
v 0.150099 0.005877 3.033099
v 0.150099 0.005877 3.033099
v 0.150745 0.005719 2.969236
v 0.150745 0.005719 2.969236
v 0.139405 -0.002637 3.032974
v 0.139405 -0.002637 3.032974
v 0.140166 -0.002612 2.969161
v 0.140166 -0.002612 2.969161
v 0.123925 -0.006402 3.032837
v 0.125026 -0.006330 2.968969
v 0.108913 -0.009941 3.032697
v 0.110247 -0.009767 2.968749
v 0.091808 -0.013933 3.032538
v 0.093409 -0.013761 2.968504
v 0.069597 -0.019176 3.032334
v 0.071300 -0.019141 2.968087
v 0.037622 -0.027069 3.031973
v 0.038680 -0.027344 2.967376
v -0.012518 -0.036031 3.031454
v -0.012335 -0.036227 2.966430
v -0.063518 -0.028308 3.031002
v -0.064272 -0.028435 2.965853
v -0.095424 -0.020124 3.030890
v -0.097079 -0.019844 2.965763
v -0.117955 -0.014550 3.030954
v -0.119712 -0.014284 2.965931
v -0.135046 -0.010427 3.031065
v -0.136811 -0.010167 2.966305
v -0.149895 -0.006864 3.031197
v -0.151522 -0.006617 2.966746
v -0.165096 -0.003057 3.031357
v -0.165096 -0.003057 3.031357
v -0.149530 -0.006793 3.095472
v -0.164813 -0.003112 3.095387
v -0.164813 -0.003112 3.095387
v -0.175584 0.005743 3.095295
v -0.175584 0.005743 3.095295
v -0.175327 0.005988 3.031455
v -0.175327 0.005988 3.031455
v -0.164903 0.014465 3.095297
v -0.164847 0.014399 3.031325
v -0.149478 0.018133 3.095306
v -0.149497 0.017935 3.031106
v -0.134502 0.021646 3.095305
v -0.149380 0.018195 3.159823
v -0.134388 0.021606 3.159780
v -0.117560 0.025514 3.159763
v -0.117740 0.025669 3.095323
v -0.095625 0.030855 3.159811
v -0.095952 0.031140 3.095423
v -0.064856 0.038727 3.159939
v -0.065215 0.039172 3.095607
v -0.014465 0.046728 3.160255
v -0.014745 0.046877 3.095944
v 0.035392 0.037959 3.160758
v 0.036266 0.038025 3.096371
v 0.066679 0.030302 3.161188
v 0.068300 0.030190 3.096699
v 0.088980 0.025025 3.161483
v 0.090614 0.024952 3.096940
v 0.106444 0.021054 3.161685
v 0.107595 0.021102 3.097094
v 0.121733 0.017656 3.161859
v 0.122786 0.017698 3.097211
v 0.137518 0.014016 3.162040
v 0.137518 0.014016 3.162040
v 0.138735 0.014084 3.097323
v 0.138735 0.014084 3.097323
v 0.148947 0.005695 3.162184
v 0.148947 0.005695 3.162184
v 0.149366 0.004927 3.097373
v 0.149366 0.004927 3.097373
v 0.138206 -0.002592 3.162050
v 0.138206 -0.002592 3.162050
v 0.138562 -0.002762 3.097295
v 0.138562 -0.002762 3.097295
v 0.122652 -0.006321 3.161843
v 0.123231 -0.006454 3.097151
v 0.107463 -0.009883 3.161645
v 0.108065 -0.010031 3.097003
v 0.090158 -0.013938 3.161435
v 0.090782 -0.014080 3.096846
v 0.068070 -0.019152 3.161175
v 0.068664 -0.019284 3.096668
v 0.036971 -0.026566 3.160826
v 0.037186 -0.026918 3.096409
v -0.012458 -0.035353 3.160403
v -0.012453 -0.035474 3.096011
v -0.062882 -0.027580 3.160087
v -0.063090 -0.028043 3.095795
v -0.094503 -0.019661 3.159913
v -0.094693 -0.019864 3.095702
v -0.116835 -0.014342 3.159852
v -0.117112 -0.014410 3.095639
v -0.134250 -0.010213 3.159854
v -0.134538 -0.010289 3.095552
v -0.149283 -0.006696 3.159881
v -0.134110 -0.010064 3.224062
v -0.149214 -0.006568 3.224088
v -0.164397 -0.002924 3.224078
v -0.164397 -0.002924 3.224078
v -0.164360 -0.003046 3.159918
v -0.164360 -0.003046 3.159918
v -0.175070 0.005613 3.224025
v -0.175070 0.005613 3.224025
v -0.175194 0.005332 3.159968
v -0.175194 0.005332 3.159968
v -0.164673 0.014488 3.224100
v -0.164946 0.014509 3.159887
v -0.149090 0.018173 3.224175
v -0.164352 0.014501 3.288073
v -0.148914 0.018169 3.288180
v -0.133909 0.021640 3.288274
v -0.134116 0.021685 3.224211
v -0.117117 0.025519 3.288383
v -0.117139 0.025747 3.224245
v -0.095024 0.030737 3.288610
v -0.095038 0.031186 3.224275
v -0.065054 0.039100 3.288953
v -0.064897 0.038998 3.224332
v -0.015486 0.047012 3.289349
v -0.014744 0.047010 3.224654
v 0.033734 0.038460 3.289689
v 0.034413 0.038061 3.225056
v 0.064691 0.030553 3.289871
v 0.065369 0.030374 3.225402
v 0.086565 0.025376 3.290073
v 0.087638 0.025111 3.225722
v 0.103793 0.021467 3.290355
v 0.105138 0.021186 3.226049
v 0.118903 0.018087 3.290665
v 0.120389 0.017796 3.226367
v 0.134308 0.014621 3.290990
v 0.134308 0.014621 3.290990
v 0.136083 0.014236 3.226698
v 0.136083 0.014236 3.226698
v 0.146025 0.007123 3.291348
v 0.146025 0.007123 3.291348
v 0.148235 0.006217 3.226948
v 0.148235 0.006217 3.226948
v 0.136470 -0.002523 3.291032
v 0.136470 -0.002523 3.291032
v 0.137468 -0.002591 3.226787
v 0.137468 -0.002591 3.226787
v 0.120865 -0.006264 3.290589
v 0.121937 -0.006220 3.226485
v 0.105805 -0.009716 3.290263
v 0.106618 -0.009757 3.226182
v 0.089115 -0.013626 3.289988
v 0.089607 -0.013708 3.225884
v 0.067244 -0.018890 3.289803
v 0.067436 -0.018986 3.225535
v 0.036165 -0.026558 3.289695
v 0.036595 -0.026597 3.225164
v -0.012969 -0.035459 3.289442
v -0.012850 -0.035277 3.224746
v -0.063850 -0.027434 3.288933
v -0.063189 -0.027575 3.224385
v -0.095426 -0.019429 3.288501
v -0.094528 -0.019639 3.224194
v -0.117641 -0.013996 3.288239
v -0.116865 -0.014162 3.224089
v -0.134763 -0.009932 3.288117
v -0.119070 -0.013819 3.352736
v -0.135777 -0.009828 3.352341
v -0.150494 -0.006329 3.351983
v -0.149628 -0.006470 3.288058
v -0.165356 -0.002605 3.351626
v -0.165356 -0.002605 3.351626
v -0.164755 -0.002615 3.288018
v -0.164755 -0.002615 3.288018
v -0.175594 0.005537 3.351312
v -0.175594 0.005537 3.351312
v -0.175067 0.006378 3.288026
v -0.175067 0.006378 3.288026
v -0.165272 0.014281 3.351602
v -0.178205 0.006114 3.415610
v -0.178205 0.006114 3.415610
v -0.166825 0.014220 3.415939
v -0.151109 0.017884 3.416348
v -0.149581 0.018159 3.351995
v -0.136247 0.021279 3.416716
v -0.134804 0.021684 3.352352
v -0.119207 0.025148 3.417081
v -0.117987 0.025672 3.352736
v -0.097224 0.030379 3.417540
v -0.096063 0.030970 3.353185
v -0.066173 0.038309 3.418111
v -0.065449 0.038742 3.353720
v -0.017083 0.046589 3.418763
v -0.016133 0.046946 3.354337
v 0.032176 0.038093 3.419210
v 0.032958 0.038204 3.354647
v 0.063606 0.030474 3.419419
v 0.064240 0.030507 3.354819
v 0.085827 0.025330 3.419523
v 0.086197 0.025516 3.354882
v 0.103501 0.021374 3.419602
v 0.103613 0.021657 3.354853
v 0.118696 0.018002 3.419698
v 0.118662 0.018276 3.354770
v 0.133967 0.014565 3.419784
v 0.133967 0.014565 3.419784
v 0.134364 0.014572 3.354647
v 0.134364 0.014572 3.354647
v 0.146038 0.007986 3.419870
v 0.146038 0.007986 3.419870
v 0.146025 0.005997 3.354532
v 0.146025 0.005997 3.354532
v 0.136804 -0.002073 3.419816
v 0.136804 -0.002073 3.419816
v 0.135881 -0.002604 3.354670
v 0.135881 -0.002604 3.354670
v 0.120739 -0.005973 3.419719
v 0.120709 -0.006313 3.354723
v 0.105649 -0.009423 3.419628
v 0.105817 -0.009696 3.354807
v 0.088619 -0.013360 3.419516
v 0.089316 -0.013463 3.354868
v 0.066625 -0.018587 3.419342
v 0.067419 -0.018584 3.354809
v 0.035464 -0.026111 3.419057
v 0.035916 -0.025990 3.354621
v -0.014093 -0.034628 3.418626
v -0.013413 -0.034982 3.354301
v -0.065424 -0.026485 3.418031
v -0.064662 -0.026920 3.353683
v -0.098086 -0.018294 3.417527
v -0.096859 -0.019009 3.353166
v -0.120316 -0.013144 3.417131
v -0.098430 -0.018477 3.481859
v -0.120770 -0.013233 3.481578
v -0.137611 -0.009251 3.481348
v -0.137120 -0.009289 3.416761
v -0.152519 -0.005773 3.481120
v -0.151887 -0.005882 3.416375
v -0.168514 -0.001941 3.480891
v -0.168514 -0.001941 3.480891
v -0.166999 -0.002198 3.415970
v -0.166999 -0.002198 3.415970
v -0.179123 0.007129 3.480768
v -0.179123 0.007129 3.480768
v -0.168578 -0.001726 3.545161
v -0.168578 -0.001726 3.545161
v -0.180276 0.005474 3.544812
v -0.180276 0.005474 3.544812
v -0.168519 0.013807 3.545103
v -0.167085 0.014198 3.480885
v -0.152929 0.017540 3.545501
v -0.152042 0.017688 3.481128
v -0.137938 0.020980 3.545816
v -0.137123 0.021053 3.481363
v -0.120780 0.024910 3.546112
v -0.120007 0.024984 3.481618
v -0.099070 0.029911 3.546382
v -0.097979 0.030189 3.481938
v -0.068357 0.038080 3.546701
v -0.067038 0.038124 3.482386
v -0.019532 0.046013 3.547252
v -0.018142 0.046225 3.483023
v 0.030338 0.038243 3.547796
v 0.031210 0.037980 3.483482
v 0.061645 0.030360 3.548175
v 0.062530 0.030519 3.483808
v 0.083758 0.025132 3.548457
v 0.084807 0.025360 3.484071
v 0.101240 0.021180 3.548668
v 0.102346 0.021414 3.484285
v 0.116416 0.017795 3.548842
v 0.117593 0.017984 3.484494
v 0.132085 0.014236 3.549021
v 0.132085 0.014236 3.549021
v 0.133327 0.014338 3.484735
v 0.133327 0.014338 3.484735
v 0.144220 0.006729 3.549168
v 0.144220 0.006729 3.549168
v 0.145433 0.006605 3.484903
v 0.145433 0.006605 3.484903
v 0.133881 -0.002315 3.548983
v 0.133881 -0.002315 3.548983
v 0.135119 -0.002400 3.484715
v 0.135119 -0.002400 3.484715
v 0.118073 -0.005915 3.548728
v 0.119364 -0.005991 3.484479
v 0.102694 -0.009322 3.548508
v 0.103991 -0.009475 3.484265
v 0.085334 -0.013239 3.548294
v 0.086738 -0.013418 3.484042
v 0.063160 -0.018448 3.548073
v 0.064609 -0.018618 3.483761
v 0.033066 -0.026346 3.547780
v 0.034238 -0.026223 3.483380
v -0.015415 -0.034529 3.547250
v -0.014596 -0.034420 3.482817
v -0.066669 -0.026365 3.546681
v -0.065955 -0.026331 3.482213
v -0.098624 -0.018239 3.546431
v -0.067933 -0.026308 3.611041
v -0.099892 -0.018119 3.610685
v -0.122203 -0.012776 3.610398
v -0.120895 -0.013008 3.546195
v -0.139478 -0.008713 3.610120
v -0.138062 -0.009012 3.545883
v -0.154447 -0.005183 3.609870
v -0.153131 -0.005489 3.545560
v -0.169975 -0.001443 3.609596
v -0.169975 -0.001443 3.609596
v -0.155543 -0.004874 3.674451
v -0.171262 -0.001197 3.674218
v -0.171262 -0.001197 3.674218
v -0.182093 0.007318 3.674058
v -0.182093 0.007318 3.674058
v -0.181540 0.006391 3.609393
v -0.181540 0.006391 3.609393
v -0.169918 0.013762 3.674212
v -0.169549 0.013648 3.609621
v -0.154728 0.017143 3.674427
v -0.154102 0.017357 3.609930
v -0.139710 0.020567 3.674655
v -0.139224 0.020843 3.610220
v -0.122632 0.024439 3.674888
v -0.122129 0.024845 3.610495
v -0.101677 0.029451 3.675080
v -0.100569 0.029986 3.610707
v -0.071883 0.037699 3.675231
v -0.069983 0.037721 3.610924
v -0.022316 0.046378 3.675649
v -0.020847 0.045644 3.611399
v 0.029627 0.037739 3.676396
v 0.029768 0.037870 3.612115
v 0.061520 0.029613 3.676901
v 0.061158 0.030146 3.612569
v 0.083247 0.024504 3.677138
v 0.083278 0.024922 3.612827
v 0.100423 0.020627 3.677210
v 0.100575 0.021000 3.612945
v 0.115372 0.017284 3.677229
v 0.115732 0.017613 3.612996
v 0.130737 0.013743 3.677253
v 0.130737 0.013743 3.677253
v 0.131309 0.014136 3.613029
v 0.131309 0.014136 3.613029
v 0.143375 0.007567 3.677275
v 0.143375 0.007567 3.677275
v 0.143375 0.007567 3.677275
v 0.143647 0.006956 3.613012
v 0.143647 0.006956 3.613012
v 0.133519 -0.001756 3.677223
v 0.133519 -0.001756 3.677223
v 0.133367 -0.002114 3.612965
v 0.133367 -0.002114 3.612965
v 0.117823 -0.005450 3.677185
v 0.117645 -0.005803 3.612885
v 0.102798 -0.008868 3.677147
v 0.102481 -0.009263 3.612809
v 0.086002 -0.012718 3.677082
v 0.085502 -0.013141 3.612710
v 0.063860 -0.017896 3.676893
v 0.063251 -0.018293 3.612530
v 0.032541 -0.025807 3.676518
v 0.032514 -0.025807 3.612212
v -0.017496 -0.034193 3.675873
v -0.016785 -0.034499 3.611646
v -0.069642 -0.025815 3.675351
v -0.019398 -0.034787 3.740302
v -0.071629 -0.025159 3.739940
v -0.103285 -0.016792 3.739598
v -0.101552 -0.017564 3.675125
v -0.125011 -0.011606 3.739056
v -0.123508 -0.012236 3.674907
v -0.140903 -0.007916 3.738764
v -0.140615 -0.008298 3.674675
v -0.156337 -0.004365 3.738544
v -0.148190 -0.011713 3.801475
v -0.163392 -0.006812 3.800133
v -0.179150 -0.001977 3.799968
v -0.179150 -0.001977 3.799968
v -0.172567 -0.000821 3.738397
v -0.172567 -0.000821 3.738397
v -0.190933 0.007439 3.798705
v -0.190933 0.007439 3.798705
v -0.182025 0.008162 3.738778
v -0.182025 0.008162 3.738778
v -0.178466 0.015294 3.799318
v -0.170235 0.013742 3.738339
v -0.162246 0.019711 3.800364
v -0.155246 0.016950 3.738399
v -0.146883 0.023791 3.801879
v -0.140224 0.020220 3.738468
v -0.129191 0.028958 3.803323
v -0.123276 0.024001 3.738827
v -0.106897 0.033931 3.803962
v -0.102497 0.028819 3.739314
v -0.076015 0.041318 3.804209
v -0.073594 0.036628 3.739740
v -0.024922 0.052827 3.804646
v -0.024042 0.046321 3.739974
v 0.029070 0.042464 3.804303
v 0.029149 0.037670 3.740577
v 0.062790 0.034116 3.804354
v 0.061787 0.029414 3.740907
v 0.085377 0.027633 3.804607
v 0.083045 0.024381 3.741044
v 0.101885 0.022747 3.804701
v 0.099940 0.020525 3.741265
v 0.116807 0.018272 3.804865
v 0.115072 0.017110 3.741392
v 0.132254 0.014487 3.804812
v 0.132254 0.014487 3.804812
v 0.130510 0.013588 3.741341
v 0.130510 0.013588 3.741341
v 0.144594 0.006860 3.804519
v 0.144594 0.006860 3.804519
v 0.142789 0.007933 3.741317
v 0.142789 0.007933 3.741317
v 0.142789 0.007933 3.741317
v 0.135071 -0.002360 3.804743
v 0.135071 -0.002360 3.804743
v 0.133567 -0.001513 3.741388
v 0.133567 -0.001513 3.741388
v 0.119592 -0.006302 3.804764
v 0.117959 -0.005117 3.741418
v 0.104608 -0.010758 3.804757
v 0.102751 -0.008542 3.741320
v 0.087986 -0.015838 3.804891
v 0.086181 -0.012326 3.741199
v 0.065517 -0.022010 3.804600
v 0.064054 -0.017462 3.741144
v 0.032789 -0.029437 3.804472
v 0.032286 -0.025636 3.740976
v -0.020011 -0.041056 3.804869
v 0.032310 -0.027525 3.868022
v -0.019373 -0.037672 3.868440
v -0.075426 -0.026296 3.867196
v -0.074251 -0.029634 3.804808
v -0.110009 -0.017534 3.866072
v -0.107751 -0.020908 3.804492
v -0.132580 -0.012077 3.865282
v -0.130387 -0.015820 3.803524
v -0.150976 -0.007825 3.864808
v -0.130110 -0.011092 3.930308
v -0.146963 -0.007555 3.930861
v -0.162005 -0.004389 3.931617
v -0.166283 -0.004506 3.864617
v -0.177971 -0.000933 3.932517
v -0.177971 -0.000933 3.932517
v -0.182102 -0.001314 3.863725
v -0.182102 -0.001314 3.863725
v -0.188795 0.007650 3.932969
v -0.188795 0.007650 3.932969
v -0.193877 0.007032 3.863111
v -0.193877 0.007032 3.863111
v -0.176824 0.013929 3.932444
v -0.181635 0.014040 3.864864
v -0.161425 0.017118 3.931572
v -0.165386 0.017209 3.864740
v -0.146352 0.020363 3.930805
v -0.149605 0.020670 3.864838
v -0.129583 0.024110 3.930161
v -0.131530 0.025104 3.865177
v -0.108781 0.028868 3.929838
v -0.109166 0.030620 3.865784
v -0.077594 0.035997 3.929953
v -0.076950 0.038519 3.866731
v -0.025969 0.047063 3.931298
v -0.024435 0.049939 3.868052
v 0.026453 0.037800 3.932097
v 0.028018 0.040603 3.867948
v 0.058748 0.029838 3.932519
v 0.061328 0.032111 3.868156
v 0.080105 0.024224 3.933028
v 0.083900 0.026255 3.868475
v 0.096583 0.020013 3.933748
v 0.101189 0.021924 3.868970
v 0.111407 0.016576 3.934644
v 0.116298 0.018268 3.869559
v 0.126198 0.013397 3.935637
v 0.131408 0.014272 3.870326
v 0.131408 0.014272 3.870326
v 0.138482 0.008529 3.936519
v 0.138482 0.008529 3.936519
v 0.144337 0.008345 3.871107
v 0.144337 0.008345 3.871107
v 0.144337 0.008345 3.871107
v 0.129507 -0.000435 3.935844
v 0.129507 -0.000435 3.935844
v 0.134224 -0.000667 3.870525
v 0.134224 -0.000667 3.870525
v 0.113614 -0.003788 3.934713
v 0.118428 -0.004955 3.869609
v 0.098873 -0.007157 3.933767
v 0.103555 -0.008763 3.868948
v 0.083161 -0.011177 3.933005
v 0.086851 -0.013150 3.868526
v 0.062879 -0.016651 3.932521
v 0.064462 -0.019220 3.868135
v 0.030824 -0.024639 3.932132
v 0.059515 -0.014342 3.996577
v 0.028033 -0.022132 3.996033
v -0.021337 -0.031592 3.995517
v -0.019877 -0.033923 3.931779
v -0.073809 -0.022041 3.994681
v -0.075501 -0.023402 3.930447
v -0.107406 -0.014778 3.994866
v -0.109567 -0.015402 3.930098
v -0.127072 -0.010628 3.995355
v -0.104371 -0.014191 4.059681
v -0.123644 -0.010169 4.060287
v -0.139223 -0.006922 4.061039
v -0.143086 -0.007258 3.996116
v -0.153701 -0.003892 4.061836
v -0.157800 -0.004126 3.997012
v -0.168478 -0.000636 4.062666
v -0.168478 -0.000636 4.062666
v -0.172628 -0.000946 3.997924
v -0.172628 -0.000946 3.997924
v -0.180119 0.005011 4.063323
v -0.180119 0.005011 4.063323
v -0.183699 0.004764 3.998640
v -0.183699 0.004764 3.998640
v -0.169747 0.012695 4.062720
v -0.173793 0.013209 3.997979
v -0.154415 0.015957 4.061826
v -0.157814 0.016509 3.996922
v -0.139955 0.018916 4.061010
v -0.143138 0.019613 3.995991
v -0.124128 0.022217 4.060204
v -0.126842 0.023133 3.995148
v -0.104373 0.026514 4.059524
v -0.106320 0.027651 3.994501
v -0.075457 0.033040 4.059148
v -0.076803 0.034363 3.994231
v -0.028399 0.042722 4.059384
v -0.027556 0.044539 3.995016
v 0.022072 0.033738 4.059782
v 0.024310 0.034959 3.995965
v 0.052702 0.026793 4.060597
v 0.055239 0.027436 3.996548
v 0.072717 0.022516 4.061393
v 0.075980 0.022701 3.997232
v 0.088157 0.019402 4.062158
v 0.092119 0.019533 3.998008
v 0.102396 0.016507 4.062956
v 0.106541 0.016675 3.998886
v 0.116781 0.013470 4.063788
v 0.116781 0.013470 4.063788
v 0.121039 0.013643 3.999923
v 0.128370 0.008261 4.064486
v 0.128370 0.008261 4.064486
v 0.128370 0.008261 4.064486
v 0.132838 0.008521 4.000845
v 0.132838 0.008521 4.000845
v 0.119857 -0.000026 4.063948
v 0.119857 -0.000026 4.063948
v 0.124317 -0.000189 4.000138
v 0.124317 -0.000189 4.000138
v 0.104776 -0.003200 4.063027
v 0.108925 -0.003414 3.998910
v 0.090747 -0.006247 4.062200
v 0.094601 -0.006611 3.997965
v 0.075784 -0.009525 4.061429
v 0.079366 -0.009816 3.997206
v 0.055847 -0.013945 4.060715
v 0.070844 -0.010082 4.125021
v 0.050402 -0.014316 4.123976
v 0.022724 -0.019977 4.123195
v 0.025045 -0.020673 4.059938
v -0.021569 -0.027715 4.122932
v -0.022196 -0.029565 4.059457
v -0.069186 -0.020200 4.123248
v -0.071670 -0.020983 4.059233
v -0.099332 -0.014092 4.124121
v -0.065569 -0.019730 4.186693
v -0.092943 -0.014127 4.187975
v -0.113596 -0.009882 4.189539
v -0.119744 -0.009954 4.125117
v -0.129241 -0.006754 4.191116
v -0.135339 -0.006823 4.126101
v -0.143461 -0.003996 4.192716
v -0.149825 -0.003941 4.127134
v -0.158028 -0.001261 4.194452
v -0.158028 -0.001261 4.194452
v -0.164509 -0.000956 4.128195
v -0.164509 -0.000956 4.128195
v -0.169825 0.004878 4.195849
v -0.169825 0.004878 4.195849
v -0.176381 0.004536 4.128994
v -0.176381 0.004536 4.128994
v -0.160416 0.013266 4.194674
v -0.166547 0.012957 4.128305
v -0.145441 0.016008 4.192806
v -0.151163 0.016004 4.127184
v -0.131317 0.018727 4.191068
v -0.136651 0.018863 4.126137
v -0.116274 0.021703 4.189432
v -0.120939 0.022027 4.125127
v -0.096532 0.025723 4.187938
v -0.102441 0.025838 4.124153
v -0.069843 0.031320 4.186693
v -0.073062 0.032058 4.123241
v -0.027081 0.038863 4.186007
v -0.027841 0.040682 4.122864
v 0.016328 0.031753 4.186389
v 0.019563 0.032870 4.123075
v 0.042746 0.026503 4.187427
v 0.048358 0.027010 4.124034
v 0.062518 0.022556 4.188679
v 0.068375 0.022997 4.125032
v 0.077453 0.019556 4.190081
v 0.083858 0.020074 4.126192
v 0.091591 0.016723 4.191544
v 0.098151 0.017466 4.127438
v 0.106206 0.013816 4.193040
v 0.106206 0.013816 4.193040
v 0.112884 0.015843 4.128754
v 0.112884 0.015843 4.128754
v 0.117582 0.007401 4.194150
v 0.117582 0.007401 4.194150
v 0.125246 0.008810 4.129899
v 0.125246 0.008810 4.129899
v 0.107785 -0.000627 4.193163
v 0.107785 -0.000627 4.193163
v 0.115491 -0.001509 4.128956
v 0.115491 -0.001509 4.128956
v 0.092971 -0.003843 4.191648
v 0.100249 -0.004223 4.127546
v 0.078751 -0.006906 4.190164
v 0.085931 -0.007005 4.126242
v 0.063832 -0.010124 4.188809
v 0.072699 -0.007004 4.253447
v 0.057774 -0.010137 4.252200
v 0.039164 -0.013978 4.251015
v 0.044335 -0.014232 4.187514
v 0.016630 -0.018492 4.250071
v 0.019463 -0.019207 4.186526
v -0.020370 -0.024834 4.249629
v -0.021130 -0.026161 4.185987
v -0.061544 -0.019123 4.250423
v -0.019204 -0.023335 4.313196
v -0.057856 -0.018702 4.314203
v -0.079915 -0.014310 4.315629
v -0.086323 -0.014145 4.251736
v -0.098316 -0.010576 4.317403
v -0.105881 -0.010257 4.253498
v -0.113040 -0.007550 4.319189
v -0.121171 -0.007252 4.255367
v -0.126913 -0.004680 4.321008
v -0.135139 -0.004513 4.257263
v -0.141032 -0.001664 4.322897
v -0.141032 -0.001664 4.322897
v -0.149314 -0.001590 4.259215
v -0.149314 -0.001590 4.259215
v -0.151373 0.005227 4.324271
v -0.151373 0.005227 4.324271
v -0.151373 0.005227 4.324271
v -0.160678 0.004586 4.260765
v -0.160678 0.004586 4.260765
v -0.143535 0.013843 4.323185
v -0.143535 0.013843 4.323185
v -0.152077 0.013459 4.259559
v -0.128996 0.016565 4.321186
v -0.137210 0.016401 4.257439
v -0.115174 0.019430 4.319305
v -0.123192 0.019128 4.255482
v -0.100791 0.022260 4.317551
v -0.108480 0.022030 4.253625
v -0.082483 0.026023 4.315852
v -0.089319 0.025900 4.251900
v -0.061648 0.030295 4.314484
v -0.065841 0.030717 4.250638
v -0.026014 0.036004 4.313375
v -0.026825 0.037569 4.249779
v 0.011454 0.030245 4.313684
v 0.013634 0.031044 4.250147
v 0.033542 0.026085 4.314614
v 0.037796 0.026251 4.251117
v 0.051796 0.022508 4.315885
v 0.056834 0.022457 4.252301
v 0.066672 0.019548 4.317228
v 0.071836 0.019453 4.253486
v 0.080772 0.016703 4.318623
v 0.086031 0.016575 4.254701
v 0.095594 0.013594 4.320113
v 0.095594 0.013594 4.320113
v 0.100521 0.013483 4.255924
v 0.100521 0.013483 4.255924
v 0.106979 0.005927 4.321246
v 0.106979 0.005927 4.321246
v 0.111718 0.006983 4.256901
v 0.111718 0.006983 4.256901
v 0.095960 -0.001078 4.320115
v 0.095960 -0.001078 4.320115
v 0.101689 -0.000802 4.256031
v 0.101689 -0.000802 4.256031
v 0.081524 -0.004044 4.318640
v 0.086877 -0.004019 4.254720
v 0.067433 -0.006997 4.317207
v 0.074715 -0.004320 4.382300
v 0.060973 -0.007176 4.380556
v 0.046822 -0.010073 4.378942
v 0.052651 -0.010028 4.315809
v 0.030506 -0.013357 4.377577
v 0.034968 -0.013599 4.314518
v 0.012306 -0.016930 4.376739
v 0.014479 -0.017593 4.313608
v -0.018399 -0.022489 4.376451
v 0.009475 -0.016016 4.439897
v -0.017983 -0.020822 4.439764
v -0.049349 -0.016814 4.440960
v -0.054205 -0.017774 4.377625
v -0.069354 -0.012961 4.442636
v -0.074291 -0.013787 4.379095
v -0.084764 -0.009816 4.444367
v -0.091263 -0.010357 4.380776
v -0.097976 -0.007221 4.446199
v -0.105495 -0.007490 4.382628
v -0.111149 -0.004593 4.448200
v -0.119141 -0.004725 4.384552
v -0.124085 -0.001655 4.450143
v -0.124085 -0.001655 4.450143
v -0.132660 -0.001800 4.386508
v -0.132660 -0.001800 4.386508
v -0.134041 0.004969 4.451617
v -0.134041 0.004969 4.451617
v -0.143165 0.004493 4.388134
v -0.143165 0.004493 4.388134
v -0.126506 0.013859 4.450548
v -0.126506 0.013859 4.450548
v -0.135440 0.013777 4.386992
v -0.135440 0.013777 4.386992
v -0.112566 0.016808 4.448503
v -0.120935 0.016662 4.384868
v -0.099254 0.019359 4.446496
v -0.107342 0.019344 4.382935
v -0.085806 0.021920 4.444579
v -0.093523 0.022057 4.381057
v -0.070542 0.024856 4.442802
v -0.076589 0.025405 4.379271
v -0.053030 0.028343 4.441311
v -0.057726 0.029187 4.377861
v -0.024700 0.033623 4.439973
v -0.025373 0.034831 4.376583
v 0.006263 0.028929 4.439819
v 0.008828 0.029462 4.376706
v 0.025258 0.025194 4.440574
v 0.028880 0.025755 4.377610
v 0.040722 0.022145 4.441764
v 0.045994 0.022467 4.378902
v 0.053954 0.019478 4.443239
v 0.060336 0.019612 4.380537
v 0.067209 0.016808 4.444903
v 0.074099 0.016809 4.382257
v 0.080791 0.014034 4.446643
v 0.080791 0.014034 4.446643
v 0.088441 0.013772 4.384074
v 0.088441 0.013772 4.384074
v 0.090785 0.005885 4.447932
v 0.090785 0.005885 4.447932
v 0.098434 0.005968 4.385343
v 0.098434 0.005968 4.385343
v 0.080730 -0.001616 4.446648
v 0.080730 -0.001616 4.446648
v 0.088620 -0.001345 4.384080
v 0.088620 -0.001345 4.384080
v 0.067503 -0.004456 4.444973
v 0.074129 -0.002053 4.507895
v 0.074129 -0.002053 4.507895
v 0.061123 -0.004744 4.506430
v 0.048231 -0.007274 4.504992
v 0.054204 -0.007089 4.443339
v 0.035336 -0.009720 4.503669
v 0.040868 -0.009758 4.441847
v 0.021596 -0.012344 4.502677
v 0.026046 -0.012720 4.440639
v 0.004984 -0.015400 4.502069
v 0.016949 -0.012051 4.564010
v 0.001659 -0.014870 4.563491
v -0.016533 -0.017972 4.563667
v -0.017785 -0.018688 4.502076
v -0.035576 -0.016043 4.564581
v -0.042988 -0.016163 4.503139
v -0.051201 -0.013172 4.566160
v -0.061606 -0.012796 4.504866
v -0.064730 -0.010584 4.568229
v -0.076056 -0.010022 4.506916
v -0.077460 -0.008104 4.570695
v -0.088942 -0.007493 4.509132
v -0.089917 -0.005636 4.573395
v -0.101768 -0.004908 4.511493
v -0.102359 -0.003021 4.576185
v -0.102359 -0.003021 4.576185
v -0.114679 -0.002161 4.513911
v -0.114679 -0.002161 4.513911
v -0.110819 0.005180 4.578134
v -0.110819 0.005180 4.578134
v -0.123936 0.005551 4.515702
v -0.123936 0.005551 4.515702
v -0.123936 0.005551 4.515702
v -0.104093 0.014854 4.576644
v -0.104093 0.014854 4.576644
v -0.116436 0.014672 4.514321
v -0.116436 0.014672 4.514321
v -0.116436 0.014672 4.514321
v -0.091697 0.017484 4.573891
v -0.103291 0.017274 4.511890
v -0.079288 0.019920 4.571187
v -0.090460 0.019703 4.509564
v -0.066871 0.022314 4.568751
v -0.077408 0.022141 4.507337
v -0.053492 0.024940 4.566751
v -0.063269 0.024832 4.505408
v -0.038097 0.027937 4.565125
v -0.046224 0.028184 4.503774
v -0.019374 0.030090 4.563944
v -0.022457 0.031839 4.502443
v 0.000028 0.027923 4.563549
v 0.002866 0.028523 4.502099
v 0.015899 0.024924 4.563938
v 0.020931 0.025068 4.502615
v 0.029667 0.022255 4.564816
v 0.035215 0.022277 4.503643
v 0.042450 0.019805 4.566083
v 0.048027 0.019776 4.504952
v 0.055073 0.017366 4.567466
v 0.060858 0.017253 4.506412
v 0.067570 0.014802 4.568856
v 0.067570 0.014802 4.568856
v 0.073805 0.014470 4.507885
v 0.073805 0.014470 4.507885
v 0.075849 0.006532 4.569815
v 0.075849 0.006532 4.569815
v 0.082059 0.006076 4.508794
v 0.082059 0.006076 4.508794
v 0.068335 -0.002063 4.569019
v 0.068335 -0.002063 4.569019
v 0.068966 0.006707 4.631514
v 0.068966 0.006707 4.631514
v 0.061862 -0.001960 4.630555
v 0.061862 -0.001960 4.630555
v 0.050013 -0.004552 4.628936
v 0.055715 -0.004715 4.567617
v 0.038036 -0.006856 4.627367
v 0.043067 -0.007166 4.566236
v 0.025889 -0.009192 4.625907
v 0.030413 -0.009532 4.565010
v 0.013305 -0.011564 4.624857
v 0.021688 -0.008744 4.686449
v 0.010864 -0.010826 4.685330
v -0.000318 -0.012938 4.684696
v 0.000072 -0.013951 4.624403
v -0.012037 -0.014533 4.684644
v -0.014496 -0.016077 4.624580
v -0.024553 -0.013823 4.685374
v -0.029102 -0.015043 4.625448
v -0.035639 -0.011751 4.686750
v -0.042249 -0.012696 4.626832
v -0.046392 -0.009518 4.688549
v -0.054347 -0.010300 4.628655
v -0.056899 -0.007429 4.690479
v -0.066103 -0.007922 4.630913
v -0.067745 -0.005278 4.692670
v -0.077856 -0.005509 4.633453
v -0.078131 -0.002507 4.694853
v -0.078131 -0.002507 4.694853
v -0.089370 -0.003122 4.636010
v -0.089370 -0.003122 4.636010
v -0.084615 0.005175 4.696209
v -0.084615 0.005175 4.696209
v -0.097103 0.004672 4.637716
v -0.097103 0.004672 4.637716
v -0.080043 0.014458 4.695240
v -0.080043 0.014458 4.695240
v -0.091410 0.014272 4.636438
v -0.091410 0.014272 4.636438
v -0.069416 0.017491 4.693035
v -0.079685 0.017350 4.633854
v -0.058649 0.019633 4.690835
v -0.067964 0.019873 4.631367
v -0.047927 0.021813 4.688808
v -0.056323 0.022299 4.629110
v -0.037260 0.024080 4.687015
v -0.044229 0.024820 4.627219
v -0.025917 0.026493 4.685572
v -0.030922 0.027441 4.625749
v -0.013974 0.027617 4.684721
v -0.016412 0.028888 4.624719
v -0.001904 0.025981 4.684548
v -0.001661 0.026883 4.624355
v 0.009642 0.023784 4.685090
v 0.012060 0.024450 4.624695
v 0.020423 0.021750 4.686193
v 0.024766 0.022104 4.625634
v 0.031377 0.019716 4.687689
v 0.036995 0.019823 4.627064
v 0.042192 0.017681 4.689367
v 0.048970 0.017582 4.628683
v 0.052943 0.015318 4.691076
v 0.052943 0.015318 4.691076
v 0.052943 0.015318 4.691076
v 0.061083 0.015191 4.630378
v 0.061083 0.015191 4.630378
v 0.059075 0.007096 4.692095
v 0.059075 0.007096 4.692095
v 0.059075 0.007096 4.692095
v 0.044665 0.015195 4.750855
v 0.044665 0.015195 4.750855
v 0.049591 0.007530 4.751641
v 0.045988 -0.001224 4.751048
v 0.045988 -0.001224 4.751048
v 0.053950 -0.001863 4.691281
v 0.053950 -0.001863 4.691281
v 0.053950 -0.001863 4.691281
v 0.037113 -0.004626 4.749598
v 0.043549 -0.004733 4.689633
v 0.027665 -0.006629 4.748116
v 0.032664 -0.006657 4.687945
v 0.018211 -0.008436 4.746803
v 0.022708 -0.005652 4.807754
v 0.014777 -0.007154 4.806636
v 0.006768 -0.008772 4.805717
v 0.008756 -0.010117 4.745667
v -0.001458 -0.010366 4.805140
v -0.001006 -0.011882 4.744718
v -0.009577 -0.011614 4.805067
v -0.010507 -0.013570 4.744370
v -0.016802 -0.010903 4.805515
v -0.020513 -0.013076 4.745171
v -0.025012 -0.009316 4.806669
v -0.030180 -0.011070 4.746758
v -0.033122 -0.007665 4.808185
v -0.039657 -0.008869 4.748407
v -0.041016 -0.006004 4.809753
v -0.049014 -0.006973 4.750109
v -0.048610 -0.004197 4.811376
v -0.048610 -0.004197 4.811376
v -0.058367 -0.004955 4.751964
v -0.055699 -0.000902 4.813005
v -0.055699 -0.000902 4.813005
v -0.055699 -0.000902 4.813005
v -0.055699 -0.000902 4.813005
v -0.067195 -0.002038 4.753868
v -0.067195 -0.002038 4.753868
v -0.059752 0.005742 4.813926
v -0.059752 0.005742 4.813926
v -0.072598 0.005147 4.755035
v -0.072598 0.005147 4.755035
v -0.057336 0.012933 4.813346
v -0.057336 0.012933 4.813346
v -0.068860 0.013482 4.754229
v -0.068860 0.013482 4.754229
v -0.050375 0.016503 4.811769
v -0.059984 0.016996 4.752289
v -0.042548 0.018193 4.810082
v -0.050499 0.018918 4.750313
v -0.034699 0.019773 4.808521
v -0.041209 0.020848 4.748556
v -0.026506 0.021388 4.806980
v -0.031767 0.022858 4.746861
v -0.018818 0.022810 4.805809
v -0.022329 0.024789 4.745428
v -0.010692 0.023888 4.805171
v -0.012401 0.025704 4.744633
v -0.002762 0.023034 4.805188
v -0.002293 0.024705 4.744704
v 0.005242 0.021631 4.805757
v 0.007348 0.022860 4.745517
v 0.013324 0.020053 4.806613
v 0.016620 0.021048 4.746597
v 0.021257 0.018462 4.807600
v 0.025984 0.019290 4.747884
v 0.029052 0.016913 4.808805
v 0.035644 0.017527 4.749412
v 0.036313 0.014431 4.810057
v 0.036313 0.014431 4.810057
v 0.023082 0.016031 4.867979
v 0.023082 0.016031 4.867979
v 0.028258 0.012703 4.868752
v 0.028258 0.012703 4.868752
v 0.028258 0.012703 4.868752
v 0.030315 0.007085 4.869039
v 0.039623 0.007315 4.810581
v 0.028662 0.001112 4.868770
v 0.028662 0.001112 4.868770
v 0.037403 -0.000148 4.810164
v 0.037403 -0.000148 4.810164
v 0.037403 -0.000148 4.810164
v 0.024280 -0.003016 4.868063
v 0.024280 -0.003016 4.868063
v 0.030533 -0.003794 4.809009
v 0.030533 -0.003794 4.809009
v 0.018324 -0.004976 4.867117
v 0.017771 -0.002156 4.926753
v 0.017771 -0.002156 4.926753
v 0.017771 -0.002156 4.926753
v 0.013727 -0.004058 4.926068
v 0.009337 -0.005702 4.925519
v 0.011918 -0.006343 4.866222
v 0.004948 -0.006682 4.925580
v 0.005182 -0.007658 4.865467
v 0.000911 -0.007329 4.925873
v -0.000817 -0.008689 4.865030
v -0.002940 -0.007609 4.926111
v -0.006843 -0.009219 4.865056
v -0.006896 -0.007491 4.926342
v -0.012510 -0.009074 4.865541
v -0.010885 -0.006984 4.926568
v -0.018440 -0.008086 4.866514
v -0.015089 -0.005996 4.927130
v -0.025011 -0.006674 4.867972
v -0.019346 -0.004685 4.928217
v -0.019346 -0.004685 4.928217
v -0.031345 -0.005183 4.869526
v -0.023578 -0.002798 4.929522
v -0.023578 -0.002798 4.929522
v -0.037218 -0.003372 4.871065
v -0.037218 -0.003372 4.871065
v -0.026469 0.000579 4.930503
v -0.026469 0.000579 4.930503
v -0.042281 0.000114 4.872439
v -0.042281 0.000114 4.872439
v -0.028043 0.004788 4.931039
v -0.045111 0.005228 4.873258
v -0.027110 0.009347 4.930743
v -0.043188 0.011038 4.872815
v -0.043188 0.011038 4.872815
v -0.024550 0.013333 4.929935
v -0.024550 0.013333 4.929935
v -0.038695 0.015318 4.871603
v -0.038695 0.015318 4.871603
v -0.020923 0.015724 4.928772
v -0.033009 0.017277 4.870067
v -0.016701 0.017332 4.927504
v -0.026768 0.018724 4.868505
v -0.012504 0.018464 4.926832
v -0.019867 0.020158 4.866972
v -0.008016 0.019399 4.926509
v -0.013760 0.021330 4.865840
v -0.004220 0.019467 4.926307
v -0.007926 0.021798 4.865222
v -0.000318 0.019154 4.926084
v -0.002279 0.021246 4.865158
v 0.003775 0.018475 4.925855
v 0.003708 0.020223 4.865509
v 0.008129 0.017449 4.925659
v 0.010043 0.018982 4.866148
v 0.012596 0.016058 4.925953
v 0.012596 0.016058 4.925953
v 0.016977 0.017582 4.867048
v 0.016786 0.014379 4.926691
v 0.016786 0.014379 4.926691
v 0.016786 0.014379 4.926691
v 0.016786 0.014379 4.926691
v 0.019431 0.010734 4.927157
v 0.019431 0.010734 4.927157
v 0.013976 0.005243 4.985174
v 0.020769 0.006378 4.927361
v 0.013310 0.002543 4.985069
v 0.019877 0.001798 4.927174
v 0.019877 0.001798 4.927174
v 0.012275 -0.000322 4.984987
v 0.012275 -0.000322 4.984987
v 0.012275 -0.000322 4.984987
v 0.009102 0.002465 5.005106
v 0.009102 0.002465 5.005106
v 0.009111 0.000005 5.003337
v 0.009111 0.000005 5.003337
v 0.009111 0.000005 5.003337
v 0.009111 0.000005 5.003337
v 0.008903 -0.001585 5.000576
v 0.008903 -0.001585 5.000576
v 0.010749 -0.001905 4.984709
v 0.010749 -0.001905 4.984709
v 0.005713 0.001962 5.007847
v 0.002992 0.002721 5.008985
v 0.002283 0.001433 5.008666
v 0.001311 0.003014 5.009305
v 0.000979 0.001754 5.008992
v 0.000377 0.000110 5.008077
v 0.000377 0.000110 5.008077
v 0.001599 0.000060 5.007992
v 0.001599 0.000060 5.007992
v -0.000414 -0.002471 5.004478
v 0.001259 -0.002525 5.004648
v -0.000493 0.001874 5.008823
v -0.000697 0.000518 5.008168
v -0.000697 0.000518 5.008168
v -0.001972 -0.002075 5.004714
v -0.004745 -0.004118 4.985557
v -0.002180 -0.004600 4.985275
v 0.000463 -0.004818 4.985055
v -0.000433 0.003298 5.009157
v -0.002395 0.003572 5.008953
v -0.002395 0.003572 5.008953
v -0.000056 0.004737 5.009417
v -0.002129 0.005125 5.009093
v -0.002129 0.005125 5.009093
v -0.005793 0.005406 5.007335
v -0.006120 0.003709 5.006859
v -0.013565 0.006956 4.987426
v -0.013556 0.004718 4.987277
v -0.012553 0.001401 4.986537
v -0.012553 0.001401 4.986537
v -0.005018 0.006968 5.007755
v -0.005018 0.006968 5.007755
v -0.012300 0.009486 4.987532
v -0.012300 0.009486 4.987532
v -0.003876 0.008986 5.007881
v -0.003876 0.008986 5.007881
v -0.010751 0.011899 4.987427
v -0.010751 0.011899 4.987427
v -0.001797 0.006442 5.009241
v -0.001797 0.006442 5.009241
v -0.001044 0.008127 5.009069
v -0.000170 0.010947 5.007883
v -0.000170 0.010947 5.007883
v 0.001041 0.007857 5.009259
v 0.002132 0.010964 5.007532
v 0.002132 0.010964 5.007532
v 0.002854 0.016082 4.986276
v 0.000019 0.016273 4.986544
v 0.004129 0.010918 5.006849
v 0.004129 0.010918 5.006849
v 0.005858 0.015762 4.985795
v 0.005404 0.009959 5.006882
v 0.005404 0.009959 5.006882
v 0.008335 0.014918 4.985677
v 0.002634 0.007477 5.009268
v 0.004014 0.006674 5.009025
v 0.002168 0.005685 5.009532
v 0.004174 0.005092 5.009000
v 0.004174 0.005092 5.009000
v 0.001712 0.004303 5.009560
v 0.003405 0.003848 5.009119
v 0.000299 0.006126 5.009505
v 0.008635 0.004277 5.006091
v 0.008635 0.004277 5.006091
v -0.059854 0.064876 1.281774
v -0.035051 0.073110 1.269010
v -0.063533 0.069705 1.272357
v -0.084996 0.065641 1.280947
v -0.067219 0.075524 1.262281
v -0.089806 0.070034 1.272002
v -0.112728 0.070784 1.286966
v -0.106432 0.065732 1.296208
v -0.140365 0.071372 1.312253
v -0.131522 0.066713 1.323395
v -0.184033 0.072515 1.344981
v -0.176282 0.066738 1.361780
v -0.176282 0.066738 1.361780
v -0.172447 0.053820 1.371918
v -0.172447 0.053820 1.371918
v -0.172447 0.053820 1.371918
v -0.178216 0.047084 1.355726
v -0.248192 0.064949 1.373441
v -0.248192 0.064949 1.373441
v -0.248192 0.064949 1.373441
v -0.246785 0.050664 1.381853
v -0.246785 0.050664 1.381853
v -0.246785 0.050664 1.381853
v -0.242549 0.047175 1.362692
v -0.238907 0.045995 1.339296
v -0.238907 0.045995 1.339296
v -0.182069 0.044500 1.339144
v -0.182069 0.044500 1.339144
v -0.305891 0.049435 1.349466
v -0.305891 0.049435 1.349466
v -0.294803 0.047251 1.335177
v -0.286466 0.046794 1.320506
v -0.286466 0.046794 1.320506
v -0.286363 0.034136 1.318440
v -0.286363 0.034136 1.318440
v -0.334501 0.048128 1.311519
v -0.331129 0.043780 1.298983
v -0.331129 0.043780 1.298983
v -0.331129 0.043780 1.298983
v -0.333038 0.033968 1.302761
v -0.333038 0.033968 1.302761
v -0.339366 0.051845 1.323943
v -0.339366 0.051845 1.323943
v -0.339366 0.051845 1.323943
v -0.373325 0.055121 1.311426
v -0.373325 0.055121 1.311426
v -0.340839 0.061875 1.327645
v -0.340839 0.061875 1.327645
v -0.340839 0.061875 1.327645
v -0.372573 0.061440 1.321494
v -0.372573 0.061440 1.321494
v -0.417621 0.059930 1.319689
v -0.417621 0.059930 1.319689
v -0.414942 0.054940 1.308224
v -0.417780 0.071029 1.316908
v -0.417780 0.071029 1.316908
v -0.416856 0.072816 1.304867
v -0.417098 0.072790 1.291387
v -0.365058 0.071913 1.273037
v -0.365058 0.071913 1.273037
v -0.418349 0.070232 1.277767
v -0.418349 0.070232 1.277767
v -0.365106 0.059488 1.265064
v -0.419361 0.058404 1.271457
v -0.459446 0.059761 1.276252
v -0.419414 0.043563 1.271256
v -0.457556 0.045443 1.276028
v -0.481580 0.048090 1.279195
v -0.483674 0.061974 1.279867
v -0.455413 0.029876 1.275681
v -0.478965 0.032573 1.278766
v -0.499137 0.035250 1.281360
v -0.477215 0.014397 1.278534
v -0.497302 0.017099 1.280995
v -0.515802 0.019279 1.283584
v -0.515802 0.019279 1.283584
v -0.517155 0.037445 1.284084
v -0.517155 0.037445 1.284084
v -0.517155 0.037445 1.284084
v -0.519871 0.019992 1.297342
v -0.519871 0.019992 1.297342
v -0.518624 0.038049 1.298788
v -0.518624 0.038049 1.298788
v -0.506932 0.020012 1.310611
v -0.521206 -0.004249 1.295509
v -0.521206 -0.004249 1.295509
v -0.509075 -0.002882 1.308450
v -0.496240 -0.001166 1.320869
v -0.496240 -0.001166 1.320869
v -0.494097 0.019989 1.322304
v -0.494097 0.019989 1.322304
v -0.482852 0.000546 1.319524
v -0.482852 0.000546 1.319524
v -0.482676 0.020459 1.317200
v -0.482676 0.020459 1.317200
v -0.477689 0.001810 1.305738
v -0.477689 0.001810 1.305738
v -0.483893 -0.018773 1.321484
v -0.483893 -0.018773 1.321484
v -0.478911 -0.016543 1.308136
v -0.469518 -0.014654 1.295684
v -0.469518 -0.014654 1.295684
v -0.466385 0.003124 1.293887
v -0.466385 0.003124 1.293887
v -0.446586 -0.012670 1.289803
v -0.444141 0.004500 1.289522
v -0.414891 0.004812 1.286676
v -0.414891 0.004812 1.286676
v -0.394863 0.005491 1.299171
v -0.390275 -0.009632 1.322508
v -0.392359 0.006348 1.322957
v -0.390390 0.021948 1.322923
v -0.379245 0.007222 1.354484
v -0.373189 0.023099 1.351179
v -0.365369 0.036497 1.345670
v -0.365369 0.036497 1.345670
v -0.383782 0.035140 1.320918
v -0.383782 0.035140 1.320918
v -0.334459 0.023041 1.383245
v -0.334459 0.023041 1.383245
v -0.327403 0.037330 1.373990
v -0.327403 0.037330 1.373990
v -0.290600 0.024004 1.415745
v -0.280106 0.037953 1.405367
v -0.267378 0.034529 1.391156
v -0.300940 0.010474 1.425220
v -0.300940 0.010474 1.425220
v -0.342309 0.008524 1.391656
v -0.342309 0.008524 1.391656
v -0.338803 -0.008366 1.387156
v -0.296829 -0.007539 1.421296
v -0.375084 -0.009202 1.351656
v -0.369183 -0.024063 1.347986
v -0.369183 -0.024063 1.347986
v -0.332770 -0.023646 1.379279
v -0.332770 -0.023646 1.379279
v -0.386119 -0.024826 1.320537
v -0.386119 -0.024826 1.320537
v -0.274432 -0.028136 1.398608
v -0.286739 -0.021722 1.411538
v -0.286739 -0.021722 1.411538
v -0.258593 -0.025735 1.382918
v -0.244228 -0.025661 1.358394
v -0.240663 -0.025653 1.341686
v -0.295431 -0.025368 1.322696
v -0.290092 -0.032844 1.312168
v -0.290092 -0.032844 1.312168
v -0.290092 -0.032844 1.312168
v -0.237714 -0.032829 1.329813
v -0.237714 -0.032829 1.329813
v -0.342112 -0.025518 1.305249
v -0.341758 -0.032902 1.295115
v -0.341758 -0.032902 1.295115
v -0.341951 -0.042239 1.299809
v -0.341951 -0.042239 1.299809
v -0.292120 -0.042320 1.321491
v -0.292120 -0.042320 1.321491
v -0.299568 -0.042488 1.335088
v -0.243951 -0.042236 1.363254
v -0.239196 -0.041781 1.342618
v -0.344923 -0.045358 1.312447
v -0.347378 -0.049560 1.323574
v -0.347378 -0.049560 1.323574
v -0.347378 -0.049560 1.323574
v -0.308979 -0.044761 1.347350
v -0.308979 -0.044761 1.347350
v -0.388671 -0.050028 1.302506
v -0.391432 -0.052586 1.315874
v -0.391432 -0.052586 1.315874
v -0.394238 -0.063088 1.321451
v -0.394238 -0.063088 1.321451
v -0.345305 -0.059454 1.324632
v -0.345305 -0.059454 1.324632
v -0.345305 -0.059454 1.324632
v -0.308149 -0.057877 1.346261
v -0.308149 -0.057877 1.346261
v -0.395289 -0.069490 1.310459
v -0.396244 -0.069578 1.298371
v -0.444720 -0.069610 1.298918
v -0.446143 -0.069224 1.283739
v -0.446143 -0.069224 1.283739
v -0.446143 -0.069224 1.283739
v -0.400789 -0.069408 1.281587
v -0.400789 -0.069408 1.281587
v -0.474992 -0.069564 1.300187
v -0.475168 -0.068582 1.285056
v -0.475168 -0.068582 1.285056
v -0.475799 -0.056295 1.278631
v -0.447764 -0.057938 1.274856
v -0.447764 -0.057938 1.274856
v -0.494546 -0.055636 1.281183
v -0.494753 -0.041395 1.280897
v -0.475299 -0.041490 1.278389
v -0.511128 -0.041627 1.282761
v -0.511128 -0.041627 1.282761
v -0.512417 -0.026176 1.282866
v -0.512417 -0.026176 1.282866
v -0.494965 -0.025658 1.280826
v -0.522040 -0.041350 1.291619
v -0.522040 -0.041350 1.291619
v -0.522046 -0.025783 1.293199
v -0.522046 -0.025783 1.293199
v -0.514089 -0.004969 1.283056
v -0.514089 -0.004969 1.283056
v -0.511948 -0.039876 1.305499
v -0.510786 -0.023802 1.306747
v -0.497605 -0.021398 1.319622
v -0.497605 -0.021398 1.319622
v -0.495656 -0.005436 1.280798
v -0.475741 -0.006536 1.278269
v -0.474899 -0.025355 1.278392
v -0.450898 -0.008564 1.275163
v -0.449416 -0.026417 1.275014
v -0.448346 -0.042512 1.274848
v -0.410618 -0.028694 1.270248
v -0.407598 -0.045023 1.269846
v -0.404947 -0.060836 1.270076
v -0.404947 -0.060836 1.270076
v -0.404947 -0.060836 1.270076
v -0.354767 -0.048580 1.263705
v -0.351792 -0.064427 1.265393
v -0.351792 -0.064427 1.265393
v -0.303148 -0.052155 1.257258
v -0.301995 -0.067768 1.261278
v -0.301995 -0.067768 1.261278
v -0.249917 -0.055035 1.252398
v -0.249732 -0.068861 1.258901
v -0.249732 -0.068861 1.258901
v -0.248321 -0.066510 1.275247
v -0.197938 -0.068928 1.255704
v -0.197938 -0.068928 1.255704
v -0.198144 -0.064746 1.273495
v -0.197332 -0.063828 1.293257
v -0.153552 -0.066797 1.267788
v -0.150979 -0.066200 1.283163
v -0.144714 -0.066558 1.298419
v -0.193242 -0.063832 1.315494
v -0.135340 -0.067496 1.309576
v -0.185797 -0.067527 1.336839
v -0.177182 -0.067291 1.354250
v -0.248716 -0.068871 1.361826
v -0.171027 -0.058652 1.365331
v -0.171027 -0.058652 1.365331
v -0.249709 -0.058961 1.375592
v -0.249709 -0.058961 1.375592
v -0.249709 -0.058961 1.375592
v -0.247741 -0.044591 1.379803
v -0.247741 -0.044591 1.379803
v -0.247741 -0.044591 1.379803
v -0.111195 -0.067714 1.278063
v -0.104126 -0.064729 1.287062
v -0.084236 -0.069911 1.263067
v -0.078855 -0.065798 1.272131
v -0.071801 -0.060404 1.282219
v -0.049939 -0.071082 1.265887
v -0.047808 -0.065464 1.276177
v -0.052661 -0.078237 1.255407
v -0.088436 -0.072797 1.253287
v -0.055530 -0.085861 1.245391
v -0.115949 -0.067852 1.267938
v -0.119155 -0.068738 1.257350
v -0.119155 -0.068738 1.257350
v -0.121660 -0.064981 1.248642
v -0.121660 -0.064981 1.248642
v -0.121660 -0.064981 1.248642
v -0.154063 -0.068703 1.253184
v -0.154063 -0.068703 1.253184
v -0.153140 -0.057199 1.245546
v -0.122698 -0.057061 1.246147
v -0.122698 -0.057061 1.246147
v -0.197214 -0.056711 1.247720
v -0.196379 -0.040369 1.247768
v -0.153454 -0.042975 1.245608
v -0.249476 -0.037698 1.252372
v -0.249311 -0.019546 1.252154
v -0.196216 -0.021852 1.247707
v -0.303825 -0.035073 1.257286
v -0.304669 -0.017641 1.257591
v -0.305804 0.006157 1.257536
v -0.249662 0.004353 1.252060
v -0.356966 -0.031853 1.263999
v -0.359124 -0.014816 1.264259
v -0.361263 0.008061 1.264552
v -0.362825 0.027412 1.264733
v -0.307048 0.027218 1.257791
v -0.413538 -0.011349 1.270524
v -0.417018 0.009929 1.270912
v -0.418862 0.028325 1.271172
v -0.364058 0.043551 1.264785
v -0.452425 0.011922 1.275310
v -0.309336 0.061055 1.258124
v -0.309336 0.061055 1.258124
v -0.308203 0.044306 1.257857
v -0.252730 0.062054 1.252970
v -0.252730 0.062054 1.252970
v -0.251631 0.044980 1.252507
v -0.250544 0.026913 1.252226
v -0.199610 0.045194 1.248094
v -0.197870 0.026892 1.247805
v -0.196302 0.002792 1.247486
v -0.157279 0.027223 1.245407
v -0.157605 0.001777 1.245416
v -0.155608 -0.024459 1.245497
v -0.133310 0.001076 1.245592
v -0.133310 0.001076 1.245592
v -0.129832 -0.025077 1.245019
v -0.129832 -0.025077 1.245019
v -0.124851 -0.044048 1.245834
v -0.124851 -0.044048 1.245834
v -0.124851 -0.044048 1.245834
v -0.116224 -0.025704 1.226983
v -0.110341 -0.047927 1.225393
v -0.110341 -0.047927 1.225393
v -0.103160 -0.024716 1.212082
v -0.103160 -0.024716 1.212082
v -0.093944 -0.046019 1.212413
v -0.093944 -0.046019 1.212413
v -0.093944 -0.046019 1.212413
v -0.087262 -0.020447 1.206689
v -0.087262 -0.020447 1.206689
v -0.087262 -0.020447 1.206689
v -0.078339 -0.038546 1.209703
v -0.078339 -0.038546 1.209703
v -0.085259 -0.019625 1.184487
v -0.085259 -0.019625 1.184487
v -0.074932 -0.037332 1.186048
v -0.058802 -0.051049 1.187282
v -0.058802 -0.051049 1.187282
v -0.072065 -0.039460 1.144186
v -0.054192 -0.053408 1.145073
v -0.054192 -0.053408 1.145073
v -0.031736 -0.061118 1.146534
v -0.037377 -0.059840 1.188485
v -0.037377 -0.059840 1.188485
v -0.007607 -0.061656 1.146311
v -0.010313 -0.061790 1.191873
v -0.010313 -0.061790 1.191873
v -0.011227 -0.069165 1.213034
v -0.011227 -0.069165 1.213034
v -0.011227 -0.069165 1.213034
v 0.011891 -0.054375 1.193252
v 0.011891 -0.054375 1.193252
v 0.018250 -0.062974 1.215138
v 0.029307 -0.039465 1.194089
v 0.029307 -0.039465 1.194089
v 0.037645 -0.046435 1.214849
v 0.041009 -0.018289 1.195542
v 0.041009 -0.018289 1.195542
v 0.049545 -0.021899 1.217109
v 0.049545 -0.021899 1.217109
v 0.057990 -0.024334 1.234188
v 0.057990 -0.024334 1.234188
v 0.053813 0.008047 1.219770
v 0.060638 0.008700 1.238313
v 0.059441 0.008256 1.258562
v 0.059441 0.008256 1.258562
v 0.057696 -0.022743 1.253356
v 0.057696 -0.022743 1.253356
v 0.057696 -0.022743 1.253356
v 0.077468 0.007424 1.271184
v 0.073709 -0.022670 1.270559
v 0.073709 -0.022670 1.270559
v 0.067135 -0.047957 1.268920
v 0.067135 -0.047957 1.268920
v 0.103799 -0.022383 1.274591
v 0.101728 -0.044824 1.274336
v 0.149560 -0.021532 1.280131
v 0.150303 -0.041434 1.280394
v 0.204968 -0.037618 1.286990
v 0.104269 0.006167 1.274616
v 0.074435 0.036000 1.270572
v 0.104942 0.032495 1.274586
v 0.072370 0.056032 1.270144
v 0.072370 0.056032 1.270144
v 0.105185 0.052227 1.274774
v 0.057208 0.037458 1.257611
v 0.057208 0.037458 1.257611
v 0.057180 0.039208 1.237160
v 0.057180 0.039208 1.237160
v 0.048172 0.036664 1.218407
v 0.048172 0.036664 1.218407
v 0.044326 0.007134 1.196794
v 0.038461 0.031912 1.196649
v 0.038461 0.031912 1.196649
v 0.023034 0.052677 1.196913
v 0.039655 0.032025 1.146065
v 0.039655 0.032025 1.146065
v 0.024701 0.052187 1.145842
v 0.003570 0.065883 1.145369
v 0.003570 0.065883 1.145369
v 0.002546 0.066334 1.198180
v 0.002546 0.066334 1.198180
v -0.021294 0.071002 1.145064
v 0.007424 0.065739 1.082620
v 0.007424 0.065739 1.082620
v -0.016278 0.070430 1.082244
v -0.039234 0.068306 1.082028
v -0.043783 0.068083 1.144999
v -0.059205 0.059010 1.082076
v -0.059205 0.059010 1.082076
v -0.062387 0.059139 1.144755
v -0.062387 0.059139 1.144755
v -0.065010 0.056092 1.191659
v -0.065010 0.056092 1.191659
v -0.076888 0.043890 1.144412
v -0.077592 0.042624 1.187767
v -0.082223 0.043794 1.207074
v -0.082223 0.043794 1.207074
v -0.073369 0.058248 1.210064
v -0.073369 0.058248 1.210064
v -0.096906 0.047749 1.214818
v -0.096906 0.047749 1.214818
v -0.090210 0.063814 1.218266
v -0.090210 0.063814 1.218266
v -0.112273 0.047175 1.230249
v -0.108220 0.061482 1.234021
v -0.104792 0.069354 1.238869
v -0.104792 0.069354 1.238869
v -0.101565 0.073060 1.244590
v -0.101565 0.073060 1.244590
v -0.127247 0.058220 1.246532
v -0.127247 0.058220 1.246532
v -0.126091 0.068297 1.249232
v -0.126091 0.068297 1.249232
v -0.126091 0.068297 1.249232
v -0.124110 0.072042 1.257810
v -0.122339 0.070243 1.267735
v -0.097654 0.073345 1.254758
v -0.159425 0.071494 1.253328
v -0.159425 0.071494 1.253328
v -0.159666 0.069820 1.269188
v -0.157431 0.069689 1.283006
v -0.150261 0.070192 1.299137
v -0.119061 0.071405 1.277698
v -0.202284 0.068123 1.277812
v -0.199693 0.067503 1.300013
v -0.192665 0.068532 1.324085
v -0.250661 0.069422 1.282778
v -0.202329 0.072385 1.258999
v -0.202329 0.072385 1.258999
v -0.202329 0.072385 1.258999
v -0.252396 0.072229 1.263911
v -0.252396 0.072229 1.263911
v -0.309371 0.072159 1.268472
v -0.309371 0.072159 1.268472
v -0.309371 0.072159 1.268472
v -0.201503 0.061707 1.248380
v -0.201503 0.061707 1.248380
v -0.158504 0.060096 1.245761
v -0.157768 0.045700 1.245505
v -0.127782 0.045375 1.246207
v -0.127782 0.045375 1.246207
v -0.131493 0.026941 1.245883
v -0.131493 0.026941 1.245883
v -0.116774 0.026862 1.229073
v -0.119347 0.000921 1.228220
v -0.103115 0.026500 1.212406
v -0.103115 0.026500 1.212406
v -0.106586 0.001197 1.211119
v -0.106586 0.001197 1.211119
v -0.087598 0.023567 1.205084
v -0.087598 0.023567 1.205084
v -0.087598 0.023567 1.205084
v -0.090787 0.001412 1.204617
v -0.090787 0.001412 1.204617
v -0.086746 0.023309 1.185196
v -0.086746 0.023309 1.185196
v -0.089762 0.001519 1.184122
v -0.085692 0.023686 1.143879
v -0.085692 0.023686 1.143879
v -0.087927 0.001547 1.143676
v -0.083262 -0.020246 1.143761
v -0.083262 -0.020246 1.143761
v -0.085387 0.001047 1.082995
v -0.080089 -0.021323 1.083180
v -0.080089 -0.021323 1.083180
v -0.067066 -0.040721 1.083607
v -0.076349 -0.022126 1.015625
v -0.076349 -0.022126 1.015625
v -0.063308 -0.041875 1.015844
v -0.044439 -0.056438 1.016254
v -0.044439 -0.056438 1.016254
v -0.048468 -0.054933 1.084189
v -0.048468 -0.054933 1.084189
v -0.021941 -0.061896 1.016906
v -0.026399 -0.061844 1.084579
v 0.000898 -0.060633 1.017674
v -0.003304 -0.061379 1.084691
v 0.022048 -0.052070 1.018465
v 0.022048 -0.052070 1.018465
v 0.018435 -0.053430 1.084648
v 0.018435 -0.053430 1.084648
v 0.014262 -0.053942 1.146418
v 0.014262 -0.053942 1.146418
v 0.034748 -0.037255 1.084479
v 0.034748 -0.037255 1.084479
v 0.031642 -0.038417 1.146385
v 0.031642 -0.038417 1.146385
v 0.044581 -0.015881 1.084141
v 0.042468 -0.016788 1.146195
v 0.047182 0.008359 1.083753
v 0.045227 0.007703 1.146070
v 0.041695 0.032233 1.083401
v 0.041695 0.032233 1.083401
v 0.049146 0.008336 1.019233
v 0.043566 0.031551 1.018529
v 0.043566 0.031551 1.018529
v 0.029640 0.051208 1.017623
v 0.027659 0.052101 1.083029
v 0.009684 0.064510 1.016757
v 0.009684 0.064510 1.016757
v 0.032287 0.049853 0.951754
v 0.012181 0.063340 0.950638
v 0.012181 0.063340 0.950638
v -0.011014 0.069028 0.949681
v -0.013272 0.070240 1.016055
v -0.034184 0.066932 0.948946
v -0.036276 0.067877 1.015597
v -0.054696 0.057155 0.948431
v -0.054696 0.057155 0.948431
v -0.056592 0.058153 1.015323
v -0.056592 0.058153 1.015323
v -0.070564 0.041536 0.948119
v -0.072049 0.042294 1.015255
v -0.074552 0.043442 1.082398
v -0.081329 0.022318 1.015323
v -0.081329 0.022318 1.015323
v -0.083804 0.023465 1.082774
v -0.083804 0.023465 1.082774
v -0.082660 -0.000006 1.015474
v -0.080052 0.021338 0.948091
v -0.080052 0.021338 0.948091
v -0.081999 -0.001193 0.948216
v -0.081999 -0.001193 0.948216
v -0.074737 -0.023262 0.948529
v -0.074737 -0.023262 0.948529
v -0.077887 -0.002325 0.881125
v -0.077887 -0.002325 0.881125
v -0.071060 -0.024292 0.881507
v -0.071060 -0.024292 0.881507
v -0.057016 -0.043067 0.882145
v -0.060495 -0.042179 0.948814
v -0.036989 -0.056121 0.882941
v -0.036989 -0.056121 0.882941
v -0.040855 -0.055764 0.949294
v -0.040855 -0.055764 0.949294
v -0.013836 -0.061240 0.883788
v -0.017966 -0.061861 0.950049
v 0.009533 -0.059732 0.884712
v 0.005292 -0.060191 0.951014
v 0.030377 -0.050328 0.885548
v 0.030377 -0.050328 0.885548
v 0.026226 -0.050895 0.952050
v 0.026226 -0.050895 0.952050
v 0.045792 -0.034067 0.886115
v 0.045792 -0.034067 0.886115
v 0.042124 -0.034951 0.952881
v 0.042124 -0.034951 0.952881
v 0.038528 -0.036267 1.019132
v 0.038528 -0.036267 1.019132
v 0.050952 -0.014210 0.953329
v 0.047183 -0.015048 1.019453
v 0.052658 0.008474 0.953329
v 0.054269 -0.013382 0.886456
v 0.055645 0.009118 0.886481
v 0.049639 0.031038 0.886152
v 0.049639 0.031038 0.886152
v 0.046722 0.030994 0.952787
v 0.046722 0.030994 0.952787
v 0.035134 0.049731 0.885431
v 0.051314 0.031276 0.819229
v 0.051314 0.031276 0.819229
v 0.036529 0.049321 0.818493
v 0.016466 0.062204 0.817653
v 0.016466 0.062204 0.817653
v 0.014799 0.062728 0.884596
v 0.014799 0.062728 0.884596
v -0.006604 0.067426 0.816882
v -0.008403 0.067833 0.883637
v -0.029471 0.065379 0.816248
v -0.031634 0.066146 0.882770
v -0.049218 0.055382 0.815723
v -0.049218 0.055382 0.815723
v -0.052272 0.056865 0.881945
v -0.052272 0.056865 0.881945
v -0.064559 0.039526 0.815420
v -0.067635 0.040553 0.881345
v -0.073723 0.019159 0.815292
v -0.073723 0.019159 0.815292
v -0.076292 0.020008 0.881078
v -0.076292 0.020008 0.881078
v -0.074565 -0.003300 0.815376
v -0.072717 0.018194 0.749291
v -0.072717 0.018194 0.749291
v -0.073751 -0.004162 0.749386
v -0.066656 -0.025902 0.749502
v -0.066656 -0.025902 0.749502
v -0.067792 -0.025086 0.815620
v -0.067792 -0.025086 0.815620
v -0.052464 -0.044330 0.749608
v -0.053494 -0.043283 0.815971
v -0.031765 -0.056252 0.749813
v -0.031765 -0.056252 0.749813
v -0.033629 -0.056059 0.816370
v -0.033629 -0.056059 0.816370
v -0.007938 -0.060996 0.750214
v -0.010498 -0.060958 0.816900
v 0.015862 -0.058443 0.750885
v 0.012669 -0.058848 0.817602
v 0.036712 -0.048416 0.751618
v 0.036712 -0.048416 0.751618
v 0.033022 -0.048880 0.818393
v 0.033022 -0.048880 0.818393
v 0.052030 -0.032206 0.752166
v 0.052030 -0.032206 0.752166
v 0.048379 -0.032930 0.819074
v 0.048379 -0.032930 0.819074
v 0.060149 -0.011541 0.752477
v 0.056873 -0.012468 0.819533
v 0.060714 0.010572 0.752565
v 0.058087 0.009791 0.819611
v 0.054430 0.032168 0.752354
v 0.054430 0.032168 0.752354
v 0.063076 0.011363 0.684539
v 0.055422 0.032650 0.684451
v 0.055422 0.032650 0.684451
v 0.040114 0.050074 0.684355
v 0.039434 0.050103 0.751724
v 0.019550 0.062408 0.684181
v 0.019550 0.062408 0.684181
v 0.018718 0.062481 0.750847
v 0.018718 0.062481 0.750847
v -0.004454 0.067276 0.683928
v -0.005117 0.067678 0.750022
v -0.028088 0.064489 0.683533
v -0.028604 0.065587 0.749532
v -0.048780 0.054415 0.683198
v -0.048780 0.054415 0.683198
v -0.049307 0.055833 0.749251
v -0.049307 0.055833 0.749251
v -0.064262 0.037995 0.683016
v -0.064333 0.039051 0.749235
v -0.073010 0.017189 0.682989
v -0.073010 0.017189 0.682989
v -0.062848 0.037305 0.616149
v -0.071017 0.016251 0.615950
v -0.071017 0.016251 0.615950
v -0.071567 -0.006382 0.616132
v -0.071567 -0.006382 0.616132
v -0.073365 -0.005284 0.683062
v -0.073365 -0.005284 0.683062
v -0.063766 -0.027812 0.616650
v -0.065350 -0.026575 0.683227
v -0.065350 -0.026575 0.683227
v -0.048988 -0.045644 0.617228
v -0.050655 -0.044516 0.683483
v -0.027955 -0.057201 0.617745
v -0.027955 -0.057201 0.617745
v -0.029871 -0.056563 0.683835
v -0.029871 -0.056563 0.683835
v -0.004062 -0.061274 0.618067
v -0.005769 -0.061456 0.684290
v 0.019215 -0.058009 0.618175
v 0.018214 -0.058480 0.684681
v 0.039474 -0.048032 0.618144
v 0.039474 -0.048032 0.618144
v 0.038815 -0.048113 0.684847
v 0.038815 -0.048113 0.684847
v 0.054413 -0.031585 0.618007
v 0.054413 -0.031585 0.618007
v 0.053742 -0.031547 0.684822
v 0.053742 -0.031547 0.684822
v 0.061534 -0.010564 0.617847
v 0.061933 -0.010805 0.684720
v 0.061910 0.011618 0.617678
v 0.060372 -0.009823 0.551487
v 0.060612 0.011934 0.551417
v 0.053499 0.032758 0.551231
v 0.053499 0.032758 0.551231
v 0.054340 0.032860 0.617618
v 0.054340 0.032860 0.617618
v 0.038237 0.049474 0.550933
v 0.039469 0.050547 0.617610
v 0.018201 0.060976 0.550476
v 0.018201 0.060976 0.550476
v 0.018714 0.062240 0.617566
v 0.018714 0.062240 0.617566
v -0.004298 0.065712 0.550070
v -0.004649 0.066945 0.617397
v -0.026525 0.062652 0.549797
v -0.027831 0.064686 0.617047
v -0.045832 0.052391 0.549615
v -0.045832 0.052391 0.549615
v -0.048055 0.054278 0.616601
v -0.048055 0.054278 0.616601
v -0.059963 0.035535 0.549716
v -0.044817 0.048973 0.482657
v -0.044817 0.048973 0.482657
v -0.059376 0.032876 0.483811
v -0.059376 0.032876 0.483811
v -0.066737 0.012612 0.484627
v -0.066737 0.012612 0.484627
v -0.067621 0.014625 0.550009
v -0.067621 0.014625 0.550009
v -0.066532 -0.008673 0.484704
v -0.066532 -0.008673 0.484704
v -0.067966 -0.007739 0.550288
v -0.067966 -0.007739 0.550288
v -0.059177 -0.028974 0.484257
v -0.059177 -0.028974 0.484257
v -0.060827 -0.028886 0.550512
v -0.044225 -0.045827 0.483665
v -0.045838 -0.046024 0.550766
v -0.023729 -0.055833 0.483136
v -0.023729 -0.055833 0.483136
v -0.025501 -0.056785 0.551058
v -0.025501 -0.056785 0.551058
v -0.001096 -0.059142 0.483148
v -0.002519 -0.060739 0.551180
v 0.021369 -0.055204 0.483526
v 0.020016 -0.057244 0.551223
v 0.039972 -0.044780 0.484256
v 0.039972 -0.044780 0.484256
v 0.039459 -0.046839 0.551311
v 0.039459 -0.046839 0.551311
v 0.053374 -0.028555 0.484927
v 0.053374 -0.028555 0.484927
v 0.053087 -0.030038 0.551415
v 0.053087 -0.030038 0.551415
v 0.059212 -0.008500 0.485431
v 0.062022 -0.028895 0.420039
v 0.062022 -0.028895 0.420039
v 0.069163 -0.007050 0.421749
v 0.068655 0.014469 0.421749
v 0.059408 0.012258 0.485447
v 0.059311 0.035771 0.420783
v 0.059311 0.035771 0.420783
v 0.052026 0.032259 0.485005
v 0.052026 0.032259 0.485005
v 0.043747 0.051482 0.418949
v 0.043747 0.051482 0.418949
v 0.037676 0.047509 0.484305
v 0.037676 0.047509 0.484305
v 0.021843 0.061368 0.416665
v 0.018219 0.058106 0.483230
v 0.018219 0.058106 0.483230
v -0.002437 0.065332 0.415460
v -0.003750 0.062113 0.482323
v -0.027194 0.062094 0.416203
v -0.025606 0.058880 0.482149
v -0.048141 0.051120 0.417006
v -0.048141 0.051120 0.417006
v -0.063808 0.034152 0.417808
v -0.063808 0.034152 0.417808
v -0.063808 0.034152 0.417808
v -0.076286 0.014387 0.354313
v -0.076286 0.014387 0.354313
v -0.071934 0.012938 0.418180
v -0.076087 -0.010234 0.354361
v -0.076087 -0.010234 0.354361
v -0.076087 -0.010234 0.354361
v -0.071807 -0.010178 0.418240
v -0.067029 -0.033562 0.352712
v -0.067029 -0.033562 0.352712
v -0.063078 -0.031800 0.417787
v -0.063078 -0.031800 0.417787
v -0.049327 -0.050456 0.350945
v -0.049327 -0.050456 0.350945
v -0.046876 -0.049292 0.416998
v -0.046876 -0.049292 0.416998
v -0.023417 -0.060091 0.350406
v -0.023417 -0.060091 0.350406
v -0.023931 -0.060675 0.415525
v -0.023931 -0.060675 0.415525
v 0.005157 -0.060862 0.351716
v 0.001625 -0.063343 0.415646
v 0.026757 -0.058376 0.416556
v 0.026757 -0.058376 0.416556
v 0.047166 -0.046198 0.418300
v 0.047166 -0.046198 0.418300
v 0.067276 -0.025722 0.358029
v 0.067276 -0.025722 0.358029
v 0.058710 -0.013850 0.314868
v 0.058710 -0.013850 0.314868
v 0.061207 -0.001221 0.316965
v 0.074415 -0.005617 0.359341
v 0.060526 0.011823 0.316549
v 0.073523 0.015885 0.359550
v 0.056240 0.023752 0.313694
v 0.056240 0.023752 0.313694
v 0.056240 0.023752 0.313694
v 0.063682 0.035499 0.358558
v 0.063682 0.035499 0.358558
v 0.074846 0.012630 0.298996
v 0.074846 0.012630 0.298996
v 0.070676 0.024717 0.294916
v 0.070676 0.024717 0.294916
v 0.070676 0.024717 0.294916
v 0.096761 0.014269 0.288575
v 0.091886 0.027766 0.282583
v 0.084737 0.039862 0.275759
v 0.084737 0.039862 0.275759
v 0.121189 0.030035 0.268893
v 0.115906 0.044735 0.261925
v 0.115906 0.044735 0.261925
v 0.107084 0.048299 0.249243
v 0.149337 0.046332 0.243755
v 0.149337 0.046332 0.243755
v 0.149337 0.046332 0.243755
v 0.136426 0.047782 0.232576
v 0.136426 0.047782 0.232576
v 0.123245 0.038112 0.224343
v 0.123245 0.038112 0.224343
v 0.099858 0.038077 0.237903
v 0.099858 0.038077 0.237903
v 0.118917 0.021257 0.224204
v 0.118917 0.021257 0.224204
v 0.098543 0.021135 0.234662
v 0.098543 0.021135 0.234662
v 0.118639 0.002967 0.223900
v 0.118639 0.002967 0.223900
v 0.098705 0.003023 0.234066
v 0.078043 0.003212 0.243746
v 0.078043 0.003212 0.243746
v 0.098674 -0.014914 0.234843
v 0.074053 0.003220 0.232430
v 0.082413 -0.015299 0.213180
v 0.083165 0.003365 0.212787
v 0.082741 0.022397 0.213061
v 0.093059 0.003842 0.192822
v 0.075529 0.039988 0.211467
v 0.075529 0.039988 0.211467
v 0.064497 0.053820 0.182774
v 0.064497 0.053820 0.182774
v 0.055968 0.050401 0.206446
v 0.037078 0.068080 0.179702
v 0.037078 0.068080 0.179702
v 0.033184 0.061507 0.205160
v 0.028897 0.053284 0.235277
v 0.012469 0.070190 0.207164
v 0.009969 0.060860 0.238031
v -0.007590 0.068680 0.207078
v -0.009609 0.058269 0.237358
v -0.027640 0.059738 0.206199
v -0.027632 0.051011 0.235421
v -0.048646 0.049062 0.208808
v -0.030207 0.066442 0.181590
v -0.054110 0.053886 0.184860
v -0.075048 0.040790 0.190942
v -0.075048 0.040790 0.190942
v -0.067628 0.037719 0.213504
v -0.067628 0.037719 0.213504
v -0.080865 0.020841 0.192878
v -0.071935 0.020292 0.213565
v -0.081464 0.002796 0.192387
v -0.072349 0.002552 0.213220
v -0.064681 0.002519 0.231033
v -0.064681 0.002519 0.231033
v -0.081022 0.002835 0.229213
v -0.098543 -0.014952 0.219874
v -0.098543 -0.014952 0.219874
v -0.098164 0.002958 0.219508
v -0.098943 0.021026 0.219397
v -0.098943 0.021026 0.219397
v -0.111092 0.002849 0.208793
v -0.111092 0.002849 0.208793
v -0.110966 0.020951 0.208726
v -0.110966 0.020951 0.208726
v -0.110966 0.020951 0.208726
v -0.107412 0.002913 0.193568
v -0.107303 0.020284 0.193657
v -0.109653 0.035331 0.193238
v -0.109653 0.035331 0.193238
v -0.125758 0.039049 0.188425
v -0.123886 0.028843 0.161247
v -0.123886 0.028843 0.161247
v -0.139932 0.031126 0.183926
v -0.139932 0.031126 0.183926
v -0.137347 0.016508 0.153169
v -0.137347 0.016508 0.153169
v -0.154097 0.018119 0.179377
v -0.161883 0.020610 0.206618
v -0.161883 0.020610 0.206618
v -0.161883 0.020610 0.206618
v -0.160311 -0.001146 0.177132
v -0.160311 -0.001146 0.177132
v -0.169272 -0.000451 0.207015
v -0.169272 -0.000451 0.207015
v -0.169272 -0.000451 0.207015
v -0.162840 0.001836 0.229478
v -0.147370 0.003393 0.247291
v -0.126510 0.005305 0.258080
v -0.106569 -0.009889 0.265911
v -0.107305 0.007614 0.267741
v -0.104531 0.024981 0.263751
v -0.104531 0.024981 0.263751
v -0.099353 0.041724 0.258225
v -0.099353 0.041724 0.258225
v -0.099353 0.041724 0.258225
v -0.088329 0.009360 0.277058
v -0.084119 0.025657 0.274032
v -0.084119 0.025657 0.274032
v -0.075906 0.039638 0.267401
v -0.075906 0.039638 0.267401
v -0.070113 0.009746 0.286382
v -0.087551 -0.007200 0.276340
v -0.069823 -0.004844 0.285680
v -0.059126 -0.004579 0.305579
v -0.059126 -0.004579 0.305579
v -0.059126 -0.004579 0.305579
v -0.059262 0.009960 0.305910
v -0.059262 0.009960 0.305910
v -0.082312 -0.022150 0.271688
v -0.082312 -0.022150 0.271688
v -0.082312 -0.022150 0.271688
v -0.102509 -0.025073 0.260327
v -0.102509 -0.025073 0.260327
v -0.096742 -0.038210 0.254059
v -0.096742 -0.038210 0.254059
v -0.096742 -0.038210 0.254059
v -0.074906 -0.033014 0.265476
v -0.074906 -0.033014 0.265476
v -0.141730 -0.001203 0.150157
v -0.141730 -0.001203 0.150157
v -0.128223 -0.014561 0.158667
v -0.117966 -0.002293 0.126241
v -0.117966 -0.002293 0.126241
v -0.105429 -0.014832 0.137401
v -0.114850 0.016381 0.129226
v -0.114850 0.016381 0.129226
v -0.102219 0.028905 0.140669
v -0.095969 0.003261 0.178417
v -0.095969 0.003261 0.178417
v -0.084449 0.003248 0.173946
v -0.084449 0.003248 0.173946
v -0.107522 -0.014483 0.193753
v -0.110994 -0.015044 0.208668
v -0.110994 -0.015044 0.208668
v -0.110994 -0.015044 0.208668
v -0.057410 0.050512 0.162636
v -0.030983 0.063360 0.157920
v -0.009047 0.075087 0.155061
v -0.008446 0.077242 0.180816
v 0.013840 0.078767 0.180105
v 0.013840 0.078767 0.180105
v 0.015127 0.078492 0.154007
v 0.015127 0.078492 0.154007
v 0.038550 0.066718 0.157279
v 0.067647 0.052631 0.160790
v 0.098945 0.004281 0.174908
v 0.098945 0.004281 0.174908
v 0.117254 0.003884 0.178369
v 0.117254 0.003884 0.178369
v 0.130654 -0.013515 0.192850
v 0.131066 0.003316 0.192695
v 0.130854 0.019774 0.192696
v 0.132738 0.032571 0.192506
v 0.132738 0.032571 0.192506
v 0.131575 0.002974 0.210389
v 0.131575 0.002974 0.210389
v 0.130809 0.020857 0.210063
v 0.130809 0.020857 0.210063
v 0.132823 0.035070 0.209939
v 0.132823 0.035070 0.209939
v 0.132823 0.035070 0.209939
v 0.146624 0.040276 0.212581
v 0.146624 0.040276 0.212581
v 0.143861 0.038090 0.189248
v 0.143861 0.038090 0.189248
v 0.157365 0.032932 0.186022
v 0.157365 0.032932 0.186022
v 0.138915 0.030096 0.160686
v 0.159831 0.036006 0.215925
v 0.159831 0.036006 0.215925
v 0.170817 0.026594 0.219874
v 0.170817 0.026594 0.219874
v 0.169180 0.024356 0.184269
v 0.157833 0.032251 0.252806
v 0.157833 0.032251 0.252806
v 0.157833 0.032251 0.252806
v 0.163609 0.015799 0.259475
v 0.163609 0.015799 0.259475
v 0.182977 0.013702 0.222742
v 0.182977 0.013702 0.222742
v 0.125371 0.014781 0.275548
v 0.125649 -0.001399 0.275965
v 0.163857 -0.002948 0.260072
v 0.163857 -0.002948 0.260072
v 0.097444 -0.000745 0.288877
v 0.094387 -0.015028 0.284129
v 0.122338 -0.017083 0.270506
v 0.075437 -0.000395 0.299418
v 0.075437 -0.000395 0.299418
v 0.072891 -0.012661 0.296252
v 0.072891 -0.012661 0.296252
v 0.088400 -0.027916 0.278086
v 0.088400 -0.027916 0.278086
v 0.081429 -0.034486 0.267198
v 0.081429 -0.034486 0.267198
v 0.109201 -0.039735 0.252737
v 0.109201 -0.039735 0.252737
v 0.117223 -0.032640 0.263609
v 0.117223 -0.032640 0.263609
v 0.138030 -0.039529 0.234575
v 0.150937 -0.034888 0.247449
v 0.150937 -0.034888 0.247449
v 0.150937 -0.034888 0.247449
v 0.158086 -0.020380 0.254637
v 0.158086 -0.020380 0.254637
v 0.158086 -0.020380 0.254637
v 0.161696 -0.026091 0.216131
v 0.161696 -0.026091 0.216131
v 0.173267 -0.015440 0.220203
v 0.173267 -0.015440 0.220203
v 0.183622 -0.002024 0.223027
v 0.183622 -0.002024 0.223027
v 0.170489 -0.013503 0.183127
v 0.181238 -0.002765 0.180855
v 0.181238 -0.002765 0.180855
v 0.181058 0.013942 0.181651
v 0.181058 0.013942 0.181651
v 0.158645 -0.001284 0.145793
v 0.158645 -0.001284 0.145793
v 0.158645 -0.001284 0.145793
v 0.158330 0.012713 0.146180
v 0.158330 0.012713 0.146180
v 0.158330 0.012713 0.146180
v 0.149859 0.021160 0.152710
v 0.127600 0.012708 0.119979
v 0.127600 0.012708 0.119979
v 0.119184 0.021697 0.129953
v 0.111305 0.030262 0.139989
v 0.094607 0.013682 0.095894
v 0.094607 0.013682 0.095894
v 0.095099 -0.002607 0.095538
v 0.095099 -0.002607 0.095538
v 0.062255 -0.002711 0.071520
v 0.062255 -0.002711 0.071520
v 0.062255 -0.002711 0.071520
v 0.062085 0.014068 0.072386
v 0.062085 0.014068 0.072386
v 0.062085 0.014068 0.072386
v 0.128240 -0.001030 0.119651
v 0.128240 -0.001030 0.119651
v 0.120418 -0.010557 0.129337
v 0.149282 -0.011084 0.152862
v 0.139121 -0.020188 0.160160
v 0.112313 -0.019789 0.139153
v 0.158668 -0.022894 0.185493
v 0.146064 -0.029784 0.188367
v 0.146064 -0.029784 0.188367
v 0.149519 -0.031587 0.213036
v 0.149519 -0.031587 0.213036
v 0.134419 -0.029528 0.210283
v 0.134419 -0.029528 0.210283
v 0.134419 -0.029528 0.210283
v 0.133620 -0.026275 0.192184
v 0.133620 -0.026275 0.192184
v 0.123792 -0.032391 0.225675
v 0.123792 -0.032391 0.225675
v 0.123792 -0.032391 0.225675
v 0.118887 -0.015450 0.224402
v 0.118887 -0.015450 0.224402
v 0.130617 -0.015082 0.210062
v 0.130617 -0.015082 0.210062
v 0.100899 -0.032518 0.239623
v 0.100899 -0.032518 0.239623
v 0.100899 -0.032518 0.239623
v 0.035460 -0.001320 0.035642
v 0.035460 -0.001320 0.035642
v 0.016962 0.003005 -0.001898
v 0.016962 0.003005 -0.001898
v 0.016962 0.003005 -0.001898
v 0.004594 0.006379 -0.009442
v -0.005048 0.009009 -0.009993
v -0.005048 0.009009 -0.009993
v -0.016728 0.011889 0.000397
v -0.030772 0.015441 0.039477
v 0.075120 -0.031820 0.211748
v 0.075120 -0.031820 0.211748
v 0.056034 -0.041585 0.207389
v 0.063520 -0.045938 0.179968
v 0.063520 -0.045938 0.179968
v 0.037056 -0.059401 0.176868
v 0.037056 -0.059401 0.176868
v 0.037154 -0.054560 0.148427
v 0.066414 -0.041046 0.153980
v 0.066414 -0.041046 0.153980
v 0.034024 -0.051967 0.206294
v 0.013389 -0.060638 0.208736
v 0.013891 -0.070173 0.177534
v 0.013891 -0.070173 0.177534
v 0.031725 -0.043914 0.236599
v 0.012131 -0.051895 0.238763
v -0.008440 -0.050568 0.238336
v -0.007604 -0.059574 0.208968
v 0.010620 -0.046079 0.268997
v 0.009005 -0.044408 0.301794
v -0.027597 -0.050932 0.207506
v -0.031656 -0.057718 0.179364
v -0.031656 -0.057718 0.179364
v -0.009884 -0.068569 0.178409
v -0.009884 -0.068569 0.178409
v -0.028008 -0.042916 0.236656
v -0.033765 -0.050618 0.150643
v -0.011211 -0.062131 0.146921
v -0.011211 -0.062131 0.146921
v 0.013142 -0.066167 0.145427
v 0.013142 -0.066167 0.145427
v -0.058811 -0.039146 0.156026
v -0.058811 -0.039146 0.156026
v -0.054084 -0.046413 0.182810
v -0.054084 -0.046413 0.182810
v -0.093961 0.072783 1.263232
v -0.071635 0.081159 1.252345
v -0.034824 0.081378 1.256749
v -0.180923 -0.030909 1.331534
v -0.180923 -0.030909 1.331534
v -0.180923 -0.030909 1.331534
v -0.140681 -0.028922 1.316201
v -0.140681 -0.028922 1.316201
v -0.306443 0.062736 1.348602
v -0.306443 0.062736 1.348602
v 0.184907 -0.025492 1.377549
v 0.005454 0.004049 5.008125
v 0.005454 0.004049 5.008125
vn 0.6551 -0.6129 0.4419
vn 0.6342 -0.4849 0.6022
vn 0.4730 -0.4732 0.7432
vn 0.3398 -0.5976 0.7262
vn 0.1096 -0.9847 0.1353
vn 0.0957 -0.9817 0.1645
vn 0.0831 -0.2441 -0.9662
vn 0.1137 -0.1931 -0.9746
vn 0.7269 -0.3939 -0.5625
vn 0.7152 -0.5513 -0.4296
vn 0.0210 -0.8786 -0.4770
vn 0.1585 -0.9453 -0.2850
vn -0.0672 -0.9956 -0.0655
vn -0.0515 -0.9973 -0.0532
vn -0.0882 -0.9749 -0.2042
vn -0.1221 -0.9912 -0.0509
vn -0.0304 -0.9995 -0.0016
vn -0.0526 -0.9936 -0.0995
vn -0.0361 -0.9964 0.0773
vn -0.0309 -0.9973 0.0665
vn 0.1526 -0.9778 0.1437
vn 0.0882 -0.9901 0.1094
vn -0.0054 -1.0000 0.0017
vn -0.0029 -1.0000 0.0024
vn -0.0046 -1.0000 -0.0026
vn -0.0020 -0.9999 -0.0108
vn -0.0087 -0.9999 -0.0130
vn 0.5375 -0.6477 0.5400
vn 0.4940 -0.6784 0.5438
vn -0.3606 0.0357 0.9321
vn -0.3255 0.0804 0.9421
vn 0.4930 -0.4950 0.7155
vn -0.3274 0.0745 0.9419
vn 0.3151 -0.7590 0.5698
vn 0.3079 -0.8924 0.3298
vn -0.0335 -0.9977 0.0593
vn 0.0571 -0.9954 -0.0774
vn 0.2734 -0.9358 0.2225
vn -0.0252 -0.9997 0.0039
vn -0.0034 -0.9988 -0.0497
vn -0.0496 -0.9952 -0.0844
vn 0.1964 -0.9522 -0.2340
vn 0.1278 -0.9918 0.0031
vn 0.2146 0.5300 0.8204
vn 0.2686 -0.0383 0.9625
vn -0.3922 -0.5986 0.6985
vn -0.4641 -0.4596 0.7572
vn -0.2205 0.9065 0.3602
vn -0.2243 0.9047 0.3623
vn 0.0470 -0.9988 0.0138
vn 0.0441 -0.9988 -0.0230
vn 0.1042 -0.9942 -0.0262
vn 0.2698 -0.9629 -0.0073
vn -0.0428 0.9761 0.2131
vn 0.1028 0.9855 0.1349
vn 0.1013 0.9852 0.1384
vn 0.0827 0.9963 0.0226
vn -0.2519 0.7080 0.6598
vn -0.1621 0.8445 0.5105
vn 0.5112 -0.2392 0.8255
vn 0.3797 0.3234 0.8667
vn 0.0564 0.9912 0.1200
vn 0.0587 0.9954 0.0758
vn 0.7284 -0.5898 -0.3486
vn 0.4506 -0.8048 -0.3864
vn -0.1895 0.9392 0.2865
vn -0.1545 0.9479 0.2786
vn 0.4283 -0.8730 -0.2333
vn 0.5027 -0.8407 -0.2012
vn 0.5007 -0.8437 -0.1935
vn 0.3986 -0.9019 -0.1662
vn 0.4468 -0.8875 -0.1127
vn 0.4917 -0.8247 -0.2795
vn -0.8150 -0.5789 -0.0251
vn -0.3287 0.1583 0.9311
vn -0.0608 -0.9250 0.3752
vn -0.5360 -0.8279 -0.1653
vn -0.5273 -0.7317 0.4320
vn 0.6607 0.4839 0.5739
vn 0.4466 -0.7821 0.4346
vn 0.3333 -0.8553 0.3968
vn 0.1962 0.8752 0.4423
vn 0.5018 0.8036 0.3200
vn -0.3674 -0.8760 -0.3124
vn -0.1275 -0.9907 -0.0475
vn -0.0528 0.3732 0.9263
vn 0.0576 0.1381 0.9887
vn -0.1863 -0.9581 0.2177
vn -0.2145 -0.9552 0.2039
vn -0.6870 -0.6985 0.2004
vn -0.3302 -0.8890 0.3172
vn -0.2313 -0.9659 -0.1163
vn -0.7109 -0.6972 -0.0925
vn -0.1659 -0.9596 -0.2274
vn -0.1113 -0.9908 -0.0775
vn -0.0396 -0.9991 -0.0151
vn -0.0756 -0.9956 -0.0559
vn -0.1151 -0.9917 -0.0571
vn -0.0701 -0.9962 -0.0519
vn -0.0869 -0.9945 -0.0577
vn -0.1622 -0.9768 -0.1399
vn -0.0083 -1.0000 -0.0008
vn -0.0796 -0.9968 -0.0116
vn -0.5174 -0.7850 -0.3408
vn -0.2006 -0.9674 0.1545
vn -0.2550 -0.9651 0.0592
vn 0.0139 -0.9899 0.1408
vn -0.2026 -0.9711 0.1259
vn -0.1076 -0.9942 0.0045
vn 0.1092 0.9718 0.2088
vn 0.1330 0.9653 0.2248
vn 0.1315 0.9675 0.2161
vn 0.1896 0.9434 0.2721
vn 0.0765 0.9630 0.2585
vn 0.0520 0.9929 0.1073
vn 0.0211 -0.9976 -0.0655
vn -0.0058 -0.9965 -0.0830
vn 0.0037 -0.9982 -0.0605
vn 0.0073 -0.9992 -0.0386
vn -0.0057 -0.9966 -0.0824
vn -0.0115 -0.9980 -0.0618
vn 0.0092 -0.9993 -0.0371
vn 0.0094 -0.9993 -0.0372
vn -0.0313 -0.9952 -0.0923
vn -0.1031 -0.9805 0.1675
vn -0.0335 -0.9977 0.0584
vn -0.0210 -0.9986 0.0476
vn 0.2492 -0.9491 0.1929
vn 0.2488 -0.9476 0.2003
vn 0.6859 -0.6828 -0.2517
vn 0.7536 -0.6431 -0.1364
vn 0.3861 -0.7527 -0.5332
vn 0.2010 -0.9680 -0.1505
vn 0.4562 -0.8626 0.2185
vn 0.4758 -0.8208 0.3160
vn 0.6842 -0.6777 -0.2694
vn 0.5041 -0.8303 -0.2376
vn 0.3252 -0.9456 0.0094
vn 0.2710 -0.9625 -0.0136
vn 0.4727 -0.8149 -0.3354
vn 0.4498 -0.8345 -0.3184
vn 0.4093 -0.8513 -0.3283
vn 0.4098 -0.8513 -0.3278
vn 0.4752 -0.8127 -0.3373
vn 0.5419 -0.7706 -0.3355
vn 0.4099 -0.8522 -0.3251
vn 0.3970 -0.8616 -0.3164
vn 0.4794 -0.7734 -0.4148
vn 0.4708 -0.8176 -0.3316
vn -0.1181 -0.9924 -0.0330
vn -0.1213 -0.9485 0.2927
vn 0.9438 -0.2532 0.2127
vn 0.8780 -0.4003 0.2625
vn -0.3749 -0.1986 0.9055
vn -0.2843 -0.3377 0.8973
vn -0.2873 -0.9558 0.0622
vn -0.3210 -0.9444 0.0713
vn -0.3470 -0.9357 0.0638
vn -0.3999 -0.9165 0.0006
vn -0.5863 -0.7299 0.3514
vn -0.5897 -0.7173 0.3711
vn 0.3677 -0.1820 -0.9120
vn 0.1580 -0.5132 -0.8436
vn 0.4196 -0.8203 -0.3885
vn 0.3940 -0.7938 -0.4633
vn -0.3474 -0.8783 0.3284
vn -0.5302 -0.8217 0.2088
vn -0.5580 -0.8278 0.0575
vn 0.2665 -0.8425 -0.4682
vn -0.9214 0.0973 0.3764
vn -0.9279 -0.2772 0.2491
vn 0.9040 -0.3017 0.3029
vn 0.5392 -0.8043 -0.2497
vn 0.4802 -0.8680 0.1263
vn 0.7727 -0.5323 0.3458
vn 0.1628 -0.4373 -0.8844
vn -0.0725 -0.7618 -0.6438
vn 0.5388 -0.5751 -0.6156
vn 0.1839 -0.7886 -0.5868
vn 0.3934 -0.8558 -0.3359
vn 0.3044 -0.8796 -0.3655
vn 0.5675 -0.7176 -0.4037
vn 0.4716 -0.8114 -0.3453
vn -0.8331 -0.4736 -0.2856
vn -0.9047 -0.2088 -0.3713
vn -0.5997 -0.7553 -0.2645
vn -0.5213 -0.7982 -0.3018
vn -0.6725 -0.4247 -0.6061
vn -0.7392 -0.3058 -0.6000
vn 0.1525 -0.9751 -0.1612
vn 0.1664 -0.9785 0.1221
vn 0.3374 -0.5913 0.7325
vn 0.6240 -0.2705 0.7331
vn -0.9356 -0.3035 0.1805
vn -0.9810 -0.1376 0.1366
vn -0.4362 -0.4205 0.7956
vn -0.4348 -0.4218 0.7956
vn -0.6471 -0.5093 0.5673
vn -0.6457 -0.5176 0.5613
vn -0.5127 -0.6257 0.5879
vn -0.4208 -0.5406 0.7285
vn -0.4434 -0.7930 -0.4178
vn -0.8087 -0.4762 -0.3454
vn -0.5191 -0.7961 -0.3111
vn -0.4829 -0.8264 -0.2894
vn -0.4191 -0.8231 -0.3831
vn -0.4172 -0.7931 -0.4437
vn -0.4454 -0.8322 -0.3302
vn -0.3692 -0.8818 -0.2933
vn -0.4816 -0.8229 -0.3016
vn -0.4631 -0.8251 -0.3237
vn -0.6864 -0.7070 -0.1703
vn -0.5810 -0.8105 0.0746
vn 0.0924 -0.9590 -0.2679
vn 0.1739 -0.8179 -0.5485
vn -0.2944 -0.9548 -0.0412
vn -0.3437 -0.9389 -0.0162
vn 0.0503 -0.9945 -0.0924
vn 0.1581 -0.9870 0.0282
vn -0.5277 -0.8155 -0.2377
vn -0.6167 -0.7677 -0.1740
vn 0.0546 -0.9937 -0.0975
vn 0.0442 -0.9987 -0.0246
vn 0.0353 -0.9993 -0.0075
vn 0.0896 -0.9941 0.0613
vn 0.0364 -0.9993 -0.0103
vn -0.0584 -0.9956 0.0739
vn 0.0536 0.7630 0.6442
vn 0.1251 0.8243 0.5522
vn 0.1093 0.0830 0.9905
vn 0.0903 0.1403 0.9860
vn 0.2974 0.0791 0.9515
vn 0.3762 0.2792 0.8835
vn 0.0355 0.1514 0.9878
vn 0.0102 0.1224 0.9924
vn -0.5588 -0.1799 0.8096
vn -0.5066 -0.2359 0.8293
vn -0.1435 -0.8994 0.4129
vn -0.1936 -0.8088 0.5553
vn 0.0769 -0.9890 -0.1267
vn 0.0470 -0.9925 -0.1130
vn 0.0621 -0.9962 -0.0611
vn 0.0370 -0.9992 -0.0163
vn 0.0040 -1.0000 -0.0082
vn 0.0044 -0.9999 -0.0154
vn -0.4414 -0.7831 -0.4382
vn -0.2702 -0.9365 -0.2235
vn -0.3999 -0.6836 -0.6105
vn -0.3998 -0.6825 -0.6119
vn -0.0347 -0.3239 -0.9454
vn -0.1931 -0.3184 -0.9281
vn 0.1435 -0.9823 -0.1202
vn 0.0444 -0.9987 -0.0244
vn 0.0708 -0.9913 -0.1112
vn 0.1172 -0.9930 -0.0139
vn -0.9830 -0.1458 0.1120
vn -0.9885 -0.1233 0.0875
vn -0.9094 -0.2037 0.3627
vn -0.7826 -0.3918 0.4838
vn -0.1953 -0.9618 -0.1918
vn -0.3830 -0.9125 0.1437
vn -0.5055 -0.1688 -0.8461
vn -0.3089 -0.3248 -0.8939
vn -0.0618 -0.9715 -0.2290
vn 0.0192 -0.9913 -0.1300
vn -0.0622 -0.9787 0.1958
vn -0.2618 -0.9235 0.2804
vn 0.1319 0.6718 0.7289
vn 0.0667 0.9742 0.2157
vn 0.7965 0.4924 0.3508
vn 0.8013 0.4898 0.3437
vn 0.0475 -0.2597 0.9645
vn -0.2078 -0.6119 0.7632
vn -0.0582 -0.3909 0.9186
vn -0.1760 -0.2249 0.9584
vn -0.0249 -0.0080 0.9997
vn -0.0841 -0.1199 0.9892
vn 0.1039 -0.8695 0.4829
vn 0.4870 -0.7187 0.4963
vn 0.3648 -0.9293 0.0578
vn 0.5077 -0.8567 0.0911
vn -0.2125 -0.9718 0.1019
vn 0.1798 -0.9823 0.0523
vn -0.6605 -0.7247 0.1964
vn -0.5957 -0.7853 0.1686
vn -0.6877 -0.4506 0.5692
vn -0.5440 -0.6311 0.5530
vn -0.3703 -0.9183 0.1399
vn -0.2264 -0.9636 0.1420
vn 0.9696 0.1222 0.2118
vn 0.8879 0.4236 0.1792
vn 0.8185 0.1048 0.5648
vn 0.4297 0.5642 0.7051
vn 0.7926 0.5792 0.1907
vn 0.4322 0.8591 0.2742
vn -0.1125 0.9815 0.1549
vn -0.4705 0.8630 0.1839
vn 0.0195 0.9978 -0.0641
vn 0.0648 0.9900 -0.1254
vn 0.0647 0.9900 -0.1251
vn 0.0833 0.9930 -0.0842
vn -0.0391 0.9918 0.1213
vn -0.0194 0.9957 -0.0911
vn 0.0268 0.9881 -0.1517
vn -0.2595 0.8408 -0.4751
vn -0.1874 0.5991 -0.7784
vn -0.1894 0.6757 -0.7124
vn -0.1834 0.8167 -0.5472
vn -0.3575 0.7987 -0.4841
vn -0.0076 0.9999 -0.0094
vn -0.0082 0.9999 -0.0112
vn -0.0097 0.9999 0.0070
vn -0.0106 0.9999 0.0005
vn -0.0374 0.9993 -0.0079
vn -0.0389 0.9982 -0.0464
vn 0.0067 0.9999 0.0133
vn 0.0189 0.9997 -0.0142
vn -0.0058 1.0000 0.0024
vn -0.0070 0.9998 0.0175
vn 0.0134 0.9992 -0.0371
vn 0.0196 0.9990 -0.0396
vn 0.1049 -0.6358 0.7647
vn -0.0861 -0.4054 0.9101
vn -0.0468 0.9825 0.1802
vn -0.1613 0.8508 0.5002
vn -0.6256 0.3527 0.6959
vn -0.7518 0.2227 0.6207
vn 0.1570 -0.4470 0.8807
vn 0.3940 -0.6037 0.6930
vn 0.6007 0.0685 0.7966
vn 0.6680 -0.0156 0.7440
vn 0.1814 0.0250 0.9831
vn 0.1506 -0.0169 0.9884
vn 0.6802 -0.6189 0.3927
vn 0.5373 -0.5901 0.6026
vn -0.1040 -0.1398 0.9847
vn -0.4176 0.5984 0.6838
vn -0.1853 0.0657 0.9805
vn -0.1211 0.1910 0.9741
vn -0.9765 0.2153 -0.0092
vn -0.9597 0.2781 0.0404
vn -0.2414 0.0522 -0.9690
vn -0.1364 0.1543 -0.9786
vn -0.4262 0.8857 -0.1838
vn -0.1275 0.7337 -0.6674
vn -0.0009 0.9999 0.0132
vn 0.0043 1.0000 0.0062
vn 0.0114 0.9936 -0.1125
vn -0.0071 1.0000 0.0061
vn -0.0065 0.9870 -0.1607
vn 0.0221 0.9928 -0.1178
vn -0.0033 0.9985 0.0540
vn 0.0261 0.9757 0.2175
vn 0.0347 0.9955 -0.0886
vn -0.0002 1.0000 0.0038
vn -0.3712 0.9265 0.0609
vn -0.3269 0.9390 0.1066
vn -0.2970 0.9478 0.1158
vn -0.2056 0.9743 0.0924
vn -0.7316 0.5856 -0.3492
vn -0.6826 0.6547 -0.3247
vn -0.3126 0.8936 -0.3222
vn -0.3455 0.8854 -0.3108
vn -0.5353 0.7296 0.4256
vn -0.5326 0.7512 0.3899
vn 0.2261 0.9140 -0.3370
vn 0.2476 0.9125 -0.3255
vn -0.3598 0.8150 0.4542
vn -0.4799 0.8100 0.3370
vn -0.4221 0.9017 -0.0939
vn -0.3932 0.9096 -0.1340
vn 0.2702 0.9598 0.0760
vn 0.1844 0.9720 0.1459
vn 0.2387 0.9708 0.0238
vn 0.3299 0.9415 0.0690
vn 0.4143 0.8852 -0.2116
vn 0.5892 0.7694 -0.2467
vn 0.3290 0.8916 0.3112
vn 0.2693 0.9611 0.0611
vn 0.1929 0.9504 -0.2441
vn 0.1845 0.9508 -0.2490
vn -0.4720 0.8354 -0.2818
vn -0.5049 0.8101 -0.2979
vn -0.4641 0.8319 -0.3042
vn -0.4702 0.8309 -0.2974
vn -0.3975 0.8092 -0.4326
vn -0.4026 0.8427 -0.3575
vn -0.3422 0.9082 -0.2408
vn -0.4694 0.8297 -0.3021
vn 0.4624 0.8210 -0.3347
vn 0.4640 0.8197 -0.3358
vn 0.4155 0.8417 -0.3449
vn 0.4141 0.8418 -0.3462
vn 0.5041 0.8033 -0.3172
vn 0.4702 0.8237 -0.3169
vn 0.4059 0.8636 -0.2991
vn 0.4203 0.8535 -0.3079
vn 0.4489 0.8392 -0.3070
vn 0.4547 0.8084 -0.3739
vn -0.2621 0.9187 -0.2955
vn -0.2353 0.9216 -0.3087
vn -0.4117 0.7916 -0.4515
vn -0.2434 0.8644 -0.4400
vn -0.5168 0.8087 -0.2809
vn -0.5077 0.8158 -0.2769
vn -0.4307 0.4476 0.7837
vn -0.4817 0.3889 0.7853
vn -0.6283 0.5639 0.5359
vn -0.6331 0.5094 0.5828
vn 0.6932 0.1314 0.7087
vn 0.1672 0.5932 0.7875
vn 0.2578 0.9363 0.2386
vn 0.5594 0.7501 0.3528
vn -0.3074 0.4132 0.8572
vn -0.5493 0.7559 0.3563
vn 0.7894 0.4637 -0.4024
vn 0.7987 0.4348 -0.4160
vn 0.5552 0.6150 -0.5600
vn 0.5946 0.5653 -0.5717
vn 0.4981 0.7987 -0.3376
vn 0.4569 0.8202 -0.3443
vn 0.8993 0.3831 -0.2112
vn 0.9171 0.3510 -0.1890
vn 0.4602 0.8872 0.0325
vn 0.3573 0.9142 0.1910
vn 0.3146 0.9492 -0.0005
vn -0.3911 0.8071 -0.4424
vn 0.1698 0.5133 -0.8413
vn 0.4219 0.1414 -0.8955
vn 0.4270 0.7883 -0.4430
vn 0.4084 0.7671 -0.4948
vn 0.2612 0.7855 -0.5610
vn -0.5686 0.8204 0.0595
vn -0.0457 0.8579 0.5118
vn -0.0772 0.9950 -0.0627
vn 0.8862 0.3409 0.3138
vn 0.9332 0.2405 0.2669
vn -0.1593 0.3057 0.9387
vn -0.2811 0.1449 0.9487
vn 0.0800 0.8975 -0.4336
vn 0.1706 0.7609 -0.6260
vn 0.4777 0.7227 -0.4995
vn 0.4190 0.7271 -0.5438
vn 0.6875 0.6462 -0.3314
vn 0.6327 0.7723 0.0561
vn 0.1240 0.9161 0.3814
vn 0.4784 0.8688 0.1274
vn 0.0758 0.9447 0.3192
vn 0.0770 0.9342 0.3482
vn 0.1257 0.9855 0.1143
vn 0.0905 0.9339 0.3460
vn -0.0275 0.9972 -0.0697
vn 0.0030 0.9931 0.1175
vn -0.0553 0.9948 -0.0856
vn -0.0247 0.9967 -0.0769
vn 0.0340 0.9989 -0.0319
vn 0.0174 0.9994 -0.0294
vn -0.0019 0.9999 -0.0105
vn 0.0414 0.9696 -0.2413
vn -0.0345 0.9939 0.1046
vn -0.0026 0.9966 -0.0820
vn -0.0285 0.9993 0.0240
vn 0.0391 0.9985 -0.0373
vn 0.0731 0.9971 -0.0232
vn 0.1029 0.9941 0.0346
vn 0.3839 0.9070 -0.1730
vn 0.3756 0.9133 -0.1577
vn 0.4817 0.8554 -0.1905
vn 0.4577 0.8655 -0.2034
vn 0.4068 0.9019 -0.1453
vn 0.4805 0.8575 -0.1838
vn -0.2889 0.9342 0.2093
vn -0.6897 0.7239 0.0183
vn -0.5937 0.6498 -0.4747
vn -0.5648 0.7619 -0.3171
vn -0.6745 0.7381 0.0174
vn -0.8229 0.5473 0.1524
vn -0.8114 -0.1515 -0.5645
vn -0.7861 -0.0456 -0.6164
vn -0.3677 0.9297 -0.0235
vn -0.5107 0.8311 -0.2200
vn 0.0437 0.9987 0.0252
vn -0.0553 0.9985 0.0009
vn -0.0696 0.9975 -0.0120
vn -0.0281 0.9994 -0.0190
vn 0.0709 0.9893 -0.1275
vn 0.0415 0.9989 0.0222
vn -0.0856 0.9943 -0.0629
vn -0.2826 0.9474 -0.1501
vn -0.2779 0.9409 -0.1936
vn -0.1966 0.9800 -0.0307
vn -0.0626 0.9977 -0.0263
vn -0.0620 0.9979 -0.0178
vn 0.1434 -0.1082 0.9837
vn 0.7165 -0.1454 0.6822
vn 0.3108 -0.9046 0.2916
vn 0.3678 -0.0943 0.9251
vn 0.6728 0.4891 0.5551
vn 0.5271 -0.5316 0.6630
vn -0.9828 -0.0703 -0.1707
vn -0.5897 0.7338 0.3373
vn -0.1083 0.9253 0.3634
vn 0.4987 0.4790 0.7224
vn 0.1985 0.7615 0.6171
vn -0.1668 0.9776 0.1281
vn -0.5391 0.3973 0.7427
vn -0.4925 0.6724 0.5526
vn -0.5780 0.6405 0.5056
vn -0.0650 0.9672 0.2457
vn -0.2580 -0.7789 0.5716
vn -0.2173 -0.9592 0.1809
vn -0.2093 -0.9659 0.1524
vn -0.2309 -0.8387 0.4932
vn -0.3021 0.5965 0.7435
vn -0.0467 0.8354 0.5476
vn 0.1038 0.9946 -0.0075
vn 0.6279 0.6328 -0.4532
vn 0.0665 0.9977 -0.0132
vn 0.0655 0.9977 -0.0164
vn 0.4336 0.8955 -0.1005
vn 0.3561 0.9261 -0.1243
vn 0.0408 0.9989 0.0235
vn 0.0680 0.9972 -0.0319
vn -0.0011 1.0000 -0.0043
vn -0.0011 1.0000 -0.0014
vn -0.0078 0.9999 -0.0084
vn -0.0058 1.0000 -0.0046
vn -0.0225 0.9993 -0.0306
vn -0.0029 0.9998 -0.0196
vn 0.9198 0.1694 -0.3539
vn 0.4148 0.5558 0.7205
vn -0.0181 0.2014 0.9793
vn 0.0551 0.9866 0.1535
vn 0.1501 0.1543 0.9766
vn 0.0676 0.3063 0.9495
vn -0.1015 0.9826 -0.1557
vn 0.0226 0.9960 -0.0859
vn 0.1866 0.9804 0.0632
vn 0.3945 0.9187 0.0180
vn 0.3124 0.9337 0.1750
vn 0.3986 0.7109 0.5794
vn -0.0376 0.9991 -0.0195
vn -0.0008 1.0000 0.0098
vn 0.3474 0.9170 -0.1959
vn -0.0159 0.9834 0.1805
vn 0.3203 -0.7735 0.5470
vn 0.3284 -0.5015 0.8004
vn 0.1208 -0.9924 0.0235
vn -0.1458 -0.9171 0.3709
vn -0.1386 -0.9170 0.3739
vn 0.5189 0.1865 0.8342
vn 0.1357 -0.9809 0.1396
vn 0.1292 -0.9822 0.1365
vn 0.0117 -0.9998 0.0170
vn 0.0156 -0.9993 0.0350
vn 0.8612 0.1711 0.4786
vn 0.8717 0.3346 0.3579
vn 0.4004 0.3831 0.8324
vn 0.5161 0.1565 0.8421
vn 0.2824 0.8967 0.3409
vn 0.2937 0.9055 0.3063
vn 0.7275 0.3870 -0.5665
vn 0.6761 0.2757 -0.6832
vn 0.1540 0.9654 -0.2103
vn 0.1835 0.9680 -0.1711
vn 0.1177 0.2775 -0.9535
vn 0.0381 0.4114 -0.9107
vn 0.0706 -0.0010 -0.9975
vn 0.0612 0.0144 -0.9980
vn 0.0793 0.5284 -0.8453
vn -0.0073 0.4115 -0.9114
vn 0.1010 -0.0058 -0.9949
vn 0.1038 -0.0022 -0.9946
vn 0.0943 0.0097 -0.9955
vn 0.1038 -0.0024 -0.9946
vn 0.6905 -0.0387 -0.7223
vn 0.6748 -0.0148 -0.7378
vn 0.6743 -0.0329 -0.7377
vn 0.6836 -0.0207 -0.7296
vn 0.7138 -0.0421 -0.6991
vn 0.6835 -0.0070 -0.7300
vn 0.8115 0.0317 0.5835
vn 0.7569 -0.0617 0.6506
vn 0.7575 -0.0435 0.6513
vn 0.6901 0.0597 0.7212
vn 0.5183 0.0016 0.8552
vn 0.5165 -0.0008 0.8563
vn 0.5165 -0.0006 0.8563
vn 0.5174 -0.0018 0.8557
vn 0.6583 -0.0137 0.7526
vn 0.6921 0.0213 0.7215
vn 0.6584 0.0019 0.7526
vn 0.6426 0.0200 0.7660
vn 0.7820 -0.0172 -0.6230
vn 0.7508 0.0154 -0.6604
vn 0.7509 0.0021 -0.6604
vn 0.7139 -0.0341 -0.6994
vn 0.0999 -0.0029 -0.9950
vn 0.0971 -0.0003 -0.9953
vn 0.0971 -0.0019 -0.9953
vn 0.0976 -0.0014 -0.9952
vn 0.0738 -0.0012 -0.9973
vn 0.0730 -0.0004 -0.9973
vn 0.0729 0.0025 -0.9973
vn 0.0730 0.0027 -0.9973
vn 0.0946 0.0011 -0.9955
vn 0.0976 -0.0022 -0.9952
vn 0.0656 0.0031 -0.9978
vn 0.0674 0.0002 -0.9977
vn 0.0674 0.0019 -0.9977
vn 0.0682 0.0034 -0.9977
vn 0.0706 0.0032 -0.9975
vn 0.0731 -0.0005 -0.9973
vn 0.0617 0.0022 -0.9981
vn 0.0639 -0.0032 -0.9980
vn 0.0638 0.0189 -0.9978
vn 0.0635 0.0179 -0.9978
vn 0.0662 0.0178 -0.9976
vn 0.0681 0.0140 -0.9976
vn 0.0568 0.6853 -0.7261
vn 0.0354 0.6340 -0.7726
vn 0.0087 0.6338 -0.7735
vn 0.0705 0.5286 -0.8460
vn 0.0127 0.9998 -0.0157
vn 0.0182 0.9998 -0.0004
vn -0.0096 1.0000 -0.0011
vn 0.0166 0.9984 -0.0534
vn -0.0042 0.9983 0.0576
vn 0.0402 0.9926 0.1142
vn 0.1424 0.9857 0.0906
vn 0.0609 0.9269 0.3705
vn -0.0521 0.9783 -0.2005
vn 0.0569 0.9969 -0.0537
vn 0.1461 0.7927 0.5918
vn 0.3081 0.5654 0.7651
vn 0.4550 0.5188 0.7238
vn 0.3946 0.3840 0.8348
vn 0.2581 -0.4539 0.8529
vn 0.0607 0.1625 0.9848
vn 0.5045 0.0228 0.8631
vn 0.5044 0.0226 0.8632
vn 0.5037 -0.0414 0.8629
vn 0.4806 0.0145 0.8768
vn 0.5183 0.0018 0.8552
vn 0.5183 0.0019 0.8552
vn 0.5183 0.0121 0.8551
vn 0.5156 0.0186 0.8567
vn 0.0602 0.1107 0.9920
vn -0.1218 -0.2301 0.9655
vn -0.1236 -0.0991 0.9874
vn -0.2181 0.1105 0.9697
vn 0.4425 -0.0533 0.8952
vn 0.4810 0.0071 0.8767
vn -0.2200 -0.0226 0.9752
vn -0.2536 0.0459 0.9662
vn 0.4147 -0.0310 0.9094
vn 0.4414 0.0064 0.8973
vn -0.2554 -0.0021 0.9668
vn -0.2576 0.0025 0.9662
vn 0.4392 0.0326 0.8978
vn 0.4159 -0.0016 0.9094
vn 0.4392 0.0323 0.8978
vn 0.4595 -0.0062 0.8881
vn 0.5156 0.0001 0.8568
vn 0.5151 -0.0007 0.8571
vn 0.5153 0.0025 0.8570
vn 0.5175 -0.0004 0.8557
vn 0.5161 0.0078 0.8565
vn 0.5202 0.0008 0.8540
vn 0.6779 0.0149 0.7350
vn 0.6526 -0.0268 0.7572
vn 0.6533 -0.0077 0.7571
vn 0.6422 0.0087 0.7665
vn 0.8010 -0.0022 -0.5987
vn 0.7999 -0.0002 -0.6001
vn 0.8002 0.0230 -0.5993
vn 0.7823 -0.0047 -0.6229
vn 0.1009 0.0069 -0.9949
vn 0.1032 0.0034 -0.9947
vn 0.1031 0.0012 -0.9947
vn 0.0999 -0.0027 -0.9950
vn 0.0687 0.0026 -0.9976
vn 0.0732 -0.0041 -0.9973
vn 0.0733 -0.0017 -0.9973
vn 0.0744 -0.0003 -0.9972
vn 0.0634 -0.0027 -0.9980
vn 0.0635 -0.0029 -0.9980
vn 0.0635 -0.0017 -0.9980
vn 0.0651 0.0003 -0.9979
vn 0.0738 0.0001 -0.9973
vn 0.0744 -0.0006 -0.9972
vn 0.0640 -0.0026 -0.9979
vn 0.0640 0.0028 -0.9979
vn 0.0621 -0.0008 -0.9981
vn 0.0657 -0.0008 -0.9978
vn 0.0651 -0.0000 -0.9979
vn 0.0604 0.0028 -0.9982
vn 0.0612 0.0004 -0.9981
vn 0.0612 0.0013 -0.9981
vn 0.0617 0.0013 -0.9981
vn 0.0620 0.0005 -0.9981
vn 0.0620 0.0013 -0.9981
vn 0.0620 0.0012 -0.9981
vn 0.0623 0.0075 -0.9980
vn 0.0615 0.0051 -0.9981
vn 0.0588 0.0051 -0.9983
vn 0.0612 -0.0033 -0.9981
vn 0.0632 0.0430 -0.9971
vn 0.0612 0.0365 -0.9975
vn 0.0539 0.0365 -0.9979
vn 0.0590 0.0186 -0.9981
vn 0.0728 0.8125 -0.5784
vn 0.0240 0.6738 -0.7385
vn 0.0512 0.6740 -0.7369
vn 0.0467 0.6849 -0.7271
vn 0.0062 1.0000 -0.0044
vn 0.0022 0.9997 -0.0242
vn 0.0141 0.9996 -0.0234
vn 0.0111 0.9998 -0.0158
vn 0.0019 0.9998 -0.0184
vn 0.0058 1.0000 0.0066
vn 0.0132 0.9999 0.0072
vn 0.0097 0.9998 0.0149
vn -0.0947 0.8189 0.5661
vn -0.0850 0.7573 0.6475
vn -0.0462 0.7560 0.6530
vn -0.0067 0.8134 0.5817
vn 0.0325 0.9979 0.0559
vn 0.0178 0.9997 0.0156
vn -0.1481 -0.6974 0.7012
vn -0.1817 -0.6379 0.7483
vn -0.2487 -0.6223 0.7422
vn -0.1280 -0.3565 0.9255
vn -0.1796 -0.6574 0.7319
vn -0.3695 -0.3581 0.8575
vn -0.3314 -0.3678 0.8689
vn -0.2509 -0.1912 0.9489
vn -0.3715 -0.0098 0.9284
vn -0.3514 -0.0516 0.9348
vn -0.3408 -0.0521 0.9387
vn -0.3392 -0.0485 0.9395
vn -0.3487 0.0190 0.9370
vn -0.3284 -0.0157 0.9444
vn -0.3431 -0.0150 0.9392
vn -0.3400 -0.0086 0.9404
vn -0.3281 -0.0331 0.9441
vn -0.3605 0.0360 0.9321
vn -0.3273 0.0321 0.9444
vn -0.3429 -0.0003 0.9394
vn 0.6099 0.0998 0.7862
vn 0.5485 0.0203 0.8359
vn 0.5519 -0.0320 0.8333
vn 0.6527 -0.1646 0.7395
vn 0.9964 0.0229 0.0818
vn 0.9960 0.0153 0.0878
vn 0.9910 -0.1121 0.0729
vn 0.9893 -0.0391 0.1407
vn 0.9140 -0.1064 0.3914
vn 0.8235 -0.3319 0.4601
vn 0.1600 -0.9817 -0.1038
vn 0.2703 -0.9356 0.2272
vn 0.2865 -0.9409 0.1808
vn 0.6722 -0.7354 -0.0852
vn 0.6309 -0.2933 0.7183
vn 0.4388 -0.5942 0.6741
vn 0.0303 -0.9978 -0.0586
vn 0.0405 -0.9953 0.0884
vn 0.4256 -0.5927 0.6838
vn 0.2751 -0.7525 0.5984
vn -0.0122 -0.9941 -0.1081
vn -0.0105 -0.9996 -0.0256
vn 0.5950 -0.1605 0.7875
vn 0.4813 -0.3687 0.7953
vn 0.6323 0.0328 0.7740
vn 0.7028 -0.1664 0.6916
vn 0.6283 0.2750 0.7277
vn 0.6328 0.3719 0.6792
vn 0.9131 0.0016 0.4076
vn 0.9213 0.0436 0.3865
vn 0.8871 0.2511 0.3873
vn 0.8855 0.2543 0.3888
vn -0.0062 0.9999 -0.0122
vn 0.0687 0.9918 0.1081
vn 0.9750 0.2052 0.0855
vn 0.9658 0.2578 0.0278
vn 0.1315 0.9834 -0.1248
vn -0.0068 0.9999 -0.0106
vn -0.0456 0.9985 -0.0301
vn -0.0796 0.9882 -0.1308
vn 0.3861 0.8806 0.2748
vn 0.0408 0.9890 0.1420
vn -0.0354 0.9992 -0.0205
vn -0.0621 0.9981 -0.0039
vn -0.0022 1.0000 0.0049
vn -0.0060 1.0000 -0.0020
vn -0.0387 0.9992 -0.0093
vn 0.0863 0.9460 0.3123
vn 0.2909 0.9281 0.2324
vn -0.0273 0.2715 0.9620
vn 0.5440 0.2393 0.8043
vn 0.3189 -0.5028 0.8034
vn 0.0234 0.9994 0.0258
vn 0.0022 1.0000 0.0036
vn 0.5170 -0.5115 0.6864
vn 0.2718 -0.7976 0.5385
vn 0.2542 0.9383 0.2345
vn 0.0156 0.9994 0.0304
vn 0.0582 -0.7583 0.6493
vn 0.0081 -0.8438 0.5367
vn 0.1616 0.7877 0.5945
vn 0.0710 0.9392 0.3360
vn -0.0471 -0.9940 0.0990
vn 0.0259 -0.9621 0.2713
vn 0.0188 -0.9997 0.0128
vn 0.0290 -0.9962 0.0819
vn -0.2310 -0.4489 0.8632
vn -0.0580 0.2820 0.9577
vn 0.0913 -0.9817 0.1670
vn 0.2988 -0.5886 0.7511
vn -0.0917 0.8894 0.4479
vn -0.0912 0.8898 0.4471
vn 0.5120 0.3728 0.7739
vn 0.2527 0.8484 0.4651
vn -0.0888 0.9882 -0.1246
vn -0.1362 0.9539 -0.2674
vn 0.4427 0.6799 0.5846
vn 0.1633 0.9037 0.3959
vn 0.4408 0.6799 0.5861
vn 0.4296 0.7220 0.5424
vn 0.2171 0.9233 0.3170
vn 0.6830 0.5853 0.4370
vn 0.4680 0.5891 0.6587
vn 0.4677 0.3877 0.7943
vn 0.2699 0.9520 0.1446
vn 0.1700 0.9854 -0.0101
vn 0.9293 0.1556 0.3350
vn 0.9462 -0.3071 0.1016
vn 0.6757 -0.4224 0.6042
vn 0.6945 -0.4007 0.5976
vn 0.9295 0.1556 0.3343
vn 0.8383 0.5383 0.0863
vn 0.3435 -0.9320 0.1161
vn 0.1661 -0.9859 -0.0203
vn 0.0902 -0.9721 0.2167
vn 0.4607 -0.8854 0.0625
vn 0.3160 -0.9303 0.1864
vn 0.4985 -0.8550 0.1432
vn 0.2743 -0.9584 0.0789
vn 0.2121 -0.9772 0.0137
vn 0.1977 -0.9782 0.0630
vn 0.3469 -0.9379 0.0017
vn 0.1315 -0.9913 -0.0011
vn 0.1275 -0.9918 -0.0044
vn 0.1238 -0.9921 0.0177
vn 0.0561 -0.9975 0.0437
vn 0.6345 -0.7631 0.1228
vn 0.7534 -0.6041 0.2596
vn 0.7716 -0.6327 0.0662
vn 0.8761 -0.4784 -0.0595
vn 0.1089 -0.9939 0.0145
vn 0.0605 -0.9981 -0.0074
vn 0.5979 -0.7977 0.0784
vn 0.5486 -0.8352 0.0391
vn 0.4224 -0.8160 -0.3945
vn 0.3845 -0.8947 -0.2273
vn 0.6506 -0.5496 -0.5241
vn 0.7436 -0.4343 -0.5084
vn 0.2349 -0.9455 -0.2254
vn 0.4014 -0.9042 -0.1458
vn 0.3886 -0.9006 -0.1948
vn 0.4544 -0.8395 -0.2979
vn 0.4153 -0.8671 -0.2752
vn 0.3592 -0.8886 -0.2854
vn -0.0328 -0.9928 -0.1156
vn -0.2179 -0.9481 -0.2314
vn -0.2177 -0.9493 -0.2269
vn -0.1964 -0.9514 -0.2371
vn 0.4358 -0.8736 -0.2164
vn 0.4726 -0.8590 -0.1967
vn -0.1974 -0.9448 -0.2615
vn -0.0846 -0.9481 -0.3065
vn 0.4675 -0.8640 -0.1869
vn 0.4360 -0.8719 -0.2229
vn -0.0825 -0.9399 -0.3314
vn -0.0011 -0.9205 -0.3908
vn 0.3941 -0.8876 -0.2385
vn 0.4338 -0.8964 -0.0916
vn 0.2593 -0.9608 0.0986
vn 0.1739 -0.9711 0.1636
vn -0.0954 -0.9947 -0.0394
vn -0.2128 -0.9470 0.2406
vn 0.0949 -0.9942 -0.0510
vn 0.3810 -0.9138 -0.1409
vn 0.0096 -0.8915 0.4530
vn 0.0672 -0.9111 0.4066
vn -0.2461 -0.9449 0.2159
vn -0.1998 -0.9773 0.0711
vn -0.0129 -0.8184 0.5745
vn -0.0200 -0.8142 0.5803
vn -0.2271 -0.8516 0.4724
vn -0.0896 -0.9957 0.0220
vn -0.0367 -0.7912 0.6105
vn 0.1265 -0.8773 0.4629
vn -0.0475 -0.9217 0.3850
vn 0.0304 -0.9926 0.1175
vn 0.1315 -0.9840 0.1199
vn 0.4979 -0.8460 -0.1909
vn 0.0936 -0.9200 -0.3806
vn 0.1020 -0.9377 -0.3322
vn 0.0187 -0.9996 0.0188
vn -0.0364 -0.9957 0.0850
vn 0.0999 -0.9378 -0.3325
vn 0.0007 -0.7261 -0.6876
vn -0.0388 -0.9256 0.3765
vn 0.0933 -0.9948 0.0398
vn 0.0952 -0.9924 0.0780
vn 0.0931 -0.9930 0.0722
vn 0.0039 -0.9258 0.3781
vn -0.1160 -0.9930 0.0241
vn -0.1141 -0.9907 0.0738
vn -0.1117 -0.9916 0.0649
vn 0.0218 -0.7255 -0.6879
vn 0.1379 -0.3792 -0.9150
vn 0.1278 -0.3794 -0.9164
vn 0.0303 -0.1027 -0.9942
vn 0.0781 -0.9495 -0.3038
vn -0.0313 -0.9990 0.0320
vn 0.0685 -0.1069 -0.9919
vn 0.0609 -0.0810 -0.9949
vn 0.0658 -0.8557 -0.5133
vn 0.0078 -0.9438 -0.3303
vn -0.0279 -0.9994 -0.0183
vn -0.0015 -0.9971 0.0764
vn 0.0459 -0.8553 -0.5160
vn 0.0119 -0.7736 -0.6335
vn 0.0019 -1.0000 -0.0056
vn 0.0041 -0.9999 -0.0123
vn -0.0028 -0.9989 0.0459
vn 0.0025 -0.9971 0.0761
vn 0.0021 -1.0000 -0.0056
vn 0.0073 -0.9999 0.0077
vn 0.0098 -0.9956 0.0936
vn 0.0277 -0.9984 0.0483
vn -0.1083 -0.7425 0.6610
vn 0.0048 -0.3707 0.9287
vn 0.0161 -0.9955 0.0936
vn 0.0340 -0.9928 0.1151
vn 0.1628 -0.7056 0.6897
vn 0.1545 -0.6910 0.7062
vn -0.0892 -0.2116 0.9733
vn 0.1858 0.4152 0.8906
vn 0.2837 -0.6837 0.6723
vn 0.3727 -0.5933 0.7135
vn 0.4739 -0.0460 0.8794
vn 0.4810 -0.0603 0.8746
vn -0.3293 0.1154 0.9371
vn -0.2829 0.2408 0.9284
vn -0.2484 0.6335 0.7327
vn -0.1357 0.3493 0.9271
vn -0.0845 -0.0837 0.9929
vn -0.1927 0.1526 0.9693
vn -0.3380 0.2154 0.9161
vn -0.2317 0.4787 0.8468
vn -0.1800 0.9015 0.3937
vn -0.0929 0.6678 0.7385
vn 0.1231 0.8925 0.4339
vn 0.0851 0.7985 0.5960
vn 0.0740 -0.4098 0.9092
vn 0.0502 -0.2543 0.9658
vn -0.1082 -0.2251 0.9683
vn -0.1488 -0.3982 0.9051
vn 0.4310 0.7438 0.5108
vn 0.4402 0.7067 0.5539
vn 0.4297 -0.7391 0.5187
vn 0.4477 -0.6402 0.6242
vn 0.4721 0.7061 0.5278
vn 0.5293 0.4307 0.7310
vn 0.3903 -0.7840 0.4827
vn 0.4013 -0.7392 0.5408
vn 0.3661 0.4265 0.8271
vn 0.2788 -0.0661 0.9581
vn 0.1618 -0.8671 0.4711
vn 0.1300 -0.7663 0.6292
vn -0.2530 0.0528 0.9660
vn -0.3201 -0.1737 0.9313
vn -0.1350 -0.8952 0.4247
vn -0.2074 -0.8413 0.4992
vn -0.5749 -0.0178 0.8180
vn -0.6228 -0.4087 0.6672
vn -0.3152 -0.8928 0.3217
vn -0.3113 -0.8948 0.3199
vn 0.0479 0.9974 0.0538
vn 0.0554 0.9955 0.0775
vn 0.3329 0.8751 0.3513
vn 0.0081 0.9970 0.0775
vn 0.1560 -0.0750 0.9849
vn 0.2060 0.8636 0.4601
vn 0.1184 0.9076 0.4028
vn -0.0267 0.4980 0.8668
vn 0.1710 -0.7616 0.6251
vn -0.1417 -0.1223 0.9823
vn 0.1801 -0.8916 0.4154
vn 0.5948 -0.2574 0.7615
vn -0.0955 0.9870 0.1290
vn 0.3379 0.8563 0.3906
vn 0.1266 -0.9794 0.1571
vn 0.0543 -0.8765 0.4783
vn 0.0186 -0.9984 0.0530
vn -0.0387 -0.9909 0.1287
vn -0.3270 0.0383 0.9442
vn -0.3333 0.0234 0.9425
vn -0.2070 -0.0558 0.9767
vn -0.2547 0.0494 0.9658
vn 0.4850 0.0010 0.8745
vn 0.4631 0.0436 0.8852
vn 0.0221 -0.9930 0.1164
vn 0.0505 -0.9886 0.1421
vn 0.0037 -1.0000 0.0076
vn 0.0352 -0.9976 -0.0603
vn 0.1189 -0.9915 -0.0528
vn -0.0710 -0.9474 -0.3122
vn -0.0267 -0.6349 -0.7721
vn 0.0838 -0.4209 -0.9032
vn 0.1020 -0.4211 -0.9012
vn -0.0261 -0.2384 -0.9708
vn 0.0635 -0.0157 -0.9979
vn 0.0682 -0.0059 -0.9977
vn 0.0688 -0.0059 -0.9976
vn 0.0693 -0.0067 -0.9976
vn 0.0521 -0.0158 -0.9985
vn 0.0638 -0.0455 -0.9969
vn 0.0628 0.0014 -0.9980
vn 0.0638 0.0041 -0.9980
vn 0.0636 0.0040 -0.9980
vn 0.0682 -0.0044 -0.9977
vn 0.0593 0.0017 -0.9982
vn 0.0616 -0.0061 -0.9981
vn 0.0616 -0.0011 -0.9981
vn 0.0613 -0.0020 -0.9981
vn 0.0635 -0.0021 -0.9980
vn 0.0638 -0.0029 -0.9980
vn 0.0625 -0.0012 -0.9980
vn 0.0610 0.0039 -0.9981
vn 0.0611 -0.0012 -0.9981
vn 0.0615 0.0001 -0.9981
vn 0.0604 0.0001 -0.9982
vn 0.0613 -0.0025 -0.9981
vn 0.1061 -0.0038 -0.9943
vn 0.1053 -0.0017 -0.9944
vn 0.1054 0.0017 -0.9944
vn 0.1033 -0.0031 -0.9946
vn 0.0619 -0.0009 -0.9981
vn 0.0615 0.0004 -0.9981
vn 0.1228 0.0008 -0.9924
vn 0.1222 0.0026 -0.9925
vn 0.1224 0.0059 -0.9925
vn 0.1210 0.0023 -0.9927
vn 0.1024 0.0039 -0.9947
vn 0.1035 -0.0010 -0.9946
vn 0.1257 0.0464 -0.9910
vn 0.1066 0.0013 -0.9943
vn 0.1031 0.0016 -0.9947
vn 0.1025 0.0049 -0.9947
vn 0.1583 0.8817 -0.4445
vn -0.0295 0.4162 -0.9088
vn 0.0437 0.4132 -0.9096
vn 0.1073 0.0397 -0.9934
vn 0.0172 0.9336 0.3580
vn -0.1057 0.9943 0.0145
vn -0.0260 0.9995 0.0172
vn 0.0895 0.8112 -0.5779
vn -0.1078 0.9940 -0.0193
vn -0.0875 0.9958 0.0283
vn -0.0300 0.9994 0.0178
vn -0.0280 0.9996 -0.0017
vn -0.1166 0.9818 -0.1498
vn -0.0329 0.9993 -0.0160
vn -0.0339 0.9993 -0.0156
vn -0.0341 0.9994 -0.0076
vn -0.0542 0.9947 -0.0869
vn 0.0474 0.9988 0.0139
vn 0.0796 0.9966 -0.0235
vn 0.0926 0.8722 0.4802
vn 0.3013 0.6899 0.6582
vn 0.4800 0.1933 0.8557
vn 0.0501 -0.2189 0.9745
vn -0.1133 -0.6936 0.7114
vn -0.0512 0.8208 0.5689
vn -0.0556 0.8340 0.5489
vn 0.1608 0.9468 0.2789
vn 0.3846 0.8018 0.4574
vn 0.1157 0.8867 -0.4477
vn -0.0359 0.9970 -0.0681
vn -0.0371 0.9989 -0.0302
vn 0.1050 0.9264 0.3615
vn 0.0186 0.9979 -0.0626
vn 0.0701 0.9872 -0.1434
vn 0.0170 0.9929 0.1177
vn -0.0120 0.9996 -0.0265
vn 0.1399 0.9822 -0.1255
vn 0.1586 0.9770 -0.1425
vn -0.0744 0.9592 0.2727
vn -0.0411 0.9941 0.0999
vn 0.1115 0.9103 0.3986
vn -0.0561 0.8609 0.5057
vn -0.0796 0.8394 0.5377
vn -0.0612 0.9042 0.4228
vn -0.3483 0.9120 0.2165
vn 0.0514 0.9982 -0.0314
vn -0.0519 0.9107 0.4098
vn -0.0356 0.9438 0.3287
vn -0.3179 0.9449 0.0781
vn -0.1656 0.9862 -0.0038
vn 0.0879 0.9855 0.1450
vn 0.0702 0.9676 0.2426
vn -0.1208 0.9919 0.0393
vn -0.4031 0.9004 0.1638
vn 0.3192 0.9375 -0.1384
vn 0.3205 0.9452 0.0621
vn 0.2382 0.9697 -0.0538
vn -0.1863 0.9779 0.0951
vn 0.0731 0.9879 0.1364
vn 0.1136 0.9900 0.0832
vn 0.1538 0.9368 -0.3143
vn 0.2231 0.9567 -0.1868
vn 0.2640 0.9264 -0.2686
vn 0.2267 0.9429 -0.2439
vn -0.2248 0.9110 -0.3458
vn -0.2792 0.9217 -0.2693
vn -0.2787 0.9230 -0.2655
vn -0.3767 0.8627 -0.3375
vn -0.4233 0.8447 -0.3275
vn -0.3561 0.9021 -0.2439
vn -0.3843 0.8884 -0.2511
vn -0.3642 0.8939 -0.2615
vn -0.4359 0.8564 -0.2768
vn -0.4217 0.8594 -0.2892
vn -0.5078 0.7672 -0.3919
vn -0.4309 0.8541 -0.2912
vn -0.4305 0.8682 -0.2469
vn -0.3365 0.9274 -0.1633
vn -0.2796 0.9450 -0.1695
vn -0.3900 0.8946 0.2183
vn -0.5815 0.5393 -0.6091
vn -0.5474 0.7134 -0.4375
vn -0.4319 0.8394 -0.3300
vn -0.4283 0.8411 -0.3303
vn -0.6497 0.6214 -0.4379
vn -0.6498 0.6213 -0.4379
vn -0.5177 0.6906 -0.5050
vn -0.4655 0.8109 -0.3546
vn -0.5642 0.6932 -0.4485
vn -0.3910 0.7995 -0.4559
vn -0.6539 0.7515 -0.0875
vn -0.7625 0.5829 -0.2806
vn -0.2732 0.9497 -0.1533
vn -0.2824 0.9482 -0.1456
vn -0.2563 0.9277 -0.2714
vn -0.3306 0.8497 -0.4108
vn -0.2259 0.9648 -0.1347
vn -0.3212 0.9469 -0.0145
vn -0.3099 0.9194 -0.2422
vn -0.3854 0.8657 -0.3196
vn 0.2584 0.9584 -0.1214
vn 0.3153 0.9182 -0.2399
vn 0.3240 0.9275 -0.1863
vn 0.2746 0.9370 -0.2159
vn 0.2801 0.9355 -0.2154
vn 0.3156 0.8932 -0.3204
vn 0.3373 0.9043 -0.2618
vn 0.4536 0.8641 -0.2180
vn 0.3490 0.9326 0.0919
vn 0.3595 0.9279 0.0994
vn 0.8042 0.5941 -0.0155
vn 0.8085 0.5880 -0.0226
vn 0.7549 0.5418 -0.3695
vn 0.5356 0.7021 -0.4692
vn 0.3589 0.9235 0.1353
vn 0.3626 0.9215 0.1388
vn 0.7491 0.6177 0.2394
vn 0.8055 0.5558 0.2057
vn 0.3627 0.9290 0.0739
vn 0.1787 0.9832 -0.0380
vn 0.8699 0.4924 0.0291
vn 0.7684 0.6326 0.0969
vn 0.8676 0.4904 0.0820
vn 0.8283 0.5584 0.0461
vn 0.2253 0.9742 0.0117
vn 0.0283 0.9963 0.0811
vn 0.0364 0.9993 -0.0071
vn 0.0032 0.9995 -0.0303
vn 0.3564 0.9281 0.1077
vn 0.1822 0.9689 0.1675
vn 0.2099 0.9770 0.0367
vn 0.1971 0.9801 0.0250
vn 0.1887 0.9675 0.1683
vn 0.2906 0.9472 0.1358
vn 0.3033 0.9478 0.0983
vn 0.2617 0.9638 0.0518
vn 0.8026 0.5638 0.1947
vn 0.7808 0.5895 0.2069
vn 0.7681 0.5900 0.2487
vn 0.7830 0.5559 0.2790
vn 0.8262 0.5632 0.0128
vn 0.9394 0.3265 0.1049
vn 0.2681 -0.9634 0.0039
vn 0.3349 -0.9413 0.0425
vn 0.3148 -0.9341 0.1684
vn 0.5093 -0.8535 0.1106
vn 0.3240 -0.9451 0.0416
vn 0.2575 -0.9663 0.0018
vn 0.2372 -0.9580 0.1610
vn 0.2534 -0.9547 0.1558
vn 0.3647 -0.9311 0.0091
vn 0.3654 -0.9308 0.0095
vn 0.3627 -0.9308 0.0457
vn 0.1156 -0.9832 0.1413
vn 0.6666 -0.7449 0.0272
vn 0.7271 -0.6834 0.0651
vn 0.7293 -0.6833 0.0343
vn 0.6744 -0.7354 0.0658
vn 0.4911 -0.8706 0.0287
vn 0.5932 -0.8004 0.0861
vn 0.5931 -0.8004 0.0870
vn 0.6685 -0.7425 0.0414
vn 0.6413 -0.7662 0.0403
vn 0.6743 -0.7354 0.0667
vn 0.1253 -0.9893 0.0741
vn 0.1392 -0.9868 0.0830
vn 0.1433 -0.9748 0.1709
vn 0.2266 -0.9677 0.1101
vn 0.5925 -0.7874 0.1702
vn 0.6512 -0.7220 0.2337
vn 0.0515 -0.9843 0.1687
vn 0.1011 -0.9711 0.2164
vn 0.1005 -0.9767 0.1897
vn 0.0787 -0.9717 0.2227
vn 0.3049 -0.9375 0.1676
vn 0.2259 -0.9693 0.0968
vn -0.3000 -0.9297 0.2138
vn -0.3026 -0.9295 0.2107
vn -0.2777 -0.9527 -0.1231
vn -0.3058 -0.9479 -0.0896
vn -0.0325 -0.9944 -0.1001
vn 0.0786 -0.9969 0.0092
vn -0.3551 -0.9248 -0.1363
vn -0.3193 -0.9447 -0.0750
vn -0.2428 -0.8957 -0.3725
vn -0.3303 -0.8780 -0.3464
vn -0.3988 -0.8401 -0.3676
vn -0.2917 -0.9278 -0.2326
vn -0.3423 -0.8887 -0.3052
vn -0.4187 -0.8617 -0.2866
vn -0.4733 -0.8261 -0.3059
vn -0.4159 -0.8745 -0.2496
vn -0.4013 -0.8363 -0.3735
vn -0.5345 -0.8008 -0.2703
vn -0.4487 -0.8542 -0.2627
vn -0.4758 -0.8322 -0.2848
vn -0.5657 -0.7138 -0.4128
vn -0.6105 -0.6189 -0.4943
vn -0.6117 -0.6205 -0.4908
vn -0.7925 -0.4946 -0.3569
vn -0.5765 -0.6661 -0.4732
vn -0.6063 -0.5648 -0.5599
vn -0.7001 -0.6587 -0.2757
vn -0.3628 -0.8206 -0.4416
vn -0.5025 -0.6829 -0.5301
vn -0.6829 -0.5314 -0.5013
vn -0.5103 -0.7812 -0.3597
vn -0.5625 -0.6604 -0.4974
vn -0.8674 -0.4412 -0.2301
vn -0.8097 -0.5832 -0.0657
vn -0.3623 -0.9072 0.2140
vn -0.3431 -0.9195 0.1918
vn -0.8594 -0.4310 0.2749
vn -0.8781 -0.4057 0.2536
vn -0.3445 -0.9219 0.1774
vn -0.2083 -0.9753 0.0731
vn -0.9115 -0.3764 0.1659
vn -0.8749 -0.4406 0.2009
vn -0.9027 -0.3729 0.2147
vn -0.8409 -0.5222 0.1424
vn 0.0197 -0.9978 0.0628
vn -0.1718 -0.9851 0.0045
vn -0.1612 -0.9832 0.0850
vn -0.1041 -0.9942 0.0288
vn -0.2696 -0.9626 0.0264
vn -0.3163 -0.9486 0.0134
vn -0.2881 -0.9392 0.1866
vn -0.2343 -0.9663 0.1062
vn -0.2890 -0.9573 0.0061
vn -0.2081 -0.9779 0.0220
vn -0.1918 -0.9784 0.0771
vn -0.2416 -0.9564 0.1639
vn -0.7837 -0.4203 0.4573
vn -0.8317 -0.3409 0.4383
vn -0.7796 -0.3365 0.5282
vn -0.6797 -0.1215 0.7234
vn -0.0870 -0.9583 0.2722
vn -0.1924 -0.9492 0.2490
vn -0.4215 0.8599 0.2879
vn -0.3517 0.9209 0.1679
vn -0.3697 0.9179 0.1439
vn 0.1647 0.9650 0.2039
vn -0.1750 0.9807 0.0874
vn -0.2625 0.9406 0.2151
vn -0.2935 0.9451 0.1434
vn -0.3297 0.9353 0.1287
vn -0.1847 0.9816 0.0488
vn -0.2661 0.9637 0.0233
vn -0.2303 0.9729 0.0185
vn -0.2579 0.9655 0.0368
vn -0.2570 0.9646 0.0586
vn -0.0311 0.9900 0.1377
vn -0.2271 0.9733 0.0336
vn -0.3685 0.9216 0.1216
vn -0.3708 0.9237 0.0962
vn -0.3827 0.9193 0.0920
vn -0.8153 0.5488 0.1845
vn -0.8066 0.5649 0.1740
vn -0.7859 0.5519 0.2789
vn -0.8066 0.5281 0.2655
vn -0.3714 0.9208 0.1193
vn -0.3788 0.9166 0.1275
vn -0.0938 0.9950 0.0349
vn -0.2295 0.9623 0.1459
vn -0.2267 0.9551 0.1908
vn -0.2861 0.9472 0.1451
vn -0.1188 0.9833 0.1377
vn -0.1787 0.9623 0.2052
vn -0.1783 0.9389 0.2943
vn -0.2545 0.9475 0.1938
vn 0.1595 0.9669 0.1992
vn 0.2245 0.9667 0.1233
vn 0.2250 0.9653 0.1327
vn 0.2852 0.9368 0.2024
vn -0.1202 0.9879 0.0981
vn -0.1117 0.9882 0.1051
vn 0.1178 0.9883 0.0972
vn 0.1521 0.9862 0.0647
vn -0.1132 0.9902 0.0819
vn -0.0662 0.9912 0.1145
vn 0.0621 0.9924 0.1066
vn 0.1161 0.9913 0.0616
vn 0.0621 0.9923 0.1068
vn 0.0237 0.9962 0.0834
vn 0.1802 0.9805 0.0781
vn 0.1742 0.9814 0.0808
vn 0.1745 0.9828 0.0605
vn 0.1778 0.9821 0.0623
vn 0.1812 0.9819 0.0555
vn 0.3646 0.9231 0.1227
vn 0.3294 0.9360 0.1245
vn 0.6989 0.7112 -0.0752
vn 0.6988 0.7151 -0.0187
vn 0.8278 0.5583 0.0542
vn 0.3614 0.9318 -0.0351
vn 0.2681 0.9632 0.0166
vn 0.2682 0.9632 0.0158
vn 0.2264 0.9740 -0.0010
vn 0.3119 0.9500 0.0106
vn 0.3486 0.9372 -0.0100
vn 0.3482 0.9374 0.0037
vn 0.3676 0.9299 0.0121
vn 0.2801 0.9600 -0.0023
vn 0.2824 0.9593 -0.0034
vn 0.2812 0.9588 0.0403
vn 0.2132 0.9770 0.0107
vn 0.2801 0.9600 0.0007
vn 0.2806 0.9598 0.0009
vn 0.9912 -0.1246 -0.0437
vn 0.9985 0.0544 0.0027
vn 0.9984 0.0544 0.0157
vn 0.9445 0.3233 -0.0576
vn 0.2771 -0.9609 0.0012
vn 0.2857 -0.9583 0.0043
vn 0.2858 -0.9582 -0.0106
vn 0.2683 -0.9633 -0.0037
vn 0.2816 -0.9595 0.0044
vn 0.3259 -0.9452 0.0210
vn 0.3269 -0.9450 -0.0108
vn 0.3261 -0.9453 -0.0104
vn 0.4656 -0.8849 0.0099
vn 0.3312 -0.9427 -0.0409
vn 0.3281 -0.9446 0.0067
vn 0.3663 -0.9304 -0.0113
vn -0.0293 -0.9996 -0.0051
vn 0.3716 -0.9220 0.1085
vn 0.3681 -0.9202 0.1330
vn 0.6677 -0.7445 0.0024
vn 0.7985 -0.6011 0.0321
vn 0.6931 -0.7207 -0.0145
vn 0.6904 -0.7228 0.0303
vn 0.4829 -0.8653 0.1346
vn 0.0083 -0.9979 0.0644
vn 0.0766 -0.9922 0.0984
vn 0.0769 -0.9934 0.0855
vn 0.1210 -0.9907 0.0622
vn 0.4895 -0.8697 0.0642
vn 0.4885 -0.8703 0.0637
vn -0.0670 -0.9942 0.0845
vn -0.0355 -0.9939 0.1041
vn -0.0343 -0.9916 0.1248
vn 0.0094 -0.9961 0.0882
vn 0.1253 -0.9882 0.0877
vn 0.1212 -0.9890 0.0853
vn -0.1156 -0.9844 0.1328
vn -0.1847 -0.9776 0.1010
vn -0.1858 -0.9787 0.0873
vn -0.2415 -0.9612 0.1332
vn 0.0490 -0.9921 0.1156
vn 0.0092 -0.9965 0.0832
vn -0.4178 -0.8979 0.1386
vn -0.3454 -0.9246 0.1605
vn -0.3424 -0.9221 0.1804
vn -0.2072 -0.9742 0.0895
vn -0.4202 -0.8990 0.1232
vn -0.4960 -0.8513 0.1713
vn -0.4631 -0.8703 0.1677
vn -0.7031 -0.7074 0.0730
vn -0.6986 -0.7069 0.1104
vn -0.8266 -0.5145 0.2281
vn 0.0844 -0.9964 0.0032
vn 0.1435 -0.9894 0.0230
vn 0.1258 -0.9880 -0.0892
vn 0.0050 -1.0000 -0.0078
vn -0.3949 -0.9156 0.0759
vn -0.2730 -0.9534 0.1281
vn -0.2910 -0.9567 -0.0076
vn -0.2765 -0.9608 -0.0190
vn -0.2813 -0.9509 0.1291
vn -0.3163 -0.9415 0.1162
vn -0.3263 -0.9451 0.0179
vn -0.2903 -0.9569 -0.0077
vn -0.3162 -0.9415 0.1162
vn -0.5970 -0.8020 0.0199
vn -0.5982 -0.8014 -0.0035
vn -0.7095 -0.7002 0.0796
vn -0.6987 0.7083 0.1006
vn -0.5102 0.8599 -0.0149
vn -0.4953 0.8635 0.0951
vn -0.5090 0.8560 0.0907
vn -0.8950 -0.4409 0.0676
vn -0.7023 -0.6959 0.1501
vn -0.6956 0.7074 0.1255
vn -0.7355 0.6696 0.1031
vn -0.2892 0.9519 0.1013
vn -0.3007 0.9476 0.1077
vn -0.3154 0.9480 -0.0421
vn -0.2700 0.9626 -0.0212
vn -0.2631 0.9587 0.1083
vn -0.1854 0.9806 0.0635
vn -0.1980 0.9799 -0.0259
vn -0.2380 0.9702 -0.0444
vn -0.0777 0.9947 0.0676
vn 0.0104 0.9998 0.0166
vn 0.0209 0.9970 0.0741
vn -0.2350 0.9717 -0.0235
vn -0.4443 0.8957 0.0186
vn -0.7004 0.6905 0.1806
vn -0.7000 0.6903 0.1828
vn -0.7745 0.6172 0.1387
vn -0.2097 0.9675 0.1413
vn -0.1184 0.9895 0.0825
vn -0.1170 0.9883 0.0978
vn -0.0905 0.9900 0.1079
vn -0.8150 0.5486 0.1865
vn -0.7729 0.6166 0.1495
vn -0.1984 0.9690 0.1471
vn -0.2083 0.9660 0.1532
vn -0.1989 0.9694 0.1437
vn -0.2815 0.9535 0.1076
vn -0.0872 0.9928 0.0818
vn -0.0953 0.9915 0.0887
vn -0.0936 0.9884 0.1192
vn -0.0647 0.9884 0.1372
vn -0.0879 0.9943 0.0595
vn -0.0498 0.9951 0.0851
vn -0.0857 0.9924 0.0883
vn -0.0010 0.9992 0.0390
vn -0.0012 0.9980 0.0627
vn 0.0235 0.9969 0.0756
vn -0.0809 0.9964 0.0232
vn 0.1361 0.9786 0.1546
vn 0.1586 0.9751 0.1551
vn 0.4545 0.8907 -0.0086
vn 0.4525 0.8906 0.0457
vn 0.3704 0.9287 0.0173
vn 0.2531 0.9674 0.0120
vn 0.2315 0.9725 0.0236
vn 0.2311 0.9723 0.0351
vn 0.3337 0.9405 0.0635
vn 0.3011 0.9534 0.0171
vn 0.3455 0.9384 -0.0027
vn 0.3454 0.9384 0.0076
vn 0.3601 0.9328 0.0113
vn 0.2797 0.9601 0.0006
vn 0.2691 0.9631 0.0043
vn 0.2691 0.9631 0.0016
vn 0.3119 0.9500 0.0127
vn 0.2796 0.9601 0.0105
vn 0.2797 0.9600 0.0105
vn 0.3180 0.9480 0.0116
vn 0.3347 0.9423 0.0071
vn 0.3343 0.9422 0.0215
vn 0.2806 0.9598 0.0042
vn 0.9929 0.1108 0.0434
vn 0.9951 -0.0985 -0.0013
vn 0.9950 -0.0988 0.0123
vn 0.9919 -0.1257 0.0185
vn 0.3223 -0.9465 0.0192
vn 0.2805 -0.9598 0.0076
vn 0.2806 -0.9598 0.0061
vn 0.2769 -0.9609 0.0074
vn 0.2984 -0.9544 0.0068
vn 0.2935 -0.9559 0.0055
vn 0.2937 -0.9559 0.0010
vn 0.2815 -0.9595 0.0061
vn 0.3026 -0.9531 0.0047
vn 0.3015 -0.9534 0.0045
vn 0.2980 -0.9518 0.0729
vn 0.4667 -0.8843 -0.0162
vn 0.3588 -0.9334 -0.0037
vn 0.2816 -0.9593 -0.0202
vn 0.2825 -0.9585 -0.0380
vn -0.0440 -0.9919 0.1192
vn 0.0809 -0.9966 0.0169
vn 0.1123 -0.9934 0.0226
vn 0.0808 -0.9545 0.2871
vn 0.7993 -0.5914 -0.1067
vn 0.1223 -0.9923 0.0205
vn 0.5629 -0.8166 0.1273
vn 0.5867 -0.8096 -0.0174
vn -0.1069 -0.9509 0.2904
vn -0.0704 -0.9967 0.0397
vn -0.0724 -0.9966 0.0390
vn -0.0732 -0.9938 0.0835
vn -0.0575 -0.9957 0.0721
vn 0.0083 -0.9980 0.0632
vn -0.0654 -0.9972 0.0357
vn -0.1069 -0.9902 0.0901
vn 0.0178 -0.9920 0.1250
vn 0.0045 -0.9993 0.0358
vn -0.0952 -0.9904 0.1002
vn -0.0662 -0.9930 0.0980
vn -0.0560 -0.9931 0.1035
vn -0.3885 -0.9020 0.1882
vn -0.6105 -0.7870 0.0892
vn -0.5974 -0.7855 0.1619
vn -0.5083 -0.8551 0.1022
vn -0.1017 -0.9922 0.0718
vn -0.2582 -0.9661 -0.0035
vn -0.2547 -0.9668 0.0213
vn -0.4666 -0.8717 0.1500
vn -0.1454 -0.9894 -0.0002
vn -0.0339 -0.9978 0.0576
vn -0.0334 -0.9975 0.0629
vn 0.0836 -0.9965 -0.0020
vn -0.3232 -0.9454 0.0418
vn -0.3524 -0.9355 0.0265
vn -0.3509 -0.9352 0.0475
vn -0.3950 -0.9157 0.0744
vn -0.2743 -0.9612 0.0281
vn -0.2791 -0.9599 0.0260
vn -0.2784 -0.9598 0.0362
vn -0.2899 -0.9561 0.0432
vn -0.2959 -0.9548 0.0266
vn -0.2835 -0.9585 0.0311
vn -0.2843 -0.9585 0.0191
vn -0.3223 -0.9457 0.0410
vn -0.8460 0.5314 0.0432
vn -0.8401 0.5410 0.0390
vn -0.8388 0.5416 0.0550
vn -0.7349 0.6695 0.1084
vn -0.2686 0.9631 0.0189
vn -0.2824 0.9590 0.0250
vn -0.2800 0.9589 0.0458
vn -0.2960 0.9544 0.0390
vn -0.2799 0.9597 0.0251
vn -0.2830 0.9588 0.0263
vn -0.2815 0.9587 0.0403
vn -0.2711 0.9615 0.0459
vn -0.3473 0.9375 0.0210
vn -0.2335 0.9721 -0.0248
vn -0.2346 0.9713 -0.0382
vn -0.0791 0.9952 0.0579
vn -0.0549 0.9984 0.0093
vn -0.1099 0.9934 0.0340
vn -0.0998 0.9850 0.1409
vn -0.4499 0.8911 -0.0585
vn -0.0517 0.9968 0.0608
vn -0.1640 0.9864 -0.0143
vn -0.1342 0.9909 -0.0097
vn -0.2161 0.9755 0.0418
vn -0.2156 0.9748 0.0576
vn -0.2882 0.9576 0.0039
vn -0.1345 0.9906 -0.0251
vn -0.0807 0.9966 0.0179
vn -0.0808 0.9966 0.0179
vn -0.0923 0.9954 0.0252
vn -0.0921 0.9955 0.0224
vn -0.0496 0.9969 0.0615
vn -0.0808 0.9966 0.0183
vn -0.1336 0.9906 -0.0295
vn 0.1535 0.9881 -0.0105
vn 0.1298 0.9915 0.0078
vn 0.1276 0.9908 0.0439
vn 0.1476 0.9873 0.0585
vn 0.1083 0.9941 0.0092
vn 0.0959 0.9952 0.0168
vn 0.0967 0.9953 0.0025
vn 0.1677 0.9849 0.0422
vn 0.2958 0.9552 0.0122
vn 0.3106 0.9505 0.0057
vn 0.3103 0.9505 0.0138
vn 0.2534 0.9673 -0.0094
vn 0.2946 0.9556 0.0057
vn 0.2907 0.9568 0.0070
vn 0.2906 0.9568 0.0105
vn 0.3011 0.9535 0.0141
vn 0.2942 0.9556 0.0157
vn 0.2848 0.9585 0.0127
vn 0.2817 0.9594 0.0126
vn 0.2780 0.9605 0.0134
vn 0.2783 0.9605 0.0063
vn 0.2797 0.9601 0.0068
vn 0.3323 0.9430 0.0160
vn 0.2948 0.9553 0.0242
vn 0.2957 0.9553 0.0001
vn 0.3181 0.9480 0.0078
vn 0.8739 0.4830 0.0553
vn 0.9259 0.3763 0.0328
vn 0.9265 0.3760 -0.0153
vn 0.9924 0.1107 0.0540
vn 0.4604 -0.8874 0.0251
vn 0.4323 -0.9016 0.0168
vn 0.4328 -0.9015 0.0047
vn 0.3214 -0.9461 0.0393
vn 0.2807 -0.9597 0.0155
vn 0.3076 -0.9512 0.0228
vn 0.3083 -0.9513 0.0066
vn 0.2984 -0.9544 0.0100
vn 0.3000 -0.9537 0.0229
vn 0.3025 -0.9529 0.0235
vn 0.3032 -0.9529 0.0067
vn 0.3025 -0.9531 0.0070
vn 0.3054 -0.9519 0.0234
vn 0.2962 -0.9549 0.0209
vn 0.2958 -0.9548 0.0300
vn 0.3586 -0.9335 0.0007
vn 0.3394 -0.9405 0.0183
vn 0.3015 -0.9534 0.0067
vn 0.3034 -0.9514 -0.0526
vn 0.0778 -0.9953 0.0579
vn 0.0645 -0.9976 0.0246
vn 0.0382 -0.9992 0.0128
vn 0.0377 -0.9990 0.0219
vn 0.1259 -0.9916 -0.0286
vn 0.1552 -0.9879 0.0068
vn 0.1370 -0.9905 -0.0067
vn 0.1369 -0.9906 -0.0038
vn 0.1085 -0.9940 0.0144
vn -0.0798 -0.9968 -0.0081
vn -0.0407 -0.9989 0.0241
vn -0.0407 -0.9989 0.0252
vn -0.2778 -0.9512 0.1342
vn -0.0865 -0.9859 0.1429
vn 0.0857 -0.9727 0.2159
vn -0.1513 -0.9885 0.0079
vn -0.1455 -0.9893 0.0127
vn -0.1463 -0.9892 0.0044
vn -0.3935 -0.9049 0.1620
vn -0.1016 -0.9849 0.1404
vn -0.2801 -0.9573 0.0711
vn -0.1092 -0.9938 0.0203
vn -0.0462 -0.9970 0.0626
vn -0.0535 -0.9984 -0.0178
vn -0.1101 -0.9939 0.0085
vn -0.3081 -0.9509 0.0310
vn -0.3301 -0.9438 0.0197
vn -0.3293 -0.9438 0.0279
vn -0.1484 -0.9883 -0.0355
vn -0.2809 -0.9595 0.0232
vn -0.2914 -0.9564 0.0194
vn -0.2916 -0.9564 0.0176
vn -0.3242 -0.9456 0.0286
vn -0.2707 -0.9625 0.0195
vn -0.2717 -0.9622 0.0192
vn -0.2719 -0.9622 0.0175
vn -0.2750 -0.9613 0.0187
vn -0.4877 -0.8726 0.0252
vn -0.3750 -0.9254 0.0552
vn -0.3755 -0.9255 0.0507
vn -0.2965 -0.9549 0.0177
vn -0.8324 0.5515 0.0546
vn -0.8492 0.5241 0.0645
vn -0.8506 0.5238 0.0463
vn -0.8456 0.5316 0.0486
vn -0.2791 0.9600 0.0225
vn -0.2698 0.9627 0.0189
vn -0.2700 0.9627 0.0168
vn -0.2687 0.9631 0.0173
vn -0.2856 0.9581 0.0196
vn -0.2750 0.9613 0.0159
vn -0.2747 0.9613 0.0193
vn -0.2807 0.9596 0.0170
vn -0.2984 0.9543 0.0161
vn -0.2975 0.9546 0.0158
vn -0.2951 0.9546 0.0418
vn -0.3477 0.9375 0.0161
vn -0.2982 0.9543 0.0194
vn -0.2877 0.9575 0.0227
vn -0.3172 0.9481 0.0226
vn -0.2639 0.9645 -0.0006
vn -0.2654 0.9635 -0.0362
vn -0.1619 0.9866 0.0192
vn -0.3171 0.9481 0.0248
vn -0.3295 0.9439 0.0198
vn -0.0724 0.9971 0.0220
vn -0.0611 0.9980 0.0151
vn -0.0610 0.9979 0.0199
vn -0.0809 0.9967 0.0062
vn -0.0724 0.9972 0.0208
vn -0.0887 0.9960 0.0116
vn -0.1613 0.9868 0.0111
vn -0.1480 0.9890 -0.0004
vn -0.1479 0.9890 0.0010
vn -0.1338 0.9909 0.0131
vn 0.1650 0.9863 -0.0034
vn 0.1496 0.9887 0.0104
vn 0.1497 0.9887 0.0024
vn 0.1530 0.9882 0.0053
vn 0.1072 0.9942 0.0106
vn 0.1310 0.9914 -0.0021
vn 0.1304 0.9913 0.0156
vn 0.1085 0.9941 0.0031
vn 0.3099 0.9508 -0.0005
vn 0.2964 0.9551 0.0046
vn 0.2959 0.9551 0.0158
vn 0.2957 0.9552 0.0156
vn 0.3101 0.9507 -0.0072
vn 0.3344 0.9424 0.0027
vn 0.3062 0.9520 0.0020
vn 0.2922 0.9563 0.0055
vn 0.2922 0.9563 0.0065
vn 0.2852 0.9585 0.0043
vn 0.3054 0.9522 0.0059
vn 0.2839 0.9588 0.0107
vn 0.2840 0.9588 0.0068
vn 0.2820 0.9594 0.0062
vn 0.3157 0.9488 0.0117
vn 0.2915 0.9564 0.0171
vn 0.2922 0.9563 -0.0039
vn 0.3327 0.9430 0.0086
vn 0.8645 0.5015 0.0333
vn 0.8731 0.4867 0.0300
vn 0.8732 0.4867 0.0248
vn 0.8753 0.4830 0.0259
vn 0.5119 -0.8588 0.0178
vn 0.5085 -0.8609 0.0168
vn 0.5084 -0.8609 0.0179
vn 0.4602 -0.8874 0.0292
vn 0.3031 -0.9529 0.0089
vn 0.2918 -0.9565 0.0055
vn 0.2916 -0.9565 0.0101
vn 0.2808 -0.9597 0.0126
vn 0.3101 -0.9507 0.0063
vn 0.3041 -0.9526 0.0045
vn 0.3039 -0.9527 0.0095
vn 0.3006 -0.9537 0.0102
vn 0.3205 -0.9472 0.0052
vn 0.3091 -0.9510 0.0014
vn 0.3088 -0.9511 0.0088
vn 0.3061 -0.9520 0.0095
vn 0.3393 -0.9407 0.0025
vn 0.3688 -0.9294 0.0142
vn 0.3693 -0.9293 -0.0015
vn 0.3398 -0.9405 0.0089
vn 0.0515 -0.9987 -0.0002
vn 0.0561 -0.9984 0.0022
vn 0.0559 -0.9984 0.0063
vn 0.0654 -0.9979 0.0015
vn 0.1648 -0.9863 0.0039
vn 0.1653 -0.9862 0.0044
vn 0.1654 -0.9862 -0.0022
vn 0.1553 -0.9879 0.0056
vn -0.1532 -0.9882 -0.0012
vn -0.1357 -0.9907 0.0129
vn -0.1358 -0.9907 0.0081
vn -0.1161 -0.9932 -0.0085
vn -0.0695 -0.9975 0.0085
vn -0.0633 -0.9979 0.0118
vn -0.0637 -0.9980 0.0010
vn -0.0941 -0.9954 0.0184
vn -0.0802 -0.9966 0.0193
vn -0.1161 -0.9932 -0.0120
vn -0.3201 -0.9474 -0.0054
vn -0.2517 -0.9675 0.0228
vn -0.2514 -0.9675 0.0272
vn -0.1125 -0.9933 -0.0252
vn -0.1519 -0.9880 -0.0296
vn -0.0941 -0.9954 0.0153
vn -0.2790 -0.9600 0.0230
vn -0.2901 -0.9568 0.0198
vn -0.2902 -0.9568 0.0181
vn -0.3087 -0.9508 0.0243
vn -0.2740 -0.9615 0.0192
vn -0.2772 -0.9606 0.0186
vn -0.2774 -0.9606 0.0169
vn -0.2814 -0.9594 0.0181
vn -0.2859 -0.9581 0.0190
vn -0.2727 -0.9618 0.0217
vn -0.2731 -0.9618 0.0175
vn -0.2710 -0.9624 0.0168
vn -0.5662 -0.8233 0.0390
vn -0.5381 -0.8417 0.0449
vn -0.5382 -0.8417 0.0447
vn -0.4876 -0.8727 0.0265
vn -0.8376 0.5427 0.0624
vn -0.8256 0.5614 0.0567
vn -0.8257 0.5614 0.0561
vn -0.8324 0.5515 0.0539
vn -0.2751 0.9612 0.0198
vn -0.2856 0.9581 0.0233
vn -0.2860 0.9581 0.0177
vn -0.2794 0.9600 0.0192
vn -0.2797 0.9598 0.0230
vn -0.2805 0.9596 0.0232
vn -0.2807 0.9596 0.0189
vn -0.2858 0.9581 0.0177
vn -0.2795 0.9598 0.0258
vn -0.2788 0.9600 0.0260
vn -0.2884 0.9571 0.0265
vn -0.2858 0.9580 0.0256
vn -0.2859 0.9580 0.0240
vn -0.2876 0.9575 0.0235
vn -0.2896 0.9571 0.0075
vn -0.3082 0.9513 0.0032
vn -0.3212 0.9470 0.0038
vn -0.3279 0.9447 0.0067
vn -0.3268 0.9447 0.0280
vn -0.3292 0.9439 0.0271
vn -0.3207 0.9470 0.0168
vn -0.3300 0.9439 0.0137
vn -0.0843 0.9964 0.0043
vn -0.0851 0.9964 0.0048
vn -0.0852 0.9964 0.0007
vn -0.0892 0.9960 -0.0014
vn -0.1580 0.9874 0.0061
vn -0.1638 0.9864 0.0112
vn -0.1640 0.9865 -0.0013
vn -0.1615 0.9869 0.0009
vn 0.1545 0.9880 0.0089
vn 0.1601 0.9871 0.0039
vn 0.1601 0.9871 -0.0069
vn 0.1650 0.9863 -0.0025
vn 0.0781 0.9969 0.0037
vn 0.1011 0.9948 -0.0079
vn 0.1011 0.9948 -0.0103
vn 0.1077 0.9942 -0.0068
vn 0.0779 0.9969 -0.0061
vn 0.0949 0.9955 0.0021
vn 0.3309 0.9437 -0.0013
vn 0.3322 0.9432 -0.0018
vn 0.3321 0.9432 -0.0061
vn 0.3346 0.9424 -0.0051
vn 0.3213 0.9470 -0.0016
vn 0.3268 0.9451 -0.0032
vn 0.3268 0.9451 -0.0005
vn 0.3064 0.9519 -0.0065
vn 0.3236 0.9462 -0.0032
vn 0.3211 0.9471 -0.0025
vn 0.3210 0.9471 0.0034
vn 0.3056 0.9521 -0.0009
vn 0.3451 0.9386 -0.0026
vn 0.3406 0.9402 -0.0013
vn 0.3405 0.9402 0.0103
vn 0.3160 0.9487 0.0033
vn 0.9195 0.3930 -0.0043
vn 0.9030 0.4297 0.0052
vn 0.9024 0.4297 0.0326
vn 0.8651 0.5014 0.0155
vn 0.3957 -0.9184 -0.0064
vn 0.4334 -0.9012 0.0044
vn 0.4334 -0.9012 0.0093
vn 0.5127 -0.8585 -0.0086
vn 0.3241 -0.9460 0.0034
vn 0.3059 -0.9521 -0.0019
vn 0.3059 -0.9521 0.0023
vn 0.3033 -0.9529 0.0029
vn 0.3270 -0.9450 -0.0016
vn 0.3220 -0.9467 -0.0031
vn 0.3220 -0.9467 0.0003
vn 0.3102 -0.9507 0.0026
vn 0.3455 -0.9384 -0.0027
vn 0.3486 -0.9373 -0.0016
vn 0.3486 -0.9373 -0.0059
vn 0.3206 -0.9472 0.0002
vn 0.3064 -0.9519 -0.0028
vn 0.3142 -0.9494 0.0002
vn 0.3142 -0.9494 -0.0000
vn 0.3395 -0.9406 -0.0067
vn -0.0323 -0.9994 -0.0082
vn -0.0103 -0.9999 0.0005
vn -0.0103 -0.9999 0.0012
vn 0.0517 -0.9984 -0.0231
vn 0.1709 -0.9853 -0.0007
vn 0.1661 -0.9861 -0.0042
vn 0.1663 -0.9861 0.0035
vn 0.1648 -0.9863 0.0046
vn -0.1528 -0.9883 0.0014
vn -0.1490 -0.9888 0.0043
vn -0.1490 -0.9888 0.0035
vn -0.1531 -0.9882 0.0068
vn -0.0100 -0.9999 0.0030
vn 0.0251 -0.9995 0.0198
vn 0.0245 -0.9995 -0.0181
vn -0.0149 -0.9999 0.0009
vn -0.3329 -0.9430 0.0031
vn -0.3120 -0.9500 0.0096
vn -0.3121 -0.9500 0.0078
vn -0.3177 -0.9481 0.0106
vn -0.0702 -0.9974 -0.0141
vn -0.0147 -0.9998 0.0098
vn -0.3067 -0.9518 0.0072
vn -0.2922 -0.9563 0.0101
vn -0.2911 -0.9563 0.0268
vn -0.2791 -0.9600 0.0221
vn -0.3186 -0.9476 0.0249
vn -0.3169 -0.9481 0.0254
vn -0.3031 -0.9529 0.0113
vn -0.2869 -0.9579 0.0139
vn -0.2857 -0.9579 0.0296
vn -0.2735 -0.9615 0.0254
vn -0.2901 -0.9569 0.0142
vn -0.2752 -0.9612 0.0168
vn -0.2745 -0.9612 0.0259
vn -0.2850 -0.9581 0.0295
vn -0.4902 -0.8709 0.0354
vn -0.5275 -0.8490 0.0285
vn -0.5270 -0.8491 0.0355
vn -0.5654 -0.8234 0.0494
vn -0.9062 0.4167 0.0718
vn -0.8563 0.5145 0.0461
vn -0.8552 0.5145 0.0626
vn -0.8372 0.5427 0.0685
vn -0.2968 0.9548 0.0167
vn -0.2838 0.9588 0.0125
vn -0.2829 0.9588 0.0260
vn -0.2745 0.9612 0.0277
vn -0.2964 0.9548 0.0223
vn -0.2999 0.9537 0.0216
vn -0.3087 0.9509 0.0220
vn -0.2999 0.9538 0.0192
vn -0.3005 0.9537 0.0081
vn -0.2798 0.9600 0.0123
vn -0.3092 0.9510 0.0067
vn -0.3177 0.9482 0.0047
vn -0.3341 0.9425 0.0052
vn -0.3200 0.9474 0.0009
vn -0.3196 0.9474 0.0168
vn -0.3074 0.9514 0.0196
vn -0.3328 0.9424 -0.0347
vn -0.3151 0.9486 -0.0283
vn -0.3193 0.9472 -0.0286
vn -0.3653 0.9308 -0.0152
vn -0.3654 0.9308 -0.0115
vn -0.3303 0.9439 0.0011
vn -0.0414 0.9991 -0.0006
vn -0.0468 0.9989 0.0022
vn -0.0469 0.9988 0.0105
vn -0.0845 0.9964 -0.0091
vn -0.1727 0.9850 -0.0008
vn -0.1716 0.9852 -0.0017
vn -0.1716 0.9852 0.0022
vn -0.1579 0.9874 0.0132
vn 0.1621 0.9867 -0.0078
vn 0.1452 0.9894 0.0081
vn 0.1447 0.9895 -0.0071
vn 0.1544 0.9880 0.0009
vn 0.1623 0.9867 -0.0048
vn 0.1591 0.9872 -0.0074
vn 0.0857 0.9963 0.0005
vn 0.0749 0.9972 0.0086
vn 0.0742 0.9972 0.0015
vn 0.0954 0.9954 0.0106
vn 0.2623 0.9647 -0.0239
vn 0.3072 0.9502 -0.0527
vn 0.3112 0.9500 -0.0255
vn 0.3298 0.9438 -0.0203
vn 0.2666 0.9628 -0.0434
vn 0.3210 0.9442 -0.0735
vn 0.3291 0.9440 -0.0248
vn 0.3200 0.9471 -0.0263
vn 0.2592 0.9642 -0.0567
vn 0.3044 0.9489 -0.0834
vn 0.3152 0.9487 -0.0256
vn 0.3226 0.9462 -0.0242
vn 0.2727 0.9592 -0.0742
vn 0.3216 0.9412 -0.1039
vn 0.3357 0.9415 -0.0297
vn 0.3441 0.9385 -0.0280
vn 0.7981 0.5515 -0.2425
vn 0.8609 0.4156 -0.2934
vn 0.9060 0.4159 -0.0787
vn 0.9169 0.3923 -0.0730
vn 0.5278 -0.8372 -0.1435
vn 0.4649 -0.8742 -0.1401
vn 0.4822 -0.8749 -0.0449
vn 0.3956 -0.9184 -0.0100
vn 0.2790 -0.9572 -0.0769
vn 0.3210 -0.9437 -0.0797
vn 0.3303 -0.9434 -0.0312
vn 0.3226 -0.9461 -0.0281
vn 0.2789 -0.9581 -0.0653
vn 0.3308 -0.9412 -0.0690
vn 0.3370 -0.9409 -0.0355
vn 0.3254 -0.9451 -0.0307
vn 0.2752 -0.9600 -0.0507
vn 0.3381 -0.9397 -0.0510
vn 0.3406 -0.9395 -0.0350
vn 0.3435 -0.9385 -0.0364
vn 0.2737 -0.9613 -0.0312
vn 0.2917 -0.9561 -0.0294
vn 0.2924 -0.9560 -0.0235
vn 0.3048 -0.9519 -0.0299
vn 0.0476 -0.9984 0.0304
vn 0.0023 -0.9999 0.0160
vn 0.0009 -1.0000 0.0021
vn -0.0309 -0.9994 0.0186
vn 0.1568 -0.9876 -0.0020
vn 0.1574 -0.9875 -0.0016
vn 0.1576 -0.9875 0.0023
vn 0.1706 -0.9853 -0.0086
vn -0.1343 -0.9909 0.0055
vn -0.1398 -0.9902 0.0007
vn -0.1398 -0.9902 -0.0020
vn -0.1527 -0.9882 0.0083
vn -0.0151 -0.9999 0.0063
vn -0.0160 -0.9999 0.0057
vn -0.0158 -0.9999 0.0026
vn -0.0099 -1.0000 -0.0002
vn -0.2843 -0.9584 -0.0243
vn -0.3259 -0.9442 -0.0472
vn -0.3276 -0.9445 -0.0245
vn -0.3125 -0.9495 -0.0280
vn -0.3216 -0.9466 -0.0238
vn -0.3254 -0.9452 -0.0254
vn -0.3260 -0.9454 -0.0039
vn -0.3081 -0.9513 -0.0090
vn -0.3330 -0.9429 -0.0099
vn -0.3132 -0.9497 -0.0017
vn -0.3191 -0.9477 -0.0038
vn -0.3039 -0.9527 0.0004
vn -0.3036 -0.9527 0.0095
vn -0.3032 -0.9529 0.0093
vn -0.3066 -0.9518 0.0095
vn -0.3078 -0.9514 0.0093
vn -0.3207 -0.9472 0.0005
vn -0.2960 -0.9552 0.0073
vn -0.2959 -0.9552 0.0105
vn -0.2904 -0.9569 0.0086
vn -0.5042 -0.8635 0.0093
vn -0.4685 -0.8833 0.0193
vn -0.4687 -0.8832 0.0143
vn -0.4910 -0.8709 0.0219
vn -0.8584 0.5128 0.0137
vn -0.8891 0.4567 0.0288
vn -0.8883 0.4565 0.0496
vn -0.9081 0.4169 0.0407
vn -0.8553 0.5119 -0.0799
vn -0.8379 0.5412 -0.0711
vn -0.3173 0.9477 -0.0353
vn -0.3159 0.9481 -0.0356
vn -0.3168 0.9485 0.0070
vn -0.3002 0.9538 0.0110
vn -0.3115 0.9475 -0.0727
vn -0.2849 0.9567 -0.0592
vn -0.2778 0.9589 -0.0577
vn -0.3043 0.9509 -0.0566
vn -0.3078 0.9509 -0.0326
vn -0.3165 0.9479 -0.0357
vn -0.2833 0.9587 -0.0248
vn -0.2601 0.9654 -0.0177
vn -0.2514 0.9677 -0.0173
vn -0.2832 0.9590 -0.0083
vn -0.2792 0.9593 -0.0426
vn -0.3115 0.9485 -0.0581
vn -0.2548 0.9670 -0.0077
vn -0.2805 0.9599 0.0030
vn -0.2789 0.9599 -0.0277
vn -0.3177 0.9470 -0.0484
vn -0.0523 0.9986 0.0046
vn -0.0388 0.9992 -0.0046
vn -0.0388 0.9992 -0.0020
vn -0.0412 0.9991 -0.0036
vn -0.1363 0.9907 -0.0031
vn -0.1514 0.9884 0.0140
vn -0.1514 0.9884 0.0119
vn -0.1727 0.9850 -0.0075
vn -0.1364 0.9906 -0.0057
vn -0.1154 0.9932 0.0146
vn 0.1524 0.9883 0.0034
vn 0.1471 0.9891 0.0092
vn 0.1463 0.9890 -0.0192
vn 0.1592 0.9872 -0.0073
vn 0.1003 0.9949 0.0110
vn 0.0805 0.9964 0.0247
vn 0.0784 0.9968 -0.0177
vn 0.0843 0.9963 -0.0146
vn 0.2501 0.9679 0.0234
vn 0.2422 0.9699 0.0268
vn 0.2369 0.9703 -0.0491
vn 0.2592 0.9649 -0.0430
vn 0.2427 0.9697 0.0268
vn 0.2375 0.9710 0.0283
vn 0.2296 0.9716 -0.0571
vn 0.2640 0.9630 -0.0537
vn 0.2332 0.9720 0.0281
vn 0.2369 0.9711 0.0274
vn 0.2301 0.9711 -0.0637
vn 0.2570 0.9643 -0.0636
vn 0.2452 0.9691 0.0280
vn 0.2398 0.9704 0.0289
vn 0.2311 0.9702 -0.0734
vn 0.2726 0.9592 -0.0743
vn 0.7158 0.6951 0.0668
vn 0.7036 0.7072 0.0688
vn 0.6828 0.6952 -0.2247
vn 0.8032 0.5519 -0.2243
vn 0.6042 -0.7909 0.0968
vn 0.4133 -0.9098 0.0376
vn 0.4042 -0.9067 -0.1202
vn 0.5151 -0.8369 -0.1851
vn 0.2662 -0.9635 0.0295
vn 0.2509 -0.9677 0.0251
vn 0.2423 -0.9682 -0.0622
vn 0.2775 -0.9572 -0.0817
vn 0.2638 -0.9642 0.0258
vn 0.2466 -0.9689 0.0208
vn 0.2410 -0.9691 -0.0524
vn 0.2768 -0.9582 -0.0722
vn 0.2426 -0.9699 0.0207
vn 0.2392 -0.9708 0.0197
vn 0.2350 -0.9712 -0.0381
vn 0.2729 -0.9601 -0.0606
vn 0.2567 -0.9663 0.0194
vn 0.2380 -0.9712 0.0121
vn 0.2358 -0.9716 -0.0220
vn 0.2716 -0.9613 -0.0462
vn 0.0973 -0.9951 0.0173
vn 0.0693 -0.9976 0.0004
vn 0.0691 -0.9976 -0.0041
vn 0.0464 -0.9988 0.0147
vn 0.1510 -0.9885 -0.0035
vn 0.1408 -0.9899 -0.0133
vn 0.1412 -0.9900 0.0023
vn 0.1563 -0.9876 -0.0145
vn -0.1168 -0.9932 -0.0019
vn -0.1210 -0.9926 -0.0058
vn -0.1209 -0.9927 -0.0011
vn -0.1342 -0.9909 0.0127
vn -0.0961 -0.9953 -0.0071
vn -0.0513 -0.9985 0.0177
vn -0.0510 -0.9984 0.0247
vn -0.0150 -0.9999 0.0002
vn -0.2711 -0.9616 0.0430
vn -0.2404 -0.9693 0.0519
vn -0.2425 -0.9702 0.0014
vn -0.2859 -0.9581 0.0192
vn -0.2642 -0.9629 0.0555
vn -0.2401 -0.9690 0.0587
vn -0.2448 -0.9695 -0.0097
vn -0.2798 -0.9601 -0.0003
vn -0.2562 -0.9666 -0.0105
vn -0.2829 -0.9589 -0.0194
vn -0.2761 -0.9592 -0.0607
vn -0.3190 -0.9458 -0.0600
vn -0.3176 -0.9463 -0.0597
vn -0.2760 -0.9604 -0.0378
vn -0.2970 -0.9526 -0.0658
vn -0.3154 -0.9459 -0.0757
vn -0.3236 -0.9459 -0.0228
vn -0.3202 -0.9471 -0.0234
vn -0.3186 -0.9476 -0.0232
vn -0.3237 -0.9458 -0.0252
vn -0.5917 -0.7927 -0.1471
vn -0.5326 -0.8385 -0.1148
vn -0.5449 -0.8378 -0.0340
vn -0.5034 -0.8630 -0.0420
vn -0.6062 -0.7936 -0.0523
vn -0.5598 -0.8265 -0.0591
vn -0.7291 0.6805 -0.0728
vn -0.7981 0.5998 -0.0582
vn -0.7815 0.5979 -0.1786
vn -0.8170 0.5407 -0.2003
vn -0.6971 0.6947 0.1773
vn -0.6923 0.6995 0.1775
vn -0.2722 0.9598 0.0679
vn -0.2605 0.9635 0.0619
vn -0.2681 0.9631 -0.0238
vn -0.2893 0.9567 -0.0302
vn -0.2728 0.9598 0.0656
vn -0.2687 0.9610 0.0658
vn -0.2602 0.9634 0.0638
vn -0.2623 0.9628 0.0649
vn -0.2633 0.9628 0.0605
vn -0.2554 0.9649 0.0606
vn -0.2648 0.9621 0.0654
vn -0.2598 0.9636 0.0629
vn -0.2613 0.9637 0.0549
vn -0.2460 0.9676 0.0565
vn -0.3236 0.9433 0.0746
vn -0.2673 0.9627 0.0419
vn -0.2663 0.9626 0.0496
vn -0.2520 0.9662 0.0533
vn -0.1596 0.9868 0.0263
vn -0.1065 0.9942 -0.0125
vn -0.1061 0.9943 -0.0081
vn -0.0518 0.9985 0.0204
vn -0.1542 0.9842 0.0865
vn -0.2984 0.9543 0.0156
vn -0.1209 0.9926 0.0071
vn -0.1069 0.9943 -0.0059
vn -0.1067 0.9943 -0.0032
vn -0.1166 0.9931 -0.0117
vn 0.1603 0.9870 -0.0070
vn 0.1463 0.9892 0.0053
vn 0.1465 0.9892 -0.0098
vn 0.1525 0.9883 -0.0040
vn 0.1549 0.9879 0.0057
vn 0.1380 0.9903 0.0140
vn 0.1380 0.9903 0.0141
vn 0.1005 0.9949 -0.0107
vn 0.2677 0.9632 0.0231
vn 0.2521 0.9673 0.0277
vn 0.2525 0.9673 0.0226
vn 0.2501 0.9680 0.0215
vn 0.2638 0.9641 0.0287
vn 0.2487 0.9681 0.0315
vn 0.2493 0.9681 0.0243
vn 0.2430 0.9698 0.0217
vn 0.2404 0.9702 0.0308
vn 0.2458 0.9689 0.0300
vn 0.2461 0.9689 0.0268
vn 0.2337 0.9721 0.0223
vn 0.2388 0.9706 0.0293
vn 0.2552 0.9665 0.0268
vn 0.2548 0.9665 0.0305
vn 0.2453 0.9691 0.0267
vn 0.6686 0.7409 0.0641
vn 0.6945 0.7170 0.0589
vn 0.6917 0.7170 0.0865
vn 0.7128 0.6948 0.0956
vn 0.6117 -0.7894 0.0519
vn 0.6411 -0.7649 0.0625
vn 0.6398 -0.7649 0.0752
vn 0.6061 -0.7914 0.0791
vn 0.2534 -0.9669 0.0294
vn 0.2527 -0.9671 0.0292
vn 0.2529 -0.9671 0.0273
vn 0.2665 -0.9635 0.0258
vn 0.2550 -0.9665 0.0293
vn 0.2524 -0.9672 0.0285
vn 0.2523 -0.9672 0.0300
vn 0.2635 -0.9642 0.0287
vn 0.2672 -0.9632 0.0297
vn 0.2575 -0.9659 0.0263
vn 0.2575 -0.9659 0.0262
vn 0.2420 -0.9699 0.0289
vn 0.2776 -0.9603 0.0277
vn 0.2642 -0.9642 0.0215
vn 0.2640 -0.9642 0.0237
vn 0.2565 -0.9662 0.0261
vn 0.1436 -0.9895 0.0136
vn 0.1238 -0.9923 0.0015
vn 0.1240 -0.9923 -0.0016
vn 0.0974 -0.9952 0.0128
vn 0.1484 -0.9889 0.0023
vn 0.1464 -0.9892 0.0004
vn 0.1463 -0.9892 0.0031
vn 0.1510 -0.9885 -0.0014
vn -0.1087 -0.9941 0.0033
vn -0.1004 -0.9949 0.0101
vn -0.1012 -0.9948 -0.0069
vn -0.1163 -0.9932 0.0084
vn -0.2715 -0.9623 0.0172
vn -0.1341 -0.9874 0.0836
vn -0.1391 -0.9900 0.0238
vn -0.0961 -0.9953 -0.0073
vn -0.1635 -0.9829 0.0851
vn -0.3203 -0.9466 0.0362
vn -0.3166 -0.9460 0.0690
vn -0.2712 -0.9616 0.0422
vn -0.2211 -0.9748 0.0306
vn -0.2907 -0.9567 0.0145
vn -0.2846 -0.9561 0.0702
vn -0.2635 -0.9628 0.0596
vn -0.3191 -0.9476 0.0158
vn -0.2910 -0.9565 0.0218
vn -0.2858 -0.9559 0.0677
vn -0.2951 -0.9527 0.0723
vn -0.2926 -0.9537 0.0692
vn -0.2652 -0.9616 0.0704
vn -0.2641 -0.9616 0.0750
vn -0.2644 -0.9615 0.0752
vn -0.2499 -0.9656 0.0718
vn -0.2955 -0.9527 0.0704
vn -0.6580 -0.7363 0.1577
vn -0.6149 -0.7720 0.1608
vn -0.6097 -0.7716 0.1817
vn -0.5321 -0.8351 0.1396
vn -0.6757 -0.7367 0.0285
vn -0.6261 -0.7797 0.0111
vn -0.7006 0.7134 0.0145
vn -0.7557 0.6539 0.0360
vn -0.7375 0.6535 0.1704
vn -0.6929 0.6995 0.1748
vn -0.7006 0.7132 0.0212
vn -0.6812 0.7316 0.0268
vn -0.2612 0.9647 0.0343
vn -0.2600 0.9650 0.0339
vn -0.2595 0.9655 0.0191
vn -0.2753 0.9612 0.0155
vn -0.2795 0.9596 0.0339
vn -0.2990 0.9535 0.0391
vn -0.2992 0.9541 0.0122
vn -0.2657 0.9639 0.0193
vn -0.2669 0.9629 0.0391
vn -0.2015 0.9793 0.0203
vn -0.2012 0.9792 0.0262
vn -0.2708 0.9626 0.0108
vn -0.2402 0.9705 0.0206
vn -0.1578 0.9874 -0.0094
vn -0.1512 0.9847 0.0864
vn -0.3283 0.9440 0.0325
vn -0.2401 0.9704 0.0258
vn -0.2430 0.9697 0.0249
vn -0.2681 0.9631 0.0252
vn -0.2497 0.9682 0.0145
vn -0.2497 0.9682 0.0187
vn -0.2995 0.9540 -0.0094
vn -0.1444 0.9894 0.0147
vn -0.1369 0.9905 0.0085
vn -0.1370 0.9906 0.0040
vn -0.1206 0.9925 0.0174
vn 0.1475 0.9890 0.0124
vn 0.1505 0.9886 0.0100
vn 0.1508 0.9886 -0.0040
vn 0.1602 0.9871 0.0045
vn 0.2373 0.9713 0.0139
vn 0.1884 0.9814 0.0375
vn 0.1893 0.9818 0.0173
vn 0.1554 0.9878 -0.0037
vn 0.2490 0.9676 0.0406
vn 0.2711 0.9620 0.0337
vn 0.2716 0.9621 0.0247
vn 0.2677 0.9632 0.0229
vn 0.2339 0.9718 0.0315
vn 0.2596 0.9654 0.0260
vn 0.2598 0.9654 0.0225
vn 0.2642 0.9642 0.0241
vn 0.2261 0.9738 0.0239
vn 0.2420 0.9700 0.0210
vn 0.2420 0.9700 0.0213
vn 0.2411 0.9703 0.0211
vn 0.2321 0.9725 0.0204
vn 0.2314 0.9726 0.0206
vn 0.2315 0.9727 0.0185
vn 0.2394 0.9707 0.0211
vn 0.6232 0.7809 0.0428
vn 0.6419 0.7658 0.0387
vn 0.6416 0.7658 0.0435
vn 0.6694 0.7409 0.0540
vn 0.6200 -0.7840 0.0326
vn 0.6388 -0.7684 0.0390
vn 0.6381 -0.7684 0.0501
vn 0.6115 -0.7893 0.0552
vn 0.2364 -0.9715 0.0154
vn 0.2545 -0.9668 0.0210
vn 0.2544 -0.9668 0.0225
vn 0.2539 -0.9670 0.0226
vn 0.2164 -0.9761 0.0189
vn 0.2480 -0.9684 0.0285
vn 0.2482 -0.9684 0.0238
vn 0.2555 -0.9665 0.0226
vn 0.2377 -0.9709 0.0279
vn 0.2624 -0.9643 0.0362
vn 0.2630 -0.9644 0.0261
vn 0.2675 -0.9632 0.0252
vn 0.2499 -0.9676 0.0354
vn 0.2741 -0.9606 0.0461
vn 0.2752 -0.9610 0.0279
vn 0.2776 -0.9603 0.0271
vn 0.2699 -0.9618 0.0459
vn 0.2094 -0.9778 0.0098
vn 0.2103 -0.9776 -0.0114
vn 0.1433 -0.9895 0.0192
vn 0.1298 -0.9915 0.0058
vn 0.1223 -0.9925 -0.0009
vn 0.1221 -0.9925 0.0074
vn 0.1486 -0.9888 -0.0146
vn -0.1342 -0.9909 -0.0039
vn -0.1157 -0.9932 0.0117
vn -0.1157 -0.9932 0.0126
vn -0.1086 -0.9941 0.0065
vn -0.2678 -0.9634 0.0119
vn -0.2326 -0.9721 0.0312
vn -0.2333 -0.9724 -0.0084
vn -0.2717 -0.9623 0.0136
vn -0.2273 -0.9733 0.0312
vn -0.2704 -0.9626 0.0153
vn -0.2702 -0.9623 0.0298
vn -0.1687 -0.9856 -0.0083
vn -0.2277 -0.9736 0.0153
vn -0.2442 -0.9697 0.0107
vn -0.2438 -0.9691 0.0366
vn -0.2211 -0.9748 0.0300
vn -0.2283 -0.9735 0.0107
vn -0.2612 -0.9653 0.0028
vn -0.2610 -0.9651 0.0216
vn -0.3186 -0.9472 0.0364
vn -0.2335 -0.9723 0.0026
vn -0.2674 -0.9636 -0.0055
vn -0.2667 -0.9636 0.0210
vn -0.2690 -0.9629 0.0216
vn -0.5535 -0.8328 -0.0028
vn -0.6017 -0.7986 -0.0144
vn -0.6013 -0.7989 0.0129
vn -0.6264 -0.7793 0.0198
vn -0.5535 -0.8328 0.0073
vn -0.6042 -0.7966 0.0202
vn -0.6139 0.7893 -0.0056
vn -0.6730 0.7395 0.0121
vn -0.6731 0.7396 0.0010
vn -0.6818 0.7315 -0.0013
vn -0.2317 0.9728 0.0001
vn -0.2330 0.9725 0.0004
vn -0.2330 0.9725 0.0022
vn -0.2621 0.9650 -0.0050
vn -0.2324 0.9726 0.0004
vn -0.2267 0.9740 -0.0011
vn -0.2266 0.9739 0.0156
vn -0.2800 0.9600 0.0029
vn -0.2375 0.9714 -0.0008
vn -0.2306 0.9730 -0.0029
vn -0.2304 0.9728 0.0258
vn -0.2672 0.9635 0.0159
vn -0.2374 0.9714 -0.0000
vn -0.2373 0.9714 0.0001
vn -0.2463 0.9692 0.0003
vn -0.2472 0.9690 0.0007
vn -0.2472 0.9690 -0.0039
vn -0.2431 0.9700 -0.0026
vn -0.2665 0.9638 0.0011
vn -0.2649 0.9643 0.0002
vn -0.2649 0.9643 -0.0014
vn -0.2683 0.9633 -0.0032
vn -0.1490 0.9888 -0.0001
vn -0.1532 0.9882 0.0032
vn -0.1531 0.9882 -0.0090
vn -0.1444 0.9895 -0.0017
vn 0.1710 0.9852 0.0066
vn 0.1708 0.9853 0.0068
vn 0.1706 0.9852 0.0156
vn 0.1479 0.9890 -0.0039
vn 0.2377 0.9713 0.0075
vn 0.2401 0.9707 0.0063
vn 0.2398 0.9706 0.0187
vn 0.2371 0.9713 0.0172
vn 0.2273 0.9738 0.0060
vn 0.2333 0.9724 0.0039
vn 0.2332 0.9724 0.0123
vn 0.2498 0.9681 0.0190
vn 0.2207 0.9753 0.0038
vn 0.2264 0.9740 0.0023
vn 0.2263 0.9740 0.0098
vn 0.2345 0.9720 0.0123
vn 0.2196 0.9756 0.0022
vn 0.2244 0.9745 0.0011
vn 0.2243 0.9745 0.0092
vn 0.2266 0.9739 0.0098
vn 0.2207 0.9753 0.0010
vn 0.2291 0.9734 -0.0010
vn 0.2289 0.9734 0.0084
vn 0.2325 0.9726 0.0094
vn 0.6111 0.7915 0.0041
vn 0.6108 0.7918 0.0042
vn 0.6106 0.7918 0.0169
vn 0.6242 0.7810 0.0212
vn 0.6228 -0.7824 0.0082
vn 0.6186 -0.7857 0.0071
vn 0.6184 -0.7855 0.0221
vn 0.6204 -0.7839 0.0216
vn 0.2363 -0.9717 0.0024
vn 0.2385 -0.9711 0.0030
vn 0.2384 -0.9711 0.0103
vn 0.2366 -0.9716 0.0107
vn 0.2294 -0.9733 0.0029
vn 0.2265 -0.9740 0.0021
vn 0.2264 -0.9740 0.0075
vn 0.2167 -0.9762 0.0095
vn 0.2273 -0.9738 0.0021
vn 0.2308 -0.9730 0.0032
vn 0.2307 -0.9730 0.0097
vn 0.2383 -0.9712 0.0079
vn 0.2297 -0.9733 0.0031
vn 0.2363 -0.9717 0.0057
vn 0.2361 -0.9716 0.0154
vn 0.2508 -0.9680 0.0105
vn 0.2396 -0.9709 0.0058
vn 0.2437 -0.9698 0.0081
vn 0.2431 -0.9695 0.0304
vn 0.2709 -0.9625 0.0164
vn 0.1759 -0.9844 0.0071
vn 0.1715 -0.9852 0.0035
vn 0.1716 -0.9851 -0.0056
vn 0.1292 -0.9912 0.0274
vn -0.1498 -0.9887 0.0026
vn -0.1484 -0.9889 0.0036
vn -0.1484 -0.9889 0.0019
vn -0.1342 -0.9909 -0.0098
vn -0.2485 -0.9686 0.0048
vn -0.2533 -0.9674 0.0023
vn -0.2533 -0.9674 -0.0057
vn -0.2678 -0.9635 0.0025
vn -0.2402 -0.9707 0.0019
vn -0.2386 -0.9711 0.0025
vn -0.2386 -0.9711 -0.0018
vn -0.2275 -0.9738 -0.0061
vn -0.2345 -0.9721 0.0024
vn -0.2340 -0.9722 0.0025
vn -0.2341 -0.9722 -0.0002
vn -0.2279 -0.9737 -0.0020
vn -0.2333 -0.9724 0.0025
vn -0.2345 -0.9721 0.0022
vn -0.2345 -0.9721 0.0013
vn -0.2284 -0.9736 -0.0003
vn -0.2429 -0.9700 0.0024
vn -0.2463 -0.9692 0.0017
vn -0.2462 -0.9692 0.0045
vn -0.2335 -0.9724 0.0013
vn -0.2429 -0.9700 0.0025
vn -0.2342 -0.9722 0.0002
vn -0.6350 -0.7725 0.0022
vn -0.6624 -0.7491 -0.0056
vn -0.6620 -0.7490 0.0282
vn -0.6045 -0.7966 0.0108
vn -0.6325 0.7746 0.0004
vn -0.6259 0.7799 -0.0014
vn -0.6258 0.7799 0.0103
vn -0.6135 0.7896 0.0132
vn -0.2314 0.9729 -0.0012
vn -0.2245 0.9745 -0.0029
vn -0.2245 0.9745 -0.0003
vn -0.2318 0.9728 -0.0019
vn -0.2284 0.9736 -0.0029
vn -0.2326 0.9726 -0.0019
vn -0.2326 0.9726 -0.0001
vn -0.2324 0.9726 -0.0001
vn -0.2284 0.9736 -0.0006
vn -0.2219 0.9751 0.0010
vn -0.2262 0.9741 0.0010
vn -0.2334 0.9724 0.0030
vn -0.2334 0.9724 -0.0008
vn -0.2373 0.9714 -0.0019
vn -0.2366 0.9716 0.0030
vn -0.2436 0.9699 0.0055
vn -0.2435 0.9699 0.0002
vn -0.2463 0.9692 -0.0008
vn -0.2479 0.9688 0.0055
vn -0.2529 0.9675 0.0081
vn -0.2529 0.9675 0.0072
vn -0.2665 0.9638 0.0002
vn -0.1569 0.9876 0.0077
vn -0.1509 0.9885 0.0029
vn -0.1509 0.9885 0.0056
vn -0.1491 0.9888 0.0071
vn 0.1732 0.9849 0.0015
vn 0.1710 0.9853 0.0033
vn 0.1709 0.9853 0.0049
vn 0.1710 0.9853 0.0049
vn 0.2377 0.9713 0.0042
vn 0.2375 0.9714 0.0043
vn 0.2375 0.9714 0.0052
vn 0.2377 0.9713 0.0054
vn 0.2302 0.9731 0.0041
vn 0.2285 0.9735 0.0047
vn 0.2285 0.9735 0.0055
vn 0.2273 0.9738 0.0050
vn 0.2217 0.9751 0.0045
vn 0.2211 0.9752 0.0047
vn 0.2211 0.9752 0.0054
vn 0.2207 0.9753 0.0053
vn 0.2169 0.9762 0.0046
vn 0.2186 0.9758 0.0042
vn 0.2186 0.9758 0.0052
vn 0.2196 0.9756 0.0054
vn 0.2246 0.9744 0.0043
vn 0.2210 0.9753 0.0052
vn 0.2210 0.9753 0.0053
vn 0.2206 0.9753 0.0052
vn 0.5885 0.8084 0.0119
vn 0.6526 0.7577 -0.0048
vn 0.6525 0.7576 0.0186
vn 0.6111 0.7915 0.0070
vn 0.6107 -0.7918 0.0133
vn 0.5798 -0.8147 0.0053
vn 0.5798 -0.8147 0.0060
vn 0.6229 -0.7823 -0.0045
vn 0.2331 -0.9725 0.0038
vn 0.2341 -0.9722 0.0041
vn 0.2341 -0.9722 0.0017
vn 0.2363 -0.9717 0.0012
vn 0.2283 -0.9736 0.0040
vn 0.2295 -0.9733 0.0044
vn 0.2296 -0.9733 0.0017
vn 0.2294 -0.9733 0.0017
vn 0.2281 -0.9736 0.0044
vn 0.2281 -0.9736 0.0043
vn 0.2281 -0.9736 0.0014
vn 0.2273 -0.9738 0.0016
vn 0.2297 -0.9733 0.0044
vn 0.2290 -0.9734 0.0041
vn 0.2290 -0.9734 0.0017
vn 0.2297 -0.9733 0.0014
vn 0.2318 -0.9727 0.0041
vn 0.2356 -0.9718 0.0061
vn 0.2356 -0.9718 0.0039
vn 0.2397 -0.9709 0.0018
vn 0.1750 -0.9846 0.0060
vn 0.1698 -0.9855 0.0019
vn 0.1698 -0.9854 0.0083
vn 0.1759 -0.9844 0.0035
vn -0.1524 -0.9883 0.0018
vn -0.1452 -0.9894 0.0076
vn -0.1452 -0.9894 0.0050
vn -0.1498 -0.9887 0.0087
vn -0.2430 -0.9700 0.0078
vn -0.2506 -0.9681 0.0038
vn -0.2506 -0.9681 0.0067
vn -0.2485 -0.9686 0.0056
vn -0.2317 -0.9728 0.0038
vn -0.2364 -0.9717 0.0020
vn -0.2364 -0.9716 0.0052
vn -0.2401 -0.9707 0.0066
vn -0.2307 -0.9730 0.0020
vn -0.2301 -0.9732 0.0022
vn -0.2301 -0.9732 0.0039
vn -0.2345 -0.9721 0.0052
vn -0.2278 -0.9737 0.0022
vn -0.2271 -0.9739 0.0023
vn -0.2271 -0.9739 0.0024
vn -0.2333 -0.9724 0.0039
vn -0.2278 -0.9737 0.0028
vn -0.2256 -0.9742 0.0022
vn -0.2334 -0.9724 0.0022
vn -0.2353 -0.9719 0.0017
vn -0.2353 -0.9719 0.0026
vn -0.2342 -0.9722 0.0024
vn -0.6246 -0.7809 0.0011
vn -0.6117 -0.7911 0.0047
vn -0.6117 -0.7911 -0.0013
vn -0.6350 -0.7725 0.0052
vn -0.6492 0.7606 -0.0021
vn -0.6671 0.7450 0.0031
vn -0.6671 0.7450 -0.0009
vn -0.6325 0.7745 0.0087
vn -0.2301 0.9732 0.0013
vn -0.2304 0.9731 0.0014
vn -0.2304 0.9731 -0.0006
vn -0.2314 0.9729 -0.0008
vn -0.2301 0.9732 0.0010
vn -0.2311 0.9729 0.0007
vn -0.2254 0.9743 0.0007
vn -0.2283 0.9736 0.0014
vn -0.2283 0.9736 -0.0002
vn -0.2219 0.9751 0.0013
vn -0.2251 0.9743 0.0014
vn -0.2327 0.9725 0.0035
vn -0.2327 0.9725 -0.0020
vn -0.2262 0.9741 -0.0002
vn -0.2299 0.9732 0.0035
vn -0.2389 0.9710 0.0068
vn -0.2389 0.9710 -0.0028
vn -0.2366 0.9716 -0.0020
vn -0.2688 0.9632 0.0068
vn -0.2509 0.9680 -0.0021
vn -0.2509 0.9680 -0.0042
vn -0.2479 0.9688 -0.0027
vn -0.1576 0.9875 -0.0019
vn -0.1577 0.9875 -0.0018
vn -0.1577 0.9875 -0.0050
vn -0.1568 0.9876 -0.0042
vn 0.1712 0.9852 0.0019
vn 0.1791 0.9838 -0.0042
vn 0.1791 0.9838 0.0012
vn 0.1733 0.9849 -0.0036
vn 0.2475 0.9689 -0.0034
vn 0.2410 0.9705 -0.0002
vn 0.2410 0.9705 0.0038
vn 0.2377 0.9713 0.0021
vn 0.2303 0.9731 -0.0003
vn 0.2300 0.9732 -0.0002
vn 0.2300 0.9732 0.0035
vn 0.2302 0.9731 0.0036
vn 0.2213 0.9752 -0.0003
vn 0.2189 0.9758 0.0003
vn 0.2188 0.9758 0.0024
vn 0.2217 0.9751 0.0033
vn 0.2182 0.9759 0.0003
vn 0.2169 0.9762 0.0006
vn 0.2169 0.9762 0.0024
vn 0.2170 0.9762 0.0024
vn 0.2195 0.9756 0.0007
vn 0.2212 0.9752 0.0003
vn 0.2212 0.9752 0.0016
vn 0.2246 0.9744 0.0026
vn 0.5388 0.8424 0.0098
vn 0.5507 0.8347 0.0072
vn 0.5508 0.8346 -0.0007
vn 0.5885 0.8084 0.0103
vn 0.7095 -0.7039 0.0343
vn 0.6330 -0.7741 0.0106
vn 0.6331 -0.7741 0.0072
vn 0.6107 -0.7918 0.0131
vn 0.2330 -0.9725 0.0046
vn 0.2275 -0.9738 0.0031
vn 0.2275 -0.9738 0.0040
vn 0.2331 -0.9725 0.0027
vn 0.2233 -0.9747 0.0031
vn 0.2249 -0.9744 0.0035
vn 0.2249 -0.9744 0.0048
vn 0.2281 -0.9736 0.0035
vn 0.2262 -0.9741 0.0030
vn 0.2262 -0.9741 0.0054
vn 0.2281 -0.9736 0.0049
vn 0.2340 -0.9722 0.0030
vn 0.2315 -0.9728 0.0021
vn 0.2315 -0.9728 0.0048
vn 0.2297 -0.9733 0.0054
vn 0.2395 -0.9709 0.0022
vn 0.2396 -0.9709 0.0022
vn 0.2396 -0.9709 0.0009
vn 0.2318 -0.9727 0.0048
vn 0.1782 -0.9840 0.0018
vn 0.1729 -0.9849 -0.0025
vn 0.1729 -0.9849 0.0022
vn 0.1750 -0.9846 0.0005
vn -0.1558 -0.9878 -0.0031
vn -0.1512 -0.9885 0.0006
vn -0.1512 -0.9885 -0.0006
vn -0.1523 -0.9883 0.0002
vn -0.2458 -0.9693 -0.0004
vn -0.2455 -0.9694 -0.0003
vn -0.2455 -0.9694 0.0002
vn -0.2429 -0.9700 -0.0011
vn -0.2375 -0.9714 -0.0001
vn -0.2381 -0.9712 -0.0004
vn -0.2381 -0.9712 0.0026
vn -0.2317 -0.9728 0.0003
vn -0.2309 -0.9730 -0.0003
vn -0.2312 -0.9729 -0.0004
vn -0.2312 -0.9729 0.0028
vn -0.2307 -0.9730 0.0026
vn -0.2309 -0.9730 -0.0024
vn -0.2323 -0.9727 -0.0021
vn -0.2312 -0.9729 -0.0021
vn -0.2268 -0.9739 -0.0009
vn -0.2268 -0.9739 -0.0000
vn -0.2256 -0.9742 -0.0003
vn -0.2431 -0.9700 -0.0012
vn -0.2470 -0.9690 -0.0022
vn -0.2470 -0.9690 0.0033
vn -0.2334 -0.9724 -0.0000
vn -0.6223 -0.7827 -0.0058
vn -0.6572 -0.7536 -0.0155
vn -0.6572 -0.7536 0.0090
vn -0.6246 -0.7809 0.0003
vn -0.6465 0.7629 0.0048
vn -0.6041 0.7969 -0.0060
vn -0.6041 0.7969 0.0029
vn -0.6492 0.7606 -0.0091
vn -0.6455 0.7631 -0.0331
vn -0.5798 0.8146 -0.0132
vn -0.2269 0.9739 -0.0046
vn -0.2399 0.9708 -0.0015
vn -0.2399 0.9708 -0.0024
vn -0.2311 0.9729 -0.0000
vn -0.2227 0.9749 -0.0011
vn -0.2321 0.9727 0.0009
vn -0.2320 0.9727 -0.0039
vn -0.2254 0.9743 -0.0022
vn -0.2214 0.9752 0.0012
vn -0.2308 0.9730 0.0036
vn -0.2306 0.9730 -0.0054
vn -0.2251 0.9743 -0.0038
vn -0.2316 0.9728 0.0035
vn -0.2349 0.9720 0.0047
vn -0.2347 0.9720 -0.0073
vn -0.2298 0.9732 -0.0054
vn -0.2475 0.9689 0.0044
vn -0.2461 0.9692 0.0038
vn -0.2461 0.9692 0.0039
vn -0.2687 0.9632 -0.0078
vn -0.1664 0.9860 0.0048
vn -0.1641 0.9864 0.0030
vn -0.1641 0.9864 -0.0006
vn -0.1577 0.9875 0.0045
vn 0.1699 0.9854 0.0080
vn 0.1753 0.9845 0.0038
vn 0.1753 0.9845 0.0060
vn 0.1712 0.9852 0.0027
vn 0.2356 0.9718 0.0045
vn 0.2389 0.9710 0.0028
vn 0.2389 0.9710 0.0023
vn 0.2474 0.9689 0.0068
vn 0.2255 0.9742 0.0027
vn 0.2217 0.9751 0.0041
vn 0.2217 0.9751 -0.0008
vn 0.2303 0.9731 0.0023
vn 0.2184 0.9758 0.0040
vn 0.2163 0.9763 0.0046
vn 0.2163 0.9763 -0.0023
vn 0.2213 0.9752 -0.0008
vn 0.2166 0.9762 0.0046
vn 0.2192 0.9757 0.0040
vn 0.2192 0.9757 -0.0020
vn 0.2183 0.9759 -0.0023
vn 0.2196 0.9756 0.0040
vn 0.2296 0.9733 0.0015
vn 0.2296 0.9733 0.0006
vn 0.2195 0.9756 -0.0020
vn 0.4785 0.8781 0.0030
vn 0.5921 0.8055 -0.0246
vn 0.5924 0.8055 0.0143
vn 0.5391 0.8423 0.0002
vn 0.7365 -0.6762 0.0204
vn 0.6467 -0.7627 -0.0029
vn 0.6468 -0.7626 0.0050
vn 0.7106 -0.7035 -0.0125
vn 0.2359 -0.9718 0.0046
vn 0.2375 -0.9714 0.0050
vn 0.2375 -0.9714 -0.0002
vn 0.2331 -0.9724 0.0009
vn 0.2228 -0.9748 0.0050
vn 0.2215 -0.9751 0.0047
vn 0.2215 -0.9752 0.0003
vn 0.2234 -0.9747 -0.0002
vn 0.2253 -0.9743 0.0047
vn 0.2226 -0.9749 0.0039
vn 0.2226 -0.9749 0.0018
vn 0.2281 -0.9736 0.0003
vn 0.2312 -0.9729 0.0040
vn 0.2277 -0.9737 0.0027
vn 0.2277 -0.9737 0.0040
vn 0.2340 -0.9722 0.0017
vn 0.2347 -0.9721 0.0028
vn 0.2289 -0.9735 -0.0002
vn 0.2288 -0.9734 0.0094
vn 0.2395 -0.9709 0.0039
vn 0.1694 -0.9855 -0.0007
vn 0.1793 -0.9838 0.0073
vn 0.1793 -0.9838 0.0085
vn 0.1782 -0.9839 0.0093
vn -0.1567 -0.9876 0.0038
vn -0.1555 -0.9878 0.0048
vn -0.1555 -0.9878 0.0059
vn -0.1559 -0.9878 0.0062
vn -0.2433 -0.9699 0.0037
vn -0.2387 -0.9711 0.0062
vn -0.2386 -0.9711 0.0010
vn -0.2458 -0.9693 0.0046
vn -0.2258 -0.9742 0.0065
vn -0.2276 -0.9737 0.0058
vn -0.2275 -0.9738 -0.0024
vn -0.2375 -0.9714 0.0010
vn -0.2256 -0.9742 -0.0040
vn -0.2285 -0.9735 -0.0029
vn -0.2301 -0.9732 -0.0030
vn -0.2236 -0.9747 -0.0011
vn -0.2237 -0.9747 0.0035
vn -0.2324 -0.9726 0.0057
vn -0.2272 -0.9739 -0.0011
vn -0.2248 -0.9744 -0.0006
vn -0.2249 -0.9744 0.0019
vn -0.2314 -0.9729 0.0033
vn -0.2330 -0.9725 -0.0006
vn -0.2368 -0.9716 -0.0017
vn -0.2368 -0.9716 0.0001
vn -0.2431 -0.9700 0.0015
vn -0.6497 -0.7601 -0.0121
vn -0.5959 -0.8031 0.0041
vn -0.5953 -0.8033 -0.0170
vn -0.6222 -0.7828 -0.0109
vn -0.6498 -0.7601 0.0019
vn -0.5232 -0.8516 -0.0314
vn -0.5784 0.8157 0.0107
vn -0.5063 0.8624 -0.0061
vn -0.5063 0.8623 -0.0017
vn -0.5796 0.8146 -0.0209
vn -0.2329 0.9725 0.0007
vn -0.2260 0.9741 -0.0009
vn -0.2260 0.9741 -0.0003
vn -0.2270 0.9739 -0.0006
vn -0.2237 0.9747 -0.0008
vn -0.2200 0.9755 -0.0017
vn -0.2200 0.9755 0.0004
vn -0.2227 0.9749 -0.0003
vn -0.2232 0.9748 -0.0017
vn -0.2238 0.9746 -0.0016
vn -0.2238 0.9746 -0.0003
vn -0.2214 0.9752 0.0004
vn -0.2245 0.9745 -0.0016
vn -0.2300 0.9732 0.0003
vn -0.2300 0.9732 0.0002
vn -0.2315 0.9728 -0.0004
vn -0.2570 0.9664 -0.0002
vn -0.2483 0.9687 -0.0044
vn -0.2484 0.9687 -0.0006
vn -0.2474 0.9689 -0.0000
vn -0.1603 0.9871 -0.0026
vn -0.1634 0.9866 -0.0003
vn -0.1635 0.9865 0.0029
vn -0.1663 0.9861 0.0006
vn 0.1539 0.9881 0.0066
vn 0.1648 0.9863 -0.0018
vn 0.1647 0.9863 0.0042
vn 0.1699 0.9854 0.0084
vn 0.2442 0.9697 -0.0007
vn 0.2317 0.9728 0.0056
vn 0.2317 0.9728 0.0032
vn 0.2356 0.9718 0.0052
vn 0.2300 0.9732 0.0056
vn 0.2255 0.9742 0.0071
vn 0.2256 0.9742 0.0031
vn 0.2255 0.9742 0.0031
vn 0.2204 0.9754 0.0070
vn 0.2194 0.9756 0.0073
vn 0.2195 0.9756 0.0033
vn 0.2184 0.9758 0.0030
vn 0.2176 0.9760 0.0073
vn 0.2193 0.9756 0.0069
vn 0.2194 0.9756 0.0040
vn 0.2166 0.9762 0.0033
vn 0.2214 0.9752 0.0069
vn 0.2257 0.9742 0.0059
vn 0.2257 0.9742 0.0056
vn 0.5259 0.8504 0.0115
vn 0.5382 0.8428 0.0085
vn 0.5379 0.8427 0.0229
vn 0.4785 0.8781 0.0078
vn 0.6582 -0.7527 0.0139
vn 0.6575 -0.7533 0.0137
vn 0.6575 -0.7533 0.0133
vn 0.7367 -0.6762 -0.0075
vn 0.2219 -0.9751 0.0056
vn 0.2222 -0.9750 0.0056
vn 0.2222 -0.9750 0.0044
vn 0.2359 -0.9718 0.0012
vn 0.2162 -0.9763 0.0055
vn 0.2209 -0.9753 0.0068
vn 0.2209 -0.9753 0.0049
vn 0.2228 -0.9749 0.0045
vn 0.2200 -0.9755 0.0068
vn 0.2227 -0.9749 0.0076
vn 0.2227 -0.9749 0.0056
vn 0.2253 -0.9743 0.0050
vn 0.2286 -0.9735 0.0077
vn 0.2287 -0.9735 0.0067
vn 0.2312 -0.9729 0.0059
vn 0.2538 -0.9672 0.0083
vn 0.2429 -0.9701 0.0026
vn 0.2429 -0.9701 0.0029
vn 0.2346 -0.9721 0.0069
vn 0.1664 -0.9861 0.0011
vn 0.1655 -0.9862 0.0004
vn 0.1655 -0.9862 0.0045
vn 0.1694 -0.9856 0.0015
vn -0.1573 -0.9875 -0.0037
vn -0.1556 -0.9878 -0.0022
vn -0.1556 -0.9878 0.0011
vn -0.1567 -0.9876 0.0020
vn -0.2464 -0.9692 -0.0032
vn -0.2351 -0.9720 0.0029
vn -0.2350 -0.9720 -0.0040
vn -0.2432 -0.9700 0.0003
vn -0.2464 -0.9692 -0.0040
vn -0.2482 -0.9687 -0.0031
vn -0.2329 -0.9725 -0.0028
vn -0.2287 -0.9735 -0.0011
vn -0.2287 -0.9735 0.0029
vn -0.2286 -0.9735 0.0029
vn -0.2290 -0.9734 -0.0012
vn -0.2267 -0.9740 -0.0005
vn -0.2268 -0.9740 0.0020
vn -0.2301 -0.9732 0.0029
vn -0.2295 -0.9733 -0.0005
vn -0.2276 -0.9737 -0.0000
vn -0.2277 -0.9737 0.0021
vn -0.2272 -0.9738 0.0020
vn -0.2342 -0.9722 -0.0002
vn -0.2366 -0.9716 -0.0009
vn -0.2367 -0.9716 0.0030
vn -0.2330 -0.9725 0.0021
vn -0.2342 -0.9722 0.0007
vn -0.2277 -0.9737 -0.0008
vn -0.6179 -0.7862 -0.0093
vn -0.5609 -0.8279 0.0071
vn -0.5608 -0.8279 0.0008
vn -0.5240 -0.8517 -0.0076
vn -0.4676 0.8838 -0.0167
vn -0.5177 0.8555 -0.0045
vn -0.5177 0.8556 -0.0062
vn -0.5777 0.8159 -0.0229
vn -0.2172 0.9761 -0.0030
vn -0.2335 0.9723 0.0010
vn -0.2335 0.9724 -0.0015
vn -0.2328 0.9725 -0.0013
vn -0.2223 0.9750 0.0011
vn -0.2281 0.9736 0.0024
vn -0.2280 0.9736 -0.0025
vn -0.2237 0.9747 -0.0013
vn -0.2212 0.9752 0.0025
vn -0.2280 0.9736 0.0043
vn -0.2279 0.9737 -0.0038
vn -0.2232 0.9748 -0.0024
vn -0.2326 0.9726 0.0043
vn -0.2320 0.9727 0.0041
vn -0.2319 0.9727 -0.0065
vn -0.2244 0.9745 -0.0037
vn -0.2668 0.9637 0.0034
vn -0.2451 0.9695 -0.0069
vn -0.2452 0.9695 -0.0008
vn -0.2570 0.9664 -0.0071
vn -0.1724 0.9850 -0.0048
vn -0.1590 0.9872 -0.0149
vn -0.1592 0.9872 0.0024
vn -0.1604 0.9871 0.0015
vn 0.1642 0.9864 -0.0075
vn 0.1518 0.9884 0.0023
vn 0.1517 0.9884 0.0071
vn 0.1538 0.9881 0.0088
vn 0.2469 0.9690 0.0025
vn 0.2388 0.9710 0.0067
vn 0.2389 0.9710 0.0050
vn 0.2441 0.9697 0.0078
vn 0.2288 0.9734 0.0068
vn 0.2298 0.9732 0.0064
vn 0.2298 0.9732 0.0049
vn 0.2300 0.9732 0.0050
vn 0.2201 0.9754 0.0064
vn 0.2211 0.9752 0.0062
vn 0.2211 0.9752 0.0050
vn 0.2204 0.9754 0.0048
vn 0.2182 0.9759 0.0062
vn 0.2181 0.9759 0.0062
vn 0.2181 0.9759 0.0051
vn 0.2177 0.9760 0.0050
vn 0.2246 0.9744 0.0063
vn 0.2178 0.9760 0.0079
vn 0.2178 0.9760 0.0042
vn 0.2215 0.9752 0.0051
vn 0.4390 0.8984 0.0094
vn 0.5030 0.8643 -0.0061
vn 0.5030 0.8643 0.0014
vn 0.5260 0.8505 0.0077
vn 0.6871 -0.7265 0.0098
vn 0.6616 -0.7499 0.0026
vn 0.6615 -0.7499 0.0077
vn 0.6583 -0.7527 0.0086
vn 0.2291 -0.9734 0.0049
vn 0.2285 -0.9735 0.0047
vn 0.2285 -0.9735 0.0032
vn 0.2219 -0.9751 0.0049
vn 0.2218 -0.9751 0.0047
vn 0.2224 -0.9749 0.0049
vn 0.2224 -0.9750 0.0016
vn 0.2163 -0.9763 0.0031
vn 0.2234 -0.9747 0.0049
vn 0.2227 -0.9749 0.0047
vn 0.2227 -0.9749 0.0009
vn 0.2201 -0.9755 0.0016
vn 0.2277 -0.9737 0.0046
vn 0.2255 -0.9742 0.0039
vn 0.2255 -0.9742 0.0020
vn 0.2287 -0.9735 0.0009
vn 0.2448 -0.9696 0.0037
vn 0.2375 -0.9714 -0.0001
vn 0.2374 -0.9714 0.0102
vn 0.2538 -0.9672 0.0020
vn 0.1653 -0.9862 -0.0001
vn 0.1736 -0.9848 0.0066
vn 0.1736 -0.9848 0.0042
vn 0.1663 -0.9860 0.0097
vn -0.1587 -0.9873 0.0029
vn -0.1582 -0.9874 0.0034
vn -0.1581 -0.9874 -0.0022
vn -0.1573 -0.9876 -0.0029
vn -0.1585 -0.9873 -0.0138
vn -0.1813 -0.9834 0.0044
vn -0.2555 -0.9668 0.0020
vn -0.2504 -0.9681 0.0049
vn -0.2503 -0.9682 0.0019
vn -0.2482 -0.9687 0.0008
vn -0.2323 -0.9726 0.0054
vn -0.2359 -0.9718 0.0040
vn -0.2358 -0.9718 0.0034
vn -0.2329 -0.9725 0.0024
vn -0.2262 -0.9741 0.0043
vn -0.2244 -0.9745 0.0048
vn -0.2244 -0.9745 0.0023
vn -0.2290 -0.9734 0.0035
vn -0.2243 -0.9745 0.0048
vn -0.2237 -0.9747 0.0050
vn -0.2236 -0.9747 0.0009
vn -0.2295 -0.9733 0.0022
vn -0.2223 -0.9713 -0.0846
vn -0.3003 -0.9511 -0.0722
vn -0.2919 -0.9538 -0.0713
vn -0.2128 -0.9762 -0.0411
vn -0.2133 -0.9770 0.0014
vn -0.2278 -0.9737 0.0049
vn -0.6169 -0.7829 -0.0807
vn -0.6868 -0.7183 -0.1108
vn -0.6885 -0.7252 0.0102
vn -0.6180 -0.7862 -0.0080
vn -0.5294 0.8456 -0.0685
vn -0.4289 0.8998 -0.0808
vn -0.4279 0.9038 -0.0018
vn -0.4677 0.8838 -0.0110
vn -0.2587 0.9641 -0.0595
vn -0.2086 0.9757 -0.0670
vn -0.2093 0.9778 0.0013
vn -0.2173 0.9761 -0.0008
vn -0.2495 0.9658 -0.0712
vn -0.2117 0.9743 -0.0771
vn -0.2127 0.9771 0.0036
vn -0.2731 0.9584 -0.0826
vn -0.2148 0.9721 -0.0944
vn -0.2178 0.9760 0.0045
vn -0.2212 0.9752 0.0035
vn -0.2142 0.9722 -0.0944
vn -0.2229 0.9705 -0.0919
vn -0.2260 0.9741 0.0067
vn -0.2309 0.9686 -0.0923
vn -0.2589 0.9626 -0.0797
vn -0.2609 0.9653 0.0091
vn -0.2668 0.9637 0.0061
vn -0.2184 0.9727 -0.0789
vn -0.1905 0.9765 -0.1008
vn -0.1920 0.9814 -0.0043
vn -0.1726 0.9849 0.0118
vn 0.1870 0.9777 -0.0958
vn 0.1609 0.9842 -0.0738
vn 0.1605 0.9870 0.0023
vn 0.1640 0.9864 0.0053
vn 0.2398 0.9681 -0.0725
vn 0.2453 0.9665 -0.0755
vn 0.2452 0.9695 0.0020
vn 0.2469 0.9690 0.0029
vn 0.2759 0.9582 -0.0754
vn 0.2304 0.9714 -0.0581
vn 0.2304 0.9731 0.0026
vn 0.2289 0.9735 0.0021
vn 0.2836 0.9571 -0.0594
vn 0.2228 0.9740 -0.0409
vn 0.2224 0.9749 0.0032
vn 0.2202 0.9755 0.0026
vn 0.2874 0.9569 -0.0423
vn 0.2203 0.9751 -0.0239
vn 0.2201 0.9755 0.0037
vn 0.2182 0.9759 0.0032
vn 0.2378 0.9710 -0.0243
vn 0.2223 0.9748 -0.0199
vn 0.2224 0.9750 0.0031
vn 0.2246 0.9745 0.0037
vn 0.5251 0.8506 -0.0265
vn 0.4183 0.9083 0.0035
vn 0.4183 0.9083 -0.0014
vn 0.4390 0.8985 0.0037
vn 0.6948 -0.7185 -0.0320
vn 0.7152 -0.6985 -0.0263
vn 0.7155 -0.6986 0.0021
vn 0.6871 -0.7265 0.0104
vn 0.2467 -0.9689 -0.0188
vn 0.2249 -0.9741 -0.0240
vn 0.2250 -0.9743 0.0046
vn 0.2291 -0.9734 0.0035
vn 0.2849 -0.9582 -0.0253
vn 0.2198 -0.9747 -0.0405
vn 0.2197 -0.9756 0.0051
vn 0.2218 -0.9751 0.0046
vn 0.2917 -0.9556 -0.0419
vn 0.2226 -0.9731 -0.0600
vn 0.2226 -0.9749 0.0053
vn 0.2234 -0.9747 0.0051
vn 0.2651 -0.9623 -0.0606
vn 0.2257 -0.9713 -0.0748
vn 0.2261 -0.9741 0.0059
vn 0.2277 -0.9737 0.0053
vn 0.2210 -0.9724 -0.0748
vn 0.2490 -0.9666 -0.0598
vn 0.2492 -0.9685 0.0036
vn 0.2448 -0.9696 0.0058
vn 0.2141 -0.9750 -0.0601
vn 0.1748 -0.9802 -0.0935
vn 0.1744 -0.9847 -0.0039
vn 0.1652 -0.9862 0.0033
vn 0.2150 -0.9761 0.0310
vn 0.1928 -0.9800 0.0502
vn -0.1998 -0.9784 0.0541
vn -0.2059 -0.9774 0.0484
vn -0.2054 -0.9758 -0.0756
vn -0.1798 -0.9789 -0.0968
vn -0.2468 -0.9679 0.0471
vn -0.2522 -0.9667 0.0437
vn -0.2506 -0.9649 -0.0784
vn -0.2540 -0.9642 -0.0768
vn -0.2362 -0.9707 0.0445
vn -0.2211 -0.9739 0.0512
vn -0.2153 -0.9731 -0.0816
vn -0.2297 -0.9702 -0.0773
vn -0.2261 -0.9728 0.0509
vn -0.2299 -0.9719 0.0495
vn -0.2148 -0.9730 -0.0839
vn -0.2240 -0.9711 -0.0822
vn -0.2257 -0.9739 0.0233
vn -0.2049 -0.9787 0.0164
vn -0.2052 -0.9786 0.0165
vn -0.2121 -0.9771 0.0153
vn -0.2122 -0.9769 0.0254
vn -0.3101 -0.9497 0.0446
vn -0.2107 -0.9774 0.0152
vn -0.1987 -0.9799 0.0174
vn -0.1978 -0.9802 0.0010
vn -0.2934 -0.9557 0.0210
vn -0.6197 -0.7837 0.0416
vn -0.5793 -0.8136 0.0493
vn -0.5769 -0.8162 -0.0315
vn -0.6228 -0.7821 -0.0207
vn -0.4634 0.8857 0.0259
vn -0.5004 0.8650 0.0371
vn -0.4960 0.8683 -0.0074
vn -0.5323 0.8463 -0.0190
vn -0.2019 0.9793 0.0160
vn -0.1913 0.9815 0.0127
vn -0.1911 0.9811 0.0288
vn -0.2631 0.9647 0.0057
vn -0.2098 0.9776 0.0138
vn -0.2143 0.9767 0.0151
vn -0.2143 0.9760 0.0391
vn -0.2589 0.9656 0.0249
vn -0.2175 0.9759 0.0153
vn -0.2386 0.9709 0.0220
vn -0.2389 0.9697 0.0514
vn -0.2828 0.9585 0.0353
vn -0.2226 0.9747 0.0216
vn -0.2401 0.9704 0.0280
vn -0.2403 0.9697 0.0431
vn -0.2189 0.9743 0.0524
vn -0.2228 0.9745 0.0280
vn -0.2390 0.9703 0.0363
vn -0.2391 0.9702 0.0398
vn -0.2327 0.9716 0.0435
vn -0.2104 0.9769 0.0368
vn -0.2133 0.9762 0.0392
vn -0.2134 0.9759 0.0461
vn -0.2199 0.9747 0.0403
vn 0.1731 0.9837 0.0489
vn 0.1751 0.9834 0.0472
vn 0.1752 0.9840 0.0317
vn 0.1886 0.9811 0.0432
vn 0.2385 0.9699 0.0482
vn 0.2465 0.9681 0.0441
vn 0.2467 0.9684 0.0361
vn 0.2401 0.9702 0.0323
vn 0.2530 0.9665 0.0443
vn 0.2503 0.9671 0.0451
vn 0.2507 0.9677 0.0267
vn 0.2753 0.9607 0.0365
vn 0.2455 0.9684 0.0449
vn 0.2415 0.9693 0.0458
vn 0.2425 0.9700 0.0150
vn 0.2835 0.9586 0.0272
vn 0.2231 0.9738 0.0446
vn 0.2335 0.9714 0.0428
vn 0.2352 0.9720 0.0019
vn 0.2871 0.9578 0.0154
vn 0.2073 0.9774 0.0410
vn 0.2539 0.9667 0.0332
vn 0.2553 0.9668 0.0065
vn 0.2380 0.9713 0.0019
vn 0.3655 0.9299 0.0416
vn 0.4147 0.9093 0.0346
vn 0.4176 0.9084 -0.0187
vn 0.5259 0.8505 0.0096
vn 0.7027 -0.7085 0.0649
vn 0.6628 -0.7471 0.0505
vn 0.6642 -0.7471 0.0278
vn 0.6957 -0.7181 0.0187
vn 0.2052 -0.9786 0.0183
vn 0.2599 -0.9650 0.0365
vn 0.2606 -0.9651 0.0247
vn 0.2468 -0.9687 0.0281
vn 0.2206 -0.9748 0.0338
vn 0.2461 -0.9683 0.0418
vn 0.2465 -0.9685 0.0341
vn 0.2849 -0.9582 0.0250
vn 0.2458 -0.9684 0.0418
vn 0.2527 -0.9665 0.0440
vn 0.2527 -0.9665 0.0453
vn 0.2924 -0.9557 0.0345
vn 0.2593 -0.9648 0.0444
vn 0.2607 -0.9644 0.0449
vn 0.2606 -0.9643 0.0467
vn 0.2640 -0.9634 0.0454
vn 0.2411 -0.9695 0.0446
vn 0.2496 -0.9671 0.0493
vn 0.2499 -0.9678 0.0310
vn 0.2209 -0.9742 0.0465
vn 0.2410 -0.9694 0.0476
vn 0.2391 -0.9698 0.0485
vn 0.1875 -0.9812 0.0467
vn 0.1797 -0.9829 0.0401
vn 0.1794 -0.9820 0.0595
vn 0.1928 -0.9800 0.0486
vn -0.1795 -0.9832 0.0318
vn -0.1864 -0.9821 0.0257
vn -0.1867 -0.9814 0.0447
vn -0.1998 -0.9782 0.0563
vn -0.2111 -0.9771 0.0263
vn -0.2288 -0.9733 0.0170
vn -0.2288 -0.9729 0.0340
vn -0.2467 -0.9681 0.0440
vn -0.2061 -0.9784 0.0163
vn -0.2051 -0.9786 0.0166
vn -0.2050 -0.9785 0.0226
vn -0.2360 -0.9712 0.0340
vn -0.2060 -0.9784 0.0185
vn -0.2037 -0.9789 0.0177
vn -0.2032 -0.9790 0.0176
vn -0.2051 -0.9786 0.0173
vn -0.2049 -0.9787 0.0166
vn -0.2039 -0.9788 0.0172
vn -0.2072 -0.9782 0.0166
vn -0.2072 -0.9782 0.0172
vn -0.2052 -0.9786 0.0166
vn -0.2142 -0.9766 0.0171
vn -0.2086 -0.9778 0.0180
vn -0.2087 -0.9778 0.0169
vn -0.2106 -0.9774 0.0175
vn -0.4348 -0.9000 0.0322
vn -0.4567 -0.8892 0.0287
vn -0.4585 -0.8887 -0.0035
vn -0.6192 -0.7836 0.0504
vn -0.5939 0.8040 0.0298
vn -0.6462 0.7617 0.0464
vn -0.6468 0.7617 0.0383
vn -0.4606 0.8845 0.0746
vn -0.2069 0.9781 0.0207
vn -0.2010 0.9794 0.0189
vn -0.2009 0.9794 0.0202
vn -0.2017 0.9792 0.0201
vn -0.1995 0.9797 0.0188
vn -0.2056 0.9784 0.0205
vn -0.2056 0.9784 0.0214
vn -0.2094 0.9776 0.0207
vn -0.2031 0.9789 0.0204
vn -0.2100 0.9774 0.0225
vn -0.2099 0.9774 0.0235
vn -0.2172 0.9759 0.0219
vn -0.2118 0.9771 0.0226
vn -0.2143 0.9765 0.0235
vn -0.2141 0.9764 0.0265
vn -0.2226 0.9746 0.0240
vn -0.2198 0.9753 0.0236
vn -0.2214 0.9749 0.0245
vn -0.2214 0.9748 0.0275
vn -0.2228 0.9745 0.0268
vn -0.2016 0.9792 0.0241
vn -0.2027 0.9789 0.0250
vn -0.2028 0.9786 0.0337
vn -0.2102 0.9773 0.0274
vn 0.1749 0.9841 0.0301
vn 0.1811 0.9831 0.0252
vn 0.1805 0.9823 0.0497
vn 0.1732 0.9839 0.0433
vn 0.2204 0.9751 0.0264
vn 0.2360 0.9716 0.0191
vn 0.2352 0.9707 0.0493
vn 0.2384 0.9698 0.0511
vn 0.2082 0.9779 0.0181
vn 0.2221 0.9749 0.0141
vn 0.2212 0.9745 0.0373
vn 0.2528 0.9662 0.0501
vn 0.1971 0.9803 0.0129
vn 0.1920 0.9813 0.0139
vn 0.1917 0.9812 0.0207
vn 0.2458 0.9685 0.0388
vn 0.1985 0.9800 0.0142
vn 0.1934 0.9810 0.0151
vn 0.1936 0.9810 0.0131
vn 0.2245 0.9742 0.0229
vn 0.2057 0.9785 0.0159
vn 0.2036 0.9789 0.0162
vn 0.2039 0.9789 0.0126
vn 0.2092 0.9778 0.0143
vn 0.4083 0.9124 0.0297
vn 0.3959 0.9178 0.0315
vn 0.3956 0.9177 0.0348
vn 0.3667 0.9300 0.0259
vn 0.6953 -0.7172 0.0459
vn 0.7118 -0.7005 0.0515
vn 0.7111 -0.7005 0.0601
vn 0.7030 -0.7085 0.0616
vn 0.2049 -0.9786 0.0168
vn 0.2038 -0.9789 0.0164
vn 0.2034 -0.9789 0.0206
vn 0.2050 -0.9785 0.0203
vn 0.2112 -0.9773 0.0169
vn 0.2166 -0.9761 0.0185
vn 0.2164 -0.9761 0.0227
vn 0.2214 -0.9749 0.0219
vn 0.2131 -0.9769 0.0183
vn 0.2051 -0.9786 0.0159
vn 0.2042 -0.9784 0.0328
vn 0.2467 -0.9688 0.0247
vn 0.2158 -0.9763 0.0165
vn 0.2217 -0.9749 0.0187
vn 0.2206 -0.9742 0.0467
vn 0.2596 -0.9651 0.0358
vn 0.2161 -0.9763 0.0082
vn 0.2022 -0.9793 0.0117
vn 0.2001 -0.9797 0.0115
vn 0.2129 -0.9769 0.0186
vn 0.2125 -0.9766 0.0322
vn 0.2398 -0.9706 0.0197
vn 0.1720 -0.9850 0.0172
vn 0.1846 -0.9824 0.0268
vn 0.1845 -0.9823 0.0336
vn 0.1878 -0.9817 0.0312
vn -0.1556 -0.9874 0.0303
vn -0.1710 -0.9851 0.0187
vn -0.1710 -0.9850 0.0218
vn -0.1794 -0.9833 0.0288
vn -0.1980 -0.9800 0.0197
vn -0.2031 -0.9790 0.0174
vn -0.2031 -0.9790 0.0184
vn -0.2111 -0.9772 0.0230
vn -0.1980 -0.9800 0.0185
vn -0.1996 -0.9797 0.0194
vn -0.1999 -0.9796 0.0195
vn -0.1977 -0.9801 0.0200
vn -0.1980 -0.9801 0.0152
vn -0.2037 -0.9789 0.0174
vn -0.1941 -0.9808 0.0196
vn -0.1956 -0.9805 0.0194
vn -0.1960 -0.9805 0.0132
vn -0.2033 -0.9790 0.0155
vn -0.1883 -0.9819 0.0187
vn -0.1939 -0.9809 0.0180
vn -0.1944 -0.9809 0.0108
vn -0.2041 -0.9789 0.0137
vn -0.1826 -0.9830 0.0169
vn -0.1981 -0.9801 0.0149
vn -0.1987 -0.9800 0.0072
vn -0.2145 -0.9767 0.0120
vn -0.4575 -0.8883 0.0407
vn -0.4169 -0.9078 0.0455
vn -0.4188 -0.9079 0.0173
vn -0.4354 -0.9000 0.0220
vn -0.6600 0.7488 0.0609
vn -0.6471 0.7603 0.0562
vn -0.6490 0.7603 0.0286
vn -0.5933 0.8040 0.0396
vn -0.1787 0.9838 0.0119
vn -0.1931 0.9810 0.0168
vn -0.1936 0.9810 0.0089
vn -0.2078 0.9782 0.0062
vn -0.1871 0.9822 0.0162
vn -0.1920 0.9812 0.0178
vn -0.1925 0.9812 0.0106
vn -0.2000 0.9797 0.0092
vn -0.1922 0.9812 0.0178
vn -0.1962 0.9804 0.0192
vn -0.1966 0.9804 0.0125
vn -0.2036 0.9790 0.0111
vn -0.1981 0.9800 0.0193
vn -0.2007 0.9794 0.0204
vn -0.2009 0.9795 0.0163
vn -0.2121 0.9772 0.0133
vn -0.2043 0.9787 0.0207
vn -0.2064 0.9782 0.0219
vn -0.2064 0.9782 0.0227
vn -0.2199 0.9754 0.0168
vn -0.1734 0.9846 0.0203
vn -0.1870 0.9819 0.0305
vn -0.1870 0.9818 0.0332
vn -0.2016 0.9792 0.0225
vn 0.1614 0.9865 0.0265
vn 0.1624 0.9864 0.0257
vn 0.1625 0.9865 0.0200
vn 0.1938 0.9807 0.0272
vn 0.1985 0.9798 0.0254
vn 0.1991 0.9799 0.0103
vn 0.2205 0.9751 0.0221
vn 0.1942 0.9806 0.0250
vn 0.1953 0.9804 0.0248
vn 0.1963 0.9805 0.0060
vn 0.2085 0.9780 0.0109
vn 0.1946 0.9806 0.0247
vn 0.1836 0.9827 0.0264
vn 0.1854 0.9827 0.0021
vn 0.1974 0.9803 0.0061
vn 0.1937 0.9807 0.0274
vn 0.1769 0.9838 0.0295
vn 0.1797 0.9837 -0.0028
vn 0.1991 0.9800 0.0031
vn 0.1920 0.9809 0.0310
vn 0.1056 0.9935 0.0423
vn 0.1120 0.9933 -0.0296
vn 0.2066 0.9784 -0.0009
vn 0.4839 0.8717 0.0778
vn 0.4876 0.8696 0.0772
vn 0.4933 0.8697 0.0163
vn 0.4104 0.9119 -0.0087
vn 0.6292 -0.7751 0.0581
vn 0.7189 -0.6885 0.0957
vn 0.7247 -0.6882 0.0330
vn 0.6957 -0.7172 0.0392
vn 0.2083 -0.9773 0.0384
vn 0.1730 -0.9846 0.0255
vn 0.1756 -0.9845 -0.0033
vn 0.2064 -0.9784 -0.0084
vn 0.2075 -0.9778 0.0294
vn 0.1886 -0.9818 0.0227
vn 0.1904 -0.9817 0.0027
vn 0.2122 -0.9772 -0.0006
vn 0.2087 -0.9777 0.0250
vn 0.1982 -0.9799 0.0211
vn 0.1993 -0.9799 0.0069
vn 0.2138 -0.9769 0.0045
vn 0.2093 -0.9777 0.0185
vn 0.2038 -0.9788 0.0193
vn 0.2010 -0.9794 0.0190
vn 0.2048 -0.9786 0.0206
vn 0.2048 -0.9786 0.0208
vn 0.2017 -0.9792 0.0215
vn 0.1956 -0.9805 0.0198
vn 0.1953 -0.9805 0.0197
vn 0.1952 -0.9805 0.0220
vn 0.1998 -0.9796 0.0204
vn 0.1687 -0.9855 0.0186
vn 0.1686 -0.9855 0.0185
vn 0.1685 -0.9854 0.0231
vn 0.1719 -0.9849 0.0208
vn -0.1369 -0.9903 0.0223
vn -0.1429 -0.9896 0.0185
vn -0.1429 -0.9896 0.0155
vn -0.1557 -0.9875 0.0254
vn -0.1369 -0.9903 0.0259
vn -0.1186 -0.9928 0.0134
vn -0.1941 -0.9808 0.0177
vn -0.1960 -0.9804 0.0171
vn -0.1959 -0.9804 0.0201
vn -0.1995 -0.9796 0.0219
vn -0.1972 -0.9802 0.0173
vn -0.1934 -0.9810 0.0180
vn -0.1934 -0.9810 0.0176
vn -0.1998 -0.9796 0.0205
vn -0.1991 -0.9798 0.0187
vn -0.1905 -0.9815 0.0197
vn -0.1909 -0.9815 0.0164
vn -0.1943 -0.9808 0.0177
vn -0.2000 -0.9796 0.0209
vn -0.1895 -0.9816 0.0219
vn -0.1902 -0.9816 0.0167
vn -0.1886 -0.9819 0.0161
vn -0.2058 -0.9783 0.0240
vn -0.1987 -0.9798 0.0247
vn -0.1991 -0.9797 0.0218
vn -0.1827 -0.9830 0.0157
vn -0.5467 -0.8344 0.0701
vn -0.4678 -0.8804 0.0774
vn -0.4700 -0.8805 0.0622
vn -0.4556 -0.8884 0.0568
vn -0.7297 0.6764 0.1001
vn -0.7089 0.6994 0.0910
vn -0.7091 0.6994 0.0890
vn -0.6557 0.7489 0.0958
vn -0.1815 0.9832 0.0184
vn -0.1911 0.9813 0.0221
vn -0.1916 0.9813 0.0184
vn -0.1777 0.9839 0.0199
vn -0.1998 0.9796 0.0232
vn -0.1883 0.9819 0.0190
vn -0.1885 0.9819 0.0177
vn -0.1869 0.9822 0.0178
vn -0.1908 0.9814 0.0193
vn -0.1911 0.9814 0.0195
vn -0.1912 0.9814 0.0182
vn -0.1922 0.9812 0.0181
vn -0.1995 0.9797 0.0205
vn -0.1963 0.9804 0.0191
vn -0.1963 0.9804 0.0194
vn -0.1981 0.9800 0.0191
vn -0.1996 0.9797 0.0194
vn -0.2000 0.9796 0.0196
vn -0.1998 0.9796 0.0217
vn -0.2043 0.9787 0.0203
vn -0.1577 0.9873 0.0169
vn -0.1723 0.9847 0.0264
vn -0.1725 0.9848 0.0207
vn -0.1734 0.9846 0.0201
vn 0.1517 0.9882 0.0224
vn 0.1590 0.9871 0.0179
vn 0.1590 0.9871 0.0177
vn 0.1614 0.9867 0.0194
vn 0.1843 0.9827 0.0187
vn 0.1940 0.9809 0.0156
vn 0.1938 0.9809 0.0189
vn 0.1942 0.9808 0.0191
vn 0.1913 0.9814 0.0154
vn 0.1946 0.9808 0.0146
vn 0.1943 0.9808 0.0189
vn 0.1946 0.9807 0.0190
vn 0.1938 0.9809 0.0146
vn 0.1952 0.9807 0.0144
vn 0.1949 0.9807 0.0189
vn 0.1952 0.9806 0.0190
vn 0.1964 0.9804 0.0145
vn 0.1976 0.9802 0.0143
vn 0.1971 0.9802 0.0196
vn 0.1946 0.9807 0.0188
vn 0.2038 0.9789 0.0148
vn 0.2075 0.9781 0.0142
vn 0.2067 0.9781 0.0239
vn 0.1932 0.9810 0.0193
vn 0.5553 0.8306 0.0412
vn 0.4981 0.8656 0.0509
vn 0.4980 0.8656 0.0523
vn 0.4870 0.8721 0.0486
vn 0.5345 -0.8448 0.0255
vn 0.6096 -0.7911 0.0511
vn 0.6091 -0.7911 0.0569
vn 0.6296 -0.7750 0.0537
vn 0.1999 -0.9797 0.0136
vn 0.2107 -0.9774 0.0173
vn 0.2107 -0.9774 0.0176
vn 0.2104 -0.9775 0.0177
vn 0.2035 -0.9789 0.0166
vn 0.2046 -0.9787 0.0170
vn 0.2045 -0.9787 0.0180
vn 0.2087 -0.9778 0.0175
vn 0.2034 -0.9789 0.0175
vn 0.2013 -0.9794 0.0178
vn 0.1987 -0.9799 0.0175
vn 0.1992 -0.9798 0.0177
vn 0.2040 -0.9788 0.0170
vn 0.1959 -0.9805 0.0174
vn 0.1967 -0.9803 0.0177
vn 0.1966 -0.9803 0.0188
vn 0.2010 -0.9794 0.0179
vn 0.1918 -0.9813 0.0173
vn 0.1906 -0.9815 0.0169
vn 0.1905 -0.9815 0.0203
vn 0.1956 -0.9805 0.0188
vn 0.1780 -0.9839 0.0165
vn 0.1679 -0.9857 0.0110
vn 0.1678 -0.9856 0.0202
vn 0.1687 -0.9855 0.0196
vn 0.1779 -0.9838 0.0222
vn 0.1722 -0.9847 0.0248
vn -0.1257 -0.9917 0.0269
vn -0.1297 -0.9912 0.0250
vn -0.1298 -0.9913 0.0220
vn -0.1186 -0.9928 0.0148
vn -0.1867 -0.9820 0.0292
vn -0.1926 -0.9809 0.0277
vn -0.1928 -0.9809 0.0252
vn -0.1936 -0.9807 0.0255
vn -0.1968 -0.9800 0.0280
vn -0.1954 -0.9803 0.0283
vn -0.1957 -0.9803 0.0252
vn -0.1964 -0.9802 0.0255
vn -0.1890 -0.9816 0.0277
vn -0.1940 -0.9806 0.0271
vn -0.1944 -0.9806 0.0240
vn -0.1983 -0.9798 0.0255
vn -0.1917 -0.9811 0.0268
vn -0.1949 -0.9805 0.0265
vn -0.1954 -0.9804 0.0232
vn -0.1995 -0.9796 0.0246
vn -0.2172 -0.9757 0.0293
vn -0.2072 -0.9778 0.0302
vn -0.2079 -0.9778 0.0253
vn -0.2057 -0.9783 0.0245
vn -0.5446 -0.8353 0.0753
vn -0.5033 -0.8605 0.0788
vn -0.5068 -0.8603 0.0553
vn -0.5467 -0.8344 0.0702
vn -0.7526 0.6503 0.1033
vn -0.7580 0.6436 0.1057
vn -0.7592 0.6436 0.0970
vn -0.7295 0.6764 0.1015
vn -0.2031 0.9788 0.0273
vn -0.1918 0.9812 0.0230
vn -0.1918 0.9812 0.0228
vn -0.1808 0.9832 0.0239
vn -0.1849 0.9825 0.0221
vn -0.1902 0.9815 0.0240
vn -0.1901 0.9815 0.0247
vn -0.1998 0.9796 0.0238
vn -0.1839 0.9827 0.0232
vn -0.1893 0.9816 0.0251
vn -0.1894 0.9816 0.0248
vn -0.1860 0.9822 0.0247
vn -0.1912 0.9812 0.0267
vn -0.1911 0.9812 0.0273
vn -0.1990 0.9797 0.0259
vn -0.1930 0.9808 0.0268
vn -0.1946 0.9805 0.0275
vn -0.1944 0.9805 0.0292
vn -0.1990 0.9796 0.0280
vn -0.1819 0.9830 0.0265
vn -0.1710 0.9851 0.0206
vn -0.1710 0.9851 0.0200
vn -0.1573 0.9872 0.0270
vn 0.1499 0.9885 0.0173
vn 0.1550 0.9878 0.0147
vn 0.1550 0.9877 0.0187
vn 0.1518 0.9883 0.0168
vn 0.1923 0.9812 0.0161
vn 0.1809 0.9833 0.0192
vn 0.1810 0.9833 0.0185
vn 0.1842 0.9827 0.0199
vn 0.1919 0.9812 0.0198
vn 0.1872 0.9821 0.0207
vn 0.1874 0.9821 0.0179
vn 0.1910 0.9814 0.0193
vn 0.1953 0.9805 0.0214
vn 0.1928 0.9810 0.0217
vn 0.1931 0.9810 0.0183
vn 0.1935 0.9809 0.0185
vn 0.1948 0.9806 0.0219
vn 0.1970 0.9802 0.0217
vn 0.1973 0.9802 0.0191
vn 0.1960 0.9804 0.0186
vn 0.1974 0.9801 0.0217
vn 0.2046 0.9786 0.0209
vn 0.2047 0.9786 0.0202
vn 0.2034 0.9789 0.0197
vn 0.6246 0.7775 0.0731
vn 0.6078 0.7905 0.0753
vn 0.6071 0.7905 0.0804
vn 0.5535 0.8307 0.0596
vn 0.5906 -0.8038 0.0711
vn 0.5901 -0.8042 0.0709
vn 0.5909 -0.8041 0.0644
vn 0.5299 -0.8451 0.0712
vn 0.2072 -0.9781 0.0219
vn 0.2065 -0.9782 0.0216
vn 0.2070 -0.9782 0.0179
vn 0.1994 -0.9797 0.0188
vn 0.2080 -0.9780 0.0154
vn 0.2008 -0.9795 0.0163
vn 0.1910 -0.9815 0.0152
vn 0.1924 -0.9812 0.0157
vn 0.1916 -0.9812 0.0220
vn 0.2009 -0.9794 0.0210
vn 0.1848 -0.9827 0.0150
vn 0.1942 -0.9808 0.0180
vn 0.1937 -0.9808 0.0232
vn 0.1981 -0.9799 0.0227
vn 0.1864 -0.9823 0.0173
vn 0.1944 -0.9807 0.0199
vn 0.1941 -0.9807 0.0236
vn 0.1954 -0.9805 0.0234
vn 0.1802 -0.9834 0.0189
vn 0.1940 -0.9807 0.0237
vn 0.1940 -0.9807 0.0229
vn 0.1915 -0.9812 0.0235
vn 0.1802 -0.9835 0.0184
vn 0.1807 -0.9834 0.0183
vn 0.1683 -0.9856 0.0176
vn 0.1429 -0.9897 0.0086
vn 0.1429 -0.9892 0.0334
vn 0.1723 -0.9848 0.0222
vn -0.1002 -0.9949 0.0136
vn -0.0991 -0.9950 0.0139
vn -0.0988 -0.9949 0.0205
vn -0.1254 -0.9915 0.0344
vn -0.1784 -0.9837 0.0234
vn -0.1757 -0.9842 0.0238
vn -0.1757 -0.9841 0.0245
vn -0.1867 -0.9820 0.0294
vn -0.1841 -0.9826 0.0252
vn -0.1850 -0.9824 0.0252
vn -0.1854 -0.9824 0.0226
vn -0.1969 -0.9800 0.0271
vn -0.1864 -0.9822 0.0254
vn -0.1883 -0.9818 0.0254
vn -0.1888 -0.9818 0.0229
vn -0.1896 -0.9816 0.0232
vn -0.1890 -0.9816 0.0255
vn -0.1930 -0.9809 0.0254
vn -0.1933 -0.9808 0.0238
vn -0.1922 -0.9811 0.0234
vn -0.1999 -0.9795 0.0267
vn -0.2033 -0.9788 0.0267
vn -0.2041 -0.9787 0.0223
vn -0.2175 -0.9757 0.0274
vn -0.6759 -0.7265 0.1237
vn -0.6205 -0.7740 0.1258
vn -0.6244 -0.7740 0.1055
vn -0.5448 -0.8353 0.0737
vn -0.7965 0.5800 0.1708
vn -0.7529 0.6414 0.1472
vn -0.7592 0.6412 0.1117
vn -0.7513 0.6503 0.1126
vn -0.1996 0.9792 0.0367
vn -0.1884 0.9816 0.0319
vn -0.1905 0.9815 0.0207
vn -0.2042 0.9787 0.0198
vn -0.1860 0.9821 0.0314
vn -0.1808 0.9831 0.0293
vn -0.1825 0.9830 0.0201
vn -0.1852 0.9825 0.0199
vn -0.1836 0.9826 0.0298
vn -0.1789 0.9835 0.0279
vn -0.1801 0.9834 0.0206
vn -0.1843 0.9827 0.0203
vn -0.1883 0.9817 0.0295
vn -0.1833 0.9827 0.0275
vn -0.1840 0.9827 0.0218
vn -0.1864 0.9822 0.0215
vn -0.1882 0.9817 0.0283
vn -0.1902 0.9813 0.0291
vn -0.1908 0.9814 0.0233
vn -0.1934 0.9809 0.0228
vn -0.1130 0.9934 0.0190
vn -0.1499 0.9881 0.0356
vn -0.1501 0.9881 0.0336
vn -0.1821 0.9830 0.0224
vn 0.1114 0.9935 0.0227
vn 0.1300 0.9914 0.0157
vn 0.1300 0.9914 0.0135
vn 0.1500 0.9884 0.0228
vn 0.1853 0.9825 0.0182
vn 0.1874 0.9821 0.0177
vn 0.1874 0.9822 0.0151
vn 0.1923 0.9812 0.0169
vn 0.1892 0.9818 0.0178
vn 0.1905 0.9815 0.0176
vn 0.1907 0.9815 0.0149
vn 0.1922 0.9812 0.0154
vn 0.1866 0.9823 0.0173
vn 0.1899 0.9817 0.0169
vn 0.1903 0.9816 0.0135
vn 0.1960 0.9805 0.0154
vn 0.1879 0.9820 0.0167
vn 0.1911 0.9814 0.0163
vn 0.1915 0.9814 0.0127
vn 0.1957 0.9806 0.0141
vn 0.1991 0.9798 0.0171
vn 0.2084 0.9779 0.0160
vn 0.2083 0.9779 0.0168
vn 0.1984 0.9800 0.0134
vn 0.7011 0.7098 0.0678
vn 0.7078 0.7033 0.0668
vn 0.7042 0.7031 0.0987
vn 0.6255 0.7774 0.0658
vn 0.7467 -0.6603 0.0809
vn 0.7105 -0.7005 0.0672
vn 0.7101 -0.7005 0.0715
vn 0.5885 -0.8038 0.0869
vn 0.7462 -0.6602 0.0851
vn 0.7664 -0.6371 0.0817
vn 0.2105 -0.9773 0.0238
vn 0.2033 -0.9789 0.0215
vn 0.2037 -0.9789 0.0185
vn 0.2005 -0.9795 0.0189
vn 0.1863 -0.9823 0.0199
vn 0.1880 -0.9820 0.0205
vn 0.1883 -0.9819 0.0176
vn 0.1907 -0.9815 0.0173
vn 0.1865 -0.9822 0.0203
vn 0.1820 -0.9831 0.0190
vn 0.1821 -0.9831 0.0176
vn 0.1846 -0.9827 0.0173
vn 0.1836 -0.9828 0.0191
vn 0.1825 -0.9830 0.0188
vn 0.1825 -0.9830 0.0185
vn 0.1863 -0.9823 0.0180
vn 0.1835 -0.9828 0.0200
vn 0.1869 -0.9822 0.0195
vn 0.1845 -0.9826 0.0194
vn 0.1769 -0.9841 0.0177
vn 0.1769 -0.9840 0.0194
vn 0.1806 -0.9834 0.0187
vn 0.1348 -0.9907 0.0175
vn 0.1446 -0.9893 0.0195
vn 0.1446 -0.9891 0.0259
vn 0.1683 -0.9856 0.0192
vn -0.0550 -0.9981 0.0279
vn -0.0691 -0.9973 0.0255
vn -0.0692 -0.9973 0.0237
vn -0.0991 -0.9945 0.0343
vn -0.1796 -0.9832 0.0336
vn -0.1721 -0.9845 0.0345
vn -0.1723 -0.9845 0.0331
vn -0.1772 -0.9836 0.0350
vn -0.1972 -0.9797 0.0372
vn -0.1886 -0.9813 0.0379
vn -0.1888 -0.9813 0.0371
vn -0.1826 -0.9826 0.0347
vn -0.1882 -0.9814 0.0378
vn -0.1912 -0.9808 0.0377
vn -0.1909 -0.9808 0.0390
vn -0.1843 -0.9822 0.0363
vn -0.1872 -0.9816 0.0370
vn -0.1933 -0.9804 0.0368
vn -0.1925 -0.9805 0.0407
vn -0.1863 -0.9818 0.0381
vn -0.2484 -0.9675 0.0462
vn -0.1927 -0.9801 0.0470
vn -0.1942 -0.9801 0.0405
vn -0.1966 -0.9796 0.0416
vn -0.7426 -0.6531 0.1487
vn -0.6847 -0.7127 0.1523
vn -0.6849 -0.7127 0.1516
vn -0.6714 -0.7268 0.1446
vn -0.8743 0.4496 0.1828
vn -0.8394 0.5192 0.1606
vn -0.8349 0.5194 0.1822
vn -0.7928 0.5800 0.1874
vn -0.2648 0.9631 0.0481
vn -0.2454 0.9686 0.0403
vn -0.2430 0.9687 0.0509
vn -0.1964 0.9792 0.0512
vn -0.1891 0.9815 0.0305
vn -0.2031 0.9785 0.0358
vn -0.2025 0.9785 0.0389
vn -0.1843 0.9821 0.0391
vn -0.1929 0.9806 0.0342
vn -0.1972 0.9797 0.0357
vn -0.1974 0.9797 0.0347
vn -0.1825 0.9826 0.0351
vn -0.2019 0.9787 0.0364
vn -0.1987 0.9794 0.0353
vn -0.1991 0.9794 0.0324
vn -0.1877 0.9817 0.0331
vn -0.2036 0.9784 0.0358
vn -0.1898 0.9813 0.0314
vn -0.1899 0.9813 0.0305
vn -0.1879 0.9817 0.0307
vn -0.0920 0.9955 0.0235
vn -0.0974 0.9949 0.0250
vn -0.0975 0.9949 0.0244
vn -0.1128 0.9934 0.0215
vn 0.1345 0.9908 0.0155
vn 0.1351 0.9907 0.0154
vn 0.1352 0.9906 0.0207
vn 0.1112 0.9937 0.0142
vn 0.1862 0.9824 0.0155
vn 0.1741 0.9846 0.0178
vn 0.1741 0.9845 0.0187
vn 0.1851 0.9825 0.0220
vn 0.1836 0.9828 0.0182
vn 0.1801 0.9835 0.0187
vn 0.1803 0.9835 0.0170
vn 0.1890 0.9818 0.0196
vn 0.1813 0.9833 0.0185
vn 0.1816 0.9832 0.0159
vn 0.1866 0.9823 0.0175
vn 0.1821 0.9831 0.0186
vn 0.1815 0.9832 0.0187
vn 0.1820 0.9832 0.0147
vn 0.1879 0.9820 0.0165
vn 0.2113 0.9772 0.0220
vn 0.1904 0.9814 0.0235
vn 0.1917 0.9813 0.0140
vn 0.1991 0.9798 0.0164
vn 0.7910 0.6028 0.1048
vn 0.7202 0.6844 0.1132
vn 0.7250 0.6842 0.0789
vn 0.7010 0.7098 0.0694
vn 0.7901 0.6029 0.1107
vn 0.8283 0.5455 0.1279
vn 0.9110 -0.3850 0.1479
vn 0.8571 -0.5011 0.1195
vn 0.8581 -0.5011 0.1126
vn 0.7601 -0.6371 0.1282
vn 0.3493 -0.9353 0.0565
vn 0.2615 -0.9647 0.0298
vn 0.2622 -0.9647 0.0250
vn 0.2098 -0.9773 0.0289
vn 0.2037 -0.9787 0.0236
vn 0.1718 -0.9850 0.0147
vn 0.1712 -0.9851 0.0184
vn 0.1867 -0.9823 0.0170
vn 0.1856 -0.9825 0.0159
vn 0.1848 -0.9827 0.0157
vn 0.1842 -0.9827 0.0201
vn 0.1866 -0.9822 0.0198
vn 0.1835 -0.9825 0.0313
vn 0.1817 -0.9828 0.0315
vn 0.1944 -0.9804 0.0322
vn 0.1717 -0.9848 0.0277
vn 0.1730 -0.9848 0.0176
vn 0.1873 -0.9822 0.0158
vn 0.1883 -0.9817 0.0282
vn 0.1755 -0.9841 0.0260
vn 0.1761 -0.9842 0.0193
vn 0.1845 -0.9827 0.0180
vn 0.1516 -0.9881 0.0259
vn 0.1738 -0.9843 0.0291
vn 0.1745 -0.9846 0.0114
vn 0.1348 -0.9907 0.0190
vn -0.0958 -0.9948 0.0335
vn -0.0462 -0.9982 0.0388
vn -0.0480 -0.9987 0.0157
vn -0.0556 -0.9983 0.0175
vn -0.1833 -0.9819 0.0466
vn -0.1958 -0.9796 0.0456
vn -0.1985 -0.9797 0.0292
vn -0.1807 -0.9832 0.0245
vn -0.1911 -0.9805 0.0452
vn -0.2188 -0.9748 0.0436
vn -0.2203 -0.9748 0.0354
vn -0.1979 -0.9794 0.0414
vn -0.1912 -0.9807 0.0416
vn -0.1928 -0.9807 0.0330
vn -0.1893 -0.9814 0.0319
vn -0.2220 -0.9740 0.0456
vn -0.2020 -0.9783 0.0457
vn -0.2036 -0.9783 0.0375
vn -0.1881 -0.9816 0.0324
vn -0.4053 -0.9109 0.0782
vn -0.2979 -0.9515 0.0762
vn -0.3007 -0.9516 0.0633
vn -0.2488 -0.9675 0.0446
vn -0.8303 -0.5302 0.1716
vn -0.7731 -0.6097 0.1748
vn -0.7766 -0.6097 0.1584
vn -0.7437 -0.6530 0.1430
vn -0.9242 0.3265 0.1983
vn -0.8914 0.4169 0.1776
vn -0.8917 0.4169 0.1760
vn -0.8751 0.4496 0.1790
vn -0.4375 0.8943 0.0936
vn -0.3550 0.9326 0.0651
vn -0.3551 0.9326 0.0643
vn -0.2612 0.9631 0.0655
vn -0.2025 0.9784 0.0408
vn -0.1911 0.9809 0.0373
vn -0.1909 0.9809 0.0379
vn -0.1875 0.9815 0.0380
vn -0.1901 0.9811 0.0372
vn -0.1962 0.9798 0.0389
vn -0.1963 0.9798 0.0379
vn -0.1922 0.9806 0.0381
vn -0.1864 0.9817 0.0378
vn -0.2009 0.9787 0.0415
vn -0.2014 0.9788 0.0385
vn -0.2016 0.9787 0.0385
vn -0.1760 0.9836 0.0394
vn -0.1939 0.9801 0.0434
vn -0.1945 0.9801 0.0396
vn -0.2032 0.9784 0.0386
vn -0.1283 0.9909 0.0399
vn -0.0892 0.9955 0.0324
vn -0.0891 0.9954 0.0341
vn -0.0912 0.9953 0.0338
vn 0.1069 0.9939 0.0268
vn 0.0982 0.9948 0.0282
vn 0.0982 0.9949 0.0217
vn 0.1347 0.9905 0.0281
vn 0.1707 0.9849 0.0285
vn 0.1857 0.9822 0.0265
vn 0.1861 0.9823 0.0221
vn 0.1859 0.9823 0.0220
vn 0.1888 0.9816 0.0266
vn 0.1888 0.9817 0.0266
vn 0.1891 0.9817 0.0233
vn 0.1832 0.9828 0.0220
vn 0.1933 0.9808 0.0269
vn 0.1807 0.9831 0.0279
vn 0.1814 0.9831 0.0232
vn 0.1795 0.9835 0.0227
vn 0.1905 0.9813 0.0287
vn 0.1749 0.9841 0.0296
vn 0.1762 0.9841 0.0217
vn 0.3163 0.9476 0.0449
vn 0.2430 0.9689 0.0468
vn 0.2447 0.9689 0.0359
vn 0.2108 0.9772 0.0255
vn 0.3161 0.9476 0.0460
vn 0.5280 0.8436 0.0973
vn 0.9278 0.3468 0.1375
vn 0.8932 0.4261 0.1439
vn 0.8918 0.4260 0.1524
vn 0.8289 0.5454 0.1240
vn 0.9510 -0.2700 0.1504
vn 0.9458 -0.2895 0.1473
vn 0.9465 -0.2895 0.1427
vn 0.9102 -0.3850 0.1525
vn 0.6711 -0.7323 0.1158
vn 0.4600 -0.8859 0.0604
vn 0.4596 -0.8859 0.0633
vn 0.3475 -0.9352 0.0675
vn 0.3058 -0.9510 0.0449
vn 0.2267 -0.9736 0.0278
vn 0.2256 -0.9736 0.0347
vn 0.2018 -0.9788 0.0361
vn 0.3054 -0.9510 0.0478
vn 0.4185 -0.9070 0.0468
vn 0.3459 -0.9374 0.0416
vn 0.2060 -0.9783 0.0195
vn 0.2055 -0.9784 0.0232
vn 0.1827 -0.9829 0.0247
vn 0.2182 -0.9757 0.0200
vn 0.1898 -0.9817 0.0167
vn 0.1890 -0.9817 0.0233
vn 0.1955 -0.9804 0.0227
vn 0.1594 -0.9871 0.0166
vn 0.1681 -0.9856 0.0172
vn 0.1675 -0.9855 0.0258
vn 0.1886 -0.9818 0.0233
vn 0.0737 -0.9971 0.0202
vn 0.0877 -0.9959 0.0206
vn 0.0877 -0.9955 0.0358
vn 0.1516 -0.9881 0.0261
vn -0.0283 -0.9992 0.0281
vn -0.0231 -0.9993 0.0282
vn -0.0228 -0.9992 0.0321
vn -0.0952 -0.9945 0.0441
vn -0.1238 -0.9916 0.0373
vn -0.1581 -0.9867 0.0380
vn -0.1582 -0.9867 0.0376
vn -0.1838 -0.9820 0.0431
vn -0.2226 -0.9738 0.0459
vn -0.2004 -0.9787 0.0448
vn -0.2007 -0.9787 0.0435
vn -0.1919 -0.9806 0.0412
vn -0.2803 -0.9581 0.0580
vn -0.2165 -0.9749 0.0525
vn -0.2175 -0.9749 0.0486
vn -0.1975 -0.9793 0.0430
vn -0.3833 -0.9196 0.0862
vn -0.2762 -0.9583 0.0738
vn -0.2782 -0.9582 0.0663
vn -0.2213 -0.9740 0.0492
vn -0.7223 -0.6691 0.1751
vn -0.5323 -0.8329 0.1516
vn -0.5367 -0.8329 0.1354
vn -0.4027 -0.9109 0.0894
vn -0.8969 -0.3668 0.2472
vn -0.8320 -0.4992 0.2420
vn -0.8425 -0.4988 0.2036
vn -0.8250 -0.5303 0.1953
vn -0.9372 0.2099 0.2785
vn -0.9101 0.3211 0.2620
vn -0.9188 0.3215 0.2288
vn -0.9170 0.3266 0.2291
vn -0.7949 0.5586 0.2369
vn -0.6517 0.7361 0.1831
vn -0.6620 0.7356 0.1438
vn -0.4289 0.8939 0.1305
vn -0.5095 0.8469 0.1524
vn -0.3033 0.9488 0.0876
vn -0.3097 0.9487 0.0637
vn -0.1987 0.9783 0.0582
vn -0.3300 0.9394 0.0928
vn -0.2112 0.9756 0.0591
vn -0.2147 0.9756 0.0455
vn -0.1885 0.9810 0.0450
vn -0.2501 0.9660 0.0655
vn -0.1923 0.9800 0.0514
vn -0.1945 0.9800 0.0416
vn -0.1857 0.9817 0.0417
vn -0.2000 0.9784 0.0523
vn -0.1796 0.9826 0.0483
vn -0.1813 0.9826 0.0395
vn -0.1759 0.9836 0.0396
vn -0.0162 0.9993 0.0333
vn -0.0755 0.9962 0.0426
vn -0.0760 0.9964 0.0382
vn -0.1286 0.9911 0.0353
vn 0.0819 0.9961 0.0330
vn 0.0977 0.9947 0.0310
vn 0.0977 0.9948 0.0289
vn 0.1069 0.9938 0.0297
vn 0.1651 0.9859 0.0285
vn 0.1668 0.9856 0.0284
vn 0.1668 0.9856 0.0275
vn 0.1707 0.9849 0.0280
vn 0.2305 0.9727 0.0279
vn 0.1890 0.9815 0.0314
vn 0.1894 0.9815 0.0281
vn 0.1887 0.9816 0.0280
vn 0.2950 0.9549 0.0341
vn 0.1928 0.9804 0.0397
vn 0.1943 0.9805 0.0285
vn 0.1932 0.9808 0.0283
vn 0.3638 0.9301 0.0511
vn 0.2384 0.9697 0.0529
vn 0.2405 0.9699 0.0387
vn 0.1906 0.9813 0.0282
vn 0.3644 0.9300 0.0477
vn 0.7864 0.6103 0.0953
vn 0.9052 0.4142 0.0953
vn 0.7978 0.5930 0.1091
vn 0.7928 0.5933 0.1398
vn 0.5306 0.8438 0.0806
vn 0.9840 0.1434 0.1061
vn 0.9478 0.2966 0.1172
vn 0.9419 0.2966 0.1578
vn 0.9256 0.3467 0.1516
vn 0.9642 -0.2418 0.1085
vn 0.9744 -0.1942 0.1130
vn 0.9696 -0.1947 0.1481
vn 0.9507 -0.2700 0.1523
vn 0.9336 -0.3408 0.1103
vn 0.8740 -0.4760 0.0975
vn 0.8732 -0.4761 0.1038
vn 0.6721 -0.7323 0.1097
vn 0.9211 -0.3386 0.1921
vn 0.9781 -0.1192 0.1707
vn 0.9019 -0.4002 0.1626
vn 0.7082 -0.6994 0.0964
vn 0.7132 -0.6983 0.0619
vn 0.4151 -0.9072 0.0678
vn 0.3037 -0.9512 0.0545
vn 0.4646 -0.8812 0.0879
vn 0.4644 -0.8844 0.0457
vn 0.3446 -0.9373 0.0519
vn 0.5036 -0.5868 0.6341
vn 0.5185 -0.5517 0.6533
vn 0.6448 -0.6823 0.3445
vn 0.5969 -0.4670 0.6524
vn 0.2694 -0.3681 0.8899
vn 0.2690 -0.3606 0.8931
vn 0.1269 -0.3031 0.9445
vn 0.1676 -0.2786 0.9457
vn 0.0885 -0.5089 0.8562
vn 0.0433 -0.4578 0.8880
vn -0.0863 -0.8006 0.5930
vn 0.0101 -0.7916 0.6110
vn -0.1380 -0.4428 0.8859
vn -0.0836 -0.4231 0.9022
vn -0.2261 -0.7373 0.6366
vn -0.1122 -0.7956 0.5954
vn -0.2569 -0.7250 0.6391
vn -0.0563 -0.7294 0.6818
vn -0.3722 -0.9138 0.1627
vn -0.2747 -0.9511 0.1412
vn -0.1696 -0.9771 0.1288
vn -0.2262 -0.9657 0.1279
vn -0.0715 -0.9903 0.1188
vn -0.0436 -0.9925 0.1141
vn -0.1774 -0.9819 0.0662
vn -0.1226 -0.9907 0.0584
vn -0.0269 -0.9983 0.0511
vn -0.0776 -0.9956 0.0516
vn 0.0905 -0.9900 0.1086
vn 0.0394 -0.9926 0.1145
vn 0.0751 -0.9963 0.0428
vn 0.0865 -0.9953 0.0429
vn -0.2837 -0.9555 0.0809
vn -0.2192 -0.9732 0.0701
vn -0.1282 -0.2066 0.9700
vn -0.1180 -0.2218 0.9679
vn -0.1313 -0.2210 0.9664
vn -0.2294 -0.3270 0.9168
vn -0.1908 -0.4031 0.8950
vn -0.1224 -0.1447 0.9819
vn -0.1648 -0.0608 0.9844
vn -0.4331 -0.0072 0.9013
vn -0.4888 -0.1468 0.8600
vn -0.3700 -0.6983 0.6128
vn -0.7222 -0.1910 0.6648
vn -0.9269 0.0753 0.3677
vn -0.9350 -0.0272 0.3536
vn -0.8852 -0.3389 0.3187
vn -0.9508 0.1141 0.2880
vn -0.9146 -0.3290 0.2352
vn -0.9018 -0.3663 0.2293
vn -0.7184 -0.6696 0.1883
vn -0.8971 -0.3926 0.2024
vn -0.9726 -0.0193 0.2316
vn -0.9468 0.2096 0.2442
vn -0.8693 0.3330 0.3653
vn -0.8423 0.4065 0.3539
vn -0.8770 0.4296 0.2152
vn -0.8013 0.5582 0.2150
vn -0.8239 0.4442 0.3519
vn -0.7854 0.5186 0.3378
vn -0.8247 0.5369 0.1780
vn -0.5057 0.8470 0.1641
vn -0.8506 0.3989 0.3427
vn -0.6607 0.6952 0.2832
vn -0.7723 0.6212 0.1330
vn -0.3226 0.9393 0.1172
vn -0.3909 0.1645 0.9056
vn -0.3147 0.2342 0.9198
vn -0.2318 0.4374 0.8689
vn -0.2004 0.3781 0.9038
vn -0.0325 0.3961 0.9176
vn 0.1317 0.4461 0.8852
vn 0.0286 0.9716 0.2349
vn 0.0880 0.9663 0.2420
vn -0.1385 0.9612 0.2387
vn -0.0283 0.9724 0.2317
vn 0.0715 0.9963 0.0471
vn 0.0826 0.9955 0.0470
vn -0.0151 0.9984 0.0540
vn -0.0399 0.9976 0.0573
vn 0.1029 0.9663 0.2362
vn 0.1398 0.9624 0.2329
vn 0.1124 0.9928 0.0410
vn 0.1657 0.9853 0.0415
vn 0.5817 0.7809 0.2274
vn 0.3227 0.9108 0.2576
vn 0.3240 0.9453 0.0387
vn 0.2308 0.9723 0.0360
vn 0.6228 0.7383 0.2587
vn 0.4857 0.8298 0.2749
vn 0.4827 0.8743 0.0511
vn 0.2946 0.9548 0.0392
vn 0.3168 0.4493 0.8353
vn 0.3748 0.3903 0.8410
vn 0.5804 0.2584 0.7723
vn 0.3076 0.2324 0.9227
vn 0.2204 0.0861 0.9716
vn 0.2594 0.0109 0.9657
vn 0.2364 -0.0589 0.9699
vn 0.2406 -0.0559 0.9690
vn 0.0283 0.1388 0.9899
vn 0.0173 0.1334 0.9909
vn -0.0277 -0.0570 0.9980
vn -0.0701 0.0426 0.9966
vn -0.0680 0.1687 0.9833
vn -0.1022 0.1459 0.9840
vn -0.1361 -0.0764 0.9877
vn -0.1583 -0.0231 0.9871
vn 0.1817 -0.2449 0.9524
vn 0.1550 -0.1729 0.9727
vn -0.1154 -0.1469 0.9824
vn -0.1091 -0.1600 0.9811
vn 0.2967 0.4594 0.8372
vn 0.1042 0.4551 0.8843
vn -0.4232 -0.0336 0.9054
vn -0.4322 0.0076 0.9018
vn -0.1488 -0.7750 0.6142
vn 0.0699 -0.7410 0.6679
vn 0.1135 -0.4832 0.8681
vn 0.9498 -0.2417 0.1985
vn 0.9616 0.1120 0.2507
vn 0.9583 0.1367 0.2510
vn 0.9194 -0.3615 0.1547
vn -0.1985 0.9775 0.0709
vn -0.1872 0.9797 0.0710
vn -0.2458 0.9651 0.0905
vn -0.4693 0.8780 0.0944
vn -0.3789 -0.9199 0.1011
vn -0.6005 -0.7838 0.1582
vn -0.2748 -0.9582 0.0798
vn -0.3631 -0.9265 0.0986
vn 0.1610 -0.9861 0.0405
vn 0.1743 -0.9839 0.0393
vn 0.2184 -0.9747 0.0476
vn 0.3733 -0.9271 0.0345
vn -0.2999 -0.9539 0.0138
vn -0.2689 -0.9629 0.0208
vn -0.3026 -0.9527 -0.0283
vn -0.2720 -0.9621 -0.0185
vn -0.1198 -0.9882 0.0958
vn -0.0944 -0.9897 0.1072
vn -0.2995 -0.9380 0.1743
vn -0.2387 -0.9450 0.2234
vn 0.2761 0.9395 -0.2027
vn 0.2746 0.9398 -0.2036
vn -0.1873 0.9804 0.0604
vn -0.1029 0.9799 0.1711
vn -0.1208 0.9770 0.1758
vn -0.1590 0.9079 0.3879
vn -0.0611 0.8886 0.4546
vn -0.0499 0.8807 0.4711
vn 0.0123 0.8917 0.4525
vn 0.0115 0.8831 0.4690
vn 0.0318 0.8705 0.4912
vn -0.0230 0.8924 0.4506
vn 0.2396 0.9162 0.3211
vn 0.2414 0.9112 0.3337
vn 0.2923 0.8662 0.4054
vn 0.2200 0.9041 0.3663
vn 0.2920 0.9088 0.2980
vn 0.2508 0.9477 0.1973
vn 0.4104 0.8427 0.3484
vn 0.3837 0.8592 0.3385
vn 0.2023 0.9503 0.2368
vn 0.2014 0.9511 0.2342
vn 0.5113 0.6193 0.5958
vn 0.2563 0.8584 0.4443
vn 0.1879 -0.9288 0.3195
vn 0.5537 -0.5325 0.6401
vn 0.1085 0.6334 0.7661
vn 0.0924 0.5120 0.8540
vn 0.0674 -0.9789 0.1932
vn 0.0390 -0.9274 0.3719
vn -0.0261 -0.9986 0.0463
vn 0.0149 -0.9885 0.1506
vn -0.0693 -0.9840 0.1639
vn -0.0577 -0.9926 0.1069
vn -0.0137 -0.9996 0.0233
vn -0.0346 -0.9984 0.0450
vn -0.3301 -0.1546 0.9312
vn -0.3551 -0.2983 0.8860
vn -0.0304 -0.9994 0.0139
vn -0.0837 -0.9482 0.3064
vn -0.4202 0.3961 0.8164
vn -0.3141 -0.1554 0.9366
vn -0.0148 0.9993 0.0355
vn -0.0161 0.9992 0.0372
vn -0.3168 0.3939 0.8628
vn -0.0643 0.8590 0.5078
vn 0.0072 0.9992 0.0396
vn 0.0070 0.9992 0.0390
vn -0.2356 -0.9361 0.2613
vn -0.1928 -0.6595 0.7266
vn -0.0768 -0.9928 0.0921
vn -0.2207 -0.9548 0.1993
vn -0.1735 -0.9601 0.2193
vn -0.1767 -0.9795 0.0963
vn -0.3526 -0.3692 0.8599
vn -0.0920 -0.8403 0.5343
vn 0.0071 -0.8472 0.5312
vn -0.0263 -0.9188 0.3938
vn -0.0078 -0.9875 0.1577
vn 0.0088 -0.9922 0.1244
vn 0.0742 -0.9079 0.4125
vn 0.0053 -0.9972 0.0741
vn 0.0088 -0.9721 0.2345
vn 0.0284 -0.9857 0.1661
vn -0.0513 0.4947 0.8675
vn 0.0210 0.2433 0.9697
vn 0.0368 0.2434 0.9692
vn -0.0126 0.0295 0.9995
vn -0.0214 0.9986 0.0477
vn 0.0044 0.9891 0.1472
vn 0.0077 0.9890 0.1474
vn 0.0054 0.9874 0.1584
vn 0.0005 1.0000 0.0038
vn -0.0013 1.0000 -0.0019
vn -0.0002 1.0000 -0.0019
vn -0.0021 1.0000 0.0053
vn -0.0044 0.9982 -0.0602
vn -0.0470 0.9825 -0.1802
vn -0.0038 0.9829 -0.1843
vn -0.0091 0.9869 -0.1608
vn -0.0913 0.5381 -0.8379
vn -0.1123 0.4752 -0.8727
vn -0.0887 0.4747 -0.8757
vn -0.0850 0.4613 -0.8832
vn -0.1183 0.0139 -0.9929
vn -0.1242 -0.0009 -0.9923
vn -0.1309 -0.0018 -0.9914
vn -0.1452 0.0260 -0.9891
vn -0.0728 0.5561 -0.8279
vn -0.1437 0.4564 -0.8781
vn -0.1184 0.0302 -0.9925
vn -0.1377 0.0587 -0.9887
vn -0.0206 0.7313 -0.6818
vn -0.2431 0.5381 -0.8071
vn -0.1302 0.0042 -0.9915
vn -0.1292 0.0056 -0.9916
vn -0.1268 0.0061 -0.9919
vn -0.1221 -0.0005 -0.9925
vn -0.1275 0.0004 -0.9918
vn -0.1206 0.0078 -0.9927
vn -0.1379 0.0060 -0.9904
vn -0.1475 0.0162 -0.9889
vn -0.1485 0.0082 -0.9889
vn -0.1606 -0.0043 -0.9870
vn -0.9579 -0.0636 -0.2800
vn -0.9918 0.0767 -0.1023
vn -0.9848 0.1390 -0.1042
vn -0.9995 0.0318 -0.0006
vn -0.7159 -0.0065 0.6981
vn -0.7102 0.0011 0.7040
vn -0.7102 0.0021 0.7040
vn -0.7112 0.0042 0.7030
vn -0.7159 -0.0134 0.6981
vn -0.7298 0.0038 0.6837
vn -0.6952 -0.0028 0.7188
vn -0.6733 0.0181 0.7391
vn -0.6623 0.1800 0.7273
vn -0.5357 -0.0402 0.8434
vn 0.1096 -0.0783 0.9909
vn 0.4024 0.1026 0.9097
vn 0.3954 0.1786 0.9010
vn 0.8114 -0.3065 0.4978
vn 0.9350 0.0330 0.3532
vn 0.9461 0.0570 0.3190
vn 0.9479 -0.0181 0.3181
vn 0.9311 0.0262 0.3639
vn 0.9368 -0.0150 0.3495
vn 0.9376 -0.0171 0.3472
vn 0.7962 0.0260 0.6045
vn 0.7256 -0.0586 0.6856
vn 0.7215 0.0325 0.6917
vn 0.6616 0.0975 0.7435
vn 0.2436 0.0550 0.9683
vn 0.1932 -0.0115 0.9811
vn 0.1922 0.0061 0.9813
vn 0.1815 0.0186 0.9832
vn 0.0986 0.0023 0.9951
vn 0.0969 -0.0011 0.9953
vn 0.0969 -0.0061 0.9953
vn 0.0950 -0.0017 0.9955
vn -0.5306 -0.0063 0.8476
vn -0.5292 -0.0034 0.8485
vn -0.5280 -0.0378 0.8484
vn -0.6486 0.2284 0.7261
vn -0.9839 -0.0252 0.1771
vn -0.9854 -0.1316 0.1085
vn -0.9872 0.1248 0.0994
vn -0.9827 -0.0003 0.1853
vn -0.9181 0.1167 0.3787
vn -0.7906 0.3984 0.4651
vn -0.7064 0.5795 0.4064
vn -0.7302 0.4446 0.5188
vn -0.8480 0.4638 0.2564
vn -0.9561 0.2458 0.1597
vn 0.0870 0.9891 -0.1190
vn 0.0577 0.9974 -0.0431
vn 0.0805 0.9966 0.0202
vn -0.0674 0.9952 -0.0711
vn -0.5247 0.5673 0.6348
vn -0.4724 0.6315 0.6148
vn 0.0923 0.9840 -0.1526
vn 0.0836 0.9888 -0.1236
vn -0.4705 0.6315 0.6163
vn -0.3901 0.7203 0.5737
vn 0.0905 0.9836 -0.1560
vn 0.0900 0.9839 -0.1542
vn 0.1264 0.9842 -0.1240
vn 0.0908 0.9898 -0.1098
vn 0.0059 1.0000 0.0023
vn 0.0008 0.9991 -0.0412
vn 0.0116 0.9994 -0.0334
vn 0.0195 0.9990 -0.0396
vn -0.5021 0.7266 0.4689
vn -0.4634 0.7540 0.4655
vn -0.5133 0.7197 0.4675
vn -0.4991 0.7302 0.4666
vn -0.4762 0.6192 0.6243
vn -0.4589 0.7176 0.5239
vn -0.5940 -0.3200 0.7381
vn -0.5928 -0.2983 0.7480
vn -0.4996 0.6204 0.6046
vn -0.6611 0.3861 0.6434
vn -0.6743 -0.2879 0.6800
vn -0.6592 -0.3184 0.6812
vn -0.5927 -0.4070 0.6951
vn -0.5812 -0.5423 0.6067
vn -0.8814 -0.2878 0.3746
vn -0.8788 -0.1275 0.4599
vn -0.8470 -0.2896 0.4457
vn -0.7656 -0.4236 0.4842
vn -0.0864 -0.9960 0.0237
vn -0.1413 -0.9833 0.1145
vn -0.9454 -0.2802 0.1664
vn -0.9458 -0.2775 0.1686
vn -0.2499 -0.9646 -0.0841
vn -0.0880 -0.9960 0.0177
vn -0.1504 -0.9614 0.2306
vn -0.1721 -0.9378 0.3014
vn -0.3933 -0.6944 0.6026
vn -0.5227 -0.5446 0.6559
vn -0.1160 -0.9822 0.1480
vn -0.2018 -0.9595 0.1966
vn -0.1917 -0.9396 0.2836
vn -0.1775 -0.9559 0.2339
vn -0.5047 -0.7043 0.4992
vn -0.5060 -0.7034 0.4992
vn 0.0202 -0.9911 -0.1313
vn 0.0167 -0.9994 0.0301
vn 0.0860 -0.9892 -0.1186
vn 0.0560 -0.9938 -0.0955
vn -0.0212 -0.9997 -0.0154
vn -0.0201 -0.9997 -0.0114
vn 0.0069 -0.9999 -0.0138
vn -0.0030 -1.0000 -0.0048
vn -0.0187 -0.9998 -0.0045
vn -0.0212 -0.9997 -0.0155
vn -0.0038 -1.0000 -0.0028
vn -0.0047 -1.0000 -0.0015
vn -0.1719 -0.8423 0.5109
vn -0.1704 -0.8615 0.4784
vn 0.0007 -1.0000 -0.0009
vn -0.0003 -1.0000 0.0095
vn -0.2108 -0.7935 0.5709
vn -0.1682 -0.8420 0.5126
vn -0.3606 0.4248 0.8303
vn -0.2222 0.7076 0.6708
vn -0.1031 -0.8056 0.5834
vn -0.1423 -0.8997 0.4127
vn -0.2215 0.2687 0.9374
vn -0.2586 0.4381 0.8609
vn -0.0084 0.9999 0.0077
vn -0.0174 0.9997 0.0180
vn -0.2241 0.8107 0.5408
vn -0.2258 0.7073 0.6698
vn -0.0932 0.9715 0.2179
vn -0.0545 0.9984 -0.0175
vn -0.2888 0.9150 0.2818
vn -0.1114 0.9889 0.0978
vn -0.1282 0.9694 0.2092
vn -0.1620 0.9501 0.2664
vn -0.1402 0.9774 0.1580
vn -0.1215 0.9372 0.3270
vn -0.0926 0.4862 0.8689
vn -0.1763 0.0681 0.9820
vn -0.0043 0.9823 0.1871
vn -0.0008 0.9842 0.1772
vn -0.0205 0.7106 0.7033
vn 0.0371 0.4610 0.8866
vn -0.2967 -0.7844 0.5446
vn -0.2989 -0.7658 0.5693
vn -0.4971 -0.1030 0.8615
vn -0.5246 -0.0189 0.8511
vn 0.0317 -0.8650 0.5008
vn -0.0466 -0.7303 0.6816
vn 0.0038 -1.0000 0.0069
vn 0.0180 -0.9933 0.1145
vn -0.0609 -0.8600 0.5067
vn 0.0391 -0.6676 0.7435
vn -0.0040 -0.9996 0.0276
vn 0.0007 -1.0000 0.0072
vn -0.0052 -0.9997 -0.0249
vn 0.0005 -0.9999 -0.0102
vn -0.0011 -0.9996 0.0274
vn -0.0003 -0.9996 0.0289
vn -0.0042 -0.9979 -0.0647
vn -0.0232 -0.9995 -0.0232
vn -0.1449 -0.4643 -0.8737
vn -0.0492 -0.6221 -0.7814
vn 0.0025 -0.9979 -0.0648
vn -0.0463 -0.9904 -0.1305
vn -0.0532 -0.3584 -0.9321
vn -0.1355 -0.4646 -0.8751
vn -0.1279 -0.0218 -0.9915
vn -0.1353 -0.0117 -0.9907
vn -0.0712 -0.3594 -0.9305
vn -0.1111 -0.3178 -0.9416
vn -0.1073 -0.0151 -0.9941
vn -0.1128 -0.0216 -0.9934
vn -0.1160 -0.0029 -0.9932
vn -0.1130 -0.0060 -0.9936
vn -0.5111 -0.0658 -0.8570
vn -0.6279 0.0657 -0.7755
vn -0.6272 0.0783 -0.7749
vn -0.7314 -0.0564 -0.6796
vn -0.8628 0.0871 -0.4981
vn -0.7315 -0.0516 -0.6798
vn -0.8043 -0.0603 0.5912
vn -0.7695 0.0060 0.6387
vn -0.7698 0.0110 0.6382
vn -0.7264 -0.0452 0.6857
vn -0.6998 -0.0049 0.7143
vn -0.6985 -0.0026 0.7156
vn -0.6990 0.0031 0.7151
vn -0.6953 -0.0017 0.7187
vn -0.0206 -0.0309 0.9993
vn -0.1101 -0.1245 0.9861
vn -0.1541 0.1080 0.9821
vn 0.1084 -0.0685 0.9917
vn -0.7972 -0.1175 0.5921
vn -0.8654 0.0186 0.5007
vn -0.6988 -0.0162 0.7151
vn -0.6989 -0.0164 0.7150
vn -0.1372 0.0119 -0.9905
vn -0.1216 -0.0002 -0.9926
vn -0.1217 -0.0055 -0.9926
vn -0.1161 -0.0003 -0.9932
vn -0.8629 0.0852 -0.4981
vn -0.9580 -0.0616 -0.2802
vn -0.1217 -0.0002 -0.9926
vn -0.1258 0.0037 -0.9921
vn -0.1266 -0.0121 -0.9919
vn -0.1203 -0.0055 -0.9927
vn -0.1250 -0.0121 -0.9921
vn -0.1315 -0.0026 -0.9913
vn -0.1314 0.0015 -0.9913
vn -0.1301 0.0034 -0.9915
vn -0.1279 0.0034 -0.9918
vn -0.1203 -0.0061 -0.9927
vn -0.1218 0.0021 -0.9926
vn -0.1217 0.0019 -0.9926
vn -0.1239 -0.0352 -0.9917
vn -0.1113 -0.0047 -0.9938
vn -0.1338 -0.0055 -0.9910
vn -0.1307 -0.0118 -0.9914
vn -0.1177 -0.0341 -0.9925
vn -0.0953 -0.1231 -0.9878
vn -0.0899 -0.9527 -0.2904
vn -0.0187 -0.8051 -0.5928
vn -0.0313 -0.8070 -0.5897
vn -0.1283 -0.6247 -0.7703
vn -0.1317 -0.1294 -0.9828
vn -0.0966 -0.2548 -0.9621
vn -0.0671 -0.9977 -0.0014
vn 0.0072 -0.9419 -0.3359
vn -0.1016 -0.2550 -0.9616
vn -0.0500 -0.4257 -0.9035
vn -0.0142 -0.9895 0.1436
vn 0.0285 -0.9994 -0.0195
vn 0.0075 -0.9899 0.1417
vn 0.0422 -0.9725 0.2291
vn 0.0367 -0.9983 0.0449
vn -0.0110 -0.9840 0.1776
vn 0.0660 -0.9834 0.1692
vn 0.0309 -0.9960 0.0840
vn -0.0398 -0.9981 0.0480
vn -0.0412 -0.9981 0.0456
vn -0.0516 -0.9987 -0.0022
vn -0.0527 -0.9986 0.0095
vn -0.0099 -0.9999 0.0016
vn -0.0145 -0.9999 -0.0071
vn -0.0660 -0.9974 -0.0284
vn -0.0771 -0.9866 -0.1439
vn -0.0332 -0.9867 -0.1592
vn -0.0170 -0.9915 -0.1290
vn 0.2085 -0.8991 0.3849
vn 0.0910 -0.9954 -0.0315
vn 0.0223 -0.9997 0.0025
vn -0.0299 -0.9912 -0.1287
vn 0.0798 -0.8071 0.5849
vn 0.0796 -0.8063 0.5862
vn -0.2884 -0.7868 0.5456
vn -0.2918 -0.7656 0.5733
vn 0.0084 -0.9996 -0.0280
vn 0.0837 -0.9900 -0.1132
vn 0.1221 -0.3577 0.9258
vn 0.1133 -0.2937 0.9492
vn -0.4592 -0.1913 0.8675
vn -0.4477 -0.1021 0.8883
vn 0.0454 0.9676 0.2485
vn 0.0039 0.9899 0.1417
vn -0.0679 0.9898 0.1253
vn -0.0710 0.9891 0.1289
vn 0.3830 -0.8196 0.4262
vn 0.4214 -0.7802 0.4623
vn 0.4224 0.4822 0.7675
vn 0.6481 -0.3508 0.6760
vn -0.0565 -0.9977 -0.0364
vn 0.2021 -0.9659 0.1615
vn 0.3437 -0.8629 0.3705
vn 0.3145 -0.9156 0.2506
vn 0.0689 -0.9618 0.2648
vn 0.1556 -0.9310 0.3301
vn 0.1770 -0.9140 0.3650
vn 0.1876 -0.8494 0.4933
vn -0.0506 -0.8656 0.4982
vn -0.0608 -0.8708 0.4879
vn -0.1859 -0.9792 0.0819
vn -0.2567 -0.9014 0.3488
vn -0.1112 -0.9528 0.2826
vn 0.1916 -0.8448 0.4997
vn -0.0404 -0.8735 0.4852
vn -0.0576 -0.8981 0.4360
vn -0.0188 -0.9996 0.0200
vn -0.0538 -0.9962 0.0685
vn -0.0671 -0.8930 0.4450
vn -0.0751 -0.8144 0.5755
vn -0.0460 -0.8194 0.5714
vn -0.0476 -0.8221 0.5673
vn -0.1610 -0.9257 0.3423
vn -0.1533 -0.7646 0.6260
vn -0.0448 -0.7886 0.6132
vn -0.0468 -0.7922 0.6084
vn -0.2653 -0.8910 0.3684
vn -0.2676 -0.9088 0.3201
vn -0.0310 -0.9655 0.2584
vn -0.0501 -0.9810 0.1876
vn 0.0643 -0.9643 0.2569
vn -0.1363 -0.9876 0.0775
vn -0.1148 -0.9864 0.1173
vn -0.0880 -0.9537 0.2877
vn -0.4177 -0.8718 -0.2560
vn -0.3401 -0.9226 -0.1821
vn -0.0095 -0.9962 0.0863
vn -0.0424 -0.9980 0.0458
vn -0.0165 -0.9914 0.1299
vn 0.0477 -0.9121 -0.4072
vn 0.0190 -0.5541 -0.8322
vn -0.0969 -0.3106 -0.9456
vn -0.0289 -0.9910 0.1303
vn 0.0181 -0.9733 0.2290
vn -0.0453 -0.5446 -0.8375
vn -0.0472 -0.5499 -0.8339
vn -0.0499 0.0055 -0.9987
vn -0.0493 0.0033 -0.9988
vn -0.0524 -0.5441 -0.8374
vn -0.0934 -0.4248 -0.9005
vn -0.0884 0.0008 -0.9961
vn -0.0860 0.0073 -0.9963
vn -0.0840 -0.0112 -0.9964
vn -0.0865 -0.0026 -0.9962
vn -0.0909 0.0009 -0.9959
vn -0.0901 -0.0020 -0.9959
vn -0.0894 0.0131 -0.9959
vn -0.0981 -0.0111 -0.9951
vn -0.0973 -0.0070 -0.9952
vn -0.0979 -0.0054 -0.9952
vn -0.1247 0.0113 -0.9921
vn -0.1216 -0.0003 -0.9926
vn -0.1215 0.0013 -0.9926
vn -0.1258 -0.0083 -0.9920
vn -0.1235 -0.0007 -0.9923
vn -0.1254 0.0046 -0.9921
vn -0.1143 0.0020 -0.9934
vn -0.1134 -0.0004 -0.9936
vn -0.1132 0.0027 -0.9936
vn -0.1141 0.0001 -0.9935
vn -0.1161 0.0013 -0.9932
vn -0.1142 -0.0055 -0.9934
vn -0.1232 0.0017 -0.9924
vn -0.1224 0.0001 -0.9925
vn -0.1222 0.0053 -0.9925
vn -0.1241 0.0010 -0.9923
vn -0.1234 -0.0021 -0.9924
vn -0.1243 -0.0021 -0.9922
vn -0.1286 0.0035 -0.9917
vn -0.1289 0.0002 -0.9917
vn -0.1300 -0.0011 -0.9915
vn -0.1237 0.0092 -0.9923
vn -0.1232 0.0074 -0.9924
vn -0.1230 -0.0045 -0.9924
vn -0.1235 -0.0062 -0.9923
vn -0.1161 0.0139 -0.9931
vn -0.1172 0.0097 -0.9931
vn -0.0908 0.0097 -0.9958
vn -0.0944 0.0209 -0.9953
vn -0.0943 0.0098 -0.9955
vn -0.0980 -0.0028 -0.9952
vn -0.0846 0.0104 -0.9964
vn -0.0836 0.0078 -0.9965
vn -0.0853 0.0040 -0.9963
vn -0.0970 0.0035 -0.9953
vn -0.0980 0.0063 -0.9952
vn -0.0591 0.0094 -0.9982
vn -0.0534 0.0003 -0.9986
vn -0.0536 -0.0072 -0.9985
vn -0.0549 -0.0091 -0.9985
vn -0.0839 -0.0092 -0.9964
vn -0.0855 -0.0052 -0.9963
vn 0.0072 -0.0026 -1.0000
vn -0.0181 0.0195 -0.9996
vn -0.0197 -0.0481 -0.9986
vn 0.0077 -0.0051 -1.0000
vn -0.0510 -0.0119 -0.9986
vn -0.0545 -0.0029 -0.9985
vn -0.7807 -0.2300 -0.5810
vn -0.8181 -0.1774 -0.5470
vn -0.7744 -0.4246 -0.4691
vn -0.7050 -0.1333 -0.6966
vn 0.0198 -0.0208 -0.9996
vn 0.0081 0.0046 -1.0000
vn -0.7387 -0.1485 -0.6575
vn -0.5799 -0.2629 -0.7711
vn -0.5331 -0.4189 -0.7350
vn -0.5135 -0.3494 -0.7837
vn -0.2848 -0.1379 -0.9486
vn -0.0742 -0.1993 -0.9771
vn -0.1073 -0.1332 -0.9853
vn -0.1195 -0.1835 -0.9757
vn -0.8862 -0.4530 -0.0967
vn -0.8485 -0.5079 -0.1483
vn -0.6365 -0.7602 -0.1307
vn -0.7148 -0.6487 -0.2611
vn -0.6476 -0.7620 -0.0056
vn -0.6143 -0.7887 -0.0230
vn -0.3257 -0.9453 0.0173
vn -0.3784 -0.9254 -0.0227
vn -0.3461 -0.8858 -0.3093
vn -0.4836 -0.8474 -0.2191
vn -0.0220 -0.9994 0.0275
vn -0.0710 -0.9975 -0.0071
vn -0.0267 -0.9436 -0.3300
vn -0.1337 -0.9653 -0.2243
vn 0.3189 -0.8992 -0.2996
vn 0.2154 -0.8860 -0.4107
vn 0.1798 -0.5882 -0.7885
vn 0.1945 -0.5451 -0.8155
vn -0.0019 -0.5357 -0.8444
vn -0.0083 -0.5070 -0.8619
vn 0.5968 -0.6726 -0.4376
vn 0.5727 -0.6797 -0.4583
vn 0.4707 -0.5639 -0.6786
vn 0.4622 -0.3844 -0.7992
vn 0.7923 -0.4066 -0.4548
vn 0.8404 -0.3712 -0.3948
vn 0.8171 -0.3544 -0.4546
vn 0.7322 -0.0824 -0.6761
vn 0.8881 -0.0865 -0.4515
vn 0.9383 -0.0322 -0.3442
vn 0.9946 -0.0868 0.0569
vn 0.9980 -0.0596 0.0203
vn 0.9887 -0.1474 0.0274
vn 0.9480 -0.2515 -0.1952
vn 0.5736 0.1042 -0.8125
vn 0.7300 -0.0771 -0.6791
vn 0.7246 -0.1447 -0.6738
vn 0.8402 -0.0200 -0.5419
vn 0.6638 -0.2479 -0.7056
vn 0.7193 -0.5977 -0.3539
vn 0.1325 0.0298 -0.9907
vn 0.1549 -0.0031 -0.9879
vn 0.1602 -0.0661 -0.9849
vn 0.1386 -0.1169 -0.9834
vn 0.1202 0.0002 -0.9928
vn 0.1243 -0.0085 -0.9922
vn 0.1247 -0.0142 -0.9921
vn 0.1104 -0.0652 -0.9917
vn 0.1235 -0.0085 -0.9923
vn 0.1197 0.0014 -0.9928
vn 0.1200 -0.0024 -0.9928
vn 0.1171 -0.0148 -0.9930
vn 0.1059 0.0014 -0.9944
vn 0.1062 0.0008 -0.9943
vn 0.1063 -0.0017 -0.9943
vn 0.1061 -0.0026 -0.9944
vn 0.1202 -0.0011 -0.9927
vn 0.1205 -0.0007 -0.9927
vn 0.1227 -0.0007 -0.9924
vn 0.1233 -0.0021 -0.9924
vn 0.1328 -0.0013 -0.9911
vn 0.1272 0.0047 -0.9919
vn 0.1267 -0.0078 -0.9919
vn 0.1299 -0.0044 -0.9915
vn 0.1239 -0.0043 -0.9923
vn 0.1206 0.0027 -0.9927
vn 0.1296 -0.0078 -0.9915
vn 0.1406 0.0077 -0.9900
vn 0.1241 0.0079 -0.9922
vn 0.1248 0.0057 -0.9922
vn 0.1674 0.3012 -0.9388
vn 0.1059 0.1681 -0.9801
vn 0.0982 0.1682 -0.9809
vn 0.1285 0.0462 -0.9906
vn 0.6030 0.0452 -0.7965
vn 0.5858 0.0668 -0.8077
vn 0.5091 0.6463 -0.5684
vn 0.4205 0.3080 -0.8534
vn 0.9951 0.0781 0.0605
vn 0.9936 0.1129 0.0083
vn 0.9187 0.3937 0.0324
vn 0.9497 0.2024 -0.2391
vn 0.6031 0.0470 -0.7963
vn 0.5740 0.0172 -0.8187
vn 0.9334 0.0927 -0.3468
vn 0.8826 0.1528 -0.4447
vn 0.7832 0.4430 -0.4363
vn 0.7610 0.3066 -0.5717
vn 0.9099 0.1612 -0.3821
vn 0.8764 0.2049 -0.4359
vn 0.7187 0.5395 -0.4386
vn 0.7294 0.4143 -0.5444
vn 0.8027 0.5961 0.0203
vn 0.8029 0.5957 0.0205
vn 0.5437 0.8392 0.0097
vn 0.5548 0.8320 0.0037
vn 0.4631 0.7400 -0.4879
vn 0.4288 0.7422 -0.5151
vn 0.2017 0.9794 -0.0044
vn 0.1035 0.9938 0.0409
vn 0.1270 0.9094 -0.3960
vn 0.0810 0.8721 -0.4826
vn 0.2015 0.9794 0.0101
vn 0.1941 0.9810 0.0066
vn -0.0920 0.9956 -0.0164
vn -0.1287 0.9917 -0.0058
vn -0.1287 0.9903 0.0516
vn -0.2546 0.9667 -0.0261
vn -0.4219 0.9063 -0.0273
vn -0.4329 0.9011 -0.0238
vn -0.4334 0.9006 0.0343
vn -0.5075 0.8616 -0.0094
vn -0.7247 0.6890 0.0042
vn -0.7319 0.6814 0.0080
vn -0.6845 0.6991 -0.2066
vn -0.7423 0.5375 -0.4001
vn -0.6740 0.6334 -0.3803
vn -0.3697 0.7890 -0.4906
vn -0.3458 0.3885 -0.8541
vn -0.3247 0.3259 -0.8879
vn -0.2791 0.4246 -0.8613
vn -0.2725 0.4289 -0.8612
vn -0.6541 0.4092 -0.6362
vn -0.6402 0.3603 -0.6785
vn -0.5709 0.5962 -0.5644
vn -0.6333 0.5071 -0.5846
vn -0.5576 0.8041 -0.2063
vn -0.5810 0.6683 -0.4645
vn -0.5085 0.6011 -0.6165
vn -0.4312 0.2793 -0.8579
vn -0.2149 0.9123 -0.3487
vn -0.2779 0.8702 -0.4069
vn -0.0273 0.9827 0.1830
vn -0.0502 0.9987 -0.0088
vn 0.0375 0.9126 -0.4071
vn -0.0287 0.9941 0.1045
vn -0.0565 0.9982 0.0186
vn 0.0576 0.9841 0.1681
vn -0.0461 0.9989 -0.0106
vn -0.0578 0.9936 -0.0969
vn -0.0367 0.9992 0.0154
vn -0.0386 0.9987 0.0324
vn -0.0615 0.9978 -0.0247
vn -0.0455 0.9989 -0.0109
vn -0.0877 0.9846 -0.1515
vn -0.0636 0.9971 -0.0417
vn -0.0117 0.9992 -0.0393
vn 0.0119 0.9935 -0.1132
vn 0.0100 0.9917 -0.1283
vn -0.0201 0.9836 -0.1792
vn 0.0293 0.9993 0.0245
vn 0.0038 0.9950 0.0995
vn 0.0488 0.9741 0.2206
vn 0.0113 0.9892 0.1461
vn 0.0105 0.9892 0.1462
vn 0.0259 0.9961 0.0842
vn 0.0176 0.9955 -0.0926
vn 0.0850 0.9914 0.0993
vn -0.0553 0.7320 -0.6791
vn -0.0784 0.6796 -0.7294
vn -0.1095 0.6775 -0.7273
vn -0.0712 0.5389 -0.8394
vn -0.0093 0.9982 -0.0600
vn 0.0445 0.9951 0.0878
vn -0.0718 0.7005 -0.7100
vn -0.0559 0.7320 -0.6791
vn -0.0793 0.6998 -0.7099
vn -0.0301 0.5511 -0.8339
vn -0.0602 0.0147 -0.9981
vn -0.0619 0.0102 -0.9980
vn -0.0845 0.0076 -0.9964
vn -0.0891 0.0213 -0.9958
vn 0.0258 0.0191 -0.9995
vn 0.0236 0.0243 -0.9994
vn 0.0235 0.0128 -0.9996
vn 0.0185 0.0058 -0.9998
vn -0.0590 0.0038 -0.9982
vn -0.0619 0.0099 -0.9980
vn -0.7171 0.1563 -0.6792
vn -0.7366 0.2006 -0.6459
vn -0.7487 0.0958 -0.6560
vn -0.7777 0.0617 -0.6256
vn 0.0076 0.0107 -0.9999
vn 0.0185 -0.0006 -0.9998
vn -0.7688 0.0971 -0.6321
vn -0.7947 0.1390 -0.5908
vn -0.7940 -0.1270 -0.5945
vn -0.7488 -0.0572 -0.6603
vn -0.7976 -0.0657 -0.5995
vn -0.7767 -0.0896 -0.6235
vn -0.4087 0.1022 -0.9070
vn -0.3804 0.0742 -0.9218
vn -0.3747 -0.1472 -0.9154
vn -0.3022 -0.0752 -0.9503
vn -0.9887 0.1433 -0.0442
vn -0.9891 0.1393 -0.0487
vn -0.9767 -0.2089 -0.0500
vn -0.9814 -0.1673 -0.0947
vn -0.9901 0.1382 -0.0240
vn -0.9939 0.1007 -0.0450
vn -0.9768 -0.2093 -0.0445
vn -0.9769 -0.2088 -0.0447
vn -0.9771 -0.2093 -0.0392
vn -0.9719 -0.2306 -0.0468
vn -0.8294 -0.5576 -0.0335
vn -0.8618 -0.5036 -0.0606
vn -0.8632 -0.5038 -0.0335
vn -0.8620 -0.5058 -0.0345
vn -0.8292 -0.5575 -0.0393
vn -0.8337 -0.5510 -0.0369
vn -0.6106 -0.7917 -0.0204
vn -0.6067 -0.7947 -0.0184
vn -0.6060 -0.7946 -0.0371
vn -0.6138 -0.7887 -0.0342
vn -0.2359 -0.9717 0.0075
vn -0.2985 -0.9542 -0.0189
vn -0.2986 -0.9543 -0.0145
vn -0.3243 -0.9459 -0.0068
vn 0.0550 -0.9985 0.0044
vn 0.0202 -0.9997 -0.0099
vn 0.0201 -0.9998 -0.0031
vn -0.0222 -0.9997 0.0098
vn 0.3748 -0.9270 0.0132
vn 0.3434 -0.9392 -0.0005
vn 0.3434 -0.9391 0.0154
vn 0.3325 -0.9429 0.0190
vn 0.7037 -0.7093 0.0417
vn 0.6661 -0.7456 0.0194
vn 0.6661 -0.7457 0.0162
vn 0.6494 -0.7600 0.0258
vn 0.3163 -0.9486 0.0072
vn 0.3325 -0.9429 0.0170
vn 0.9080 -0.4172 0.0377
vn 0.8941 -0.4473 0.0239
vn 0.8942 -0.4475 0.0128
vn 0.8739 -0.4851 0.0321
vn 0.9938 -0.1061 0.0323
vn 0.9933 -0.1118 0.0300
vn 0.9936 -0.1119 0.0164
vn 0.9911 -0.1305 0.0253
vn 0.9740 0.2243 0.0329
vn 0.9742 0.2232 0.0325
vn 0.9745 0.2233 0.0235
vn 0.9729 0.2304 0.0199
vn 0.9741 0.2243 0.0296
vn 0.9718 0.2344 0.0256
vn 0.8155 0.5786 0.0174
vn 0.8165 0.5771 0.0168
vn 0.8158 0.5771 0.0376
vn 0.8027 0.5957 0.0281
vn 0.5545 0.8322 0.0054
vn 0.5589 0.8293 0.0037
vn 0.5582 0.8291 0.0324
vn 0.5433 0.8392 0.0244
vn 0.5545 0.8322 0.0052
vn 0.5568 0.8306 0.0063
vn 0.2385 0.9711 -0.0082
vn 0.2425 0.9701 -0.0095
vn 0.2420 0.9703 0.0082
vn 0.1943 0.9809 -0.0116
vn -0.0894 0.9958 -0.0212
vn -0.1018 0.9947 -0.0173
vn -0.1020 0.9947 -0.0110
vn -0.0921 0.9957 -0.0070
vn -0.4296 0.9026 -0.0263
vn -0.4313 0.9018 -0.0257
vn -0.4313 0.9018 -0.0285
vn -0.4219 0.9063 -0.0246
vn -0.7009 0.7126 -0.0305
vn -0.7159 0.6978 -0.0237
vn -0.7155 0.6975 -0.0386
vn -0.7121 0.7012 -0.0369
vn -0.9062 0.4209 -0.0410
vn -0.9070 0.4193 -0.0404
vn -0.9072 0.4196 -0.0296
vn -0.9157 0.4000 -0.0374
vn -0.7239 0.6891 -0.0322
vn -0.7120 0.7011 -0.0376
vn -0.9975 0.0592 -0.0376
vn -0.9967 0.0700 -0.0413
vn -0.9967 0.0700 -0.0423
vn -0.9944 0.1006 -0.0311
vn -0.9980 0.0593 -0.0198
vn -0.9962 0.0860 -0.0113
vn -0.9499 -0.3126 -0.0038
vn -0.9614 -0.2744 -0.0185
vn -0.9603 -0.2743 -0.0499
vn -0.9724 -0.2306 -0.0357
vn -0.9484 -0.3128 -0.0528
vn -0.9536 -0.2972 -0.0478
vn -0.7997 -0.5994 -0.0347
vn -0.7982 -0.6014 -0.0337
vn -0.7983 -0.6015 -0.0308
vn -0.8344 -0.5511 -0.0107
vn -0.5455 -0.8379 -0.0173
vn -0.5682 -0.8224 -0.0287
vn -0.5678 -0.8223 -0.0387
vn -0.6105 -0.7917 -0.0220
vn -0.2156 -0.9764 -0.0073
vn -0.2565 -0.9662 -0.0250
vn -0.2569 -0.9663 -0.0158
vn -0.2351 -0.9717 -0.0224
vn 0.0646 -0.9979 -0.0053
vn 0.0717 -0.9974 -0.0023
vn 0.0717 -0.9974 -0.0019
vn 0.0551 -0.9985 0.0028
vn 0.4105 -0.9116 0.0199
vn 0.4051 -0.9141 0.0175
vn 0.4054 -0.9141 0.0093
vn 0.3746 -0.9270 0.0185
vn 0.7245 -0.6882 0.0393
vn 0.7071 -0.7065 0.0295
vn 0.7073 -0.7065 0.0243
vn 0.6911 -0.7221 0.0307
vn 0.9190 -0.3921 0.0421
vn 0.9246 -0.3778 0.0479
vn 0.9253 -0.3779 0.0323
vn 0.9078 -0.4169 0.0462
vn 0.7039 -0.7096 0.0300
vn 0.6915 -0.7221 0.0229
vn 0.9956 -0.0749 0.0558
vn 0.9951 -0.0830 0.0529
vn 0.9961 -0.0833 0.0304
vn 0.9936 -0.1060 0.0386
vn 0.9960 -0.0749 0.0485
vn 0.9972 -0.0610 0.0440
vn 0.9633 0.2646 0.0456
vn 0.9658 0.2556 0.0424
vn 0.9658 0.2556 0.0442
vn 0.9706 0.2349 0.0522
vn 0.7889 0.6135 0.0349
vn 0.7928 0.6086 0.0329
vn 0.7934 0.6084 0.0194
vn 0.8147 0.5788 0.0342
vn 0.7895 0.6134 0.0219
vn 0.7732 0.6340 0.0122
vn 0.5402 0.8415 0.0061
vn 0.5383 0.8427 0.0068
vn 0.5381 0.8428 0.0135
vn 0.5561 0.8308 0.0223
vn 0.2208 0.9753 -0.0021
vn 0.2149 0.9766 -0.0002
vn 0.2152 0.9765 -0.0092
vn 0.2382 0.9712 0.0004
vn -0.0889 0.9960 -0.0085
vn -0.0719 0.9973 -0.0138
vn -0.0719 0.9973 -0.0146
vn -0.0894 0.9958 -0.0215
vn -0.4510 0.8922 -0.0249
vn -0.4085 0.9119 -0.0393
vn -0.4094 0.9122 -0.0189
vn -0.4296 0.9026 -0.0273
vn -0.7174 0.6950 -0.0487
vn -0.7264 0.6858 -0.0446
vn -0.7266 0.6858 -0.0420
vn -0.7009 0.7127 -0.0287
vn -0.9107 0.4101 -0.0489
vn -0.9206 0.3884 -0.0410
vn -0.9196 0.3883 -0.0593
vn -0.9041 0.4248 -0.0459
vn -0.9985 0.0373 -0.0395
vn -0.9961 0.0711 -0.0514
vn -0.9955 0.0710 -0.0622
vn -0.9947 0.0856 -0.0575
vn -0.9992 0.0374 -0.0158
vn -0.9989 0.0461 -0.0129
vn -0.9506 -0.3103 -0.0077
vn -0.9548 -0.2970 -0.0128
vn -0.9539 -0.2970 -0.0437
vn -0.9538 -0.2972 -0.0438
vn -0.7923 -0.6101 -0.0061
vn -0.7863 -0.6179 -0.0024
vn -0.7853 -0.6178 -0.0398
vn -0.7998 -0.5994 -0.0324
vn -0.4991 -0.8665 0.0059
vn -0.5407 -0.8411 -0.0127
vn -0.5403 -0.8410 -0.0280
vn -0.5451 -0.8379 -0.0263
vn -0.1952 -0.9808 -0.0026
vn -0.2070 -0.9783 -0.0074
vn -0.2068 -0.9783 -0.0145
vn -0.2155 -0.9764 -0.0118
vn 0.1066 -0.9943 0.0047
vn 0.0907 -0.9959 -0.0017
vn 0.0909 -0.9958 -0.0089
vn 0.0645 -0.9979 -0.0010
vn 0.4329 -0.9013 0.0152
vn 0.4392 -0.8982 0.0180
vn 0.4399 -0.8981 -0.0020
vn 0.4110 -0.9116 0.0072
vn 0.7258 -0.6870 0.0353
vn 0.7193 -0.6939 0.0317
vn 0.7199 -0.6938 0.0160
vn 0.7254 -0.6882 0.0137
vn 0.9295 -0.3659 0.0468
vn 0.9225 -0.3839 0.0398
vn 0.9229 -0.3838 0.0307
vn 0.9247 -0.3795 0.0292
vn 0.9985 -0.0257 0.0484
vn 0.9978 -0.0546 0.0384
vn 0.9979 -0.0545 0.0359
vn 0.9974 -0.0610 0.0380
vn 0.9593 0.2795 0.0408
vn 0.9524 0.3011 0.0484
vn 0.9533 0.3010 0.0249
vn 0.9636 0.2646 0.0379
vn 0.9594 0.2795 0.0366
vn 0.9409 0.3384 0.0161
vn 0.7511 0.6600 0.0157
vn 0.7670 0.6416 0.0075
vn 0.7658 0.6418 0.0408
vn 0.7719 0.6342 0.0444
vn 0.5143 0.8576 0.0048
vn 0.5127 0.8585 0.0055
vn 0.5122 0.8586 0.0208
vn 0.5391 0.8416 0.0333
vn 0.1987 0.9801 0.0014
vn 0.2132 0.9770 -0.0038
vn 0.2128 0.9771 0.0084
vn 0.2204 0.9753 0.0115
vn -0.1170 0.9931 -0.0072
vn -0.0883 0.9959 -0.0173
vn -0.0887 0.9961 0.0019
vn -0.0892 0.9960 0.0018
vn -0.4374 0.8991 -0.0184
vn -0.4258 0.9045 -0.0228
vn -0.4263 0.9046 0.0067
vn -0.4516 0.8922 -0.0031
vn -0.7273 0.6860 -0.0205
vn -0.7449 0.6670 -0.0114
vn -0.7450 0.6671 -0.0073
vn -0.7187 0.6953 0.0057
vn -0.9218 0.3876 -0.0072
vn -0.9279 0.3729 -0.0015
vn -0.9277 0.3728 -0.0196
vn -0.9119 0.4103 -0.0061
vn -0.9216 0.3875 -0.0235
vn -0.9317 0.3618 -0.0328
vn -0.9993 0.0240 -0.0301
vn -0.9995 0.0157 -0.0271
vn -0.9999 0.0158 -0.0061
vn -0.9989 0.0462 0.0037
vn -0.9393 -0.3424 -0.0196
vn -0.9357 -0.3524 -0.0157
vn -0.9357 -0.3524 -0.0149
vn -0.9507 -0.3103 -0.0003
vn -0.7699 -0.6382 -0.0065
vn -0.7735 -0.6337 -0.0087
vn -0.7733 -0.6337 -0.0194
vn -0.7922 -0.6101 -0.0094
vn -0.4816 -0.8764 0.0028
vn -0.5014 -0.8652 -0.0062
vn -0.5013 -0.8652 -0.0103
vn -0.4990 -0.8665 -0.0112
vn -0.1681 -0.9858 0.0046
vn -0.1988 -0.9800 -0.0078
vn -0.1989 -0.9800 0.0003
vn -0.1952 -0.9808 -0.0010
vn 0.1389 -0.9903 0.0009
vn 0.1232 -0.9924 -0.0052
vn 0.1231 -0.9924 0.0049
vn 0.1064 -0.9943 0.0104
vn 0.4418 -0.8971 0.0003
vn 0.4495 -0.8933 0.0034
vn 0.4494 -0.8932 0.0101
vn 0.4329 -0.9013 0.0159
vn 0.7403 -0.6723 0.0065
vn 0.7429 -0.6694 0.0078
vn 0.7429 -0.6693 0.0123
vn 0.7263 -0.6871 0.0198
vn 0.9471 -0.3208 0.0097
vn 0.9301 -0.3673 -0.0069
vn 0.9299 -0.3671 0.0205
vn 0.9304 -0.3659 0.0201
vn 0.9998 -0.0170 -0.0060
vn 0.9985 -0.0516 -0.0176
vn 0.9981 -0.0511 0.0341
vn 0.9993 -0.0256 0.0260
vn 0.9997 -0.0171 -0.0177
vn 0.9997 -0.0111 -0.0196
vn 0.9462 0.3230 -0.0170
vn 0.9419 0.3356 -0.0124
vn 0.9419 0.3356 -0.0142
vn 0.9409 0.3383 -0.0151
vn 0.7386 0.6741 -0.0104
vn 0.7652 0.6433 -0.0245
vn 0.7654 0.6435 -0.0028
vn 0.7512 0.6600 -0.0101
vn 0.4981 0.8668 -0.0231
vn 0.4908 0.8710 -0.0202
vn 0.4908 0.8712 -0.0084
vn 0.5144 0.8576 0.0011
vn 0.2063 0.9783 -0.0200
vn 0.1975 0.9802 -0.0169
vn 0.1975 0.9803 -0.0055
vn 0.1988 0.9800 -0.0050
vn -0.1362 0.9905 -0.0188
vn -0.0965 0.9948 -0.0320
vn -0.0970 0.9953 0.0026
vn -0.1170 0.9931 -0.0046
vn -0.4687 0.8826 -0.0358
vn -0.4565 0.8888 -0.0402
vn -0.4575 0.8892 -0.0068
vn -0.4377 0.8991 0.0010
vn -0.7657 0.6417 -0.0435
vn -0.7522 0.6570 -0.0502
vn -0.7534 0.6572 -0.0227
vn -0.7275 0.6861 -0.0093
vn -0.7657 0.6417 -0.0444
vn -0.7424 0.6691 -0.0336
vn -0.9400 0.3406 -0.0221
vn -0.9389 0.3435 -0.0233
vn -0.9378 0.3426 -0.0567
vn -0.9310 0.3617 -0.0501
vn -0.9999 -0.0097 -0.0132
vn -0.9996 0.0152 -0.0221
vn -0.9984 0.0147 -0.0549
vn -0.9984 0.0238 -0.0520
vn -0.9402 -0.3403 -0.0157
vn -0.9471 -0.3200 -0.0232
vn -0.9467 -0.3200 -0.0369
vn -0.9384 -0.3427 -0.0443
vn -0.7482 -0.6632 -0.0178
vn -0.7524 -0.6584 -0.0200
vn -0.7521 -0.6583 -0.0319
vn -0.7694 -0.6383 -0.0238
vn -0.4389 -0.8984 -0.0132
vn -0.4673 -0.8838 -0.0246
vn -0.4673 -0.8838 -0.0227
vn -0.4811 -0.8765 -0.0178
vn -0.1446 -0.9893 -0.0176
vn -0.1694 -0.9852 -0.0267
vn -0.1695 -0.9855 -0.0118
vn -0.1679 -0.9857 -0.0123
vn 0.1730 -0.9847 -0.0195
vn 0.1532 -0.9878 -0.0267
vn 0.1533 -0.9881 -0.0095
vn 0.1389 -0.9903 -0.0047
vn 0.4892 -0.8720 -0.0165
vn 0.4718 -0.8814 -0.0235
vn 0.4718 -0.8815 -0.0158
vn 0.4418 -0.8971 -0.0050
vn 0.7712 -0.6364 -0.0136
vn 0.7766 -0.6299 -0.0107
vn 0.7764 -0.6296 -0.0301
vn 0.7401 -0.6723 -0.0122
vn 0.9602 -0.2795 -0.0021
vn 0.9405 -0.3389 -0.0233
vn 0.9406 -0.3389 -0.0202
vn 0.9467 -0.3209 -0.0263
vn 0.9513 -0.2802 0.1283
vn 0.9380 -0.3175 0.1393
vn 0.9877 0.0233 0.1549
vn 0.9896 -0.0094 0.1433
vn 0.9998 -0.0094 -0.0183
vn 0.9998 -0.0111 -0.0178
vn 0.9036 0.4030 0.1452
vn 0.9300 0.3460 0.1244
vn 0.9381 0.3457 -0.0235
vn 0.9462 0.3231 -0.0157
vn 0.6986 0.7058 0.1178
vn 0.7215 0.6839 0.1086
vn 0.7286 0.6844 -0.0263
vn 0.7385 0.6739 -0.0215
vn 0.4016 0.9111 0.0927
vn 0.4742 0.8777 0.0688
vn 0.4796 0.8767 -0.0373
vn 0.4981 0.8666 -0.0298
vn 0.1581 0.9858 0.0569
vn 0.1772 0.9829 0.0508
vn 0.1812 0.9821 -0.0507
vn 0.2065 0.9776 -0.0417
vn -0.1282 0.9907 0.0452
vn -0.1465 0.9879 0.0517
vn -0.1456 0.9877 -0.0570
vn -0.1356 0.9893 -0.0537
vn -0.4618 0.8853 0.0543
vn -0.4567 0.8881 0.0522
vn -0.4588 0.8870 -0.0522
vn -0.4682 0.8819 -0.0555
vn -0.4641 0.8858 -0.0015
vn -0.3251 0.9441 0.0546
vn -0.7046 0.7073 0.0567
vn -0.7312 0.6785 0.0710
vn -0.7318 0.6786 0.0623
vn -0.7382 0.6719 0.0594
vn -0.9277 0.3670 0.0681
vn -0.9310 0.3579 0.0715
vn -0.9308 0.3579 0.0746
vn -0.9367 0.3431 0.0695
vn -0.9977 -0.0079 0.0678
vn -0.9977 -0.0053 0.0668
vn -0.9968 -0.0053 0.0792
vn -0.9969 -0.0093 0.0779
vn -0.9289 -0.3651 0.0625
vn -0.9248 -0.3747 0.0663
vn -0.9245 -0.3747 0.0702
vn -0.9364 -0.3411 0.0820
vn -0.6859 -0.7251 0.0613
vn -0.7322 -0.6800 0.0391
vn -0.7307 -0.6797 0.0644
vn -0.7449 -0.6633 0.0719
vn -0.3479 -0.9371 0.0294
vn -0.4450 -0.8955 -0.0115
vn -0.4401 -0.8956 0.0655
vn -0.4365 -0.8974 0.0640
vn -0.0265 -0.9996 -0.0092
vn -0.1035 -0.9936 -0.0443
vn -0.1039 -0.9929 0.0576
vn -0.1443 -0.9870 0.0711
vn 0.2395 -0.9706 -0.0244
vn 0.1954 -0.9795 -0.0489
vn 0.1914 -0.9796 0.0618
vn 0.1712 -0.9829 0.0681
vn 0.5032 -0.8641 -0.0072
vn 0.5125 -0.8587 -0.0017
vn 0.5064 -0.8592 0.0737
vn 0.4848 -0.8709 0.0803
vn 0.7636 -0.6446 0.0358
vn 0.7568 -0.6529 0.0307
vn 0.7495 -0.6539 0.1033
vn 0.7654 -0.6362 0.0972
vn 0.7535 -0.6103 -0.2444
vn 0.8828 -0.3777 -0.2791
vn 0.9608 -0.1514 -0.2323
vn 0.9015 -0.2997 -0.3121
vn 0.9385 -0.3379 0.0712
vn 0.9471 -0.3146 0.0641
vn 0.9551 0.0405 -0.2935
vn 0.9553 0.0425 -0.2927
vn 0.9961 0.0406 0.0789
vn 0.9962 0.0235 0.0844
vn 0.9179 0.2576 -0.3017
vn 0.8694 0.4233 -0.2550
vn 0.8909 0.4501 0.0606
vn 0.9114 0.4035 0.0805
vn 0.8062 0.5257 -0.2714
vn 0.6592 0.7163 -0.2287
vn 0.6575 0.7532 0.0177
vn 0.7069 0.7057 0.0466
vn 0.7031 0.3943 0.5917
vn 0.7038 0.4329 0.5633
vn 0.5486 0.6997 0.4577
vn 0.5256 0.7163 0.4590
vn 0.3668 0.4086 0.8357
vn 0.3856 0.4871 0.7836
vn 0.3335 0.6050 0.7230
vn 0.2543 0.6591 0.7077
vn 0.3011 0.5973 0.7434
vn 0.2875 0.4927 0.8213
vn -0.0231 0.9581 0.2853
vn -0.0618 0.9650 0.2549
vn -0.0495 0.9675 0.2479
vn -0.0487 0.9605 0.2741
vn 0.0741 0.9723 0.2217
vn 0.0549 0.9963 0.0658
vn -0.2766 0.8131 -0.5122
vn -0.3046 0.7959 -0.5233
vn -0.3813 0.7943 -0.4730
vn -0.3863 0.8080 -0.4449
vn -0.4972 0.1347 -0.8571
vn -0.4482 0.2014 -0.8709
vn -0.4365 0.2016 -0.8768
vn -0.4492 0.2222 -0.8653
vn -0.4566 0.0217 -0.8894
vn -0.4541 0.0253 -0.8906
vn -0.4239 0.0260 -0.9053
vn -0.4361 0.0432 -0.8989
vn -0.4242 -0.0385 -0.9047
vn -0.4438 -0.0662 -0.8937
vn 0.9310 -0.0499 -0.3617
vn 0.9407 -0.0712 -0.3318
vn 0.9419 0.0504 -0.3321
vn 0.9609 0.1001 -0.2580
vn 0.9095 -0.0210 0.4152
vn 0.9069 -0.0277 0.4205
vn 0.9070 0.0141 0.4209
vn 0.9048 0.0197 0.4254
vn 0.8958 0.0136 0.4443
vn 0.8947 0.0105 0.4465
vn 0.8404 0.3435 0.4193
vn 0.8167 0.3746 0.4390
vn 0.8497 0.3813 0.3642
vn 0.8565 0.2949 0.4236
vn 0.4293 0.8670 0.2529
vn 0.3976 0.8770 0.2699
vn 0.3989 0.8776 0.2659
vn 0.4332 0.8449 0.3139
vn 0.4190 0.8651 0.2759
vn 0.4067 0.8676 0.2862
vn 0.4053 0.8656 0.2940
vn 0.3740 0.8896 0.2623
vn 0.3936 0.8711 0.2938
vn 0.3917 0.8715 0.2952
vn 0.3915 0.8773 0.2776
vn 0.2861 0.9355 0.2074
vn 0.3606 0.9100 0.2047
vn 0.3751 0.9075 0.1893
vn -0.0732 0.9563 0.2831
vn -0.1352 0.9397 0.3141
vn -0.1355 0.9572 0.2558
vn -0.1411 0.9576 0.2513
vn -0.4017 0.8739 0.2737
vn -0.3846 0.8845 0.2642
vn -0.3839 0.9063 0.1766
vn -0.3410 0.9144 0.2183
vn -0.4115 0.8733 0.2609
vn -0.3865 0.8905 0.2399
vn -0.3948 0.9130 0.1031
vn -0.3129 0.9301 0.1924
vn -0.4072 0.8695 0.2794
vn -0.4185 0.8671 0.2702
vn -0.4515 0.8491 0.2741
vn -0.4461 0.8554 0.2632
vn -0.4357 0.8508 0.2940
vn -0.5195 0.8206 0.2382
vn -0.8955 0.2936 0.3345
vn -0.8930 0.2221 0.3914
vn -0.8924 0.2220 0.3930
vn -0.9846 -0.0096 0.1744
vn -0.9178 0.0197 0.3967
vn -0.9160 0.0135 0.4010
vn -0.9184 0.0137 0.3954
vn -0.9221 0.0038 0.3869
vn -0.9184 -0.0150 0.3953
vn -0.9224 -0.0046 0.3861
vn 0.1684 -0.0719 -0.9831
vn 0.1104 -0.0130 -0.9938
vn 0.1109 0.0138 -0.9937
vn 0.1617 0.0639 -0.9848
vn 0.4886 -0.0234 -0.8722
vn 0.4923 -0.0281 -0.8700
vn 0.4927 0.0159 -0.8701
vn 0.4990 0.0241 -0.8663
vn 0.6379 0.0228 -0.7698
vn 0.6638 -0.0074 -0.7479
vn 0.6636 -0.0291 -0.7475
vn 0.7818 0.2076 -0.5879
vn 0.5121 0.1291 -0.8492
vn 0.4997 0.1447 -0.8540
vn 0.9720 -0.0059 0.2349
vn 0.9716 -0.0073 0.2365
vn 0.9613 0.1565 0.2268
vn 0.9786 0.1027 0.1783
vn 0.8027 0.1415 0.5794
vn 0.8040 0.1453 0.5765
vn 0.3518 0.9305 0.1017
vn 0.1922 0.9751 0.1104
vn 0.2411 0.9688 -0.0581
vn 0.2883 0.9575 0.0067
vn -0.3722 0.8602 -0.3487
vn -0.3705 0.8608 -0.3488
vn -0.4350 0.8817 -0.1826
vn -0.4174 0.8944 -0.1606
vn -0.4696 0.7815 -0.4109
vn -0.5488 0.7362 -0.3960
vn -0.6123 0.7521 -0.2438
vn -0.5929 0.7764 -0.2137
vn -0.9013 0.3242 -0.2873
vn -0.9076 0.3132 -0.2795
vn -0.9171 0.3261 0.2294
vn -0.9733 0.1957 0.1200
vn -0.7599 0.6423 0.0999
vn -0.6080 0.7848 -0.1196
vn -0.7563 -0.5927 0.2769
vn -0.9225 -0.3852 0.0238
vn -0.7416 -0.3216 0.5888
vn -0.7257 -0.2257 0.6499
vn -0.7488 0.1959 0.6332
vn -0.7446 0.1820 0.6422
vn -0.4836 -0.1925 0.8539
vn -0.4477 -0.1172 0.8864
vn -0.4648 0.1877 0.8653
vn -0.4390 0.1452 0.8867
vn -0.4393 -0.1176 0.8906
vn -0.4358 -0.1117 0.8931
vn -0.4585 0.2680 0.8473
vn -0.3991 0.1871 0.8976
vn -0.4109 0.3978 0.8203
vn -0.4088 0.4007 0.8199
vn -0.4444 0.2675 0.8550
vn -0.4400 0.2725 0.8556
vn -0.3845 0.5702 0.7259
vn -0.3070 0.3825 0.8714
vn 0.1690 0.9561 0.2393
vn -0.0677 0.9215 0.3825
vn -0.3786 0.5688 0.7302
vn -0.1610 0.6815 0.7139
vn 0.1072 0.9649 0.2397
vn 0.0915 0.9762 0.1966
vn -0.4429 0.2730 0.8540
vn -0.4813 0.2323 0.8452
vn -0.4538 -0.0599 0.8891
vn -0.4601 -0.0518 0.8864
vn -0.8799 -0.0403 0.4735
vn -0.8739 -0.0192 0.4858
vn -0.7984 0.4120 0.4391
vn -0.7903 0.2748 0.5476
vn -0.9445 -0.0013 -0.3285
vn -0.9436 -0.0083 -0.3311
vn -0.8840 0.3206 -0.3402
vn -0.9189 0.2499 -0.3053
vn -0.8169 -0.3680 0.4440
vn -0.7766 -0.4243 0.4657
vn -0.9153 -0.2560 -0.3109
vn -0.8833 -0.3186 -0.3440
vn -0.3866 -0.3948 0.8334
vn -0.4542 -0.3385 0.8241
vn -0.3976 -0.3968 0.8273
vn -0.4018 -0.4088 0.8194
vn -0.3581 -0.5255 0.7718
vn -0.2516 -0.6040 0.7562
vn -0.2512 -0.6039 0.7565
vn -0.2609 -0.7001 0.6647
vn 0.1087 -0.9666 0.2321
vn 0.2203 -0.9623 0.1593
vn 0.0945 -0.9911 0.0942
vn 0.1423 -0.9531 0.2671
vn -0.3774 -0.5285 0.7604
vn -0.3829 -0.5434 0.7470
vn -0.0571 -0.9916 0.1163
vn -0.0661 -0.9903 0.1220
vn -0.3960 -0.4083 0.8225
vn -0.4021 -0.4211 0.8130
vn -0.4355 -0.0594 0.8982
vn -0.4657 -0.1114 0.8779
vn -0.2268 0.9249 0.3051
vn -0.3305 0.8661 0.3750
vn -0.6766 -0.7124 -0.1863
vn -0.7288 -0.6163 -0.2986
vn -0.7905 0.3161 -0.5246
vn -0.7885 0.2876 -0.5437
vn -0.5295 -0.7667 -0.3631
vn -0.5543 -0.6945 -0.4587
vn -0.4767 -0.7616 -0.4389
vn -0.4142 -0.8002 -0.4338
vn -0.3956 -0.8200 -0.4136
vn -0.4037 -0.7039 -0.5845
vn -0.5202 -0.7375 -0.4307
vn -0.5140 -0.7409 -0.4322
vn -0.4153 -0.8003 -0.4326
vn -0.3762 -0.8243 -0.4231
vn -0.3205 -0.8870 -0.3325
vn -0.3060 -0.8100 -0.5003
vn -0.6412 0.2243 -0.7338
vn -0.6304 0.1873 -0.7534
vn -0.6739 0.2828 -0.6825
vn -0.7095 0.2251 -0.6678
vn -0.3628 0.8010 -0.4762
vn -0.3643 0.8454 -0.3907
vn -0.4549 0.7790 -0.4315
vn -0.4097 0.8051 -0.4289
vn -0.2744 0.9494 -0.1527
vn -0.2539 0.9200 -0.2985
vn -0.3560 0.8572 -0.3722
vn -0.0782 0.9431 -0.3231
vn 0.7980 -0.0081 0.6025
vn 0.8061 0.0070 0.5917
vn 0.3957 -0.0040 0.9184
vn 0.3616 -0.0338 0.9317
vn 0.3614 -0.0435 0.9314
vn 0.2954 0.0065 0.9553
vn 0.7980 0.0014 0.6027
vn 0.8020 -0.0059 0.5973
vn 0.8025 -0.2608 0.5366
vn 0.7847 -0.2876 0.5491
vn 0.9720 -0.0037 0.2349
vn 0.9739 0.0037 0.2268
vn 0.9667 -0.1304 0.2201
vn 0.9591 -0.2764 0.0617
vn 0.6381 0.0089 -0.7699
vn 0.6688 -0.0293 -0.7429
vn 0.6556 -0.2051 -0.7268
vn 0.7748 -0.0699 -0.6283
vn -0.9873 -0.0031 0.1586
vn -0.9872 -0.0019 0.1597
vn -0.9866 0.0284 0.1604
vn -0.9843 0.0111 0.1760
vn 0.4843 -0.1850 -0.8551
vn 0.4844 -0.1849 -0.8551
vn -0.9161 -0.0055 0.4008
vn -0.9132 -0.0148 0.4072
vn -0.9490 0.2889 0.1261
vn -0.9243 0.3450 0.1632
vn -0.5396 0.8406 -0.0475
vn -0.5622 0.8243 -0.0672
vn -0.4599 0.8377 -0.2946
vn -0.4698 0.8287 -0.3043
vn -0.3515 0.8674 -0.3523
vn -0.4657 0.8349 0.2934
vn -0.4709 0.8799 -0.0637
vn -0.4495 0.8876 -0.1008
vn -0.4796 0.8225 -0.3057
vn -0.4639 0.8358 -0.2936
vn -0.4451 0.8897 -0.1013
vn -0.4768 0.8768 -0.0622
vn -0.0687 0.9975 -0.0139
vn -0.1424 0.9866 -0.0792
vn -0.4189 0.8641 0.2791
vn -0.3999 0.8675 0.2959
vn -0.0727 0.9475 0.3113
vn -0.0557 0.9526 0.2991
vn 0.4610 0.8297 -0.3148
vn 0.4130 0.8340 -0.3660
vn -0.1229 0.9164 -0.3809
vn -0.1455 0.9214 -0.3604
vn 0.4180 0.9084 0.0110
vn 0.4517 0.8918 -0.0245
vn 0.4425 0.8286 -0.3428
vn 0.4634 0.8859 -0.0234
vn 0.4344 0.9006 0.0135
vn 0.4858 0.8580 0.1668
vn 0.3631 0.8598 -0.3589
vn 0.4968 0.8675 0.0243
vn 0.5326 0.8463 -0.0089
vn 0.3935 0.8704 0.2958
vn 0.4044 0.8686 0.2862
vn 0.9644 -0.0008 0.2643
vn 0.9483 -0.0690 0.3098
vn 0.9499 0.0093 0.3123
vn 0.9503 0.0079 0.3112
vn 0.8959 -0.0268 0.4434
vn 0.8898 -0.0098 0.4562
vn -0.2924 -0.1529 0.9440
vn -0.1862 -0.0239 0.9822
vn -0.1855 0.0091 0.9826
vn -0.1725 -0.0076 0.9850
vn -0.7459 -0.0203 0.6658
vn -0.7192 0.0240 0.6944
vn -0.7201 -0.0094 0.6939
vn -0.7338 0.0157 0.6791
vn -0.7620 0.1217 0.6360
vn -0.7237 0.1937 0.6624
vn -0.9995 -0.0129 0.0285
vn -0.9991 -0.0428 0.0001
vn -0.9901 0.1402 -0.0113
vn -0.9892 0.1454 -0.0160
vn -0.3447 0.9376 -0.0470
vn -0.4698 0.8741 -0.1230
vn -0.7599 0.1021 -0.6419
vn -0.7935 0.2084 -0.5717
vn -0.3562 0.8378 -0.4138
vn -0.2399 0.8623 -0.4460
vn 0.2760 0.9121 -0.3031
vn 0.3607 0.8801 -0.3088
vn -0.3581 0.9079 0.2181
vn -0.3706 0.8945 0.2501
vn 0.3341 0.9339 -0.1271
vn 0.3283 0.9365 -0.1233
vn 0.6645 0.7433 -0.0773
vn 0.5697 0.8115 -0.1304
vn 0.3422 0.9237 -0.1722
vn 0.3024 0.9252 -0.2292
vn 0.8215 0.5610 0.1016
vn 0.6228 0.7742 0.1126
vn 0.8031 0.4433 0.3981
vn 0.7008 0.6959 0.1568
vn 0.3408 0.6452 0.6838
vn 0.3233 0.4977 0.8049
vn 0.3354 0.4525 0.8263
vn 0.3353 0.4527 0.8263
vn 0.3850 0.0304 0.9224
vn 0.3865 0.0345 0.9216
vn 0.3482 0.4534 0.8204
vn 0.3556 0.4835 0.7999
vn 0.4136 0.0371 0.9097
vn 0.4166 0.0306 0.9086
vn 0.3862 -0.3643 0.8474
vn 0.3787 -0.3745 0.8463
vn 0.4268 0.0376 0.9036
vn 0.4321 0.0488 0.9005
vn 0.4072 -0.3066 0.8603
vn 0.4262 -0.3662 0.8272
vn 0.3589 -0.5409 0.7606
vn 0.3716 -0.5300 0.7623
vn 0.7461 -0.3073 0.5906
vn 0.7779 -0.2496 0.5767
vn 0.6701 -0.5712 0.4740
vn 0.6716 -0.5578 0.4876
vn 0.0822 -0.8757 0.4757
vn 0.1035 -0.8662 0.4888
vn 0.3329 -0.4715 0.8166
vn 0.3416 -0.5244 0.7800
vn 0.1023 -0.8767 0.4701
vn 0.1019 -0.8793 0.4653
vn 0.2526 -0.8850 0.3910
vn 0.0687 -0.9585 0.2767
vn 0.3325 -0.5451 0.7696
vn 0.3215 -0.4701 0.8220
vn 0.8540 -0.4970 0.1538
vn 0.6339 -0.7542 0.1713
vn 0.7439 -0.6243 0.2384
vn 0.8124 -0.4009 0.4234
vn 0.3419 -0.3810 0.8590
vn 0.3476 -0.3728 0.8603
vn 0.7975 -0.5964 -0.0909
vn 0.7036 -0.7101 -0.0273
vn 0.9983 0.0135 -0.0567
vn 0.9981 0.0401 -0.0464
vn 0.8847 0.0447 0.4640
vn 0.8817 0.0267 0.4711
vn 0.8408 0.0348 -0.5403
vn 0.8410 0.0339 -0.5400
vn 0.5096 0.7844 -0.3537
vn 0.5487 0.7288 -0.4097
vn 0.6476 0.7581 -0.0774
vn 0.7305 0.6823 -0.0301
vn 0.4075 0.7781 -0.4780
vn 0.3474 0.8233 -0.4489
vn 0.3414 0.8303 -0.4406
vn 0.3434 0.8235 -0.4515
vn 0.3996 0.8323 -0.3842
vn 0.5035 0.7727 -0.3865
vn 0.3059 0.8293 -0.4677
vn 0.2718 0.8542 -0.4433
vn 0.2699 0.8570 -0.4391
vn 0.2865 0.9520 -0.1079
vn 0.0531 0.9636 -0.2622
vn 0.2961 0.8728 -0.3880
vn 0.3503 0.8234 -0.4465
vn 0.2676 0.8768 -0.3994
vn 0.5898 0.0355 -0.8067
vn 0.5855 0.0477 -0.8093
vn 0.4214 0.7042 -0.5715
vn 0.3967 0.8699 -0.2931
vn 0.5899 0.0468 -0.8061
vn 0.5869 0.0354 -0.8089
vn 0.3353 -0.7928 -0.5090
vn 0.3205 -0.8660 -0.3838
vn 0.6480 0.0484 -0.7601
vn 0.6517 0.0356 -0.7576
vn 0.4204 -0.7596 -0.4963
vn 0.3752 -0.7941 -0.4781
vn 0.3663 -0.7956 -0.4825
vn 0.3620 -0.8094 -0.4624
vn 0.5238 -0.7673 -0.3700
vn 0.5776 -0.6753 -0.4587
vn 0.5120 -0.7500 -0.4187
vn 0.4246 -0.8054 -0.4136
vn 0.3865 -0.8531 -0.3505
vn 0.4131 -0.8152 -0.4058
vn 0.6090 -0.7884 -0.0868
vn 0.6970 -0.7028 -0.1422
vn 0.4360 -0.8896 -0.1359
vn 0.4531 -0.8822 -0.1279
vn -0.1023 -0.9798 -0.1716
vn -0.2800 -0.9595 -0.0309
vn 0.4309 -0.8964 -0.1038
vn 0.4266 -0.8985 -0.1038
vn -0.1803 -0.8878 -0.4235
vn -0.0879 -0.9667 -0.2405
vn -0.7438 -0.2615 -0.6151
vn -0.7844 -0.2153 -0.5816
vn -0.2241 -0.9033 -0.3659
vn -0.2158 -0.9067 -0.3624
vn -0.4975 -0.2853 -0.8192
vn -0.4540 -0.1967 -0.8690
vn -0.3221 -0.9006 -0.2917
vn -0.3195 -0.9021 -0.2900
vn -0.4675 -0.3412 -0.8155
vn -0.4335 -0.2868 -0.8543
vn -0.9982 0.0524 0.0297
vn -0.9997 0.0245 0.0001
vn -0.9740 -0.2253 -0.0226
vn -0.9671 -0.2545 -0.0031
vn -0.7734 -0.0277 -0.6333
vn -0.7214 0.0508 -0.6906
vn -0.4594 -0.0376 -0.8875
vn -0.4541 -0.0304 -0.8904
vn -0.7407 -0.2056 0.6397
vn -0.7489 -0.2340 0.6200
vn -0.2681 -0.9529 0.1417
vn -0.2300 -0.9636 0.1361
vn 0.2825 -0.9307 -0.2322
vn 0.2874 -0.8417 -0.4571
vn 0.2945 -0.8316 -0.4708
vn 0.3252 -0.8079 -0.4914
vn 0.3576 -0.8060 -0.4716
vn 0.1077 -0.9268 -0.3597
vn 0.8013 0.0389 -0.5969
vn 0.8109 -0.0060 -0.5851
vn 0.7130 0.4576 -0.5313
vn 0.6322 0.6760 -0.3786
vn 0.8143 -0.3916 -0.4283
vn 0.8353 -0.3182 -0.4483
vn 0.8977 0.0177 -0.4403
vn 0.8943 -0.0070 -0.4473
vn 0.5857 -0.6652 -0.4632
vn 0.8006 -0.3907 -0.4543
vn 0.5174 -0.2185 -0.8274
vn 0.4965 -0.1063 -0.8615
vn 0.5258 0.0262 -0.8502
vn 0.5801 0.0986 -0.8086
vn 0.1204 0.2397 -0.9633
vn 0.0068 0.1644 -0.9864
vn 0.0013 0.0152 -0.9999
vn 0.0400 -0.0622 -0.9973
vn -0.5327 0.4424 -0.7214
vn -0.6178 0.3557 -0.7013
vn -0.6590 0.1195 -0.7425
vn -0.6511 0.0819 -0.7546
vn -0.9319 0.0853 -0.3525
vn -0.9323 0.1089 -0.3449
vn -0.7369 0.5961 -0.3190
vn -0.8180 0.4939 -0.2949
vn -0.8156 0.1123 -0.5677
vn -0.8232 0.1669 -0.5426
vn -0.4681 0.8050 -0.3645
vn -0.7352 0.5964 -0.3222
vn 0.2966 -0.8663 -0.4019
vn 0.5416 -0.6695 -0.5084
vn -0.1833 -0.9788 0.0917
vn 0.0146 -0.9140 -0.4055
vn 0.7724 0.0556 0.6327
vn 0.7739 0.0605 0.6304
vn -0.7216 -0.0435 -0.6909
vn -0.7649 0.0223 -0.6438
vn 0.8245 -0.3987 0.4015
vn 0.8156 -0.4102 0.4080
vn 0.8657 -0.2744 0.4186
vn 0.8494 -0.4043 0.3391
vn 0.3956 -0.8842 0.2484
vn 0.4254 -0.8745 0.2332
vn 0.4607 -0.8303 0.3138
vn 0.3978 -0.8852 0.2412
vn 0.4621 -0.8745 -0.1472
vn 0.4349 -0.8925 -0.1196
vn 0.5078 -0.8551 -0.1044
vn 0.5184 -0.8520 -0.0739
vn 0.4029 -0.8805 0.2498
vn 0.4129 -0.8720 0.2629
vn 0.3999 -0.8747 0.2737
vn 0.4130 -0.8720 0.2629
vn 0.4041 -0.8822 0.2416
vn 0.3731 -0.8893 0.2646
vn 0.3887 -0.8827 0.2640
vn 0.4000 -0.8754 0.2716
vn -0.0676 -0.9544 0.2908
vn -0.0455 -0.9596 0.2775
vn 0.3874 -0.9080 0.1596
vn 0.3494 -0.9167 0.1938
vn -0.0818 -0.9795 0.1843
vn -0.0672 -0.9783 0.1960
vn 0.3309 -0.9436 0.0085
vn 0.2718 -0.9603 0.0623
vn -0.0763 -0.9960 0.0470
vn -0.0768 -0.9960 0.0465
vn 0.2680 -0.9189 -0.2895
vn 0.2558 -0.9238 -0.2848
vn -0.0112 -0.9494 -0.3138
vn -0.0326 -0.9446 -0.3265
vn -0.3987 -0.8768 0.2689
vn -0.4175 -0.8628 0.2851
vn -0.0540 -0.9568 0.2856
vn -0.0452 -0.9556 0.2913
vn -0.3709 -0.8908 0.2626
vn -0.4000 -0.8851 0.2378
vn -0.3632 -0.9063 0.2159
vn -0.3938 -0.8877 0.2386
vn -0.3712 -0.9165 0.1493
vn -0.3582 -0.9228 0.1422
vn -0.3396 -0.9290 0.1469
vn -0.3692 -0.9225 0.1130
vn -0.4449 -0.8765 -0.1840
vn -0.4695 -0.8687 -0.1578
vn -0.1719 -0.9665 -0.1904
vn -0.0713 -0.9900 -0.1218
vn -0.1739 -0.9105 -0.3751
vn -0.1858 -0.9127 -0.3639
vn 0.4094 -0.8382 -0.3604
vn 0.4444 -0.8363 -0.3211
vn 0.4454 -0.8829 -0.1487
vn 0.4156 -0.9013 -0.1221
vn -0.4725 -0.8283 -0.3011
vn -0.4627 -0.8291 -0.3138
vn -0.4497 -0.8421 -0.2978
vn -0.4427 -0.8413 -0.3101
vn -0.4647 -0.8669 -0.1802
vn -0.4395 -0.8835 -0.1621
vn -0.5038 -0.8329 -0.2288
vn -0.5582 -0.8204 -0.1241
vn -0.4003 -0.8760 0.2690
vn -0.3907 -0.8838 0.2573
vn -0.3712 -0.8930 0.2544
vn -0.3989 -0.8853 0.2390
vn -0.3889 -0.8279 0.4042
vn -0.2495 -0.8933 -0.3740
vn 0.3749 -0.9139 0.1557
vn 0.3701 -0.9148 0.1618
vn 0.4466 -0.8353 -0.3206
vn 0.4508 -0.8314 -0.3249
vn 0.3349 -0.8702 -0.3613
vn 0.3976 -0.8933 0.2098
vn -0.3330 -0.8760 -0.3489
vn -0.3346 -0.8756 -0.3483
vn -0.6610 -0.6542 -0.3677
vn -0.7397 -0.5923 -0.3193
vn -0.1304 0.9911 -0.0259
vn -0.0571 0.9984 0.0050
vn 0.1621 0.9866 -0.0198
vn 0.1710 0.9851 -0.0155
vn 0.4112 0.9116 0.0022
vn 0.4049 0.9143 -0.0009
vn 0.9190 -0.3921 0.0407
vn 0.9241 -0.3795 0.0457
vn -0.9067 0.4212 -0.0234
vn -0.9048 0.4251 -0.0248
vn -0.9025 0.4303 -0.0191
vn -0.9167 0.3996 -0.0032
vn -0.9644 0.2607 -0.0447
vn -0.8660 0.4417 -0.2345
vn -0.3835 0.2141 -0.8984
vn -0.4151 0.1977 -0.8880
vn -0.7551 0.2034 -0.6232
vn -0.6860 0.2768 -0.6729
vn -0.5542 0.0441 -0.8312
vn -0.6888 0.3609 -0.6287
vn -0.0498 0.5496 -0.8339
vn 0.0391 0.2543 -0.9663
vn 0.0059 0.9753 0.2209
vn 0.0346 0.9938 0.1054
vn 0.0528 0.9981 0.0308
vn 0.0950 0.9619 0.2565
vn -0.0133 0.9973 0.0720
vn -0.1571 0.9856 -0.0632
vn -0.0661 0.9970 -0.0398
vn 0.0507 0.9982 0.0322
vn -0.0844 0.9387 0.3342
vn -0.0693 0.8543 0.5152
vn -0.0882 0.8687 0.4874
vn -0.3974 0.8878 0.2321
vn -0.0666 0.8549 0.5144
vn -0.0789 0.7803 0.6204
vn -0.1706 0.9265 0.3355
vn -0.0803 0.8711 0.4844
vn -0.0143 0.8292 0.5588
vn -0.0183 0.8258 0.5637
vn -0.0095 0.8473 0.5311
vn 0.0010 0.7813 0.6241
vn -0.0659 0.8534 0.5171
vn -0.0335 0.8289 0.5583
vn -0.5049 0.8631 0.0108
vn -0.3775 0.9183 0.1194
vn 0.9212 -0.0978 -0.3765
vn 0.9191 -0.1012 -0.3807
vn -0.1143 0.0007 -0.9934
vn -0.1159 -0.0037 -0.9933
vn -0.1222 -0.0048 -0.9925
vn -0.1234 -0.0020 -0.9924
vn -0.1255 -0.0034 -0.9921
vn -0.1238 0.0012 -0.9923
vn -0.1153 0.0023 -0.9933
vn -0.1155 0.0031 -0.9933
vn -0.6190 -0.6608 -0.4244
vn -0.5767 -0.3133 -0.7545
vn -0.0204 -0.9995 0.0232
vn -0.0486 -0.9988 -0.0035
vn -0.1152 -0.9932 0.0192
vn -0.0211 -0.9774 0.2105
vn -0.0031 -0.9999 0.0154
vn 0.0048 -0.9999 -0.0114
vn 0.0679 0.9468 0.3145
vn -0.0093 0.8760 0.4822
vn -0.0140 0.9997 0.0188
vn -0.0330 0.9922 0.1199
vn 0.0039 0.7036 0.7106
vn -0.0450 0.8212 0.5689
vn 0.3089 0.6617 0.6832
vn 0.3185 0.3495 0.8811
vn 0.0640 -0.9972 0.0386
vn 0.0920 -0.9510 0.2953
vn -0.0258 -0.9417 0.3355
vn 0.0131 -0.8543 0.5196
vn 0.4342 0.3295 0.8384
vn 0.4076 0.2277 0.8843
vn -0.0264 -0.9974 -0.0672
vn -0.0347 -0.9955 0.0880
vn 0.0353 -0.9993 0.0105
vn 0.0298 -0.9995 -0.0034
vn -0.6912 -0.3327 0.6415
vn -0.7114 -0.3007 0.6352
vn 0.2413 0.0783 0.9673
vn 0.3112 -0.0269 0.9500
vn 0.0962 0.0125 0.9953
vn 0.0976 0.0164 0.9951
vn 0.7994 -0.0159 0.6006
vn 0.8378 -0.0803 0.5401
vn 0.9369 -0.0013 0.3495
vn 0.9550 -0.0392 0.2940
vn -0.1365 0.7464 0.6514
vn -0.0568 0.4958 0.8666
vn -0.5828 -0.3554 0.7308
vn -0.5206 0.0338 0.8531
vn -0.3030 0.8329 0.4632
vn -0.3052 0.7580 0.5765
vn -0.4808 0.0370 0.8761
vn -0.3655 0.4453 0.8174
vn -0.1947 0.9059 0.3760
vn -0.1971 0.8278 0.5253
vn -0.0166 0.9992 0.0370
vn 0.0038 0.9999 0.0105
vn 0.2386 0.3244 0.9153
vn 0.2350 0.7617 0.6038
vn 0.1281 -0.9167 0.3784
vn 0.0907 -0.9870 0.1327
vn -0.0055 -0.3074 0.9516
vn -0.1444 0.4476 0.8825
vn 0.0273 0.9491 0.3138
vn 0.0735 0.9102 0.4076
vn -0.0028 0.8885 0.4589
vn 0.0148 0.9000 0.4356
vn 0.0626 -0.0061 -0.9980
vn 0.0645 0.0013 -0.9979
vn 0.0498 -0.0443 -0.9978
vn 0.0608 -0.0810 -0.9949
vn -0.0006 -0.6361 -0.7716
vn 0.0626 -0.7757 -0.6280
vn -0.0609 -0.9152 0.3984
vn -0.0236 -0.9970 0.0735
vn -0.4462 -0.8346 -0.3229
vn -0.3281 -0.9241 -0.1961
vn 0.1664 0.9861 0.0011
vn 0.2869 0.9577 -0.0218
vn -0.1416 0.9541 -0.2637
vn -0.1135 0.9827 -0.1465
vn -0.0230 -0.8925 0.4504
vn -0.2150 -0.6592 0.7206
vn 0.1004 -0.0218 -0.9947
vn 0.1093 -0.0069 -0.9940
vn 0.7972 -0.0618 -0.6005
vn 0.8228 -0.0179 -0.5680
vn 0.6774 -0.0343 0.7348
vn 0.7103 -0.0964 0.6973
vn 0.5192 -0.0336 0.8540
vn 0.5263 -0.0449 0.8491
vn 0.8098 0.0624 0.5834
vn 0.8767 -0.0989 0.4707
vn 0.7147 -0.2676 0.6462
vn 0.5693 0.3887 0.7245
vn -0.0132 0.9993 -0.0355
vn -0.0122 0.9998 -0.0148
vn -0.0013 1.0000 -0.0014
vn -0.0012 1.0000 -0.0057
vn 0.3237 0.9066 -0.2707
vn 0.3181 0.9151 -0.2479
vn 0.4514 0.8918 -0.0295
vn 0.4711 0.8815 -0.0335
vn -0.3111 0.9229 0.2267
vn -0.3249 0.9082 0.2638
vn -0.2701 0.9060 0.3258
vn -0.2589 0.9198 0.2947
vn -0.0799 0.9935 -0.0806
vn -0.0642 0.9977 -0.0213
vn -0.9308 -0.2571 0.2598
vn -0.8970 -0.4229 0.1286
vn 0.3453 0.7911 -0.5050
vn 0.1604 0.8783 -0.4505
vn 0.1936 0.7538 -0.6280
vn 0.1645 0.7776 -0.6068
vn 0.2242 0.9047 -0.3622
vn 0.4016 0.8556 -0.3266
vn -0.2622 0.9177 -0.2985
vn -0.1288 0.9554 -0.2658
vn -0.1350 0.9284 -0.3461
vn -0.1220 0.9261 -0.3569
vn -0.6348 0.1796 -0.7515
vn -0.6305 0.1872 -0.7533
vn -0.0884 0.9587 -0.2702
vn -0.0452 0.9580 -0.2831
vn -0.1368 0.9838 0.1160
vn -0.1158 0.9878 0.1041
vn -0.0454 0.9418 0.3332
vn -0.0803 0.9886 0.1272
vn -0.2401 0.9521 0.1895
vn -0.2407 0.9513 0.1926
vn -0.6866 0.2715 0.6744
vn -0.6451 0.3223 0.6928
vn 0.6005 -0.7810 0.1717
vn 0.4489 -0.7602 0.4697
vn 0.0935 -0.0271 0.9952
vn 0.0889 -0.0117 0.9960
vn 0.0393 -0.5023 0.8638
vn 0.1273 -0.3038 0.9442
vn -0.0068 1.0000 0.0016
vn 0.0002 1.0000 -0.0052
vn 0.4262 0.0286 0.9042
vn -0.6646 -0.2602 0.7005
vn -0.5829 -0.3654 0.7258
vn 0.7461 0.4722 0.4695
vn 0.7317 0.3930 0.5569
vn 0.0686 0.9768 0.2027
vn 0.0953 0.9403 0.3268
vn -0.4639 -0.8410 -0.2784
vn -0.5716 -0.7626 -0.3028
vn -0.0346 -0.7973 -0.6026
vn -0.0090 -0.8461 -0.5329
vn 0.0445 -0.9964 -0.0725
vn 0.0941 -0.9925 -0.0776
vn 0.3078 -0.8578 -0.4116
vn 0.2969 -0.7989 -0.5230
vn -0.2337 -0.9066 -0.3514
vn -0.1848 -0.9300 -0.3176
vn -0.3270 -0.8967 -0.2983
vn -0.2315 -0.9349 -0.2691
vn -0.8834 -0.3150 0.3470
vn -0.8829 -0.2661 0.3869
vn -0.1539 -0.5735 -0.8046
vn -0.1443 -0.5705 -0.8085
vn -0.2208 -0.9286 -0.2983
vn -0.3262 -0.8907 -0.3166
vn -0.3845 -0.8913 0.2403
vn -0.2553 -0.9469 0.1954
vn 0.0670 -0.9660 -0.2495
vn 0.0263 -0.9984 -0.0509
vn -0.0596 -0.9969 -0.0510
vn 0.1145 -0.9897 0.0863
vn -0.1100 0.9871 0.1166
vn -0.1525 0.8680 0.4726
vn 0.0053 -1.0000 0.0024
vn 0.2407 -0.9459 0.2177
vn 0.0057 -0.9999 -0.0083
vn 0.0055 -1.0000 0.0022
vn 0.0058 -1.0000 0.0025
vn 0.0051 -1.0000 0.0017
vn 0.0032 -1.0000 -0.0034
vn 0.0030 -1.0000 0.0046
vn -0.1356 -0.8053 0.5771
vn -0.1385 -0.7450 0.6526
vn -0.8917 -0.3851 0.2380
vn 0.7954 -0.3918 -0.4624
vn 0.2421 -0.9507 -0.1938
vn -0.3482 0.4958 0.7956
vn 0.3204 0.6789 0.6607
vn -0.4673 0.6345 0.6157
vn -0.2794 -0.5436 0.7915
vn 0.1772 -0.9699 0.1672
vn -0.4728 -0.7973 0.3751
vn 0.3209 -0.2275 0.9194
vn 0.4408 -0.0646 0.8953
vn 0.6317 -0.2380 0.7377
vn 0.5405 -0.0449 0.8402
vn 0.4830 0.3642 0.7963
vn 0.2271 -0.9348 -0.2731
vn 0.2846 -0.3868 0.8771
vn 0.4436 -0.1902 0.8758
vt 0.689111 0.267044
vt 0.688815 0.264975
vt 0.691544 0.264989
vt 0.691544 0.267788
vt 0.712433 0.004586
vt 0.714880 0.003821
vt 0.714775 0.007787
vt 0.712271 0.007774
vt 0.511020 0.044521
vt 0.507896 0.045409
vt 0.507928 0.042612
vt 0.512358 0.042707
vt 0.711640 0.579817
vt 0.712214 0.583546
vt 0.709628 0.583369
vt 0.709470 0.578886
vt 0.733631 0.347853
vt 0.733879 0.345615
vt 0.737069 0.345906
vt 0.735448 0.349158
vt 0.512291 0.040757
vt 0.508582 0.040111
vt 0.442760 0.040367
vt 0.447590 0.043160
vt 0.435236 0.047914
vt 0.432208 0.041671
vt 0.431362 0.036514
vt 0.445185 0.036925
vt 0.455732 0.039020
vt 0.445867 0.032665
vt 0.458114 0.034029
vt 0.459204 0.042438
vt 0.450134 0.046885
vt 0.457754 0.046084
vt 0.463616 0.049776
vt 0.454946 0.053084
vt 0.450872 0.047461
vt 0.448626 0.041908
vt 0.459699 0.041997
vt 0.468562 0.045056
vt 0.476762 0.039225
vt 0.478702 0.039998
vt 0.475567 0.042060
vt 0.471416 0.040640
vt 0.722747 0.032627
vt 0.726851 0.031119
vt 0.727159 0.037099
vt 0.725152 0.038866
vt 0.723159 0.044230
vt 0.721389 0.041446
vt 0.432914 0.066962
vt 0.445267 0.061950
vt 0.448317 0.066163
vt 0.440925 0.073039
vt 0.420827 0.063583
vt 0.415494 0.052018
vt 0.429913 0.057463
vt 0.429741 0.083790
vt 0.420947 0.079633
vt 0.442834 0.056773
vt 0.401013 0.040589
vt 0.406702 0.039837
vt 0.415463 0.047126
vt 0.644277 0.319520
vt 0.641771 0.317932
vt 0.641536 0.313559
vt 0.643122 0.313771
vt 0.669679 0.292532
vt 0.669917 0.299768
vt 0.668297 0.302364
vt 0.668297 0.292405
vt 0.602554 0.708503
vt 0.601085 0.712495
vt 0.596729 0.705900
vt 0.597165 0.701911
vt 0.427597 0.052556
vt 0.412781 0.063496
vt 0.405534 0.052016
vt 0.591121 0.693603
vt 0.587241 0.702041
vt 0.582058 0.690435
vt 0.587410 0.687609
vt 0.591162 0.679537
vt 0.596288 0.681568
vt 0.592247 0.691796
vt 0.572494 0.736542
vt 0.570144 0.724437
vt 0.574080 0.722811
vt 0.574080 0.734493
vt 0.585315 0.677794
vt 0.662533 0.602658
vt 0.666629 0.613164
vt 0.658473 0.612198
vt 0.654745 0.601590
vt 0.597041 0.712041
vt 0.599816 0.714394
vt 0.653233 0.593972
vt 0.647705 0.600291
vt 0.649528 0.590592
vt 0.654001 0.585653
vt 0.657624 0.592222
vt 0.687485 0.276615
vt 0.687485 0.280125
vt 0.685019 0.281756
vt 0.684845 0.278770
vt 0.369499 0.024725
vt 0.369065 0.022158
vt 0.375690 0.019929
vt 0.375265 0.024504
vt 0.637116 0.314752
vt 0.638439 0.317918
vt 0.636142 0.314821
vt 0.636142 0.321908
vt 0.362514 0.027645
vt 0.359696 0.024706
vt 0.367613 0.019830
vt 0.619581 0.634346
vt 0.625056 0.631549
vt 0.624641 0.636012
vt 0.618654 0.637720
vt 0.366776 0.022544
vt 0.367211 0.025195
vt 0.363122 0.025241
vt 0.362904 0.021630
vt 0.740022 0.453371
vt 0.740436 0.457188
vt 0.737811 0.458035
vt 0.737007 0.453587
vt 0.322102 0.056481
vt 0.319671 0.052139
vt 0.326085 0.049752
vt 0.331822 0.057196
vt 0.631347 0.731577
vt 0.626428 0.727202
vt 0.629233 0.723077
vt 0.632555 0.724390
vt 0.638379 0.717508
vt 0.638379 0.731271
vt 0.344924 0.034839
vt 0.355536 0.030706
vt 0.360538 0.030936
vt 0.352843 0.037279
vt 0.345449 0.029884
vt 0.356733 0.026695
vt 0.342049 0.046238
vt 0.335577 0.043853
vt 0.347111 0.048029
vt 0.343570 0.058076
vt 0.335030 0.071283
vt 0.324460 0.074659
vt 0.320767 0.065592
vt 0.345234 0.071042
vt 0.617419 0.642314
vt 0.611418 0.651494
vt 0.607320 0.648496
vt 0.621197 0.641938
vt 0.615044 0.652278
vt 0.426363 0.048536
vt 0.420145 0.044311
vt 0.425169 0.054157
vt 0.415439 0.048983
vt 0.437467 0.053173
vt 0.414825 0.035755
vt 0.407553 0.039826
vt 0.400541 0.029792
vt 0.404123 0.026905
vt 0.406749 0.023737
vt 0.416998 0.029524
vt 0.402859 0.010804
vt 0.400322 0.013914
vt 0.391134 0.009212
vt 0.391673 0.006204
vt 0.682272 0.553352
vt 0.681589 0.547802
vt 0.689810 0.548372
vt 0.690773 0.553399
vt 0.671313 0.548373
vt 0.672433 0.544361
vt 0.596134 0.389722
vt 0.601348 0.383280
vt 0.603570 0.385567
vt 0.600375 0.391236
vt 0.691967 0.322943
vt 0.696802 0.325011
vt 0.693683 0.337604
vt 0.687765 0.336625
vt 0.593271 0.380272
vt 0.598925 0.377239
vt 0.733037 0.114639
vt 0.736780 0.126568
vt 0.732141 0.128010
vt 0.726697 0.120268
vt 0.721766 0.114960
vt 0.726913 0.108968
vt 0.738555 0.100882
vt 0.741816 0.101999
vt 0.739185 0.114791
vt 0.734897 0.098283
vt 0.741153 0.125702
vt 0.605971 0.351776
vt 0.607302 0.347292
vt 0.614556 0.350648
vt 0.612542 0.353374
vt 0.605075 0.730719
vt 0.608737 0.731998
vt 0.608094 0.737395
vt 0.603342 0.736758
vt 0.690559 0.305832
vt 0.696118 0.305794
vt 0.695376 0.309248
vt 0.690860 0.309443
vt 0.575357 0.391188
vt 0.569887 0.386514
vt 0.571257 0.381778
vt 0.575986 0.382472
vt 0.581544 0.382707
vt 0.581785 0.391032
vt 0.682795 0.004673
vt 0.677657 0.006175
vt 0.675384 0.002121
vt 0.678539 0.000394
vt 0.736839 0.479610
vt 0.742313 0.478044
vt 0.741814 0.482354
vt 0.737201 0.482445
vt 0.706746 0.305794
vt 0.711178 0.305988
vt 0.711531 0.312300
vt 0.707469 0.311622
vt 0.567409 0.377264
vt 0.565040 0.370639
vt 0.569738 0.368699
vt 0.571415 0.375901
vt 0.566362 0.380920
vt 0.749390 0.743506
vt 0.746421 0.742048
vt 0.746293 0.736623
vt 0.750832 0.736666
vt 0.708878 0.578002
vt 0.706431 0.577936
vt 0.705624 0.574486
vt 0.708878 0.573978
vt 0.596934 0.371547
vt 0.601357 0.370874
vt 0.601173 0.374224
vt 0.667142 0.319182
vt 0.664806 0.315876
vt 0.668434 0.316326
vt 0.669149 0.321860
vt 0.743118 0.092662
vt 0.742936 0.088984
vt 0.746379 0.087846
vt 0.746278 0.091302
vt 0.703375 0.504219
vt 0.707814 0.512503
vt 0.703669 0.513085
vt 0.700710 0.502525
vt 0.704425 0.500743
vt 0.711737 0.510558
vt 0.701613 0.498871
vt 0.558704 0.358589
vt 0.554966 0.362335
vt 0.550674 0.360199
vt 0.555714 0.354868
vt 0.686703 0.575880
vt 0.687359 0.572975
vt 0.690636 0.573168
vt 0.691459 0.577173
vt 0.746982 0.723475
vt 0.750832 0.729880
vt 0.745465 0.730509
vt 0.744255 0.725869
vt 0.529084 0.723596
vt 0.530004 0.726771
vt 0.526227 0.728148
vt 0.525961 0.723495
vt 0.526490 0.718090
vt 0.530838 0.720276
vt 0.533502 0.724926
vt 0.713151 0.526207
vt 0.705010 0.525241
vt 0.719667 0.521736
vt 0.709558 0.536576
vt 0.703241 0.535520
vt 0.720490 0.532103
vt 0.715345 0.538296
vt 0.725236 0.527381
vt 0.715019 0.565303
vt 0.715771 0.570816
vt 0.710447 0.572597
vt 0.708560 0.567881
vt 0.547597 0.373125
vt 0.552892 0.371165
vt 0.556240 0.374297
vt 0.553700 0.376821
vt 0.552187 0.380322
vt 0.546515 0.378626
vt 0.547644 0.366495
vt 0.552505 0.367141
vt 0.706677 0.560865
vt 0.712285 0.559313
vt 0.305630 0.013741
vt 0.316093 0.012775
vt 0.319176 0.017463
vt 0.314913 0.020349
vt 0.302905 0.007563
vt 0.314921 0.008099
vt 0.312333 0.023474
vt 0.303197 0.017231
vt 0.622826 0.724871
vt 0.620641 0.728261
vt 0.620664 0.719443
vt 0.624130 0.717228
vt 0.716507 0.420821
vt 0.715758 0.413113
vt 0.720120 0.408830
vt 0.719858 0.419771
vt 0.719130 0.426194
vt 0.715184 0.424679
vt 0.714983 0.403256
vt 0.718698 0.400668
vt 0.730160 0.660058
vt 0.729109 0.665213
vt 0.725761 0.664865
vt 0.725805 0.659346
vt 0.286560 0.007407
vt 0.294805 0.008475
vt 0.295424 0.011806
vt 0.290690 0.011369
vt 0.303234 0.022080
vt 0.309834 0.027640
vt 0.306079 0.030904
vt 0.298312 0.022840
vt 0.295677 0.016503
vt 0.302737 0.017843
vt 0.312966 0.023953
vt 0.722049 0.476949
vt 0.727088 0.476167
vt 0.725971 0.485963
vt 0.723178 0.486261
vt 0.720452 0.487443
vt 0.718339 0.481839
vt 0.729417 0.432710
vt 0.733213 0.437449
vt 0.727981 0.439003
vt 0.723978 0.435400
vt 0.327818 0.020883
vt 0.326641 0.027421
vt 0.328280 0.014482
vt 0.743081 0.428665
vt 0.745373 0.433766
vt 0.737007 0.433607
vt 0.739389 0.428785
vt 0.731141 0.199353
vt 0.734523 0.199226
vt 0.735165 0.202429
vt 0.730806 0.202300
vt 0.257471 0.004383
vt 0.259722 0.004003
vt 0.260012 0.006405
vt 0.258337 0.007672
vt 0.729151 0.303676
vt 0.726288 0.304988
vt 0.726297 0.301784
vt 0.729464 0.301453
vt 0.263579 0.004252
vt 0.263105 0.007598
vt 0.261490 0.010832
vt 0.615210 0.729931
vt 0.615220 0.721230
vt 0.617254 0.720509
vt 0.617765 0.729302
vt 0.741882 0.523205
vt 0.739381 0.522427
vt 0.739833 0.518161
vt 0.742637 0.518993
vt 0.720285 0.192270
vt 0.720705 0.197068
vt 0.712126 0.197074
vt 0.711876 0.194547
vt 0.726927 0.192778
vt 0.726223 0.196419
vt 0.722783 0.188070
vt 0.726618 0.188828
vt 0.273920 0.997739
vt 0.274351 0.998310
vt 0.273358 0.999361
vt 0.273169 0.998647
vt 0.274690 0.993081
vt 0.275431 0.993494
vt 0.273886 0.993318
vt 0.637086 0.313964
vt 0.636444 0.313870
vt 0.636571 0.310303
vt 0.637563 0.310100
vt 0.545648 0.615258
vt 0.545727 0.616441
vt 0.545059 0.617165
vt 0.545179 0.615073
vt 0.270955 0.997488
vt 0.270715 0.993023
vt 0.271325 0.993255
vt 0.271626 0.998495
vt 0.674395 0.320052
vt 0.673680 0.320649
vt 0.674166 0.315394
vt 0.675120 0.315252
vt 0.674446 0.321254
vt 0.673255 0.321585
vt 0.639841 0.286068
vt 0.639838 0.282147
vt 0.640684 0.282496
vt 0.640477 0.286919
vt 0.238055 0.989636
vt 0.238989 0.993466
vt 0.237981 0.999326
vt 0.236998 0.993600
vt 0.198733 0.020767
vt 0.201448 0.023822
vt 0.188296 0.030514
vt 0.187239 0.024110
vt 0.187998 0.017434
vt 0.205581 0.015504
vt 0.210895 0.018173
vt 0.130840 0.000394
vt 0.140703 0.002502
vt 0.140127 0.006301
vt 0.129007 0.005458
vt 0.714983 0.472585
vt 0.720779 0.470800
vt 0.725781 0.473418
vt 0.724249 0.475380
vt 0.557923 0.322155
vt 0.555299 0.316142
vt 0.560576 0.316685
vt 0.563368 0.322028
vt 0.180167 0.033173
vt 0.187505 0.029985
vt 0.190948 0.034900
vt 0.180188 0.039555
vt 0.172254 0.029592
vt 0.185866 0.025745
vt 0.167818 0.034135
vt 0.209788 0.021341
vt 0.210549 0.017075
vt 0.218451 0.016221
vt 0.215142 0.021972
vt 0.203043 0.026607
vt 0.199857 0.023301
vt 0.207464 0.029839
vt 0.736378 0.406989
vt 0.737838 0.398475
vt 0.741141 0.399633
vt 0.741051 0.409749
vt 0.227306 0.007660
vt 0.225010 0.011458
vt 0.219088 0.011683
vt 0.218634 0.008779
vt 0.714002 0.660941
vt 0.717950 0.659939
vt 0.718001 0.665044
vt 0.714606 0.665307
vt 0.737181 0.423983
vt 0.737400 0.418131
vt 0.741141 0.420570
vt 0.737797 0.427276
vt 0.732908 0.427796
vt 0.733008 0.424344
vt 0.732992 0.418553
vt 0.557221 0.729488
vt 0.558640 0.734597
vt 0.555823 0.733069
vt 0.554380 0.726943
vt 0.634325 0.707697
vt 0.634353 0.715954
vt 0.630241 0.716719
vt 0.629906 0.713068
vt 0.638379 0.706565
vt 0.638379 0.714220
vt 0.731804 0.233806
vt 0.731016 0.230700
vt 0.734889 0.230895
vt 0.735159 0.234707
vt 0.694572 0.303048
vt 0.694751 0.299636
vt 0.698335 0.299447
vt 0.697729 0.303728
vt 0.256683 0.003981
vt 0.256663 0.007538
vt 0.253084 0.006037
vt 0.253222 0.003533
vt 0.247881 0.007486
vt 0.250942 0.009536
vt 0.243679 0.011434
vt 0.242701 0.007765
vt 0.248743 0.005137
vt 0.242284 0.004707
vt 0.218035 0.013258
vt 0.219529 0.016324
vt 0.203683 0.010229
vt 0.217386 0.009368
vt 0.595332 0.080994
vt 0.589488 0.080173
vt 0.589626 0.072291
vt 0.594567 0.072134
vt 0.599491 0.071627
vt 0.600971 0.076625
vt 0.753807 0.322943
vt 0.751836 0.328360
vt 0.738193 0.328917
vt 0.738905 0.322943
vt 0.595798 0.096116
vt 0.589465 0.094986
vt 0.602896 0.079481
vt 0.599019 0.083602
vt 0.714736 0.727418
vt 0.709649 0.729424
vt 0.708564 0.725613
vt 0.711881 0.722677
vt 0.619873 0.066795
vt 0.626143 0.067757
vt 0.623078 0.071538
vt 0.619479 0.072329
vt 0.622409 0.062072
vt 0.626882 0.062729
vt 0.576814 0.078772
vt 0.578995 0.069976
vt 0.584217 0.071730
vt 0.583754 0.079624
vt 0.571318 0.072132
vt 0.573569 0.067368
vt 0.650112 0.000394
vt 0.653440 0.015066
vt 0.647543 0.016057
vt 0.645092 0.002903
vt 0.572141 0.080681
vt 0.568824 0.074843
vt 0.582623 0.094122
vt 0.575639 0.093616
vt 0.603348 0.029948
vt 0.596346 0.028467
vt 0.598074 0.014174
vt 0.601606 0.014903
vt 0.600181 0.038460
vt 0.594517 0.036334
vt 0.608958 0.025598
vt 0.615996 0.033663
vt 0.611750 0.037377
vt 0.607528 0.042394
vt 0.729260 0.606828
vt 0.736667 0.613064
vt 0.731039 0.620074
vt 0.725919 0.618072
vt 0.735491 0.601704
vt 0.741609 0.608134
vt 0.723080 0.606758
vt 0.719980 0.593623
vt 0.723256 0.592570
vt 0.726493 0.590070
vt 0.721311 0.617232
vt 0.599000 0.005833
vt 0.594161 0.013162
vt 0.597225 0.003054
vt 0.598518 0.000394
vt 0.600678 0.003359
vt 0.514827 0.724718
vt 0.518018 0.724314
vt 0.517932 0.728845
vt 0.513771 0.727642
vt 0.513146 0.719989
vt 0.516923 0.718291
vt 0.688369 0.561945
vt 0.691459 0.561198
vt 0.690834 0.564760
vt 0.687550 0.564269
vt 0.613939 0.046799
vt 0.619094 0.051121
vt 0.615630 0.052859
vt 0.613438 0.050085
vt 0.733097 0.725595
vt 0.735654 0.727191
vt 0.731659 0.726908
vt 0.731317 0.722873
vt 0.716563 0.585772
vt 0.716427 0.594229
vt 0.713875 0.583886
vt 0.714984 0.580409
vt 0.717489 0.582792
vt 0.621569 0.752774
vt 0.618036 0.751380
vt 0.618240 0.748292
vt 0.622181 0.748462
vt 0.567926 0.064772
vt 0.569820 0.060561
vt 0.574627 0.061195
vt 0.565983 0.068047
vt 0.736847 0.494322
vt 0.737148 0.491082
vt 0.741733 0.491446
vt 0.742172 0.496032
vt 0.706026 0.741026
vt 0.708538 0.735511
vt 0.713412 0.735943
vt 0.710420 0.742435
vt 0.603803 0.067613
vt 0.604395 0.071136
vt 0.599505 0.065616
vt 0.565053 0.042564
vt 0.558671 0.043539
vt 0.556668 0.040898
vt 0.563971 0.037767
vt 0.620839 0.730719
vt 0.622790 0.736108
vt 0.617931 0.736989
vt 0.616881 0.732265
vt 0.690522 0.321585
vt 0.690802 0.317570
vt 0.695463 0.317454
vt 0.696118 0.320707
vt 0.657946 0.230625
vt 0.659128 0.223579
vt 0.670668 0.220002
vt 0.670722 0.226189
vt 0.648846 0.228999
vt 0.650613 0.223630
vt 0.649860 0.235416
vt 0.646455 0.233458
vt 0.114967 0.008942
vt 0.117876 0.011730
vt 0.111031 0.017111
vt 0.108996 0.014981
vt 0.129094 0.008153
vt 0.083039 0.049815
vt 0.083644 0.055825
vt 0.071508 0.052635
vt 0.075125 0.048168
vt 0.091318 0.045506
vt 0.096908 0.050418
vt 0.080217 0.043101
vt 0.097321 0.037760
vt 0.104509 0.041804
vt 0.082736 0.037526
vt 0.108031 0.030492
vt 0.111296 0.033638
vt 0.095915 0.030789
vt 0.105424 0.026386
vt 0.082209 0.032047
vt 0.701058 0.732910
vt 0.696031 0.725940
vt 0.700837 0.723146
vt 0.705190 0.733827
vt 0.699803 0.737059
vt 0.690488 0.731641
vt 0.704559 0.738773
vt 0.197119 0.064209
vt 0.187942 0.060860
vt 0.191696 0.052075
vt 0.196390 0.054096
vt 0.738305 0.361382
vt 0.742520 0.361419
vt 0.742540 0.367484
vt 0.739767 0.371856
vt 0.739465 0.353430
vt 0.743172 0.356200
vt 0.746012 0.359113
vt 0.746012 0.366745
vt 0.179392 0.056085
vt 0.170280 0.057572
vt 0.166967 0.047150
vt 0.172670 0.045167
vt 0.185382 0.072065
vt 0.175424 0.071516
vt 0.186723 0.047675
vt 0.157809 0.030263
vt 0.161760 0.036868
vt 0.152651 0.031162
vt 0.148829 0.026663
vt 0.157343 0.027242
vt 0.670483 0.291617
vt 0.668297 0.287060
vt 0.670367 0.287738
vt 0.670483 0.286472
vt 0.546771 0.631600
vt 0.553363 0.639717
vt 0.551046 0.641009
vt 0.546515 0.631549
vt 0.688815 0.249750
vt 0.690996 0.250225
vt 0.691532 0.258233
vt 0.688815 0.259425
vt 0.689155 0.260213
vt 0.690756 0.260213
vt 0.691006 0.263614
vt 0.688815 0.264187
vt 0.147797 0.022749
vt 0.141369 0.021528
vt 0.142673 0.018549
vt 0.148546 0.021825
vt 0.147649 0.022569
vt 0.157791 0.025227
vt 0.714854 0.308198
vt 0.715325 0.318309
vt 0.712319 0.317943
vt 0.712319 0.305794
vt 0.109184 0.046797
vt 0.108252 0.043964
vt 0.114513 0.035725
vt 0.118194 0.037980
vt 0.715426 0.379031
vt 0.715766 0.375612
vt 0.720456 0.369748
vt 0.724467 0.372785
vt 0.714983 0.374344
vt 0.718891 0.369006
vt 0.104601 0.045552
vt 0.105971 0.046348
vt 0.099642 0.050431
vt 0.098577 0.048419
vt 0.699322 0.698814
vt 0.702619 0.700182
vt 0.702713 0.707564
vt 0.698806 0.710682
vt 0.101031 0.054319
vt 0.086392 0.057317
vt 0.086350 0.051660
vt 0.693228 0.704829
vt 0.689532 0.695695
vt 0.693525 0.689676
vt 0.097646 0.064807
vt 0.085744 0.064266
vt 0.062864 0.048179
vt 0.061927 0.043407
vt 0.073856 0.046818
vt 0.072182 0.053446
vt 0.058368 0.050809
vt 0.053904 0.044800
vt 0.070257 0.058392
vt 0.685084 0.561696
vt 0.684902 0.563062
vt 0.681185 0.563952
vt 0.681833 0.561198
vt 0.742866 0.046397
vt 0.739140 0.046454
vt 0.738836 0.041442
vt 0.738584 0.041163
vt 0.735752 0.037003
vt 0.740386 0.038278
vt 0.094904 0.076633
vt 0.082281 0.070045
vt 0.101893 0.093337
vt 0.093571 0.096769
vt 0.087006 0.082524
vt 0.078453 0.072856
vt 0.104066 0.076522
vt 0.109959 0.091559
vt 0.104519 0.064446
vt 0.743095 0.058128
vt 0.745031 0.049175
vt 0.746749 0.059810
vt 0.720977 0.327314
vt 0.720040 0.332699
vt 0.714983 0.331667
vt 0.715585 0.322943
vt 0.740069 0.054134
vt 0.729535 0.341859
vt 0.725482 0.343456
vt 0.718868 0.344915
vt 0.647710 0.314268
vt 0.647772 0.316299
vt 0.645065 0.316041
vt 0.645612 0.313585
vt 0.747383 0.002612
vt 0.748090 0.006548
vt 0.745629 0.006712
vt 0.745366 0.002366
vt 0.001266 0.043946
vt 0.000394 0.041955
vt 0.005376 0.042461
vt 0.005107 0.044947
vt 0.690811 0.268614
vt 0.691145 0.270588
vt 0.688815 0.271330
vt 0.688815 0.268576
vt 0.001412 0.040233
vt 0.005239 0.039899
vt 0.676985 0.579136
vt 0.679235 0.578823
vt 0.678929 0.582942
vt 0.676347 0.582990
vt 0.681983 0.583044
vt 0.682010 0.587950
vt 0.678673 0.587783
vt 0.676064 0.587895
vt 0.682027 0.578976
vt 0.685286 0.579119
vt 0.685404 0.583259
vt 0.733755 0.325377
vt 0.733837 0.323229
vt 0.736530 0.322943
vt 0.736713 0.324934
vt 0.736851 0.327290
vt 0.733640 0.327848
vt 0.737124 0.330345
vt 0.733631 0.330828
vt 0.645065 0.321874
vt 0.645068 0.318747
vt 0.648020 0.318946
vt 0.648259 0.322001
vt 0.739696 0.000394
vt 0.739667 0.003477
vt 0.735523 0.004039
vt 0.735670 0.000405
vt 0.739508 0.008430
vt 0.735334 0.009184
vt 0.730343 0.009565
vt 0.730189 0.004382
vt 0.730167 0.000496
vt 0.725061 0.004386
vt 0.724803 0.000523
vt 0.737280 0.334516
vt 0.737405 0.338532
vt 0.733769 0.338666
vt 0.733662 0.334847
vt 0.694754 0.579120
vt 0.700015 0.578982
vt 0.699742 0.583636
vt 0.694735 0.583701
vt 0.689476 0.583554
vt 0.689295 0.579150
vt 0.694721 0.588734
vt 0.689653 0.588504
vt 0.685581 0.588195
vt 0.689799 0.594912
vt 0.685769 0.594757
vt 0.682074 0.594552
vt 0.685815 0.603882
vt 0.682073 0.603999
vt 0.678335 0.604213
vt 0.678488 0.594418
vt 0.573852 0.677350
vt 0.573984 0.685949
vt 0.570670 0.686648
vt 0.570751 0.677929
vt 0.675957 0.594569
vt 0.016750 0.038720
vt 0.026699 0.037178
vt 0.027427 0.041205
vt 0.017326 0.042678
vt 0.010483 0.042854
vt 0.010121 0.039489
vt 0.017656 0.047208
vt 0.010130 0.046407
vt 0.748594 0.011701
vt 0.748689 0.019274
vt 0.746546 0.020390
vt 0.745956 0.012390
vt 0.742889 0.021238
vt 0.742765 0.013336
vt 0.742717 0.007542
vt 0.739214 0.014488
vt 0.742721 0.002892
vt 0.739253 0.021967
vt 0.735138 0.022681
vt 0.735121 0.015499
vt 0.730836 0.023067
vt 0.730594 0.016012
vt 0.726544 0.023131
vt 0.726098 0.015824
vt 0.725535 0.009514
vt 0.722056 0.015269
vt 0.721486 0.009133
vt 0.721143 0.004156
vt 0.717973 0.008483
vt 0.717848 0.003927
vt 0.717824 0.000584
vt 0.721010 0.000546
vt 0.737384 0.341344
vt 0.737305 0.343703
vt 0.733840 0.343658
vt 0.733864 0.341375
vt 0.703769 0.578854
vt 0.706860 0.578868
vt 0.706781 0.583355
vt 0.703592 0.583432
vt 0.706824 0.588272
vt 0.703399 0.588456
vt 0.699483 0.588839
vt 0.703229 0.594805
vt 0.699317 0.594654
vt 0.694685 0.594910
vt 0.699376 0.604036
vt 0.694663 0.603858
vt 0.689853 0.603833
vt 0.694638 0.617005
vt 0.689779 0.616890
vt 0.685726 0.616863
vt 0.689339 0.631255
vt 0.685226 0.631038
vt 0.681273 0.630795
vt 0.681920 0.616866
vt 0.677555 0.630543
vt 0.678196 0.616894
vt 0.574080 0.697016
vt 0.574002 0.709169
vt 0.570670 0.709163
vt 0.570842 0.697570
vt 0.039037 0.034960
vt 0.052362 0.033020
vt 0.052480 0.036051
vt 0.039654 0.038320
vt 0.051997 0.038783
vt 0.040297 0.041504
vt 0.028282 0.045274
vt 0.040723 0.044094
vt 0.029003 0.047604
vt 0.018533 0.050158
vt 0.691634 0.236763
vt 0.691634 0.248962
vt 0.688815 0.248498
vt 0.689041 0.237837
vt 0.746993 0.030572
vt 0.743972 0.030445
vt 0.744522 0.040271
vt 0.739749 0.030496
vt 0.735411 0.030532
vt 0.730920 0.036615
vt 0.731002 0.030661
vt 0.734845 0.040363
vt 0.730594 0.040274
vt 0.726830 0.040397
vt 0.676946 0.564277
vt 0.681385 0.569154
vt 0.676693 0.569931
vt 0.672164 0.570263
vt 0.673194 0.564503
vt 0.676152 0.577769
vt 0.671313 0.577783
vt 0.473957 0.047489
vt 0.468580 0.053820
vt 0.715524 0.725010
vt 0.720305 0.723202
vt 0.719682 0.733873
vt 0.715524 0.735743
vt 0.458216 0.058334
vt 0.460291 0.061021
vt 0.725308 0.732881
vt 0.725570 0.744139
vt 0.719934 0.746263
vt 0.725617 0.722677
vt 0.730160 0.723072
vt 0.730010 0.733016
vt 0.681444 0.577043
vt 0.685915 0.567993
vt 0.685915 0.575893
vt 0.041428 0.045249
vt 0.046411 0.042697
vt 0.048956 0.048785
vt 0.045451 0.052402
vt 0.040535 0.040346
vt 0.046061 0.038084
vt 0.056028 0.055311
vt 0.054785 0.058973
vt 0.053154 0.039881
vt 0.062769 0.038474
vt 0.053913 0.036486
vt 0.534804 0.674437
vt 0.535977 0.674893
vt 0.538099 0.683763
vt 0.534703 0.683869
vt 0.538099 0.696606
vt 0.534764 0.697317
vt 0.075922 0.042074
vt 0.537915 0.708733
vt 0.535848 0.709748
vt 0.087790 0.048048
vt 0.720527 0.358376
vt 0.723216 0.357500
vt 0.730341 0.358081
vt 0.692247 0.561955
vt 0.695610 0.561198
vt 0.695610 0.576008
vt 0.692471 0.577204
vt 0.732843 0.357313
vt 0.084577 0.059709
vt 0.100026 0.053765
vt 0.746209 0.087058
vt 0.743326 0.071829
vt 0.747284 0.073381
vt 0.748229 0.085793
vt 0.068335 0.061885
vt 0.066734 0.064743
vt 0.072758 0.075075
vt 0.064980 0.067124
vt 0.729649 0.745495
vt 0.078613 0.086497
vt 0.638990 0.011161
vt 0.639816 0.023658
vt 0.632644 0.023526
vt 0.632571 0.008827
vt 0.631925 0.000394
vt 0.637595 0.001580
vt 0.640645 0.039217
vt 0.633623 0.040474
vt 0.437662 0.087374
vt 0.433195 0.103729
vt 0.425872 0.099861
vt 0.426255 0.117006
vt 0.419936 0.113807
vt 0.411978 0.110670
vt 0.416604 0.095812
vt 0.403173 0.108627
vt 0.407081 0.092974
vt 0.412179 0.077779
vt 0.668621 0.639036
vt 0.662632 0.651325
vt 0.654270 0.648508
vt 0.660363 0.637664
vt 0.663082 0.625418
vt 0.671155 0.626054
vt 0.651051 0.634834
vt 0.651918 0.623851
vt 0.648841 0.611544
vt 0.390997 0.054031
vt 0.398345 0.064442
vt 0.384687 0.065147
vt 0.381340 0.054868
vt 0.639167 0.609550
vt 0.641433 0.598288
vt 0.380390 0.043327
vt 0.371436 0.053906
vt 0.373747 0.043228
vt 0.377279 0.032572
vt 0.381872 0.032709
vt 0.646055 0.588556
vt 0.379915 0.024475
vt 0.384254 0.025225
vt 0.650556 0.582097
vt 0.380928 0.019916
vt 0.386367 0.021184
vt 0.653909 0.578823
vt 0.658109 0.583514
vt 0.391647 0.024498
vt 0.387842 0.017705
vt 0.394184 0.021878
vt 0.397366 0.032202
vt 0.393281 0.033225
vt 0.388197 0.027835
vt 0.388914 0.015111
vt 0.396593 0.018913
vt 0.390051 0.012111
vt 0.398502 0.016496
vt 0.408713 0.020709
vt 0.410146 0.018176
vt 0.420187 0.020826
vt 0.419065 0.024605
vt 0.433321 0.023903
vt 0.432949 0.026760
vt 0.432297 0.031450
vt 0.446718 0.028729
vt 0.712886 0.646261
vt 0.713061 0.660164
vt 0.710259 0.660212
vt 0.709099 0.646110
vt 0.708005 0.632383
vt 0.711870 0.632839
vt 0.460048 0.030699
vt 0.707411 0.617824
vt 0.711241 0.618110
vt 0.474603 0.033365
vt 0.473683 0.036316
vt 0.472413 0.040288
vt 0.736051 0.496416
vt 0.732436 0.496179
vt 0.732469 0.485336
vt 0.735885 0.485814
vt 0.486826 0.038160
vt 0.486098 0.042220
vt 0.485287 0.046190
vt 0.471813 0.042969
vt 0.497112 0.039403
vt 0.496525 0.043199
vt 0.495960 0.047578
vt 0.712257 0.019871
vt 0.714816 0.021399
vt 0.714917 0.031329
vt 0.711936 0.030370
vt 0.502984 0.043067
vt 0.502955 0.046866
vt 0.502673 0.049534
vt 0.494792 0.050214
vt 0.714881 0.013483
vt 0.718328 0.014411
vt 0.718698 0.022018
vt 0.712320 0.012836
vt 0.722526 0.022697
vt 0.718100 0.031281
vt 0.716869 0.041830
vt 0.594524 0.631594
vt 0.598732 0.642403
vt 0.595349 0.643504
vt 0.591465 0.631549
vt 0.598577 0.654455
vt 0.596091 0.654582
vt 0.715248 0.043073
vt 0.715609 0.054107
vt 0.713131 0.056088
vt 0.711876 0.043506
vt 0.593170 0.665761
vt 0.590509 0.664368
vt 0.461426 0.043697
vt 0.451870 0.049664
vt 0.626820 0.623005
vt 0.629833 0.624266
vt 0.629884 0.636696
vt 0.626602 0.636192
vt 0.439284 0.056828
vt 0.630139 0.649492
vt 0.626429 0.650362
vt 0.425260 0.059061
vt 0.630475 0.660811
vt 0.626429 0.662400
vt 0.412609 0.052849
vt 0.700916 0.318684
vt 0.696906 0.320786
vt 0.696906 0.308268
vt 0.700485 0.305794
vt 0.403811 0.042463
vt 0.598335 0.667795
vt 0.602554 0.654441
vt 0.719269 0.053704
vt 0.722854 0.054346
vt 0.721380 0.068292
vt 0.718867 0.067255
vt 0.601391 0.642063
vt 0.570620 0.711429
vt 0.572512 0.709957
vt 0.602508 0.669000
vt 0.446961 0.038094
vt 0.460990 0.037757
vt 0.503691 0.039777
vt 0.712819 0.588421
vt 0.713087 0.595001
vt 0.710517 0.594787
vt 0.710089 0.588210
vt 0.706907 0.594815
vt 0.710916 0.604918
vt 0.707124 0.604599
vt 0.703323 0.604308
vt 0.703480 0.617528
vt 0.699427 0.617227
vt 0.703824 0.632091
vt 0.699581 0.631805
vt 0.694453 0.631516
vt 0.699989 0.646172
vt 0.694100 0.646040
vt 0.688343 0.645743
vt 0.693571 0.660916
vt 0.687167 0.660491
vt 0.682318 0.660108
vt 0.683978 0.645366
vt 0.677788 0.659715
vt 0.679648 0.644967
vt 0.705310 0.305794
vt 0.705958 0.319639
vt 0.701704 0.319639
vt 0.702024 0.306947
vt 0.675957 0.644850
vt 0.066326 0.028670
vt 0.081303 0.027425
vt 0.066959 0.032837
vt 0.052142 0.030330
vt 0.066717 0.036680
vt 0.065428 0.040473
vt 0.062018 0.044212
vt 0.050735 0.041551
vt 0.747686 0.051627
vt 0.748639 0.063139
vt 0.747413 0.041904
vt 0.058633 0.045036
vt 0.080837 0.023687
vt 0.093488 0.021069
vt 0.094469 0.025503
vt 0.102410 0.019042
vt 0.103673 0.022453
vt 0.113237 0.019373
vt 0.120232 0.014253
vt 0.122196 0.016859
vt 0.115668 0.021976
vt 0.123778 0.019414
vt 0.118044 0.024086
vt 0.125682 0.021903
vt 0.120833 0.026106
vt 0.127638 0.025218
vt 0.123698 0.027819
vt 0.130629 0.017138
vt 0.131291 0.020547
vt 0.132093 0.024149
vt 0.703062 0.742976
vt 0.697223 0.740994
vt 0.136494 0.020604
vt 0.136776 0.024538
vt 0.138617 0.030835
vt 0.133588 0.029952
vt 0.144288 0.031348
vt 0.150947 0.039630
vt 0.143117 0.040711
vt 0.135960 0.040475
vt 0.141628 0.025579
vt 0.146194 0.026403
vt 0.149398 0.031247
vt 0.680058 0.288479
vt 0.683935 0.290135
vt 0.687186 0.300199
vt 0.681856 0.298495
vt 0.156951 0.038095
vt 0.680504 0.282642
vt 0.683358 0.284265
vt 0.689734 0.313514
vt 0.684326 0.311747
vt 0.677249 0.309325
vt 0.676856 0.296133
vt 0.684864 0.321585
vt 0.676856 0.320473
vt 0.160666 0.048479
vt 0.165427 0.059126
vt 0.152918 0.061123
vt 0.149601 0.051483
vt 0.137280 0.064504
vt 0.138036 0.052886
vt 0.121415 0.064830
vt 0.127732 0.053147
vt 0.675957 0.731545
vt 0.681966 0.722771
vt 0.687329 0.736909
vt 0.676005 0.710906
vt 0.683889 0.701723
vt 0.690414 0.714310
vt 0.109424 0.063605
vt 0.119739 0.076071
vt 0.109202 0.077053
vt 0.675957 0.692601
vt 0.682653 0.687252
vt 0.123187 0.090161
vt 0.115008 0.090816
vt 0.638379 0.624934
vt 0.637722 0.639652
vt 0.631263 0.639004
vt 0.631263 0.623005
vt 0.125990 0.105821
vt 0.117897 0.106858
vt 0.638295 0.655954
vt 0.631559 0.655338
vt 0.637248 0.672231
vt 0.631331 0.671901
vt 0.114271 0.107305
vt 0.117137 0.123647
vt 0.110473 0.125101
vt 0.106918 0.108866
vt 0.104041 0.126637
vt 0.099638 0.111256
vt 0.097114 0.128502
vt 0.092822 0.114503
vt 0.085865 0.100733
vt 0.640748 0.054233
vt 0.639330 0.068808
vt 0.634158 0.068804
vt 0.634546 0.055018
vt 0.638356 0.084243
vt 0.633589 0.084140
vt 0.421234 0.129971
vt 0.417773 0.144913
vt 0.411345 0.143924
vt 0.414660 0.128184
vt 0.403992 0.142688
vt 0.407096 0.126341
vt 0.396995 0.141153
vt 0.399900 0.124873
vt 0.652572 0.678344
vt 0.647823 0.692432
vt 0.641715 0.690449
vt 0.645687 0.676310
vt 0.649914 0.662278
vt 0.657216 0.664494
vt 0.639167 0.673617
vt 0.642554 0.659809
vt 0.646279 0.646287
vt 0.393765 0.090817
vt 0.390963 0.106657
vt 0.381494 0.105569
vt 0.383416 0.090186
vt 0.385666 0.075926
vt 0.398427 0.076507
vt 0.368982 0.089168
vt 0.370062 0.074654
vt 0.370396 0.063498
vt 0.357782 0.072221
vt 0.357673 0.060734
vt 0.360571 0.052047
vt 0.347120 0.059070
vt 0.351239 0.048989
vt 0.669720 0.717525
vt 0.665055 0.725860
vt 0.656799 0.717163
vt 0.660262 0.710920
vt 0.663093 0.703463
vt 0.673497 0.707469
vt 0.648524 0.709296
vt 0.651050 0.703508
vt 0.652897 0.698323
vt 0.641729 0.706258
vt 0.643629 0.699621
vt 0.644950 0.694650
vt 0.653187 0.721824
vt 0.646460 0.713922
vt 0.640270 0.710027
vt 0.649655 0.726108
vt 0.644498 0.717772
vt 0.639392 0.714144
vt 0.660682 0.732266
vt 0.656808 0.737951
vt 0.673497 0.732510
vt 0.668002 0.739526
vt 0.348872 0.071525
vt 0.578942 0.633334
vt 0.578532 0.645619
vt 0.570144 0.644260
vt 0.570171 0.631549
vt 0.357839 0.087677
vt 0.349532 0.087165
vt 0.578942 0.660443
vt 0.571183 0.659668
vt 0.577983 0.676562
vt 0.571139 0.675331
vt 0.346826 0.086979
vt 0.346949 0.103700
vt 0.339225 0.104348
vt 0.337711 0.087053
vt 0.331015 0.104734
vt 0.329026 0.087313
vt 0.323679 0.104652
vt 0.321857 0.088575
vt 0.317031 0.077733
vt 0.744685 0.440715
vt 0.745373 0.452583
vt 0.740074 0.451898
vt 0.739205 0.440665
vt 0.312436 0.072046
vt 0.200190 0.078266
vt 0.195948 0.088689
vt 0.190530 0.086919
vt 0.194496 0.074624
vt 0.204096 0.072157
vt 0.182194 0.085863
vt 0.189883 0.103980
vt 0.181964 0.104150
vt 0.173511 0.103995
vt 0.173307 0.086579
vt 0.165766 0.103764
vt 0.165932 0.086979
vt 0.167354 0.071771
vt 0.666901 0.254896
vt 0.666508 0.269558
vt 0.660523 0.271397
vt 0.660960 0.256673
vt 0.660738 0.243708
vt 0.667509 0.240624
vt 0.162991 0.072095
vt 0.161698 0.087422
vt 0.152894 0.088098
vt 0.152571 0.073032
vt 0.137887 0.089519
vt 0.136482 0.075575
vt 0.153082 0.104136
vt 0.139197 0.104975
vt 0.152833 0.120450
vt 0.140118 0.121241
vt 0.128233 0.122001
vt 0.140725 0.137782
vt 0.129807 0.138782
vt 0.123100 0.139814
vt 0.120889 0.122903
vt 0.131264 0.156050
vt 0.125158 0.157026
vt 0.712986 0.702600
vt 0.712687 0.717563
vt 0.705978 0.719101
vt 0.706529 0.702917
vt 0.705978 0.687252
vt 0.712579 0.687654
vt 0.118572 0.140752
vt 0.118634 0.158131
vt 0.111942 0.159211
vt 0.111978 0.141955
vt 0.105484 0.160141
vt 0.105221 0.143064
vt 0.099565 0.160909
vt 0.098697 0.144013
vt 0.106172 0.177877
vt 0.100899 0.178610
vt 0.637800 0.100872
vt 0.637274 0.118395
vt 0.632942 0.118333
vt 0.633203 0.100780
vt 0.415450 0.161474
vt 0.413223 0.178999
vt 0.407479 0.178073
vt 0.409215 0.160624
vt 0.401103 0.177027
vt 0.402173 0.159482
vt 0.394604 0.175807
vt 0.395031 0.157985
vt 0.388169 0.174218
vt 0.389004 0.156490
vt 0.392084 0.140198
vt 0.737014 0.674748
vt 0.738587 0.690510
vt 0.730948 0.690182
vt 0.730953 0.673983
vt 0.730948 0.659346
vt 0.737528 0.660629
vt 0.386062 0.139157
vt 0.384491 0.155384
vt 0.376172 0.154063
vt 0.377478 0.137953
vt 0.379533 0.121772
vt 0.388471 0.122726
vt 0.394816 0.123767
vt 0.367182 0.137189
vt 0.368147 0.120980
vt 0.368290 0.104631
vt 0.358804 0.120806
vt 0.357763 0.104035
vt 0.352255 0.120869
vt 0.350632 0.103949
vt 0.358734 0.137048
vt 0.353071 0.137259
vt 0.738371 0.707131
vt 0.737804 0.721331
vt 0.730948 0.722086
vt 0.731501 0.706850
vt 0.730948 0.691298
vt 0.738244 0.692624
vt 0.347628 0.120913
vt 0.347118 0.137535
vt 0.339604 0.137706
vt 0.339917 0.121137
vt 0.332017 0.137397
vt 0.331514 0.121219
vt 0.324551 0.137138
vt 0.323937 0.121030
vt 0.684057 0.267135
vt 0.683247 0.281286
vt 0.676889 0.281756
vt 0.676856 0.266835
vt 0.677272 0.251278
vt 0.684057 0.252104
vt 0.196256 0.104261
vt 0.196903 0.120776
vt 0.191610 0.120858
vt 0.677603 0.236763
vt 0.682874 0.237738
vt 0.196935 0.136774
vt 0.192558 0.136851
vt 0.185361 0.136970
vt 0.183670 0.120984
vt 0.176949 0.136960
vt 0.174535 0.120739
vt 0.167610 0.136777
vt 0.165789 0.120193
vt 0.160241 0.136839
vt 0.160493 0.120191
vt 0.667509 0.300530
vt 0.662364 0.302364
vt 0.661290 0.286976
vt 0.667044 0.285245
vt 0.160956 0.103858
vt 0.152641 0.136948
vt 0.161405 0.153255
vt 0.152182 0.153811
vt 0.140817 0.154830
vt 0.154276 0.170578
vt 0.141230 0.172277
vt 0.132471 0.174004
vt 0.144436 0.189207
vt 0.135345 0.191292
vt 0.125948 0.193061
vt 0.125417 0.175143
vt 0.118530 0.194106
vt 0.117883 0.176307
vt 0.113010 0.194854
vt 0.111712 0.177160
vt 0.108131 0.195533
vt 0.115130 0.211694
vt 0.110614 0.212357
vt 0.106094 0.213050
vt 0.103353 0.196257
vt 0.636735 0.136122
vt 0.636635 0.153100
vt 0.632854 0.153005
vt 0.632750 0.136029
vt 0.410821 0.196629
vt 0.408789 0.213606
vt 0.404347 0.212868
vt 0.405802 0.195723
vt 0.399700 0.212136
vt 0.400483 0.194813
vt 0.394758 0.211337
vt 0.394660 0.193802
vt 0.389298 0.210365
vt 0.388325 0.192593
vt 0.383171 0.209146
vt 0.381755 0.191080
vt 0.383292 0.173032
vt 0.375565 0.207606
vt 0.375624 0.189012
vt 0.376438 0.170955
vt 0.368596 0.186961
vt 0.367982 0.169722
vt 0.366656 0.153313
vt 0.360037 0.169504
vt 0.359008 0.153510
vt 0.545727 0.725493
vt 0.545727 0.739168
vt 0.537795 0.740631
vt 0.538565 0.726187
vt 0.538553 0.711658
vt 0.545247 0.710752
vt 0.353570 0.153846
vt 0.352623 0.169716
vt 0.343812 0.169799
vt 0.346215 0.154092
vt 0.335794 0.169553
vt 0.338389 0.153919
vt 0.329202 0.169253
vt 0.331283 0.153565
vt 0.323004 0.168967
vt 0.324326 0.153206
vt 0.317281 0.168683
vt 0.318274 0.152914
vt 0.318193 0.136797
vt 0.545565 0.631934
vt 0.545243 0.644298
vt 0.540343 0.643379
vt 0.540229 0.630823
vt 0.539887 0.618359
vt 0.545728 0.620112
vt 0.193656 0.152762
vt 0.194870 0.168619
vt 0.189178 0.168681
vt 0.187200 0.152764
vt 0.183038 0.168748
vt 0.180064 0.152837
vt 0.176170 0.168921
vt 0.171175 0.152958
vt 0.165987 0.169502
vt 0.179211 0.185164
vt 0.170451 0.185613
vt 0.158025 0.186749
vt 0.173981 0.202660
vt 0.162511 0.203865
vt 0.148844 0.205962
vt 0.165951 0.221046
vt 0.151944 0.222734
vt 0.137725 0.224908
vt 0.136750 0.208130
vt 0.128309 0.226455
vt 0.126679 0.209914
vt 0.122078 0.227508
vt 0.120119 0.210950
vt 0.117384 0.228291
vt 0.124288 0.244138
vt 0.119926 0.244887
vt 0.115928 0.245579
vt 0.113179 0.228992
vt 0.111973 0.246272
vt 0.109007 0.229678
vt 0.636693 0.169960
vt 0.636344 0.186788
vt 0.633192 0.186640
vt 0.633296 0.169799
vt 0.406733 0.230392
vt 0.404010 0.247062
vt 0.400516 0.246427
vt 0.402805 0.229700
vt 0.396529 0.245717
vt 0.398580 0.228969
vt 0.392610 0.245017
vt 0.394312 0.228244
vt 0.387946 0.244194
vt 0.389202 0.227371
vt 0.382499 0.243254
vt 0.383383 0.226367
vt 0.374006 0.241845
vt 0.375252 0.224863
vt 0.361074 0.239881
vt 0.363575 0.222761
vt 0.366082 0.205429
vt 0.349960 0.220874
vt 0.354989 0.203501
vt 0.359905 0.186024
vt 0.343294 0.202303
vt 0.348848 0.185698
vt 0.335001 0.201923
vt 0.338846 0.185382
vt 0.329035 0.201793
vt 0.332030 0.185266
vt 0.324365 0.201748
vt 0.326384 0.185149
vt 0.319691 0.201702
vt 0.321209 0.185048
vt 0.532140 0.000394
vt 0.531859 0.015983
vt 0.527409 0.016578
vt 0.527241 0.001276
vt 0.316475 0.184963
vt 0.544686 0.656954
vt 0.544049 0.669846
vt 0.540169 0.669129
vt 0.540328 0.656181
vt 0.195932 0.184916
vt 0.196646 0.201702
vt 0.191937 0.201833
vt 0.190762 0.184970
vt 0.187263 0.201949
vt 0.185528 0.185024
vt 0.181565 0.202171
vt 0.188729 0.219332
vt 0.183563 0.219614
vt 0.176667 0.220063
vt 0.185079 0.236990
vt 0.178784 0.237377
vt 0.168441 0.238228
vt 0.180261 0.254624
vt 0.170559 0.255399
vt 0.156051 0.256832
vt 0.154195 0.239703
vt 0.141354 0.258622
vt 0.139411 0.241738
vt 0.132462 0.259922
vt 0.130342 0.243129
vt 0.126644 0.260854
vt 0.134666 0.276829
vt 0.129011 0.277646
vt 0.124851 0.278287
vt 0.122407 0.261555
vt 0.120978 0.278915
vt 0.118498 0.262212
vt 0.117122 0.279551
vt 0.114568 0.262838
vt 0.636368 0.203513
vt 0.635997 0.220360
vt 0.632945 0.220190
vt 0.633186 0.203333
vt 0.401355 0.263597
vt 0.398692 0.280299
vt 0.395313 0.279721
vt 0.398018 0.263056
vt 0.391309 0.279060
vt 0.394073 0.262405
vt 0.387461 0.278422
vt 0.390230 0.261744
vt 0.383061 0.277723
vt 0.385725 0.260988
vt 0.377702 0.276943
vt 0.380564 0.260121
vt 0.369614 0.275874
vt 0.372016 0.258786
vt 0.356117 0.274199
vt 0.358559 0.256997
vt 0.342729 0.272750
vt 0.344409 0.255462
vt 0.346640 0.238193
vt 0.335282 0.254643
vt 0.336462 0.237289
vt 0.339065 0.219817
vt 0.330261 0.236899
vt 0.332165 0.219388
vt 0.325371 0.236674
vt 0.326896 0.219169
vt 0.321336 0.236530
vt 0.322657 0.219041
vt 0.317245 0.236390
vt 0.318331 0.218913
vt 0.531789 0.032051
vt 0.531939 0.048276
vt 0.527994 0.048596
vt 0.527630 0.032447
vt 0.543751 0.683172
vt 0.543480 0.696657
vt 0.539887 0.696033
vt 0.540022 0.682483
vt 0.197501 0.218904
vt 0.198368 0.236364
vt 0.194115 0.236555
vt 0.193089 0.219118
vt 0.189902 0.236744
vt 0.195068 0.253845
vt 0.190951 0.254028
vt 0.186398 0.254258
vt 0.192084 0.271147
vt 0.187700 0.271417
vt 0.181716 0.271837
vt 0.188841 0.288463
vt 0.183076 0.289014
vt 0.174260 0.289961
vt 0.172549 0.272636
vt 0.159937 0.291424
vt 0.158015 0.274041
vt 0.145417 0.292897
vt 0.143335 0.275746
vt 0.136831 0.293774
vt 0.147175 0.310230
vt 0.138601 0.310726
vt 0.132925 0.311076
vt 0.131182 0.294424
vt 0.128950 0.311348
vt 0.127093 0.294953
vt 0.125072 0.311637
vt 0.123231 0.295479
vt 0.121114 0.311989
vt 0.119308 0.296010
vt 0.635656 0.236876
vt 0.635402 0.252840
vt 0.631925 0.252606
vt 0.632295 0.236676
vt 0.396230 0.296667
vt 0.394214 0.312573
vt 0.390352 0.312187
vt 0.392503 0.296159
vt 0.386171 0.311847
vt 0.388373 0.295599
vt 0.381997 0.311546
vt 0.384291 0.295065
vt 0.377222 0.311208
vt 0.379714 0.294474
vt 0.371632 0.310823
vt 0.374162 0.293744
vt 0.365105 0.310373
vt 0.367152 0.292959
vt 0.352268 0.309157
vt 0.354146 0.291541
vt 0.338899 0.307651
vt 0.340908 0.290076
vt 0.330411 0.306453
vt 0.333598 0.289285
vt 0.334775 0.271948
vt 0.327955 0.288686
vt 0.328977 0.271541
vt 0.329339 0.254275
vt 0.324146 0.271234
vt 0.324577 0.254037
vt 0.320007 0.271006
vt 0.320593 0.253875
vt 0.315843 0.270782
vt 0.316532 0.253717
vt 0.532378 0.064255
vt 0.532940 0.080034
vt 0.528978 0.080424
vt 0.528482 0.064624
vt 0.628981 0.673019
vt 0.629118 0.688568
vt 0.625957 0.689282
vt 0.626032 0.673852
vt 0.543381 0.709964
vt 0.539894 0.709434
vt 0.199237 0.253663
vt 0.200331 0.270676
vt 0.196165 0.270911
vt 0.201428 0.287417
vt 0.197270 0.287750
vt 0.193165 0.288084
vt 0.198714 0.304288
vt 0.194654 0.304858
vt 0.190503 0.305458
vt 0.198049 0.321489
vt 0.193916 0.322459
vt 0.188122 0.323564
vt 0.185278 0.306186
vt 0.178379 0.325106
vt 0.175878 0.307465
vt 0.163713 0.326802
vt 0.161942 0.308999
vt 0.148402 0.327829
vt 0.164817 0.344012
vt 0.148605 0.345117
vt 0.138307 0.345380
vt 0.139185 0.327975
vt 0.131608 0.345117
vt 0.133367 0.327835
vt 0.127093 0.344493
vt 0.129524 0.327668
vt 0.122942 0.343716
vt 0.125599 0.327419
vt 0.118953 0.343023
vt 0.121712 0.327170
vt 0.638379 0.323961
vt 0.634657 0.339105
vt 0.631579 0.338171
vt 0.635383 0.322943
vt 0.635197 0.267748
vt 0.631998 0.267250
vt 0.578607 0.678054
vt 0.578942 0.693703
vt 0.575149 0.693437
vt 0.574911 0.677350
vt 0.393526 0.327479
vt 0.390028 0.327614
vt 0.393265 0.343747
vt 0.389319 0.344395
vt 0.386023 0.327856
vt 0.385320 0.345092
vt 0.382147 0.328055
vt 0.380290 0.345572
vt 0.377461 0.328180
vt 0.373663 0.345666
vt 0.371712 0.328173
vt 0.363880 0.345242
vt 0.364030 0.327964
vt 0.348709 0.344027
vt 0.350408 0.326960
vt 0.333561 0.342443
vt 0.336443 0.325358
vt 0.322375 0.340909
vt 0.326441 0.323786
vt 0.315712 0.339859
vt 0.321099 0.322765
vt 0.325229 0.305708
vt 0.316863 0.321791
vt 0.320818 0.305067
vt 0.323135 0.288228
vt 0.316877 0.304505
vt 0.318939 0.287875
vt 0.312853 0.303946
vt 0.314699 0.287548
vt 0.533146 0.095685
vt 0.532691 0.111175
vt 0.528619 0.111305
vt 0.529009 0.096061
vt 0.659735 0.241111
vt 0.659126 0.254208
vt 0.655683 0.253662
vt 0.656155 0.240624
vt 0.629118 0.703632
vt 0.625986 0.704455
vt 0.658950 0.267722
vt 0.655521 0.267334
vt 0.202831 0.303740
vt 0.205917 0.319391
vt 0.201885 0.320481
vt 0.211879 0.336223
vt 0.207593 0.337376
vt 0.203609 0.338515
vt 0.211168 0.356441
vt 0.206672 0.356685
vt 0.201031 0.356915
vt 0.198657 0.339679
vt 0.194000 0.357417
vt 0.191939 0.340795
vt 0.182767 0.358369
vt 0.181116 0.342262
vt 0.165597 0.359892
vt 0.183395 0.374691
vt 0.166816 0.375854
vt 0.150633 0.377866
vt 0.149288 0.361399
vt 0.139884 0.379267
vt 0.137922 0.362174
vt 0.133072 0.380310
vt 0.130669 0.362540
vt 0.128096 0.381294
vt 0.124950 0.362701
vt 0.124190 0.382098
vt 0.120463 0.362912
vt 0.120021 0.382926
vt 0.115958 0.363080
vt 0.630374 0.358216
vt 0.631604 0.376057
vt 0.628191 0.375978
vt 0.625844 0.357795
vt 0.400842 0.363841
vt 0.395801 0.383892
vt 0.393002 0.383268
vt 0.396660 0.363494
vt 0.578942 0.714373
vt 0.574868 0.712985
vt 0.388864 0.382421
vt 0.392290 0.363366
vt 0.384742 0.381533
vt 0.387601 0.363124
vt 0.379873 0.380548
vt 0.381878 0.362818
vt 0.373229 0.379442
vt 0.374762 0.362400
vt 0.362548 0.378003
vt 0.363810 0.361593
vt 0.346056 0.376045
vt 0.347342 0.359957
vt 0.330216 0.374818
vt 0.331377 0.358481
vt 0.319908 0.374398
vt 0.320016 0.357497
vt 0.313414 0.374404
vt 0.312854 0.356919
vt 0.308757 0.374652
vt 0.307201 0.356635
vt 0.310749 0.338739
vt 0.302800 0.356446
vt 0.306742 0.337561
vt 0.313094 0.320817
vt 0.302702 0.336452
vt 0.309245 0.319742
vt 0.530830 0.126647
vt 0.526925 0.143904
vt 0.523196 0.143487
vt 0.526971 0.126251
vt 0.525104 0.163283
vt 0.520932 0.163926
vt 0.659527 0.284300
vt 0.659735 0.302780
vt 0.655923 0.301125
vt 0.656233 0.283739
vt 0.215554 0.356338
vt 0.218616 0.356587
vt 0.215687 0.375958
vt 0.212912 0.375598
vt 0.208927 0.375163
vt 0.211208 0.391527
vt 0.207131 0.391467
vt 0.203235 0.391439
vt 0.204768 0.374726
vt 0.198919 0.391470
vt 0.200075 0.374414
vt 0.193199 0.391506
vt 0.193661 0.374359
vt 0.183966 0.391811
vt 0.194158 0.408470
vt 0.185166 0.409048
vt 0.170733 0.410270
vt 0.168753 0.392776
vt 0.155664 0.412326
vt 0.152923 0.394926
vt 0.146414 0.413974
vt 0.143126 0.396689
vt 0.140396 0.415155
vt 0.136810 0.397947
vt 0.136047 0.416016
vt 0.132448 0.398876
vt 0.132231 0.416774
vt 0.128598 0.399729
vt 0.128242 0.417566
vt 0.124642 0.400615
vt 0.633659 0.391916
vt 0.634869 0.407171
vt 0.631187 0.407160
vt 0.630048 0.391901
vt 0.538373 0.016498
vt 0.537909 0.031785
vt 0.534322 0.031625
vt 0.534764 0.016338
vt 0.535940 0.000394
vt 0.539417 0.000580
vt 0.388468 0.400943
vt 0.384817 0.417895
vt 0.380866 0.417073
vt 0.384465 0.400024
vt 0.377003 0.416278
vt 0.380578 0.399130
vt 0.372724 0.415411
vt 0.376143 0.398155
vt 0.366549 0.414197
vt 0.369879 0.396878
vt 0.357541 0.412605
vt 0.360279 0.395167
vt 0.342332 0.410449
vt 0.344301 0.392991
vt 0.327914 0.409103
vt 0.329307 0.391896
vt 0.319255 0.408522
vt 0.320177 0.391512
vt 0.313341 0.408114
vt 0.314367 0.391458
vt 0.308854 0.407732
vt 0.310129 0.391422
vt 0.305089 0.407346
vt 0.306253 0.391398
vt 0.304795 0.375060
vt 0.302472 0.391456
vt 0.300858 0.375508
vt 0.298583 0.356287
vt 0.527748 0.180001
vt 0.529744 0.193958
vt 0.526196 0.194176
vt 0.523863 0.180586
vt 0.529667 0.208347
vt 0.525928 0.208120
vt 0.699743 0.562241
vt 0.699743 0.574179
vt 0.696398 0.573270
vt 0.696487 0.561198
vt 0.213584 0.391598
vt 0.212319 0.406800
vt 0.215037 0.406387
vt 0.216571 0.423193
vt 0.214256 0.423384
vt 0.210135 0.423767
vt 0.208325 0.407416
vt 0.206129 0.424177
vt 0.204364 0.407862
vt 0.201758 0.424649
vt 0.199983 0.408178
vt 0.196163 0.425204
vt 0.203570 0.441529
vt 0.197867 0.442159
vt 0.188950 0.443126
vt 0.186959 0.426087
vt 0.175078 0.444791
vt 0.172814 0.427640
vt 0.161392 0.446728
vt 0.158594 0.429654
vt 0.152699 0.448080
vt 0.149684 0.431093
vt 0.146855 0.448993
vt 0.143775 0.432129
vt 0.142468 0.449663
vt 0.139402 0.432917
vt 0.138582 0.450254
vt 0.135566 0.433605
vt 0.134581 0.450894
vt 0.131607 0.434322
vt 0.635946 0.422298
vt 0.636653 0.437263
vt 0.633007 0.437281
vt 0.632315 0.422314
vt 0.537630 0.046863
vt 0.537500 0.061895
vt 0.533934 0.061829
vt 0.534051 0.046788
vt 0.381475 0.434650
vt 0.378412 0.451216
vt 0.374466 0.450564
vt 0.377525 0.433910
vt 0.370528 0.449944
vt 0.373620 0.433194
vt 0.366146 0.449261
vt 0.369363 0.432420
vt 0.360174 0.448301
vt 0.363249 0.431321
vt 0.351527 0.446935
vt 0.354533 0.429842
vt 0.337782 0.444853
vt 0.340124 0.427712
vt 0.323924 0.443103
vt 0.325968 0.426073
vt 0.315260 0.442128
vt 0.317140 0.425183
vt 0.309381 0.441440
vt 0.311397 0.424551
vt 0.304960 0.440955
vt 0.306980 0.424078
vt 0.301148 0.440526
vt 0.303099 0.423664
vt 0.297280 0.440090
vt 0.299267 0.423324
vt 0.301185 0.406828
vt 0.528977 0.223878
vt 0.528577 0.239800
vt 0.525138 0.239883
vt 0.525739 0.223940
vt 0.528104 0.256113
vt 0.524519 0.256198
vt 0.218742 0.439891
vt 0.220573 0.457232
vt 0.217667 0.457444
vt 0.216057 0.440164
vt 0.213573 0.457792
vt 0.211872 0.440622
vt 0.209630 0.458126
vt 0.207962 0.441053
vt 0.205199 0.458533
vt 0.211173 0.475182
vt 0.206768 0.475648
vt 0.201015 0.476295
vt 0.199351 0.459160
vt 0.192887 0.477259
vt 0.190913 0.460149
vt 0.179579 0.478926
vt 0.177383 0.461860
vt 0.166052 0.480731
vt 0.163847 0.463745
vt 0.157479 0.481882
vt 0.155165 0.464978
vt 0.151609 0.482654
vt 0.149377 0.465782
vt 0.147247 0.483226
vt 0.144992 0.466382
vt 0.143321 0.483740
vt 0.141108 0.466915
vt 0.139267 0.484272
vt 0.137088 0.467471
vt 0.637040 0.452330
vt 0.637186 0.467677
vt 0.633519 0.467622
vt 0.633408 0.452295
vt 0.537752 0.076912
vt 0.538273 0.092247
vt 0.534656 0.092268
vt 0.534190 0.076936
vt 0.375822 0.467796
vt 0.373536 0.484549
vt 0.369426 0.483987
vt 0.371803 0.467231
vt 0.365441 0.483441
vt 0.367884 0.466672
vt 0.360902 0.482819
vt 0.363418 0.466036
vt 0.355007 0.482012
vt 0.357555 0.465175
vt 0.346519 0.480829
vt 0.348904 0.463878
vt 0.333250 0.479010
vt 0.335421 0.461918
vt 0.319970 0.477289
vt 0.321900 0.460135
vt 0.311700 0.476280
vt 0.313397 0.459104
vt 0.305852 0.475603
vt 0.307520 0.458452
vt 0.301413 0.475105
vt 0.303070 0.458023
vt 0.297555 0.474682
vt 0.299237 0.457686
vt 0.293607 0.474257
vt 0.295312 0.457340
vt 0.295551 0.491594
vt 0.291588 0.491101
vt 0.527881 0.272069
vt 0.527383 0.288042
vt 0.523697 0.287972
vt 0.524264 0.272004
vt 0.222002 0.474115
vt 0.224052 0.490907
vt 0.221199 0.491206
vt 0.219200 0.474375
vt 0.217122 0.491674
vt 0.215137 0.474781
vt 0.213164 0.492126
vt 0.219098 0.508653
vt 0.215135 0.509095
vt 0.210688 0.509599
vt 0.208735 0.492637
vt 0.204891 0.510273
vt 0.202978 0.493320
vt 0.196761 0.511234
vt 0.194857 0.494293
vt 0.183472 0.512853
vt 0.181550 0.495921
vt 0.170412 0.514570
vt 0.168184 0.497654
vt 0.162231 0.515685
vt 0.159804 0.498766
vt 0.156398 0.516476
vt 0.153966 0.499544
vt 0.151828 0.517087
vt 0.149521 0.500127
vt 0.147827 0.517621
vt 0.145545 0.500643
vt 0.143697 0.518174
vt 0.141369 0.501182
vt 0.637180 0.483089
vt 0.637380 0.498564
vt 0.633634 0.498566
vt 0.633479 0.482941
vt 0.538589 0.107773
vt 0.539271 0.123298
vt 0.535684 0.123293
vt 0.535094 0.107725
vt 0.371210 0.501433
vt 0.369003 0.518448
vt 0.364876 0.517865
vt 0.367141 0.500874
vt 0.360847 0.517298
vt 0.363116 0.500320
vt 0.356256 0.516655
vt 0.358529 0.499693
vt 0.350395 0.515837
vt 0.352658 0.498895
vt 0.342142 0.514690
vt 0.344300 0.497758
vt 0.329060 0.512920
vt 0.331164 0.495989
vt 0.315927 0.511254
vt 0.317968 0.494340
vt 0.307731 0.510236
vt 0.309777 0.493345
vt 0.301936 0.509531
vt 0.303961 0.492638
vt 0.297416 0.508994
vt 0.299441 0.492078
vt 0.293512 0.508537
vt 0.295356 0.525881
vt 0.291433 0.525422
vt 0.287493 0.524951
vt 0.289598 0.508082
vt 0.526892 0.304122
vt 0.526298 0.320132
vt 0.522688 0.320090
vt 0.523277 0.304125
vt 0.225958 0.507938
vt 0.227911 0.524796
vt 0.225134 0.525105
vt 0.223214 0.508200
vt 0.221018 0.525596
vt 0.227034 0.541949
vt 0.222957 0.542443
vt 0.218995 0.542921
vt 0.217062 0.526057
vt 0.214561 0.543457
vt 0.212576 0.526579
vt 0.208729 0.544184
vt 0.206735 0.527253
vt 0.200813 0.545174
vt 0.198768 0.528175
vt 0.187744 0.546789
vt 0.185542 0.529789
vt 0.174846 0.548442
vt 0.172664 0.531457
vt 0.166744 0.549483
vt 0.164567 0.532540
vt 0.161021 0.550236
vt 0.158743 0.533337
vt 0.156515 0.550861
vt 0.154168 0.533983
vt 0.152566 0.551425
vt 0.150182 0.534553
vt 0.148539 0.552003
vt 0.146080 0.535142
vt 0.637670 0.514037
vt 0.638060 0.529416
vt 0.634378 0.529563
vt 0.633814 0.514138
vt 0.539852 0.138813
vt 0.540197 0.154109
vt 0.536608 0.154259
vt 0.536168 0.138847
vt 0.366693 0.535445
vt 0.364332 0.552304
vt 0.360199 0.551658
vt 0.362577 0.534838
vt 0.356210 0.551062
vt 0.358517 0.534240
vt 0.351784 0.550423
vt 0.354008 0.533584
vt 0.345978 0.549632
vt 0.348127 0.532740
vt 0.337719 0.548546
vt 0.339941 0.531593
vt 0.324707 0.546830
vt 0.326855 0.529825
vt 0.311464 0.545100
vt 0.313745 0.528149
vt 0.303288 0.544016
vt 0.305623 0.527136
vt 0.297533 0.543263
vt 0.299831 0.526420
vt 0.293092 0.542702
vt 0.295052 0.560175
vt 0.290728 0.559556
vt 0.286920 0.559008
vt 0.289235 0.542228
vt 0.283076 0.558457
vt 0.285313 0.541753
vt 0.525611 0.336092
vt 0.524932 0.352003
vt 0.521480 0.351899
vt 0.521988 0.336013
vt 0.229892 0.541634
vt 0.231998 0.558274
vt 0.229248 0.558637
vt 0.234677 0.575109
vt 0.231653 0.575519
vt 0.227512 0.576101
vt 0.225113 0.559214
vt 0.223597 0.576647
vt 0.221218 0.559754
vt 0.219105 0.577258
vt 0.216786 0.560363
vt 0.213310 0.578042
vt 0.211005 0.561142
vt 0.205118 0.579128
vt 0.202928 0.562205
vt 0.192181 0.580794
vt 0.189931 0.563870
vt 0.179276 0.582476
vt 0.177066 0.565511
vt 0.171049 0.583537
vt 0.168878 0.566559
vt 0.165231 0.584276
vt 0.163127 0.567277
vt 0.160602 0.584861
vt 0.158563 0.567826
vt 0.156624 0.585372
vt 0.154617 0.568285
vt 0.152625 0.585882
vt 0.150500 0.568755
vt 0.637988 0.544719
vt 0.638019 0.560353
vt 0.634401 0.560541
vt 0.634153 0.544651
vt 0.540617 0.169436
vt 0.541604 0.185008
vt 0.538009 0.185279
vt 0.537097 0.169564
vt 0.362096 0.569017
vt 0.360216 0.586178
vt 0.355949 0.585607
vt 0.358061 0.568515
vt 0.351944 0.585072
vt 0.354103 0.568032
vt 0.347424 0.584464
vt 0.349719 0.567489
vt 0.341585 0.583672
vt 0.343903 0.566731
vt 0.333312 0.582539
vt 0.335539 0.565612
vt 0.320200 0.580764
vt 0.322477 0.563871
vt 0.306843 0.578998
vt 0.309141 0.562101
vt 0.298387 0.577861
vt 0.300804 0.560974
vt 0.292628 0.577070
vt 0.296192 0.594763
vt 0.290401 0.594000
vt 0.286038 0.593419
vt 0.288277 0.576454
vt 0.282174 0.592899
vt 0.284455 0.575896
vt 0.278030 0.592346
vt 0.280547 0.575324
vt 0.523973 0.368125
vt 0.523060 0.384395
vt 0.519367 0.384294
vt 0.520301 0.368050
vt 0.522444 0.400428
vt 0.518876 0.400461
vt 0.236935 0.592222
vt 0.239233 0.609044
vt 0.236108 0.609455
vt 0.233736 0.592600
vt 0.232000 0.610030
vt 0.229768 0.593118
vt 0.228048 0.610566
vt 0.225834 0.593631
vt 0.223523 0.611162
vt 0.221319 0.594216
vt 0.217795 0.611889
vt 0.215507 0.594965
vt 0.209683 0.612897
vt 0.207341 0.596015
vt 0.196815 0.614530
vt 0.194455 0.597672
vt 0.183748 0.616254
vt 0.181524 0.599359
vt 0.175560 0.617357
vt 0.173330 0.600447
vt 0.169776 0.618139
vt 0.167502 0.601228
vt 0.165202 0.618753
vt 0.162913 0.601845
vt 0.161231 0.619284
vt 0.158924 0.602387
vt 0.157131 0.619832
vt 0.154809 0.602954
vt 0.638069 0.575906
vt 0.638269 0.591273
vt 0.634495 0.591395
vt 0.634267 0.576011
vt 0.541876 0.200764
vt 0.542283 0.216161
vt 0.538644 0.216238
vt 0.538249 0.200838
vt 0.357648 0.603185
vt 0.355223 0.620043
vt 0.351033 0.619440
vt 0.353471 0.602589
vt 0.346957 0.618862
vt 0.349395 0.602012
vt 0.342353 0.618218
vt 0.344820 0.601369
vt 0.336469 0.617407
vt 0.338950 0.600544
vt 0.328472 0.616303
vt 0.330886 0.599410
vt 0.315650 0.614540
vt 0.317973 0.597626
vt 0.302313 0.612783
vt 0.304608 0.595857
vt 0.294033 0.611735
vt 0.299878 0.629664
vt 0.291602 0.628589
vt 0.285821 0.627826
vt 0.288260 0.610986
vt 0.281345 0.627220
vt 0.283813 0.610374
vt 0.277468 0.626692
vt 0.279911 0.609824
vt 0.273447 0.626141
vt 0.275916 0.609243
vt 0.275073 0.643638
vt 0.271000 0.643092
vt 0.521554 0.416569
vt 0.520691 0.432753
vt 0.517054 0.432693
vt 0.517897 0.416586
vt 0.241565 0.625995
vt 0.243712 0.642990
vt 0.240481 0.643385
vt 0.238381 0.626400
vt 0.236475 0.643900
vt 0.234308 0.626948
vt 0.232513 0.644414
vt 0.230385 0.627473
vt 0.228008 0.644992
vt 0.225876 0.628062
vt 0.222476 0.645675
vt 0.220185 0.628768
vt 0.214600 0.646609
vt 0.212105 0.629747
vt 0.201529 0.648228
vt 0.199152 0.631370
vt 0.187927 0.650072
vt 0.185895 0.633162
vt 0.179590 0.651228
vt 0.177687 0.634287
vt 0.173906 0.651985
vt 0.171901 0.635062
vt 0.169408 0.652553
vt 0.167372 0.635646
vt 0.165491 0.653036
vt 0.163402 0.636144
vt 0.161466 0.653534
vt 0.159322 0.636651
vt 0.638369 0.606603
vt 0.638379 0.621971
vt 0.634700 0.622217
vt 0.634601 0.606729
vt 0.542831 0.231490
vt 0.543510 0.246907
vt 0.539919 0.247072
vt 0.539200 0.231607
vt 0.353000 0.636850
vt 0.350944 0.653752
vt 0.346775 0.653209
vt 0.348825 0.636295
vt 0.342786 0.652690
vt 0.344800 0.635761
vt 0.338326 0.652104
vt 0.340293 0.635160
vt 0.332450 0.651303
vt 0.334388 0.634358
vt 0.324133 0.650138
vt 0.326228 0.633230
vt 0.310904 0.648293
vt 0.313186 0.631427
vt 0.297333 0.646521
vt 0.308291 0.665167
vt 0.294709 0.663443
vt 0.286514 0.662382
vt 0.289067 0.645482
vt 0.280893 0.661569
vt 0.283376 0.644748
vt 0.276776 0.661002
vt 0.278942 0.644158
vt 0.272776 0.660467
vt 0.272763 0.677229
vt 0.268878 0.676416
vt 0.264808 0.675893
vt 0.268564 0.659926
vt 0.519805 0.448818
vt 0.518187 0.464625
vt 0.514213 0.464277
vt 0.516347 0.448787
vt 0.245697 0.660019
vt 0.249904 0.675513
vt 0.246604 0.676032
vt 0.242554 0.660249
vt 0.242347 0.676795
vt 0.238596 0.660718
vt 0.238332 0.677656
vt 0.234630 0.661191
vt 0.233696 0.678566
vt 0.230163 0.661798
vt 0.227826 0.679408
vt 0.224687 0.662554
vt 0.219671 0.680406
vt 0.217057 0.663535
vt 0.206185 0.682065
vt 0.203979 0.665100
vt 0.192018 0.683693
vt 0.190044 0.666946
vt 0.183188 0.684787
vt 0.181507 0.668079
vt 0.177284 0.685581
vt 0.175942 0.668795
vt 0.172968 0.686138
vt 0.171522 0.669393
vt 0.169069 0.686662
vt 0.167562 0.669911
vt 0.165021 0.687143
vt 0.163515 0.670391
vt 0.734838 0.273365
vt 0.734643 0.288819
vt 0.730806 0.288862
vt 0.731317 0.273647
vt 0.160311 0.670788
vt 0.158172 0.653956
vt 0.544082 0.262270
vt 0.544870 0.277716
vt 0.541367 0.277960
vt 0.540597 0.262517
vt 0.348863 0.670625
vt 0.347176 0.687326
vt 0.343059 0.686804
vt 0.344715 0.670104
vt 0.339066 0.686288
vt 0.340680 0.669563
vt 0.334630 0.685752
vt 0.336283 0.668970
vt 0.328658 0.684907
vt 0.330406 0.668205
vt 0.319969 0.683765
vt 0.321962 0.667078
vt 0.305938 0.682082
vt 0.317791 0.700470
vt 0.304072 0.698839
vt 0.289538 0.696771
vt 0.291842 0.680384
vt 0.280605 0.695412
vt 0.283167 0.679272
vt 0.274773 0.694509
vt 0.277319 0.678318
vt 0.270012 0.693816
vt 0.273309 0.711692
vt 0.268911 0.711315
vt 0.264977 0.711047
vt 0.266041 0.693292
vt 0.260799 0.710789
vt 0.261957 0.692565
vt 0.516932 0.480653
vt 0.517064 0.497577
vt 0.513411 0.497665
vt 0.513146 0.480543
vt 0.252679 0.692370
vt 0.253506 0.710908
vt 0.250309 0.711118
vt 0.249477 0.693186
vt 0.246214 0.711355
vt 0.245183 0.693646
vt 0.242209 0.711610
vt 0.241017 0.694149
vt 0.237758 0.711947
vt 0.236249 0.694784
vt 0.232251 0.712491
vt 0.230357 0.695618
vt 0.224014 0.713464
vt 0.221870 0.696839
vt 0.210417 0.715381
vt 0.208038 0.698775
vt 0.196694 0.717257
vt 0.194278 0.700415
vt 0.188249 0.718402
vt 0.185562 0.701538
vt 0.182672 0.719222
vt 0.179661 0.702346
vt 0.178380 0.719940
vt 0.175149 0.703031
vt 0.174524 0.720650
vt 0.171209 0.703669
vt 0.170678 0.721383
vt 0.167277 0.704356
vt 0.167497 0.722016
vt 0.163928 0.704986
vt 0.734838 0.304495
vt 0.731136 0.304988
vt 0.545728 0.293615
vt 0.545231 0.308980
vt 0.541872 0.309021
vt 0.542135 0.293609
vt 0.344825 0.704605
vt 0.341455 0.721628
vt 0.337274 0.720794
vt 0.340651 0.703825
vt 0.333389 0.720045
vt 0.336717 0.703144
vt 0.329235 0.719310
vt 0.332286 0.702463
vt 0.323853 0.718490
vt 0.326340 0.701596
vt 0.315343 0.717297
vt 0.320906 0.735238
vt 0.312554 0.734024
vt 0.299481 0.732227
vt 0.301918 0.715501
vt 0.285851 0.730370
vt 0.287488 0.713417
vt 0.277115 0.729377
vt 0.278656 0.712274
vt 0.271987 0.728896
vt 0.275801 0.746521
vt 0.270771 0.746082
vt 0.266697 0.745796
vt 0.267800 0.728599
vt 0.262908 0.745557
vt 0.263947 0.728378
vt 0.259042 0.745317
vt 0.260064 0.728159
vt 0.517532 0.513619
vt 0.517716 0.529535
vt 0.514429 0.529926
vt 0.514344 0.513989
vt 0.254216 0.728358
vt 0.255280 0.745489
vt 0.252494 0.745623
vt 0.251548 0.728460
vt 0.248416 0.745852
vt 0.247295 0.728666
vt 0.244572 0.746076
vt 0.243389 0.728865
vt 0.240366 0.746343
vt 0.239058 0.729137
vt 0.235126 0.746762
vt 0.233616 0.729587
vt 0.227474 0.747537
vt 0.225808 0.730408
vt 0.215052 0.749026
vt 0.212824 0.732108
vt 0.201828 0.750734
vt 0.199253 0.734007
vt 0.193828 0.751927
vt 0.191170 0.735151
vt 0.188607 0.752776
vt 0.185757 0.735994
vt 0.184583 0.753469
vt 0.181550 0.736712
vt 0.180876 0.754133
vt 0.177797 0.737402
vt 0.177131 0.754811
vt 0.174029 0.738137
vt 0.174129 0.755374
vt 0.170978 0.738766
vt 0.544732 0.324113
vt 0.544417 0.339180
vt 0.541270 0.339225
vt 0.541508 0.324154
vt 0.337993 0.738366
vt 0.334738 0.754999
vt 0.330766 0.754248
vt 0.333949 0.737523
vt 0.327069 0.753556
vt 0.330176 0.736790
vt 0.323122 0.752847
vt 0.326158 0.736076
vt 0.317851 0.751985
vt 0.319738 0.769403
vt 0.314349 0.768439
vt 0.307031 0.767299
vt 0.309699 0.750739
vt 0.295306 0.765745
vt 0.297192 0.749024
vt 0.282887 0.764334
vt 0.284316 0.747418
vt 0.275020 0.763627
vt 0.281769 0.781136
vt 0.274610 0.780623
vt 0.269190 0.780393
vt 0.269680 0.763255
vt 0.265070 0.780321
vt 0.265592 0.763029
vt 0.261318 0.780299
vt 0.261791 0.762850
vt 0.257471 0.780301
vt 0.257938 0.762673
vt 0.517971 0.545703
vt 0.518706 0.561916
vt 0.515293 0.562466
vt 0.514665 0.546153
vt 0.256336 0.762887
vt 0.256683 0.780681
vt 0.254130 0.780632
vt 0.253686 0.762979
vt 0.250118 0.780596
vt 0.249588 0.763151
vt 0.246335 0.780567
vt 0.245723 0.763316
vt 0.242311 0.780593
vt 0.241542 0.763526
vt 0.237050 0.780799
vt 0.236626 0.763831
vt 0.229962 0.781280
vt 0.228837 0.764481
vt 0.218652 0.782400
vt 0.216884 0.765754
vt 0.207277 0.783877
vt 0.204456 0.767314
vt 0.200383 0.784992
vt 0.196938 0.768484
vt 0.195239 0.785951
vt 0.191721 0.769384
vt 0.191367 0.786796
vt 0.187698 0.770182
vt 0.187707 0.787632
vt 0.183988 0.770964
vt 0.183922 0.788491
vt 0.180160 0.771775
vt 0.538471 0.502668
vt 0.538182 0.517549
vt 0.534716 0.517636
vt 0.534697 0.502741
vt 0.535427 0.487165
vt 0.538758 0.487041
vt 0.544528 0.354692
vt 0.543382 0.369798
vt 0.540020 0.369628
vt 0.540775 0.354737
vt 0.331447 0.771940
vt 0.327336 0.788578
vt 0.323453 0.787679
vt 0.327455 0.771058
vt 0.319727 0.786808
vt 0.323701 0.770233
vt 0.315811 0.785947
vt 0.316068 0.803249
vt 0.312148 0.802418
vt 0.307249 0.801478
vt 0.310680 0.784948
vt 0.301303 0.800470
vt 0.304115 0.783850
vt 0.291517 0.799114
vt 0.293380 0.782348
vt 0.280751 0.798026
vt 0.289765 0.815875
vt 0.279641 0.814918
vt 0.273857 0.814607
vt 0.274265 0.797601
vt 0.269015 0.814501
vt 0.269121 0.797456
vt 0.265128 0.814514
vt 0.265083 0.797472
vt 0.261462 0.814561
vt 0.261388 0.797536
vt 0.257731 0.814620
vt 0.257638 0.797609
vt 0.519893 0.577638
vt 0.520961 0.593095
vt 0.517697 0.593508
vt 0.516557 0.578200
vt 0.256292 0.798048
vt 0.255810 0.815046
vt 0.253672 0.814970
vt 0.253948 0.797964
vt 0.249771 0.814886
vt 0.249956 0.797857
vt 0.246062 0.814810
vt 0.246193 0.797768
vt 0.242209 0.814785
vt 0.242250 0.797726
vt 0.237321 0.814893
vt 0.237136 0.797853
vt 0.231775 0.815164
vt 0.230896 0.798232
vt 0.222337 0.815959
vt 0.220569 0.799193
vt 0.212516 0.817227
vt 0.209967 0.800573
vt 0.206753 0.818175
vt 0.203663 0.801598
vt 0.202007 0.819090
vt 0.198709 0.802516
vt 0.198149 0.819918
vt 0.194813 0.803306
vt 0.194496 0.820734
vt 0.191130 0.804078
vt 0.190657 0.821599
vt 0.187370 0.804862
vt 0.537950 0.532316
vt 0.537583 0.547474
vt 0.533934 0.547435
vt 0.534514 0.532354
vt 0.542752 0.384574
vt 0.542251 0.399864
vt 0.538822 0.399487
vt 0.539388 0.384394
vt 0.323678 0.804909
vt 0.320075 0.821570
vt 0.316294 0.820695
vt 0.319789 0.804063
vt 0.312601 0.819843
vt 0.312421 0.837211
vt 0.308832 0.836288
vt 0.305130 0.835386
vt 0.308725 0.818977
vt 0.300846 0.834478
vt 0.304076 0.818041
vt 0.296047 0.833644
vt 0.298673 0.817112
vt 0.287920 0.832538
vt 0.293251 0.850164
vt 0.285982 0.849208
vt 0.277756 0.848533
vt 0.278539 0.831717
vt 0.272497 0.848351
vt 0.273267 0.831479
vt 0.268434 0.848327
vt 0.268799 0.831394
vt 0.264938 0.848398
vt 0.265037 0.831438
vt 0.261447 0.848514
vt 0.261426 0.831520
vt 0.258024 0.848625
vt 0.257849 0.831615
vt 0.522058 0.608534
vt 0.523143 0.623949
vt 0.520002 0.624384
vt 0.518867 0.609060
vt 0.688027 0.250122
vt 0.687966 0.262533
vt 0.685069 0.261785
vt 0.685014 0.249355
vt 0.684845 0.236762
vt 0.687700 0.237574
vt 0.253522 0.832012
vt 0.253142 0.849013
vt 0.249397 0.848898
vt 0.249625 0.831893
vt 0.245819 0.848773
vt 0.245975 0.831797
vt 0.242209 0.848678
vt 0.242268 0.831722
vt 0.238123 0.848673
vt 0.237740 0.831766
vt 0.233452 0.848812
vt 0.232715 0.831967
vt 0.225930 0.849321
vt 0.224135 0.832615
vt 0.217801 0.850261
vt 0.215166 0.833732
vt 0.212845 0.851065
vt 0.209936 0.834607
vt 0.208828 0.851870
vt 0.205489 0.835492
vt 0.205405 0.852680
vt 0.201780 0.836379
vt 0.201982 0.853540
vt 0.198225 0.837270
vt 0.198476 0.854431
vt 0.194523 0.838206
vt 0.537724 0.562488
vt 0.538019 0.577157
vt 0.534605 0.577044
vt 0.534360 0.562407
vt 0.541180 0.414747
vt 0.540252 0.429336
vt 0.536928 0.429031
vt 0.537937 0.414445
vt 0.316053 0.838149
vt 0.311933 0.854342
vt 0.308476 0.853454
vt 0.308191 0.870228
vt 0.304788 0.869404
vt 0.301416 0.868592
vt 0.305003 0.852577
vt 0.298041 0.867810
vt 0.301514 0.851735
vt 0.294430 0.867087
vt 0.297622 0.850918
vt 0.290048 0.866369
vt 0.291209 0.883064
vt 0.287174 0.882414
vt 0.282350 0.881851
vt 0.284025 0.865612
vt 0.277343 0.881487
vt 0.277403 0.865092
vt 0.273225 0.881415
vt 0.272500 0.864964
vt 0.269637 0.881537
vt 0.268674 0.865053
vt 0.266246 0.881789
vt 0.265250 0.865235
vt 0.262918 0.882112
vt 0.261838 0.865457
vt 0.259592 0.882460
vt 0.258403 0.865693
vt 0.524506 0.639397
vt 0.526514 0.654341
vt 0.523378 0.654703
vt 0.521303 0.639797
vt 0.544447 0.487041
vt 0.544437 0.503259
vt 0.541987 0.503782
vt 0.542155 0.487684
vt 0.687801 0.274941
vt 0.684845 0.274146
vt 0.252467 0.866104
vt 0.251152 0.882886
vt 0.247792 0.882537
vt 0.248920 0.865863
vt 0.244431 0.882203
vt 0.245460 0.865641
vt 0.241077 0.881939
vt 0.241945 0.865451
vt 0.237481 0.881818
vt 0.238152 0.865373
vt 0.233366 0.881857
vt 0.233599 0.865461
vt 0.228392 0.882121
vt 0.227287 0.865835
vt 0.223285 0.882628
vt 0.220629 0.866545
vt 0.219136 0.883236
vt 0.215909 0.867256
vt 0.215553 0.883905
vt 0.212196 0.867981
vt 0.212241 0.884645
vt 0.208877 0.868733
vt 0.208975 0.885411
vt 0.205559 0.869526
vt 0.205742 0.886175
vt 0.202212 0.870327
vt 0.538223 0.591554
vt 0.538251 0.605909
vt 0.535207 0.605630
vt 0.535167 0.591249
vt 0.539140 0.443415
vt 0.538577 0.457673
vt 0.535573 0.457749
vt 0.536133 0.443397
vt 0.537838 0.472076
vt 0.534901 0.472145
vt 0.304672 0.886111
vt 0.300962 0.902082
vt 0.297869 0.901255
vt 0.301368 0.885317
vt 0.294744 0.900440
vt 0.298060 0.884528
vt 0.291571 0.899647
vt 0.294745 0.883780
vt 0.288270 0.898948
vt 0.288495 0.915432
vt 0.285662 0.914773
vt 0.282718 0.914230
vt 0.284778 0.898384
vt 0.279621 0.913827
vt 0.280918 0.897945
vt 0.276319 0.913618
vt 0.277067 0.897706
vt 0.273389 0.913634
vt 0.273599 0.897660
vt 0.270535 0.913773
vt 0.270393 0.897763
vt 0.267740 0.913954
vt 0.267263 0.897991
vt 0.264847 0.914193
vt 0.264124 0.898294
vt 0.262084 0.914448
vt 0.261047 0.898609
vt 0.528538 0.668584
vt 0.530101 0.682625
vt 0.527447 0.682770
vt 0.525618 0.668875
vt 0.544487 0.518886
vt 0.544256 0.534109
vt 0.541874 0.534482
vt 0.542040 0.519329
vt 0.249673 0.899017
vt 0.248505 0.914842
vt 0.245626 0.914581
vt 0.246492 0.898690
vt 0.242714 0.914329
vt 0.243319 0.898390
vt 0.239819 0.914120
vt 0.240174 0.898149
vt 0.236946 0.913972
vt 0.236921 0.898018
vt 0.233904 0.913935
vt 0.233361 0.898035
vt 0.230730 0.914078
vt 0.229504 0.898209
vt 0.227557 0.914415
vt 0.225621 0.898580
vt 0.224546 0.914925
vt 0.222033 0.899105
vt 0.221754 0.915558
vt 0.218730 0.899757
vt 0.218928 0.916300
vt 0.215568 0.900522
vt 0.216144 0.917086
vt 0.212479 0.901329
vt 0.213380 0.917879
vt 0.209356 0.902161
vt 0.538331 0.620391
vt 0.538758 0.634576
vt 0.536194 0.634222
vt 0.535339 0.620114
vt 0.673846 0.236843
vt 0.676068 0.236762
vt 0.676049 0.252751
vt 0.673983 0.252807
vt 0.671690 0.252762
vt 0.671510 0.236787
vt 0.536525 0.485993
vt 0.533934 0.486253
vt 0.296900 0.917792
vt 0.292863 0.933253
vt 0.290536 0.932562
vt 0.294185 0.917003
vt 0.288077 0.931852
vt 0.291356 0.916194
vt 0.285613 0.931189
vt 0.284838 0.947379
vt 0.282772 0.946818
vt 0.280678 0.946306
vt 0.283145 0.930574
vt 0.278515 0.945877
vt 0.280589 0.929996
vt 0.276369 0.945587
vt 0.278083 0.929586
vt 0.274466 0.945476
vt 0.275435 0.929475
vt 0.272293 0.945524
vt 0.272870 0.929593
vt 0.270134 0.945670
vt 0.270356 0.929734
vt 0.268031 0.945837
vt 0.267868 0.929890
vt 0.266007 0.946030
vt 0.265376 0.930088
vt 0.264135 0.946250
vt 0.263033 0.930322
vt 0.531629 0.696736
vt 0.533146 0.710801
vt 0.531156 0.710778
vt 0.529277 0.696810
vt 0.544156 0.549348
vt 0.543904 0.564708
vt 0.542041 0.564896
vt 0.542012 0.549652
vt 0.247397 0.930716
vt 0.246202 0.946632
vt 0.244304 0.946420
vt 0.244984 0.930468
vt 0.242184 0.946213
vt 0.242418 0.930235
vt 0.240062 0.946040
vt 0.239910 0.930055
vt 0.237851 0.945883
vt 0.237363 0.929895
vt 0.235785 0.945809
vt 0.234826 0.929804
vt 0.233621 0.945889
vt 0.232184 0.929900
vt 0.231539 0.946144
vt 0.229532 0.930237
vt 0.229458 0.946548
vt 0.227029 0.930757
vt 0.227366 0.947030
vt 0.224632 0.931337
vt 0.225317 0.947542
vt 0.222216 0.931973
vt 0.223311 0.948108
vt 0.219731 0.932682
vt 0.221451 0.948673
vt 0.217413 0.933352
vt 0.226722 0.963496
vt 0.225400 0.963873
vt 0.675861 0.268589
vt 0.675416 0.284286
vt 0.673913 0.284299
vt 0.673952 0.268626
vt 0.672342 0.284279
vt 0.671991 0.268586
vt 0.670328 0.240949
vt 0.669922 0.254416
vt 0.668319 0.254388
vt 0.668297 0.240624
vt 0.288690 0.948524
vt 0.286876 0.947974
vt 0.283314 0.963303
vt 0.281755 0.962849
vt 0.279697 0.978529
vt 0.278633 0.978206
vt 0.277477 0.977908
vt 0.280084 0.962397
vt 0.276309 0.977776
vt 0.278323 0.961972
vt 0.275231 0.977718
vt 0.276748 0.961656
vt 0.274208 0.977654
vt 0.275158 0.961464
vt 0.273163 0.977587
vt 0.273655 0.961409
vt 0.272114 0.977520
vt 0.272078 0.961479
vt 0.271005 0.977538
vt 0.270323 0.961659
vt 0.269868 0.977695
vt 0.268628 0.961872
vt 0.268738 0.977913
vt 0.267059 0.962098
vt 0.637805 0.282824
vt 0.637499 0.296789
vt 0.636311 0.296751
vt 0.636142 0.282915
vt 0.636615 0.268750
vt 0.638667 0.268536
vt 0.545370 0.580542
vt 0.545201 0.596081
vt 0.544062 0.596021
vt 0.543971 0.580393
vt 0.545727 0.564982
vt 0.542871 0.596081
vt 0.542465 0.580547
vt 0.541860 0.596225
vt 0.541407 0.580840
vt 0.244333 0.962727
vt 0.243092 0.962532
vt 0.241190 0.978328
vt 0.240188 0.978126
vt 0.241539 0.962297
vt 0.239030 0.977917
vt 0.239841 0.962074
vt 0.237899 0.977867
vt 0.237971 0.961880
vt 0.236704 0.977918
vt 0.236323 0.961768
vt 0.235698 0.977982
vt 0.234767 0.961785
vt 0.234666 0.978046
vt 0.233282 0.961946
vt 0.233585 0.978116
vt 0.231722 0.962228
vt 0.232438 0.978203
vt 0.230081 0.962598
vt 0.231279 0.978425
vt 0.228291 0.963055
vt 0.230208 0.978756
vt 0.639516 0.268808
vt 0.640684 0.268536
vt 0.675897 0.299888
vt 0.674912 0.299930
vt 0.669938 0.282434
vt 0.668815 0.282293
vt 0.668297 0.268913
vt 0.669938 0.268829
vt 0.673452 0.315368
vt 0.673749 0.299942
vt 0.672742 0.315361
vt 0.672542 0.299921
vt 0.671991 0.315371
vt 0.671510 0.299875
vt 0.669405 0.267886
vt 0.668297 0.268041
vt 0.672736 0.320764
vt 0.672085 0.320298
vt 0.540129 0.487041
vt 0.539929 0.491240
vt 0.539559 0.490719
vt 0.539546 0.487041
vt 0.276374 0.993674
vt 0.275962 0.993541
vt 0.274963 0.997655
vt 0.688954 0.277488
vt 0.689135 0.278723
vt 0.688476 0.279090
vt 0.688273 0.277873
vt 0.274948 0.998398
vt 0.689552 0.277769
vt 0.689113 0.279518
vt 0.688739 0.279581
vt 0.689060 0.279974
vt 0.688721 0.279946
vt 0.688273 0.279924
vt 0.688350 0.279612
vt 0.272500 0.999362
vt 0.272377 0.998373
vt 0.272810 0.998472
vt 0.272823 0.999379
vt 0.688647 0.280312
vt 0.688297 0.280226
vt 0.272220 0.999354
vt 0.271965 0.998388
vt 0.271732 0.999251
vt 0.271836 0.993248
vt 0.272513 0.993254
vt 0.273211 0.993280
vt 0.689008 0.280421
vt 0.688938 0.280917
vt 0.688295 0.280730
vt 0.689397 0.280448
vt 0.689350 0.280974
vt 0.544389 0.617421
vt 0.543982 0.617492
vt 0.543860 0.616623
vt 0.544307 0.616466
vt 0.543430 0.611005
vt 0.544023 0.610965
vt 0.544919 0.610909
vt 0.636142 0.310093
vt 0.543457 0.616822
vt 0.542780 0.611196
vt 0.542940 0.617001
vt 0.542166 0.611372
vt 0.239772 0.993879
vt 0.239350 0.993891
vt 0.542414 0.616926
vt 0.541720 0.611117
vt 0.690224 0.281630
vt 0.689629 0.281756
vt 0.689707 0.280998
vt 0.690193 0.280927
vt 0.690992 0.280855
vt 0.690803 0.281576
vt 0.690273 0.280399
vt 0.691169 0.280265
vt 0.237205 0.999606
vt 0.236588 0.999585
vt 0.235714 0.993995
vt 0.236467 0.993977
vt 0.236042 0.999468
vt 0.234910 0.993963
vt 0.235712 0.999520
vt 0.234259 0.994012
vt 0.235350 0.999519
vt 0.233843 0.994014
vt 0.691162 0.279342
vt 0.691314 0.279728
vt 0.690292 0.279975
vt 0.690192 0.279560
vt 0.689803 0.278708
vt 0.690986 0.278909
vt 0.689799 0.279973
vt 0.689802 0.279401
vt 0.689413 0.279984
vt 0.689428 0.279506
vt 0.689775 0.280468
vt 0.543638 0.617572
vt 0.673218 0.321038
vt 0.638728 0.296572
vt 0.129834 0.040878
vt 0.128879 0.030069
vt 0.137050 0.017082
vt 0.130087 0.014464
vt 0.137702 0.014471
vt 0.143636 0.016080
vt 0.138331 0.011683
vt 0.144603 0.013560
vt 0.151095 0.016782
vt 0.149750 0.019429
vt 0.159148 0.022574
vt 0.157190 0.025799
vt 0.155895 0.029096
vt 0.171648 0.029824
vt 0.170158 0.034507
vt 0.169527 0.037343
vt 0.565270 0.650113
vt 0.561080 0.652047
vt 0.554609 0.638265
vt 0.727876 0.476592
vt 0.731308 0.476866
vt 0.731648 0.496144
vt 0.727876 0.496416
vt 0.569356 0.669580
vt 0.564196 0.668887
vt 0.557937 0.668400
vt 0.556765 0.653425
vt 0.561965 0.685830
vt 0.557961 0.683214
vt 0.553918 0.681307
vt 0.635354 0.308348
vt 0.631999 0.308200
vt 0.631934 0.296763
vt 0.635174 0.297100
vt 0.552500 0.694141
vt 0.549104 0.693557
vt 0.634525 0.318690
vt 0.631925 0.319395
vt 0.209734 0.014228
vt 0.197938 0.019805
vt 0.209066 0.013256
vt 0.549413 0.704055
vt 0.546515 0.703817
vt 0.555893 0.695129
vt 0.553271 0.704290
vt 0.632672 0.682441
vt 0.631315 0.674428
vt 0.634006 0.674853
vt 0.634372 0.682712
vt 0.555941 0.703806
vt 0.556351 0.715751
vt 0.553249 0.715338
vt 0.549099 0.714699
vt 0.551328 0.725317
vt 0.634683 0.694274
vt 0.637125 0.681399
vt 0.637610 0.693976
vt 0.232289 0.015174
vt 0.231663 0.012028
vt 0.245060 0.014156
vt 0.231309 0.008473
vt 0.217051 0.005266
vt 0.231228 0.004860
vt 0.693050 0.277638
vt 0.692590 0.263487
vt 0.695864 0.263438
vt 0.696169 0.277858
vt 0.695823 0.288512
vt 0.692889 0.288668
vt 0.700101 0.277868
vt 0.699616 0.288007
vt 0.698923 0.294395
vt 0.695246 0.294956
vt 0.692618 0.295069
vt 0.692423 0.299317
vt 0.703740 0.287435
vt 0.703034 0.293697
vt 0.702332 0.299060
vt 0.707850 0.293230
vt 0.707141 0.298569
vt 0.706570 0.303489
vt 0.701758 0.303854
vt 0.736616 0.547602
vt 0.736585 0.542973
vt 0.740113 0.543698
vt 0.739924 0.548457
vt 0.730806 0.226689
vt 0.734061 0.226868
vt 0.733406 0.222117
vt 0.738121 0.221882
vt 0.739130 0.226593
vt 0.740166 0.230687
vt 0.732593 0.215733
vt 0.737143 0.215869
vt 0.741663 0.216085
vt 0.742456 0.221639
vt 0.743613 0.226176
vt 0.725790 0.173455
vt 0.726256 0.179062
vt 0.722714 0.178603
vt 0.722544 0.173327
vt 0.722050 0.168613
vt 0.724312 0.168794
vt 0.743717 0.504283
vt 0.743723 0.509594
vt 0.739997 0.508851
vt 0.740039 0.503807
vt 0.739915 0.498871
vt 0.743182 0.499479
vt 0.743680 0.514735
vt 0.740103 0.513751
vt 0.736612 0.512899
vt 0.736585 0.508176
vt 0.727898 0.427877
vt 0.728188 0.424275
vt 0.723491 0.425258
vt 0.723923 0.418981
vt 0.728463 0.418265
vt 0.724403 0.410555
vt 0.728433 0.410531
vt 0.732326 0.409216
vt 0.721780 0.659383
vt 0.721847 0.664812
vt 0.725806 0.670790
vt 0.721546 0.670682
vt 0.717449 0.670968
vt 0.721365 0.679688
vt 0.717273 0.679724
vt 0.713875 0.679459
vt 0.714070 0.671368
vt 0.223643 0.017424
vt 0.219559 0.024504
vt 0.717727 0.692064
vt 0.714099 0.690831
vt 0.210444 0.033133
vt 0.212658 0.035404
vt 0.202121 0.045316
vt 0.198970 0.042858
vt 0.195196 0.039527
vt 0.205202 0.047539
vt 0.199948 0.055000
vt 0.215056 0.037428
vt 0.721408 0.693000
vt 0.725950 0.692337
vt 0.726209 0.705571
vt 0.721363 0.706026
vt 0.725786 0.679499
vt 0.729824 0.679337
vt 0.730121 0.691208
vt 0.729898 0.670804
vt 0.291191 0.017141
vt 0.294752 0.024912
vt 0.303299 0.034322
vt 0.317931 0.041265
vt 0.314359 0.044307
vt 0.730160 0.704514
vt 0.729805 0.713727
vt 0.726013 0.714029
vt 0.322635 0.037668
vt 0.327210 0.031686
vt 0.328693 0.027409
vt 0.314932 0.020643
vt 0.316582 0.017999
vt 0.329762 0.024336
vt 0.303240 0.014543
vt 0.303568 0.011842
vt 0.718180 0.392228
vt 0.715713 0.392580
vt 0.715536 0.380909
vt 0.718026 0.379819
vt 0.617978 0.681907
vt 0.614251 0.683634
vt 0.607795 0.668427
vt 0.613337 0.667536
vt 0.616790 0.667337
vt 0.620523 0.681498
vt 0.622824 0.695467
vt 0.619416 0.696040
vt 0.616411 0.696507
vt 0.610831 0.685912
vt 0.625056 0.707237
vt 0.621244 0.707801
vt 0.617649 0.708303
vt 0.739330 0.560625
vt 0.736585 0.561758
vt 0.737144 0.549245
vt 0.739780 0.549635
vt 0.739780 0.572452
vt 0.737872 0.573736
vt 0.301328 0.019314
vt 0.310400 0.026215
vt 0.737517 0.354026
vt 0.737123 0.363730
vt 0.733631 0.363761
vt 0.734898 0.353430
vt 0.288532 0.016869
vt 0.288532 0.013902
vt 0.288676 0.010693
vt 0.276391 0.015435
vt 0.275802 0.013074
vt 0.275925 0.009266
vt 0.276053 0.005232
vt 0.288033 0.006134
vt 0.267140 0.012443
vt 0.267933 0.008619
vt 0.268395 0.004642
vt 0.729853 0.292727
vt 0.726582 0.292847
vt 0.727007 0.285393
vt 0.730018 0.285028
vt 0.729656 0.297575
vt 0.726414 0.297832
vt 0.722640 0.297886
vt 0.722658 0.292715
vt 0.722707 0.302238
vt 0.718613 0.302582
vt 0.718470 0.297944
vt 0.736639 0.527499
vt 0.736585 0.524096
vt 0.739990 0.523993
vt 0.740252 0.527575
vt 0.740333 0.531650
vt 0.736620 0.531415
vt 0.740335 0.537329
vt 0.736588 0.536796
vt 0.731755 0.210057
vt 0.731248 0.205942
vt 0.735763 0.206142
vt 0.736344 0.210370
vt 0.740688 0.206377
vt 0.741019 0.210761
vt 0.726531 0.184425
vt 0.723088 0.183722
vt 0.739895 0.202469
vt 0.712994 0.303029
vt 0.713111 0.298129
vt 0.713396 0.292835
vt 0.718383 0.292611
vt 0.713924 0.286231
vt 0.718655 0.285835
vt 0.722919 0.285549
vt 0.719245 0.275522
vt 0.723571 0.274717
vt 0.727761 0.274015
vt 0.724496 0.260677
vt 0.728699 0.259899
vt 0.287428 0.003029
vt 0.301496 0.003496
vt 0.721476 0.307418
vt 0.725309 0.306440
vt 0.725007 0.315808
vt 0.721476 0.316914
vt 0.725425 0.246955
vt 0.729572 0.246678
vt 0.314666 0.004005
vt 0.726174 0.232818
vt 0.729853 0.232816
vt 0.328456 0.005066
vt 0.328323 0.009425
vt 0.342163 0.005903
vt 0.341582 0.010602
vt 0.341161 0.015830
vt 0.353454 0.010532
vt 0.353635 0.014662
vt 0.354777 0.018874
vt 0.341509 0.021809
vt 0.356862 0.022105
vt 0.342718 0.027638
vt 0.344415 0.032496
vt 0.325359 0.032161
vt 0.345782 0.035666
vt 0.324777 0.035812
vt 0.534952 0.673649
vt 0.534703 0.652701
vt 0.538113 0.652377
vt 0.538758 0.673317
vt 0.737517 0.377931
vt 0.733673 0.379031
vt 0.603342 0.669143
vt 0.536832 0.635364
vt 0.538758 0.638869
vt 0.364231 0.014600
vt 0.365832 0.017215
vt 0.371773 0.011516
vt 0.372944 0.014101
vt 0.374537 0.017017
vt 0.380674 0.013361
vt 0.380970 0.016172
vt 0.380209 0.010471
vt 0.370952 0.008790
vt 0.379684 0.007695
vt 0.369823 0.005982
vt 0.379009 0.004338
vt 0.363312 0.011783
vt 0.362804 0.008890
vt 0.727088 0.493507
vt 0.724541 0.493438
vt 0.353772 0.006664
vt 0.362480 0.006543
vt 0.729793 0.207432
vt 0.726726 0.207132
vt 0.726690 0.199073
vt 0.728794 0.198815
vt 0.729860 0.219073
vt 0.726604 0.218823
vt 0.722274 0.218604
vt 0.722957 0.207217
vt 0.721580 0.232703
vt 0.716770 0.232660
vt 0.717367 0.218562
vt 0.720899 0.247136
vt 0.716281 0.247364
vt 0.709974 0.247667
vt 0.710436 0.232755
vt 0.720064 0.261263
vt 0.715551 0.261839
vt 0.709489 0.262410
vt 0.704362 0.262828
vt 0.704394 0.248001
vt 0.714649 0.276300
vt 0.709012 0.277227
vt 0.704139 0.277719
vt 0.700086 0.263157
vt 0.708497 0.286639
vt 0.695429 0.248614
vt 0.699867 0.248310
vt 0.695149 0.233581
vt 0.699672 0.233285
vt 0.704459 0.232993
vt 0.699603 0.219472
vt 0.704451 0.219007
vt 0.710837 0.218586
vt 0.704356 0.208237
vt 0.711099 0.208320
vt 0.718051 0.207789
vt 0.711284 0.201886
vt 0.718212 0.200958
vt 0.723241 0.199642
vt 0.731899 0.269826
vt 0.731363 0.265228
vt 0.737347 0.265488
vt 0.738520 0.270979
vt 0.720787 0.496416
vt 0.717447 0.490583
vt 0.722814 0.494359
vt 0.742587 0.265226
vt 0.743890 0.270237
vt 0.714983 0.486015
vt 0.735053 0.442572
vt 0.736219 0.448611
vt 0.731821 0.448812
vt 0.730569 0.443617
vt 0.679957 0.235757
vt 0.674928 0.234451
vt 0.675085 0.228728
vt 0.680306 0.229558
vt 0.685912 0.229691
vt 0.685234 0.235974
vt 0.681097 0.219051
vt 0.687079 0.219002
vt 0.606376 0.625305
vt 0.605839 0.614060
vt 0.611660 0.613507
vt 0.611902 0.624724
vt 0.691635 0.229178
vt 0.690458 0.235414
vt 0.617953 0.612465
vt 0.619088 0.624504
vt 0.619601 0.630062
vt 0.610115 0.630761
vt 0.675065 0.541526
vt 0.676590 0.535898
vt 0.682262 0.537296
vt 0.681944 0.543741
vt 0.714983 0.431860
vt 0.716236 0.428665
vt 0.688334 0.537604
vt 0.688695 0.543795
vt 0.694401 0.537130
vt 0.695400 0.543260
vt 0.696597 0.548207
vt 0.646589 0.571323
vt 0.647443 0.567113
vt 0.655321 0.567936
vt 0.655281 0.572608
vt 0.654983 0.577968
vt 0.646834 0.576388
vt 0.639180 0.574840
vt 0.639167 0.569760
vt 0.700656 0.684933
vt 0.692454 0.684518
vt 0.692701 0.679837
vt 0.700675 0.680820
vt 0.696795 0.552680
vt 0.699922 0.558022
vt 0.694127 0.559165
vt 0.690339 0.560410
vt 0.707372 0.682542
vt 0.700602 0.672879
vt 0.706548 0.673420
vt 0.711175 0.673549
vt 0.711641 0.683785
vt 0.700379 0.660800
vt 0.705654 0.660599
vt 0.704646 0.646170
vt 0.693036 0.672763
vt 0.685128 0.680644
vt 0.686060 0.672592
vt 0.679819 0.681194
vt 0.680831 0.672535
vt 0.676550 0.681642
vt 0.676660 0.672571
vt 0.684714 0.685111
vt 0.678920 0.686464
vt 0.641536 0.237912
vt 0.643762 0.239836
vt 0.662737 0.578035
vt 0.663390 0.572672
vt 0.670525 0.573023
vt 0.668572 0.577876
vt 0.662945 0.567996
vt 0.642305 0.227478
vt 0.643896 0.222167
vt 0.655350 0.562178
vt 0.661947 0.562532
vt 0.645305 0.215887
vt 0.651817 0.216884
vt 0.645140 0.203812
vt 0.651458 0.204666
vt 0.658126 0.204477
vt 0.658337 0.217150
vt 0.546515 0.315422
vt 0.548456 0.301564
vt 0.554955 0.302496
vt 0.666079 0.214785
vt 0.550070 0.284987
vt 0.556270 0.285853
vt 0.562293 0.286765
vt 0.560853 0.303432
vt 0.567551 0.287657
vt 0.565764 0.304188
vt 0.564502 0.316585
vt 0.704093 0.492789
vt 0.702913 0.482442
vt 0.707942 0.483699
vt 0.708501 0.493091
vt 0.708666 0.497989
vt 0.704311 0.498083
vt 0.700710 0.497936
vt 0.700773 0.491740
vt 0.723765 0.468380
vt 0.726857 0.465147
vt 0.730489 0.467004
vt 0.727868 0.470776
vt 0.743745 0.241580
vt 0.743334 0.246182
vt 0.737616 0.246427
vt 0.737529 0.242392
vt 0.737085 0.239997
vt 0.743890 0.238196
vt 0.736406 0.238645
vt 0.743132 0.235500
vt 0.731833 0.243630
vt 0.731492 0.240870
vt 0.147521 0.004378
vt 0.153452 0.006447
vt 0.153179 0.008751
vt 0.146831 0.005970
vt 0.153029 0.011425
vt 0.146117 0.008766
vt 0.162335 0.006476
vt 0.162898 0.010648
vt 0.162739 0.014354
vt 0.161351 0.018820
vt 0.152471 0.014144
vt 0.174388 0.011599
vt 0.174398 0.017523
vt 0.173291 0.024072
vt 0.187265 0.011396
vt 0.173795 0.006631
vt 0.187122 0.006367
vt 0.202256 0.005796
vt 0.596721 0.739840
vt 0.596615 0.727269
vt 0.600415 0.726516
vt 0.600485 0.738854
vt 0.692511 0.248702
vt 0.596724 0.716277
vt 0.600485 0.715182
vt 0.695228 0.219978
vt 0.692423 0.220277
vt 0.692644 0.208870
vt 0.695646 0.208568
vt 0.699460 0.208370
vt 0.696143 0.200294
vt 0.699546 0.200432
vt 0.704430 0.201411
vt 0.731152 0.251904
vt 0.731758 0.246972
vt 0.737055 0.251917
vt 0.736708 0.258745
vt 0.730806 0.258652
vt 0.742758 0.252048
vt 0.742363 0.258774
vt 0.735620 0.455513
vt 0.733289 0.461861
vt 0.729385 0.460222
vt 0.731470 0.454671
vt 0.705233 0.197221
vt 0.699447 0.198027
vt 0.699442 0.193487
vt 0.705133 0.192566
vt 0.710811 0.192926
vt 0.711088 0.197848
vt 0.699176 0.183978
vt 0.704979 0.183352
vt 0.710831 0.183659
vt 0.704887 0.169495
vt 0.710905 0.169896
vt 0.675437 0.218467
vt 0.676029 0.203202
vt 0.682073 0.203682
vt 0.676655 0.186141
vt 0.682765 0.186590
vt 0.689049 0.186397
vt 0.688241 0.203527
vt 0.604848 0.597881
vt 0.603128 0.579925
vt 0.608960 0.579166
vt 0.610536 0.597066
vt 0.614981 0.578440
vt 0.616586 0.596157
vt 0.620666 0.577810
vt 0.622382 0.595282
vt 0.623785 0.611624
vt 0.682871 0.526143
vt 0.683869 0.511515
vt 0.689951 0.511396
vt 0.689046 0.526188
vt 0.625056 0.623982
vt 0.643834 0.548922
vt 0.644698 0.532552
vt 0.650301 0.532341
vt 0.649497 0.548722
vt 0.648651 0.561735
vt 0.643128 0.561534
vt 0.656707 0.532365
vt 0.655966 0.548812
vt 0.663064 0.532646
vt 0.662439 0.549190
vt 0.657288 0.515333
vt 0.663474 0.515518
vt 0.644824 0.188895
vt 0.644412 0.173354
vt 0.650432 0.174063
vt 0.650899 0.189744
vt 0.656786 0.173817
vt 0.657364 0.189621
vt 0.649751 0.158270
vt 0.656166 0.157971
vt 0.552235 0.267666
vt 0.554349 0.250269
vt 0.560437 0.250957
vt 0.558250 0.268411
vt 0.566538 0.251742
vt 0.564297 0.269263
vt 0.571962 0.252512
vt 0.569660 0.270087
vt 0.702143 0.453624
vt 0.701958 0.438865
vt 0.707192 0.440308
vt 0.707405 0.455048
vt 0.707603 0.469957
vt 0.702421 0.468450
vt 0.713199 0.455395
vt 0.713396 0.470366
vt 0.713752 0.483836
vt 0.698996 0.169944
vt 0.699043 0.154490
vt 0.704914 0.154057
vt 0.699022 0.138940
vt 0.704936 0.138422
vt 0.710914 0.139101
vt 0.710886 0.154580
vt 0.676934 0.169351
vt 0.671510 0.168369
vt 0.672268 0.151421
vt 0.677591 0.152441
vt 0.683718 0.152871
vt 0.683124 0.169688
vt 0.689950 0.152608
vt 0.689377 0.169403
vt 0.601363 0.562249
vt 0.599681 0.544717
vt 0.605697 0.543983
vt 0.607292 0.561498
vt 0.611867 0.543278
vt 0.613436 0.560809
vt 0.617485 0.542674
vt 0.619085 0.560254
vt 0.686038 0.479912
vt 0.687048 0.464136
vt 0.692968 0.464121
vt 0.691996 0.480021
vt 0.690962 0.495838
vt 0.684914 0.495713
vt 0.645543 0.515254
vt 0.646485 0.497728
vt 0.651919 0.497749
vt 0.651106 0.515252
vt 0.657915 0.497890
vt 0.652739 0.480063
vt 0.658688 0.480219
vt 0.664530 0.480505
vt 0.663918 0.498123
vt 0.643743 0.157697
vt 0.643218 0.141865
vt 0.649215 0.142494
vt 0.642992 0.125904
vt 0.648951 0.126451
vt 0.655265 0.126166
vt 0.655605 0.142203
vt 0.556426 0.232883
vt 0.558788 0.215301
vt 0.564838 0.216036
vt 0.562518 0.233574
vt 0.570855 0.216834
vt 0.568638 0.234325
vt 0.576080 0.217570
vt 0.574107 0.235017
vt 0.701554 0.424153
vt 0.701399 0.409345
vt 0.706650 0.410702
vt 0.706920 0.425425
vt 0.712532 0.410970
vt 0.712805 0.425581
vt 0.713059 0.440653
vt 0.699146 0.123746
vt 0.699123 0.108696
vt 0.705040 0.108307
vt 0.705014 0.123256
vt 0.699099 0.093400
vt 0.704985 0.092990
vt 0.710872 0.093607
vt 0.710933 0.108913
vt 0.710956 0.123898
vt 0.678131 0.135826
vt 0.678264 0.119291
vt 0.684354 0.119557
vt 0.684200 0.136133
vt 0.690506 0.119033
vt 0.690349 0.135763
vt 0.597865 0.527150
vt 0.595653 0.509647
vt 0.601833 0.508769
vt 0.603865 0.526334
vt 0.608120 0.507983
vt 0.609981 0.525581
vt 0.613744 0.507354
vt 0.615478 0.524987
vt 0.687920 0.448020
vt 0.688822 0.432153
vt 0.694714 0.432129
vt 0.693774 0.448053
vt 0.648225 0.462354
vt 0.649015 0.444648
vt 0.654435 0.444655
vt 0.653587 0.462387
vt 0.647317 0.480059
vt 0.660285 0.444849
vt 0.659472 0.462559
vt 0.666043 0.445172
vt 0.665205 0.462852
vt 0.661112 0.426889
vt 0.666795 0.427284
vt 0.642555 0.110105
vt 0.642515 0.093887
vt 0.648492 0.094499
vt 0.648542 0.110655
vt 0.654829 0.094292
vt 0.654920 0.110273
vt 0.560989 0.197727
vt 0.563558 0.180250
vt 0.569831 0.181161
vt 0.567241 0.198479
vt 0.576042 0.182057
vt 0.573415 0.199341
vt 0.581507 0.182883
vt 0.578879 0.200180
vt 0.701014 0.395039
vt 0.701050 0.380638
vt 0.706455 0.382013
vt 0.706473 0.396365
vt 0.712414 0.382220
vt 0.712416 0.396534
vt 0.706232 0.367345
vt 0.712206 0.367419
vt 0.699058 0.077870
vt 0.699042 0.062455
vt 0.705011 0.062123
vt 0.704988 0.077539
vt 0.672976 0.101847
vt 0.673285 0.085083
vt 0.678698 0.086043
vt 0.678403 0.102696
vt 0.710775 0.078288
vt 0.684793 0.086353
vt 0.684502 0.102937
vt 0.690944 0.085864
vt 0.690693 0.102453
vt 0.593472 0.492294
vt 0.591287 0.474910
vt 0.597490 0.474010
vt 0.599723 0.491419
vt 0.603627 0.473100
vt 0.606053 0.490553
vt 0.609066 0.472295
vt 0.611594 0.489786
vt 0.689384 0.416181
vt 0.689623 0.400135
vt 0.695484 0.399899
vt 0.695264 0.415961
vt 0.649805 0.426886
vt 0.650411 0.409290
vt 0.655935 0.409207
vt 0.655248 0.426783
vt 0.661807 0.409340
vt 0.656754 0.391793
vt 0.662514 0.391953
vt 0.668072 0.392301
vt 0.667477 0.409739
vt 0.642882 0.077771
vt 0.643148 0.061749
vt 0.649007 0.062249
vt 0.648804 0.078455
vt 0.655103 0.061931
vt 0.655084 0.078209
vt 0.566560 0.162856
vt 0.569502 0.145331
vt 0.575389 0.146140
vt 0.572663 0.163763
vt 0.581227 0.147011
vt 0.578752 0.164650
vt 0.586324 0.147820
vt 0.584100 0.165429
vt 0.700746 0.366157
vt 0.700758 0.351285
vt 0.706163 0.352502
vt 0.701255 0.336516
vt 0.706508 0.338062
vt 0.712221 0.338277
vt 0.712061 0.352615
vt 0.699241 0.047462
vt 0.699494 0.032280
vt 0.705122 0.032036
vt 0.705144 0.047181
vt 0.673992 0.068493
vt 0.674205 0.052079
vt 0.679323 0.052756
vt 0.679224 0.069404
vt 0.685269 0.052703
vt 0.685232 0.069577
vt 0.691029 0.051890
vt 0.691103 0.069026
vt 0.589234 0.457350
vt 0.586960 0.439497
vt 0.592831 0.438569
vt 0.595192 0.456436
vt 0.598777 0.437765
vt 0.601136 0.455540
vt 0.603820 0.437227
vt 0.606372 0.454800
vt 0.689928 0.383918
vt 0.690492 0.367617
vt 0.696011 0.367479
vt 0.695595 0.383613
vt 0.651447 0.391827
vt 0.652455 0.374342
vt 0.657725 0.374465
vt 0.652915 0.357003
vt 0.658640 0.357418
vt 0.664340 0.357617
vt 0.663219 0.374640
vt 0.670045 0.357834
vt 0.668563 0.374922
vt 0.643491 0.045688
vt 0.642546 0.031031
vt 0.648319 0.031051
vt 0.648929 0.046015
vt 0.567221 0.127273
vt 0.568349 0.109900
vt 0.574139 0.110167
vt 0.572318 0.127750
vt 0.654762 0.045502
vt 0.580528 0.110844
vt 0.578089 0.128409
vt 0.586986 0.112088
vt 0.583827 0.129292
vt 0.592474 0.113226
vt 0.588869 0.130275
vt 0.600262 0.097273
vt 0.596602 0.114175
vt 0.700710 0.322943
vt 0.706273 0.324529
vt 0.693560 0.017337
vt 0.692423 0.001721
vt 0.698241 0.000691
vt 0.699002 0.016124
vt 0.694286 0.033282
vt 0.704750 0.000394
vt 0.705111 0.015841
vt 0.711088 0.000822
vt 0.710998 0.016531
vt 0.710631 0.032573
vt 0.678854 0.036576
vt 0.678187 0.020681
vt 0.684665 0.020163
vt 0.685156 0.036433
vt 0.578322 0.423140
vt 0.574989 0.405941
vt 0.581605 0.404719
vt 0.584099 0.421789
vt 0.691635 0.035315
vt 0.589118 0.403897
vt 0.590749 0.420773
vt 0.596741 0.403552
vt 0.597428 0.420002
vt 0.685574 0.351391
vt 0.691743 0.352361
vt 0.603009 0.419661
vt 0.699423 0.337684
vt 0.697738 0.352502
vt 0.699922 0.325679
vt 0.654299 0.340557
vt 0.657895 0.329569
vt 0.661204 0.330151
vt 0.659567 0.340852
vt 0.664665 0.330174
vt 0.665263 0.341118
vt 0.667876 0.329657
vt 0.670525 0.341329
vt 0.641652 0.016323
vt 0.641536 0.003988
vt 0.664956 0.325121
vt 0.668219 0.324280
vt 0.569580 0.081979
vt 0.566584 0.076459
vt 0.744522 0.194551
vt 0.741288 0.193841
vt 0.741449 0.187565
vt 0.745058 0.188333
vt 0.748319 0.189658
vt 0.747398 0.195981
vt 0.745295 0.179954
vt 0.749224 0.180759
vt 0.563650 0.070785
vt 0.556054 0.065840
vt 0.558879 0.062872
vt 0.548060 0.059684
vt 0.551900 0.057290
vt 0.555729 0.055734
vt 0.561281 0.060258
vt 0.546515 0.746472
vt 0.546515 0.739849
vt 0.550983 0.740979
vt 0.551088 0.746471
vt 0.551598 0.752249
vt 0.548102 0.753730
vt 0.655521 0.310173
vt 0.655523 0.304698
vt 0.660368 0.304820
vt 0.660319 0.310176
vt 0.660232 0.315721
vt 0.655885 0.316037
vt 0.665073 0.310241
vt 0.613666 0.751196
vt 0.609125 0.751833
vt 0.609170 0.748888
vt 0.613553 0.748342
vt 0.608328 0.743290
vt 0.613253 0.742900
vt 0.618294 0.742716
vt 0.613029 0.737346
vt 0.622989 0.742266
vt 0.568745 0.054346
vt 0.566648 0.048090
vt 0.572779 0.047230
vt 0.574034 0.053797
vt 0.580030 0.047499
vt 0.580009 0.054355
vt 0.579902 0.062455
vt 0.585313 0.055700
vt 0.584712 0.063927
vt 0.590571 0.056521
vt 0.589872 0.064580
vt 0.595886 0.057173
vt 0.594696 0.064862
vt 0.601313 0.058785
vt 0.597562 0.050807
vt 0.603725 0.052723
vt 0.608998 0.055253
vt 0.606125 0.060862
vt 0.732397 0.738779
vt 0.730948 0.732708
vt 0.736066 0.731841
vt 0.736857 0.737738
vt 0.737850 0.742981
vt 0.734800 0.745312
vt 0.740782 0.731109
vt 0.741501 0.737072
vt 0.742067 0.742160
vt 0.737320 0.486796
vt 0.741634 0.486922
vt 0.746245 0.482271
vt 0.746102 0.487016
vt 0.746267 0.491806
vt 0.749446 0.487042
vt 0.749372 0.491838
vt 0.705984 0.730731
vt 0.705984 0.726500
vt 0.747498 0.496416
vt 0.739589 0.672920
vt 0.739452 0.668127
vt 0.743572 0.668032
vt 0.743662 0.672632
vt 0.743796 0.676633
vt 0.740096 0.676908
vt 0.748031 0.672168
vt 0.748153 0.675757
vt 0.617976 0.057325
vt 0.622378 0.056718
vt 0.618074 0.061033
vt 0.623061 0.049581
vt 0.626303 0.056172
vt 0.644726 0.303069
vt 0.645485 0.295721
vt 0.649653 0.296211
vt 0.648953 0.304421
vt 0.647544 0.311416
vt 0.643494 0.309137
vt 0.654302 0.305022
vt 0.653301 0.312771
vt 0.516506 0.712895
vt 0.521880 0.711589
vt 0.521724 0.717675
vt 0.631137 0.063078
vt 0.629540 0.068667
vt 0.526807 0.713256
vt 0.521924 0.723779
vt 0.522073 0.728922
vt 0.526668 0.732868
vt 0.522061 0.733606
vt 0.517501 0.733417
vt 0.513146 0.733155
vt 0.522188 0.738168
vt 0.517958 0.738358
vt 0.716113 0.316914
vt 0.716759 0.312253
vt 0.720688 0.310125
vt 0.720688 0.315702
vt 0.606032 0.075299
vt 0.611192 0.069576
vt 0.612543 0.073866
vt 0.716684 0.308249
vt 0.720061 0.305794
vt 0.522655 0.742606
vt 0.519000 0.742966
vt 0.526562 0.737717
vt 0.526498 0.742144
vt 0.526947 0.748114
vt 0.523117 0.748508
vt 0.519694 0.748555
vt 0.751792 0.332200
vt 0.753342 0.335608
vt 0.741513 0.341130
vt 0.739020 0.335326
vt 0.530033 0.741659
vt 0.530564 0.747542
vt 0.674246 0.006617
vt 0.672195 0.020225
vt 0.530571 0.736938
vt 0.530698 0.731721
vt 0.629811 0.664606
vt 0.630280 0.669234
vt 0.626429 0.668383
vt 0.626429 0.663188
vt 0.563557 0.386609
vt 0.565087 0.384652
vt 0.568442 0.388803
vt 0.558841 0.382537
vt 0.560276 0.379292
vt 0.534221 0.730672
vt 0.703066 0.570010
vt 0.701091 0.562076
vt 0.654546 0.296351
vt 0.700710 0.553440
vt 0.706178 0.553077
vt 0.701623 0.544723
vt 0.707095 0.545108
vt 0.712426 0.545595
vt 0.711518 0.552427
vt 0.654674 0.287506
vt 0.649596 0.287559
vt 0.649043 0.278326
vt 0.654733 0.278119
vt 0.622081 0.040888
vt 0.618252 0.043293
vt 0.626966 0.048090
vt 0.747910 0.667953
vt 0.690715 0.568976
vt 0.687480 0.568901
vt 0.743409 0.663427
vt 0.747814 0.663763
vt 0.743424 0.659346
vt 0.748153 0.659803
vt 0.739375 0.663387
vt 0.739391 0.659514
vt 0.749459 0.482301
vt 0.703985 0.573714
vt 0.704836 0.578002
vt 0.700710 0.578002
vt 0.700898 0.573385
vt 0.740225 0.726464
vt 0.747211 0.477628
vt 0.605530 0.047063
vt 0.611079 0.049707
vt 0.598765 0.044662
vt 0.593102 0.042940
vt 0.591861 0.049643
vt 0.586054 0.048520
vt 0.586809 0.041639
vt 0.747037 0.613453
vt 0.742048 0.618329
vt 0.588213 0.034799
vt 0.750798 0.618414
vt 0.745531 0.622514
vt 0.735871 0.624270
vt 0.739503 0.628077
vt 0.729773 0.631257
vt 0.726361 0.629041
vt 0.734855 0.633484
vt 0.612857 0.732452
vt 0.690820 0.313541
vt 0.695363 0.313403
vt 0.739662 0.686691
vt 0.739522 0.682541
vt 0.744646 0.681929
vt 0.744734 0.686374
vt 0.744779 0.690730
vt 0.739735 0.690731
vt 0.745026 0.694084
vt 0.739769 0.693946
vt 0.748928 0.686338
vt 0.748833 0.691079
vt 0.749118 0.694806
vt 0.553835 0.051582
vt 0.550095 0.051671
vt 0.551801 0.045693
vt 0.554595 0.047037
vt 0.547832 0.735385
vt 0.551528 0.736122
vt 0.726273 0.643415
vt 0.722995 0.645191
vt 0.721694 0.636960
vt 0.725456 0.636625
vt 0.546515 0.052016
vt 0.548421 0.044311
vt 0.727233 0.651534
vt 0.724527 0.654344
vt 0.719549 0.647004
vt 0.729422 0.648512
vt 0.734913 0.650622
vt 0.734327 0.655118
vt 0.731835 0.658558
vt 0.595828 0.742378
vt 0.591662 0.744507
vt 0.589692 0.734413
vt 0.593117 0.733587
vt 0.745430 0.169542
vt 0.749224 0.171067
vt 0.741231 0.179423
vt 0.741031 0.168613
vt 0.736945 0.179559
vt 0.736067 0.168796
vt 0.737468 0.187577
vt 0.733706 0.188262
vt 0.732813 0.180285
vt 0.737835 0.193861
vt 0.734606 0.194480
vt 0.731811 0.195632
vt 0.730342 0.189615
vt 0.658297 0.324244
vt 0.661500 0.325103
vt 0.655098 0.328480
vt 0.655540 0.322943
vt 0.608373 0.381320
vt 0.606016 0.378735
vt 0.612617 0.373804
vt 0.615257 0.376343
vt 0.728730 0.181396
vt 0.619423 0.367875
vt 0.623386 0.370734
vt 0.727715 0.171788
vt 0.731499 0.170180
vt 0.731313 0.167825
vt 0.728415 0.164884
vt 0.735360 0.160279
vt 0.738472 0.163214
vt 0.582058 0.744634
vt 0.582058 0.735026
vt 0.585563 0.735002
vt 0.586754 0.745292
vt 0.742113 0.165746
vt 0.742987 0.155076
vt 0.746778 0.156558
vt 0.584007 0.724085
vt 0.588425 0.723731
vt 0.583489 0.715546
vt 0.587182 0.715182
vt 0.715650 0.648675
vt 0.713875 0.637662
vt 0.717467 0.637386
vt 0.720889 0.657182
vt 0.714710 0.627080
vt 0.718857 0.627493
vt 0.722859 0.628015
vt 0.716328 0.616512
vt 0.574997 0.731765
vt 0.579312 0.731616
vt 0.579312 0.740137
vt 0.574868 0.740205
vt 0.717852 0.606148
vt 0.575282 0.723205
vt 0.578921 0.723020
vt 0.747527 0.135222
vt 0.743459 0.135784
vt 0.745757 0.124779
vt 0.575316 0.715261
vt 0.579023 0.715161
vt 0.748332 0.145608
vt 0.744324 0.145369
vt 0.740318 0.145061
vt 0.739395 0.136333
vt 0.739305 0.153465
vt 0.735943 0.151881
vt 0.736476 0.144778
vt 0.733052 0.157548
vt 0.621668 0.361790
vt 0.617638 0.361690
vt 0.616742 0.356992
vt 0.619791 0.355476
vt 0.625056 0.362120
vt 0.615441 0.366144
vt 0.564439 0.741933
vt 0.560355 0.742013
vt 0.560722 0.737120
vt 0.564270 0.736935
vt 0.610018 0.370728
vt 0.669755 0.303567
vt 0.669755 0.309736
vt 0.665249 0.304810
vt 0.649219 0.313875
vt 0.653564 0.313585
vt 0.653564 0.321611
vt 0.649047 0.320887
vt 0.748653 0.681577
vt 0.744807 0.678504
vt 0.749118 0.677696
vt 0.555687 0.741454
vt 0.556053 0.736546
vt 0.739375 0.679053
vt 0.735854 0.137229
vt 0.743610 0.722086
vt 0.739159 0.722086
vt 0.739292 0.713446
vt 0.743008 0.713255
vt 0.745380 0.102628
vt 0.748332 0.091883
vt 0.740109 0.704078
vt 0.742336 0.704312
vt 0.744301 0.114433
vt 0.736966 0.311532
vt 0.736711 0.313860
vt 0.733625 0.313689
vt 0.733622 0.311402
vt 0.733571 0.309208
vt 0.736568 0.309350
vt 0.730979 0.311323
vt 0.730994 0.309089
vt 0.730979 0.313632
vt 0.651996 0.240624
vt 0.651389 0.244672
vt 0.649188 0.244376
vt 0.649689 0.240740
vt 0.654254 0.241081
vt 0.653672 0.244734
vt 0.653764 0.255257
vt 0.649514 0.255166
vt 0.645818 0.255026
vt 0.654733 0.267625
vt 0.648255 0.267905
vt 0.641536 0.269155
vt 0.604147 0.374904
vt 0.604001 0.743369
vt 0.605679 0.749630
vt 0.602158 0.364481
vt 0.596852 0.364089
vt 0.597636 0.356593
vt 0.604104 0.357762
vt 0.722877 0.136397
vt 0.717125 0.131188
vt 0.721537 0.125372
vt 0.727371 0.131548
vt 0.732983 0.139325
vt 0.727508 0.141998
vt 0.590904 0.364670
vt 0.590399 0.356822
vt 0.585483 0.366126
vt 0.584215 0.357910
vt 0.591645 0.372721
vt 0.586495 0.374063
vt 0.581118 0.374792
vt 0.580018 0.367044
vt 0.587407 0.382057
vt 0.588337 0.390714
vt 0.574854 0.367499
vt 0.572556 0.360277
vt 0.578056 0.359111
vt 0.576042 0.375170
vt 0.735797 0.539309
vt 0.730695 0.542885
vt 0.725767 0.536978
vt 0.730794 0.532658
vt 0.576526 0.350938
vt 0.582775 0.349544
vt 0.574975 0.344106
vt 0.581509 0.342496
vt 0.716459 0.120618
vt 0.711876 0.127352
vt 0.720578 0.542019
vt 0.725695 0.547120
vt 0.721121 0.551815
vt 0.714811 0.547887
vt 0.566993 0.362123
vt 0.561776 0.364625
vt 0.564775 0.355322
vt 0.562627 0.349962
vt 0.597410 0.349684
vt 0.597549 0.344256
vt 0.691397 0.018982
vt 0.689504 0.004613
vt 0.570154 0.093369
vt 0.714107 0.492885
vt 0.714195 0.497313
vt 0.693479 0.200009
vt 0.145411 0.011113
vt 0.139157 0.008910
vt 0.129607 0.011213
vt 0.617354 0.652285
vt 0.739310 0.475794
vt 0.737007 0.476316
vt 0.737967 0.464703
vt 0.740181 0.464530
vt 0.344647 0.026640
vt 0.355743 0.023926
vt 0.721659 0.714891
vt 0.736740 0.517298
vt 0.636191 0.673019
vt 0.735873 0.280472
vt 0.738585 0.279838
vt 0.739325 0.290010
vt 0.735811 0.289680
vt 0.212422 0.020427
vt 0.204017 0.027008
vt 0.739325 0.304988
vt 0.735626 0.302787
vt 0.189450 0.035346
vt 0.634805 0.282377
vt 0.632083 0.283592
vt 0.632905 0.268536
vt 0.634642 0.268823
vt 0.732436 0.476924
vt 0.735586 0.477603
vt 0.640202 0.693220
vt 0.639167 0.698352
vt 0.730191 0.307746
vt 0.730191 0.316714
vt 0.726097 0.314625
vt 0.726800 0.306440
vt 0.715009 0.000842
vt 0.725873 0.721459
vt 0.721865 0.721889
vt 0.716851 0.578823
vt 0.719255 0.581429
vt 0.590045 0.026717
vt 0.252985 0.011708
vt 0.740393 0.234712
vt 0.552550 0.732056
vt 0.738609 0.198815
vt 0.736585 0.521277
vt 0.637101 0.742149
vt 0.632105 0.739153
vt 0.378185 0.000394
vt 0.391693 0.002714
vt 0.710190 0.318810
vt 0.706746 0.317033
vt 0.573542 0.336928
vt 0.580034 0.335192
vt 0.572783 0.323857
vt 0.576702 0.322943
vt 0.733666 0.316693
vt 0.731086 0.316714
vt 0.706199 0.499312
vt 0.714853 0.508004
vt 0.435953 0.045412
vt 0.439298 0.050626
vt 0.424617 0.049280
vt 0.414305 0.044744
vt 0.545380 0.611058
vt 0.666002 0.600841
vt 0.675169 0.616310
vt 0.641536 0.322001
vt 0.641980 0.320000
vt 0.540564 0.492028
vt 0.540564 0.496198
vt 0.539546 0.492952
vt 0.713102 0.578002
vt 0.709666 0.574878
vt 0.713102 0.574051
vt 0.399983 0.042355
vt 0.689643 0.278958
vt 0.689964 0.278074
vt 0.690500 0.277901
vt 0.539546 0.496986
vt 0.539694 0.498157
vt 0.539560 0.498413
vt 0.539546 0.498815
s 0
usemtl tripo_mat_d2e619f7-56ed-4392-a247-5d6a0d683301
f 2/1/1 204/2/1 206/3/1
f 2/1/2 206/3/2 209/4/2
f 3/5/3 210/6/3 211/7/3
f 3/5/4 211/7/4 213/8/4
f 1/9/5 212/10/5 214/11/5
f 1/9/6 214/11/6 203/12/6
f 5/13/7 216/14/7 217/15/7
f 5/13/8 217/15/8 218/16/8
f 6/17/9 219/18/9 208/19/9
f 6/17/10 208/19/10 205/20/10
f 4/21/11 203/12/11 214/11/11
f 4/21/12 214/11/12 215/22/12
f 7/23/13 220/24/13 221/25/13
f 7/23/14 221/25/14 222/26/14
f 7/23/15 222/26/15 223/27/15
f 7/23/16 223/27/16 224/28/16
f 7/23/17 224/28/17 8/29/17
f 7/23/18 8/29/18 220/24/18
f 8/29/19 224/28/19 225/30/19
f 8/29/20 225/30/20 226/31/20
f 8/29/21 227/32/21 229/33/21
f 8/29/22 229/33/22 220/24/22
f 9/34/23 230/35/23 231/36/23
f 9/34/24 231/36/24 232/37/24
f 9/34/25 232/37/25 233/38/25
f 9/34/26 233/38/26 235/39/26
f 9/34/27 235/39/27 236/40/27
f 9/34/23 236/40/23 230/35/23
f 10/41/28 237/42/28 239/43/28
f 10/41/29 239/43/29 242/44/29
f 246/45/30 247/46/30 238/47/30
f 246/45/31 238/47/31 11/48/31
f 11/48/32 243/49/32 245/50/32
f 11/48/33 245/50/33 246/45/33
f 12/51/34 248/52/34 249/53/34
f 12/51/35 249/53/35 252/54/35
f 12/51/36 254/55/36 19/56/36
f 12/51/37 19/56/37 255/57/37
f 12/51/38 256/58/38 257/59/38
f 12/51/39 257/59/39 254/55/39
f 12/51/40 255/57/40 258/60/40
f 12/51/41 258/60/41 248/52/41
f 13/61/42 45/62/42 259/63/42
f 13/61/43 259/63/43 19/56/43
f 14/64/44 262/65/44 17/66/44
f 14/64/45 17/66/45 46/67/45
f 18/68/46 265/69/46 260/70/46
f 18/68/47 260/70/47 47/71/47
f 16/72/48 261/73/48 266/74/48
f 16/72/49 266/74/49 264/75/49
f 19/56/50 259/63/50 267/76/50
f 19/56/51 267/76/51 255/57/51
f 19/56/52 254/55/52 268/77/52
f 19/56/53 268/77/53 270/78/53
f 22/79/54 272/80/54 275/81/54
f 22/79/55 275/81/55 23/82/55
f 22/79/56 23/82/56 277/83/56
f 22/79/57 277/83/57 279/84/57
f 22/79/58 282/85/58 264/75/58
f 22/79/59 264/75/59 266/74/59
f 21/86/60 278/87/60 284/88/60
f 21/86/61 284/88/61 281/89/61
f 23/82/62 275/81/62 285/90/62
f 23/82/63 285/90/63 277/83/63
f 27/91/64 271/92/64 287/93/64
f 27/91/65 287/93/65 288/94/65
f 30/95/66 266/74/66 261/73/66
f 30/95/67 261/73/67 34/96/67
f 36/97/68 288/94/68 289/98/68
f 36/97/69 289/98/69 290/99/69
f 36/97/70 290/99/70 292/100/70
f 36/97/71 292/100/71 294/101/71
f 36/97/72 294/101/72 27/91/72
f 36/97/73 27/91/73 288/94/73
f 40/102/74 297/103/74 49/104/74
f 40/102/75 49/104/75 300/105/75
f 37/106/76 302/107/76 304/108/76
f 37/106/77 304/108/77 306/109/77
f 38/110/78 299/111/78 303/112/78
f 299/111/79 44/113/79 303/112/79
f 41/114/80 308/115/80 309/116/80
f 41/114/81 309/116/81 302/107/81
f 43/117/82 298/118/82 310/119/82
f 43/117/83 310/119/83 313/120/83
f 48/121/84 295/122/84 314/123/84
f 48/121/85 314/123/85 316/124/85
f 50/125/86 317/126/86 311/127/86
f 50/125/87 311/127/87 301/128/87
f 51/129/88 318/130/88 321/131/88
f 51/129/89 321/131/89 55/132/89
f 324/133/90 327/134/90 319/135/90
f 324/133/91 319/135/91 52/136/91
f 52/136/92 56/137/92 323/138/92
f 52/136/93 323/138/93 324/133/93
f 53/139/94 54/140/94 329/141/94
f 53/139/95 329/141/95 331/142/95
f 53/139/96 333/143/96 334/144/96
f 53/139/97 334/144/97 54/140/97
f 53/139/98 331/142/98 335/145/98
f 53/139/99 335/145/99 337/146/99
f 54/140/100 334/144/100 314/123/100
f 54/140/101 314/123/101 329/141/101
f 55/132/102 321/131/102 337/146/102
f 55/132/103 337/146/103 335/145/103
f 55/132/104 335/145/104 338/147/104
f 55/132/105 338/147/105 340/148/105
f 55/132/106 343/149/106 344/150/106
f 55/132/107 344/150/107 322/151/107
f 55/132/108 340/148/108 345/152/108
f 55/132/109 345/152/109 343/149/109
f 57/153/110 347/154/110 349/155/110
f 57/153/111 349/155/111 313/120/111
f 57/153/112 313/120/112 310/119/112
f 57/153/113 310/119/113 350/156/113
f 57/153/114 350/156/114 352/157/114
f 57/153/115 352/157/115 347/154/115
f 58/158/116 354/159/116 222/26/116
f 58/158/117 222/26/117 221/25/117
f 58/158/118 355/160/118 356/161/118
f 58/158/119 356/161/119 354/159/119
f 58/158/120 221/25/120 357/162/120
f 58/158/121 357/162/121 355/160/121
f 59/163/122 354/159/122 356/161/122
f 59/163/123 356/161/123 358/164/123
f 59/163/124 358/164/124 359/165/124
f 59/163/125 359/165/125 360/166/125
f 59/163/126 360/166/126 361/167/126
f 59/163/127 361/167/127 362/168/127
f 60/169/128 363/170/128 364/171/128
f 60/169/129 364/171/129 365/172/129
f 61/173/130 367/174/130 369/175/130
f 61/173/131 369/175/131 371/176/131
f 61/173/132 366/177/132 373/178/132
f 61/173/133 373/178/133 367/174/133
f 62/179/134 375/180/134 376/181/134
f 62/179/135 376/181/135 379/182/135
f 63/183/136 381/184/136 382/185/136
f 63/183/137 382/185/137 384/186/137
f 62/179/138 385/187/138 386/188/138
f 62/179/139 386/188/139 375/180/139
f 64/189/140 388/190/140 390/191/140
f 64/189/141 390/191/141 391/192/141
f 64/189/142 391/192/142 393/193/142
f 64/189/143 393/193/143 395/194/143
f 64/189/144 396/195/144 397/196/144
f 64/189/145 397/196/145 398/197/145
f 64/189/146 395/194/146 401/198/146
f 64/189/147 401/198/147 396/195/147
f 64/189/148 398/197/148 402/199/148
f 64/189/149 402/199/149 388/190/149
f 66/200/150 403/201/150 405/202/150
f 66/200/151 405/202/151 407/203/151
f 65/204/152 410/205/152 412/206/152
f 65/204/153 412/206/153 413/207/153
f 67/208/154 408/209/154 416/210/154
f 67/208/155 416/210/155 411/211/155
f 69/212/156 418/213/156 420/214/156
f 69/212/157 420/214/157 421/215/157
f 69/212/158 421/215/158 422/216/158
f 69/212/159 422/216/159 423/217/159
f 70/218/160 426/219/160 429/220/160
f 70/218/161 429/220/161 419/221/161
f 73/222/162 431/223/162 432/224/162
f 73/222/163 432/224/163 433/225/163
f 72/226/164 436/227/164 438/228/164
f 72/226/165 438/228/165 430/229/165
f 71/230/166 439/231/166 441/232/166
f 71/230/167 441/232/167 442/233/167
f 71/230/168 442/233/168 420/214/168
f 71/230/169 420/214/169 435/234/169
f 74/235/170 434/236/170 443/237/170
f 74/235/171 443/237/171 440/238/171
f 77/239/172 446/240/172 448/241/172
f 77/239/173 448/241/173 451/242/173
f 386/188/174 455/243/174 444/244/174
f 386/188/175 444/244/175 75/245/175
f 76/246/176 450/247/176 454/248/176
f 76/246/177 454/248/177 387/249/177
f 78/250/178 458/251/178 460/252/178
f 78/250/179 460/252/179 462/253/179
f 78/250/180 396/195/180 401/198/180
f 78/250/181 401/198/181 458/251/181
f 78/250/182 462/253/182 397/196/182
f 78/250/183 397/196/183 396/195/183
f 79/254/184 463/255/184 465/256/184
f 79/254/185 465/256/185 467/257/185
f 79/254/186 468/258/186 471/259/186
f 79/254/187 471/259/187 463/255/187
f 79/254/188 467/257/188 473/260/188
f 79/254/189 473/260/189 468/258/189
f 80/261/190 475/262/190 478/263/190
f 80/261/191 478/263/191 480/264/191
f 81/265/192 482/266/192 484/267/192
f 81/265/193 484/267/193 476/268/193
f 83/269/194 488/270/194 489/271/194
f 83/269/195 489/271/195 483/272/195
f 84/273/196 490/274/196 491/275/196
f 84/273/197 491/275/197 492/276/197
f 84/273/198 492/276/198 493/277/198
f 84/273/199 493/277/199 495/278/199
f 84/273/200 495/278/200 498/279/200
f 84/273/201 498/279/201 490/274/201
f 85/280/202 501/281/202 465/256/202
f 85/280/203 465/256/203 463/255/203
f 85/280/204 463/255/204 471/259/204
f 85/280/205 471/259/205 503/282/205
f 85/280/206 504/283/206 506/284/206
f 85/280/207 506/284/207 501/281/207
f 85/280/208 507/285/208 509/286/208
f 85/280/209 509/286/209 504/283/209
f 85/280/210 503/282/210 511/287/210
f 85/280/211 511/287/211 507/285/211
f 87/288/212 497/289/212 494/290/212
f 87/288/213 494/290/213 513/291/213
f 86/292/214 514/293/214 517/294/214
f 86/292/215 517/294/215 521/295/215
f 86/292/216 521/295/216 499/296/216
f 86/292/217 499/296/217 496/297/217
f 86/292/218 523/298/218 525/299/218
f 86/292/219 525/299/219 514/293/219
f 87/288/220 513/291/220 527/300/220
f 87/288/221 527/300/221 524/301/221
f 88/302/222 528/303/222 98/304/222
f 88/302/223 98/304/223 529/305/223
f 88/302/224 530/306/224 531/307/224
f 88/302/225 531/307/225 528/303/225
f 88/302/226 529/305/226 532/308/226
f 88/302/227 532/308/227 533/309/227
f 89/310/228 534/311/228 537/312/228
f 89/310/229 537/312/229 538/313/229
f 90/314/230 539/315/230 92/316/230
f 90/314/231 92/316/231 540/317/231
f 90/314/232 540/317/232 541/318/232
f 90/314/233 541/318/233 535/319/233
f 92/316/234 539/315/234 544/320/234
f 92/316/235 544/320/235 546/321/235
f 93/322/236 548/323/236 549/324/236
f 93/322/237 549/324/237 551/325/237
f 91/326/238 545/327/238 552/328/238
f 91/326/239 552/328/239 547/329/239
f 94/330/240 553/331/240 554/332/240
f 94/330/241 554/332/241 555/333/241
f 94/330/242 555/333/242 556/334/242
f 94/330/243 556/334/243 557/335/243
f 94/330/244 557/335/244 558/336/244
f 94/330/245 558/336/245 553/331/245
f 96/337/246 560/338/246 562/339/246
f 96/337/247 562/339/247 563/340/247
f 96/337/248 563/340/248 564/341/248
f 96/337/249 564/341/249 565/342/249
f 97/343/250 566/344/250 568/345/250
f 97/343/251 568/345/251 571/346/251
f 98/304/252 572/347/252 573/348/252
f 98/304/253 573/348/253 529/305/253
f 98/304/254 528/303/254 574/349/254
f 98/304/255 574/349/255 572/347/255
f 576/350/256 580/351/256 582/352/256
f 576/350/257 582/352/257 164/353/257
f 101/354/258 585/355/258 586/356/258
f 101/354/259 586/356/259 588/357/259
f 99/358/260 590/359/260 102/360/260
f 99/358/261 102/360/261 584/361/261
f 100/362/262 587/363/262 592/364/262
f 100/362/263 592/364/263 591/365/263
f 102/360/264 590/359/264 594/366/264
f 102/360/265 594/366/265 596/367/265
f 102/360/266 596/367/266 597/368/266
f 102/360/267 597/368/267 584/361/267
f 103/369/268 601/370/268 604/371/268
f 103/369/269 604/371/269 606/372/269
f 105/373/270 607/374/270 608/375/270
f 105/373/271 608/375/271 610/376/271
f 104/377/272 612/378/272 614/379/272
f 104/377/273 614/379/273 602/380/273
f 104/377/274 615/381/274 598/382/274
f 104/377/275 598/382/275 612/378/275
f 104/377/276 609/383/276 617/384/276
f 104/377/277 617/384/277 615/381/277
f 106/385/278 619/386/278 621/387/278
f 106/385/279 621/387/279 623/388/279
f 106/385/280 624/389/280 625/390/280
f 106/385/281 625/390/281 619/386/281
f 106/385/282 623/388/282 626/391/282
f 106/385/283 626/391/283 624/389/283
f 109/392/284 628/393/284 630/394/284
f 109/392/285 630/394/285 632/395/285
f 108/396/286 634/397/286 636/398/286
f 108/396/287 636/398/287 627/399/287
f 107/400/288 631/401/288 638/402/288
f 107/400/289 638/402/289 633/403/289
f 111/404/290 640/405/290 642/406/290
f 111/404/291 642/406/291 644/407/291
f 111/404/292 647/408/292 650/409/292
f 111/404/293 650/409/293 640/405/293
f 110/410/294 643/411/294 653/412/294
f 110/410/295 653/412/295 646/413/295
f 654/414/296 655/415/296 657/416/296
f 654/414/297 657/416/297 660/417/297
f 112/418/298 661/419/298 662/420/298
f 112/418/299 662/420/299 663/421/299
f 112/418/300 663/421/300 664/422/300
f 112/418/301 664/422/301 129/423/301
f 112/418/302 129/423/302 665/424/302
f 112/418/303 665/424/303 661/419/303
f 113/425/304 667/426/304 670/427/304
f 113/425/305 670/427/305 671/428/305
f 116/429/306 675/430/306 676/431/306
f 116/429/307 676/431/307 668/432/307
f 114/433/308 678/434/308 680/435/308
f 114/433/309 680/435/309 673/436/309
f 117/437/310 682/438/310 683/439/310
f 117/437/311 683/439/311 684/440/311
f 686/441/312 688/442/312 682/438/312
f 686/441/313 682/438/313 117/437/313
f 117/437/314 684/440/314 685/443/314
f 117/437/315 685/443/315 686/441/315
f 118/444/316 690/445/316 691/446/316
f 118/444/317 691/446/317 692/447/317
f 118/444/318 693/448/318 694/449/318
f 118/444/319 694/449/319 690/445/319
f 118/444/320 692/447/320 695/450/320
f 118/444/321 695/450/321 693/448/321
f 121/451/322 698/452/322 700/453/322
f 121/451/323 700/453/323 702/454/323
f 119/455/324 703/456/324 705/457/324
f 119/455/325 705/457/325 696/458/325
f 120/459/326 706/460/326 708/461/326
f 120/459/327 708/461/327 704/462/327
f 122/463/328 709/464/328 711/465/328
f 122/463/329 711/465/329 713/466/329
f 122/463/330 713/466/330 715/467/330
f 122/463/331 715/467/331 717/468/331
f 122/463/332 717/468/332 718/469/332
f 122/463/333 718/469/333 709/464/333
f 123/470/334 719/471/334 723/472/334
f 123/470/335 723/472/335 726/473/335
f 124/474/336 727/475/336 729/476/336
f 124/474/337 729/476/337 720/477/337
f 124/474/338 732/478/338 734/479/338
f 124/474/339 734/479/339 727/475/339
f 127/480/340 737/481/340 738/482/340
f 127/480/341 738/482/341 740/483/341
f 126/484/342 742/485/342 743/486/342
f 126/484/343 743/486/343 736/487/343
f 125/488/344 739/489/344 744/490/344
f 125/488/345 744/490/345 741/491/345
f 128/492/346 746/493/346 747/494/346
f 128/492/347 747/494/347 748/495/347
f 128/492/348 749/496/348 744/490/348
f 128/492/349 744/490/349 746/493/349
f 128/492/350 748/495/350 751/497/350
f 128/492/351 751/497/351 749/496/351
f 129/423/352 753/498/352 754/499/352
f 129/423/353 754/499/353 665/424/353
f 129/423/354 756/500/354 757/501/354
f 129/423/355 757/501/355 753/498/355
f 130/502/356 758/503/356 759/504/356
f 130/502/357 759/504/357 760/505/357
f 130/502/358 760/505/358 761/506/358
f 130/502/359 761/506/359 762/507/359
f 131/508/360 766/509/360 769/510/360
f 131/508/361 769/510/361 771/511/361
f 130/502/362 770/512/362 772/513/362
f 130/502/363 772/513/363 758/503/363
f 130/502/364 762/507/364 774/514/364
f 130/502/365 774/514/365 765/515/365
f 133/516/366 776/517/366 779/518/366
f 133/516/367 779/518/367 782/519/367
f 132/520/368 784/521/368 141/522/368
f 132/520/369 141/522/369 786/523/369
f 132/520/370 781/524/370 787/525/370
f 132/520/371 787/525/371 784/521/371
f 134/526/372 789/527/372 790/528/372
f 134/526/373 790/528/373 791/529/373
f 134/526/374 792/530/374 793/531/374
f 134/526/375 793/531/375 789/527/375
f 135/532/376 795/533/376 797/534/376
f 135/532/377 797/534/377 799/535/377
f 134/526/378 798/536/378 800/537/378
f 134/526/379 800/537/379 792/530/379
f 134/526/380 791/529/380 802/538/380
f 134/526/381 802/538/381 794/539/381
f 136/540/382 803/541/382 804/542/382
f 136/540/383 804/542/383 805/543/383
f 136/540/384 807/544/384 808/545/384
f 136/540/385 808/545/385 803/541/385
f 136/540/386 809/546/386 811/547/386
f 136/540/387 811/547/387 813/548/387
f 136/540/388 813/548/388 814/549/388
f 136/540/389 814/549/389 807/544/389
f 138/550/390 815/551/390 816/552/390
f 138/550/391 816/552/391 817/553/391
f 138/550/392 819/554/392 821/555/392
f 138/550/393 821/555/393 815/551/393
f 138/550/394 822/556/394 823/557/394
f 138/550/395 823/557/395 824/558/395
f 138/550/396 824/558/396 826/559/396
f 138/550/397 826/559/397 819/554/397
f 138/550/398 817/553/398 827/560/398
f 138/550/399 827/560/399 822/556/399
f 139/561/400 804/542/400 825/562/400
f 139/561/401 825/562/401 828/563/401
f 139/561/402 828/563/402 830/564/402
f 139/561/403 830/564/403 834/565/403
f 139/561/404 834/565/404 805/543/404
f 139/561/405 805/543/405 804/542/405
f 140/566/406 836/567/406 837/568/406
f 140/566/407 837/568/407 785/569/407
f 140/566/408 783/570/408 838/571/408
f 140/566/409 838/571/409 836/567/409
f 143/572/410 841/573/410 843/574/410
f 143/572/411 843/574/411 845/575/411
f 849/576/412 851/577/412 840/578/412
f 849/576/413 840/578/413 142/579/413
f 144/580/414 846/581/414 848/582/414
f 144/580/415 848/582/415 850/583/415
f 145/584/416 823/557/416 852/585/416
f 145/584/417 852/585/417 854/586/417
f 145/584/418 854/586/418 857/587/418
f 145/584/419 857/587/419 859/588/419
f 145/584/420 859/588/420 824/558/420
f 145/584/421 824/558/421 823/557/421
f 148/589/422 861/590/422 863/591/422
f 148/589/423 863/591/423 865/592/423
f 147/593/424 864/594/424 866/595/424
f 147/593/425 866/595/425 793/531/425
f 147/593/426 793/531/426 792/530/426
f 147/593/427 792/530/427 867/596/427
f 152/597/428 868/598/428 870/599/428
f 152/597/429 870/599/429 872/600/429
f 150/601/430 871/602/430 874/603/430
f 150/601/431 874/603/431 876/604/431
f 149/605/432 875/606/432 761/506/432
f 149/605/433 761/506/433 877/607/433
f 153/608/434 878/609/434 881/610/434
f 153/608/435 881/610/435 883/611/435
f 154/612/436 886/613/436 888/614/436
f 154/612/437 888/614/437 889/615/437
f 155/616/438 890/617/438 891/618/438
f 155/616/439 891/618/439 879/619/439
f 158/620/440 893/621/440 115/622/440
f 158/620/441 115/622/441 672/623/441
f 158/620/442 894/624/442 896/625/442
f 158/620/443 896/625/443 893/621/443
f 158/620/444 898/626/444 899/627/444
f 158/620/445 899/627/445 894/624/445
f 157/628/446 902/629/446 903/630/446
f 157/628/447 903/630/447 897/631/447
f 157/628/448 671/428/448 904/632/448
f 157/628/449 904/632/449 902/629/449
f 159/633/450 905/634/450 907/635/450
f 159/633/451 907/635/451 909/636/451
f 159/633/452 910/637/452 911/638/452
f 159/633/453 911/638/453 905/634/453
f 159/633/454 909/636/454 912/639/454
f 159/633/455 912/639/455 910/637/455
f 160/640/456 913/641/456 911/638/456
f 160/640/457 911/638/457 910/637/457
f 160/640/458 910/637/458 912/639/458
f 160/640/459 912/639/459 914/642/459
f 160/640/460 915/643/460 916/644/460
f 160/640/461 916/644/461 913/641/461
f 160/640/462 917/645/462 918/646/462
f 160/640/463 918/646/463 915/643/463
f 160/640/464 914/642/464 919/647/464
f 160/640/465 919/647/465 917/645/465
f 161/648/466 920/649/466 922/650/466
f 161/648/467 922/650/467 924/651/467
f 161/648/468 926/652/468 928/653/468
f 161/648/469 928/653/469 920/649/469
f 161/648/470 924/651/470 930/654/470
f 161/648/471 930/654/471 926/652/471
f 162/655/472 931/656/472 932/657/472
f 162/655/473 932/657/473 933/658/473
f 163/659/474 936/660/474 165/661/474
f 163/659/475 165/661/475 583/662/475
f 163/659/476 934/663/476 939/664/476
f 163/659/477 939/664/477 936/660/477
f 165/661/478 936/660/478 326/665/478
f 165/661/479 326/665/479 577/666/479
f 166/667/480 940/668/480 943/669/480
f 166/667/481 943/669/481 945/670/481
f 166/667/482 931/656/482 947/671/482
f 166/667/483 947/671/483 948/672/483
f 166/667/484 945/670/484 684/440/484
f 166/667/485 684/440/485 949/673/485
f 166/667/486 949/673/486 932/657/486
f 166/667/487 932/657/487 931/656/487
f 167/674/488 685/443/488 950/675/488
f 167/674/489 950/675/489 952/676/489
f 167/674/490 952/676/490 954/677/490
f 167/674/491 954/677/491 957/678/491
f 167/674/492 957/678/492 686/441/492
f 167/674/493 686/441/493 685/443/493
f 176/679/494 188/680/494 180/681/494
f 188/680/495 183/682/495 180/681/495
f 169/683/496 959/684/496 962/685/496
f 169/683/497 962/685/497 173/686/497
f 170/687/498 965/688/498 968/689/498
f 170/687/499 968/689/499 960/690/499
f 171/691/500 174/692/500 956/693/500
f 171/691/501 956/693/501 971/694/501
f 168/695/502 972/696/502 973/697/502
f 168/695/503 973/697/503 964/698/503
f 172/699/504 961/700/504 957/678/504
f 172/699/505 957/678/505 954/677/505
f 178/701/506 975/702/506 979/703/506
f 178/701/507 979/703/507 981/704/507
f 175/705/508 980/706/508 982/707/508
f 175/705/509 982/707/509 921/708/509
f 179/709/510 181/710/510 983/711/510
f 179/709/511 983/711/511 976/712/511
f 181/710/512 184/713/512 985/714/512
f 181/710/513 985/714/513 983/711/513
f 182/715/514 187/716/514 986/717/514
f 182/715/515 986/717/515 984/718/515
f 186/719/516 987/720/516 189/721/516
f 186/719/517 189/721/517 177/722/517
f 185/723/518 988/724/518 989/725/518
f 185/723/519 989/725/519 986/717/519
f 186/719/520 990/726/520 992/727/520
f 186/719/521 992/727/521 994/728/521
f 185/723/522 993/729/522 995/730/522
f 185/723/523 995/730/523 988/724/523
f 190/731/524 996/732/524 997/733/524
f 190/731/525 997/733/525 998/734/525
f 190/731/526 999/735/526 1000/736/526
f 190/731/527 1000/736/527 996/732/527
f 190/731/528 998/734/528 1001/737/528
f 190/731/529 1001/737/529 999/735/529
f 191/738/530 1003/739/530 1005/740/530
f 191/738/531 1005/740/531 1007/741/531
f 1012/742/532 1014/743/532 192/744/532
f 1014/743/533 1004/745/533 192/744/533
f 192/744/534 1008/746/534 1010/747/534
f 192/744/535 1010/747/535 1012/742/535
f 193/748/536 1015/749/536 995/730/536
f 193/748/537 995/730/537 993/729/537
f 193/748/538 1016/750/538 1017/751/538
f 193/748/539 1017/751/539 1018/752/539
f 193/748/540 1018/752/540 1019/753/540
f 193/748/541 1019/753/541 1015/749/541
f 193/748/542 1020/754/542 1023/755/542
f 193/748/543 1023/755/543 1016/750/543
f 193/748/544 993/729/544 991/756/544
f 193/748/545 991/756/545 1020/754/545
f 195/757/546 1012/742/546 1026/758/546
f 195/757/547 1026/758/547 1028/759/547
f 194/760/548 196/761/548 1030/762/548
f 194/760/549 1030/762/549 1033/763/549
f 195/757/550 1034/764/550 1014/743/550
f 195/757/551 1014/743/551 1012/742/551
f 196/761/552 194/760/552 1035/765/552
f 196/761/553 1035/765/553 1037/766/553
f 196/761/554 1037/766/554 1039/767/554
f 196/761/555 1039/767/555 1030/762/555
f 198/768/556 1040/769/556 1042/770/556
f 198/768/557 1042/770/557 1046/771/557
f 199/772/558 1049/773/558 1050/774/558
f 199/772/559 1050/774/559 1041/775/559
f 197/776/560 1045/777/560 1051/778/560
f 197/776/561 1051/778/561 1048/779/561
f 202/780/562 1047/781/562 1043/782/562
f 202/780/563 1043/782/563 1053/783/563
f 200/784/564 1055/785/564 1051/778/564
f 200/784/565 1051/778/565 1045/777/565
f 201/786/566 1052/787/566 1057/788/566
f 201/786/567 1057/788/567 1056/789/567
f 1057/788/568 1058/790/568 1059/791/568
f 1057/788/569 1059/791/569 1060/792/569
f 1057/788/570 1060/792/570 1062/793/570
f 1057/788/571 1062/793/571 1056/789/571
f 1057/788/572 1052/787/572 1063/794/572
f 1057/788/573 1063/794/573 1058/790/573
f 1063/794/574 1065/795/574 1067/796/574
f 1063/794/575 1067/796/575 1058/790/575
f 1064/797/576 1054/798/576 1044/799/576
f 1064/797/577 1044/799/577 1069/800/577
f 1064/797/578 1069/800/578 1071/801/578
f 1064/797/579 1071/801/579 1066/802/579
f 1071/801/580 1074/803/580 1076/804/580
f 1071/801/581 1076/804/581 1066/802/581
f 1070/805/582 1068/806/582 1077/807/582
f 1070/805/583 1077/807/583 1079/808/583
f 1072/809/584 1080/810/584 1081/811/584
f 1072/809/585 1081/811/585 1073/812/585
f 1081/811/586 1080/810/586 1082/813/586
f 1081/811/587 1082/813/587 1083/814/587
f 1081/811/588 1083/814/588 1084/815/588
f 1081/811/589 1084/815/589 1085/816/589
f 1081/811/590 1085/816/590 1086/817/590
f 1081/811/591 1086/817/591 1073/812/591
f 1086/817/592 1085/816/592 1088/818/592
f 1086/817/593 1088/818/593 1089/819/593
f 1087/820/594 1090/821/594 1092/822/594
f 1087/820/595 1092/822/595 1094/823/595
f 1087/820/596 1094/823/596 1076/804/596
f 1087/820/597 1076/804/597 1074/803/597
f 1093/824/598 1091/825/598 1095/826/598
f 1093/824/599 1095/826/599 1096/827/599
f 1093/824/600 1096/827/600 1097/828/600
f 1093/824/601 1097/828/601 1075/829/601
f 1097/828/602 1096/827/602 1098/830/602
f 1097/828/603 1098/830/603 1099/831/603
f 1097/828/604 1099/831/604 1100/832/604
f 1097/828/605 1100/832/605 1067/796/605
f 1097/828/606 1067/796/606 1065/795/606
f 1097/828/607 1065/795/607 1075/829/607
f 1100/832/608 1099/831/608 1101/833/608
f 1100/832/609 1101/833/609 1102/834/609
f 1100/832/610 1102/834/610 1103/835/610
f 1100/832/611 1103/835/611 1059/791/611
f 1100/832/612 1059/791/612 1058/790/612
f 1100/832/613 1058/790/613 1067/796/613
f 1103/835/614 1102/834/614 1104/836/614
f 1103/835/615 1104/836/615 1105/837/615
f 1103/835/616 1105/837/616 1107/838/616
f 1103/835/617 1107/838/617 1109/839/617
f 1103/835/618 1109/839/618 1060/792/618
f 1103/835/619 1060/792/619 1059/791/619
f 1108/840/620 1106/841/620 1111/842/620
f 1108/840/621 1111/842/621 1113/843/621
f 1109/839/622 1114/844/622 1062/793/622
f 1109/839/623 1062/793/623 1060/792/623
f 1112/845/624 1110/846/624 1115/847/624
f 1112/845/625 1115/847/625 1116/848/625
f 1112/845/626 1116/848/626 1117/849/626
f 1112/845/627 1117/849/627 1061/850/627
f 1117/849/628 1116/848/628 1118/851/628
f 1117/849/629 1118/851/629 1120/852/629
f 1117/849/630 1120/852/630 1048/779/630
f 1117/849/631 1048/779/631 1051/778/631
f 1117/849/632 1051/778/632 1055/785/632
f 1117/849/633 1055/785/633 1061/850/633
f 1121/853/634 1119/854/634 1123/855/634
f 1121/853/635 1123/855/635 1124/856/635
f 1121/853/636 1124/856/636 1050/774/636
f 1121/853/637 1050/774/637 1049/773/637
f 1124/856/638 1123/855/638 1125/857/638
f 1124/856/639 1125/857/639 1126/858/639
f 1124/856/640 1126/858/640 1127/859/640
f 1124/856/641 1127/859/641 1050/774/641
f 1127/859/642 1126/858/642 1128/860/642
f 1127/859/643 1128/860/643 1082/813/643
f 1127/859/644 1082/813/644 1080/810/644
f 1127/859/645 1080/810/645 1078/861/645
f 1127/859/646 1078/861/646 1041/775/646
f 1127/859/647 1041/775/647 1050/774/647
f 1128/860/648 1126/858/648 1125/857/648
f 1128/860/649 1125/857/649 1129/862/649
f 1128/860/650 1129/862/650 1130/863/650
f 1128/860/651 1130/863/651 1131/864/651
f 1128/860/652 1131/864/652 1083/814/652
f 1128/860/653 1083/814/653 1082/813/653
f 1131/864/654 1130/863/654 1132/865/654
f 1131/864/655 1132/865/655 1133/866/655
f 1131/864/656 1133/866/656 1084/815/656
f 1131/864/657 1084/815/657 1083/814/657
f 1133/866/658 1132/865/658 1134/867/658
f 1133/866/659 1134/867/659 1135/868/659
f 1133/866/660 1135/868/660 1136/869/660
f 1133/866/661 1136/869/661 1084/815/661
f 1136/869/662 1135/868/662 1137/870/662
f 1136/869/663 1137/870/663 1138/871/663
f 1136/869/664 1138/871/664 1139/872/664
f 1136/869/665 1139/872/665 1088/818/665
f 1136/869/666 1088/818/666 1085/816/666
f 1136/869/667 1085/816/667 1084/815/667
f 1139/872/668 1138/871/668 1140/873/668
f 1139/872/669 1140/873/669 1141/874/669
f 1139/872/670 1141/874/670 1142/875/670
f 1139/872/671 1142/875/671 1144/876/671
f 1139/872/672 1144/876/672 1089/819/672
f 1139/872/673 1089/819/673 1088/818/673
f 1145/877/674 1143/878/674 1147/879/674
f 1145/877/675 1147/879/675 1149/880/675
f 1145/877/676 1149/880/676 1092/822/676
f 1145/877/677 1092/822/677 1090/821/677
f 1148/881/678 1146/882/678 1150/883/678
f 1148/881/679 1150/883/679 1151/884/679
f 1148/881/680 1151/884/680 1095/826/680
f 1148/881/681 1095/826/681 1091/825/681
f 1151/884/682 1150/883/682 1152/885/682
f 1151/884/683 1152/885/683 1153/886/683
f 1151/884/684 1153/886/684 1154/887/684
f 1151/884/685 1154/887/685 1095/826/685
f 1154/887/686 1153/886/686 1155/888/686
f 1154/887/687 1155/888/687 1156/889/687
f 1154/887/688 1156/889/688 1157/890/688
f 1154/887/689 1157/890/689 1098/830/689
f 1154/887/690 1098/830/690 1096/827/690
f 1154/887/691 1096/827/691 1095/826/691
f 1157/890/688 1156/889/688 1158/891/688
f 1157/890/692 1158/891/692 1159/892/692
f 1157/890/693 1159/892/693 1160/893/693
f 1157/890/694 1160/893/694 1101/833/694
f 1157/890/695 1101/833/695 1099/831/695
f 1157/890/696 1099/831/696 1098/830/696
f 1160/893/697 1159/892/697 1161/894/697
f 1160/893/698 1161/894/698 1162/895/698
f 1160/893/699 1162/895/699 1163/896/699
f 1160/893/699 1163/896/699 1104/836/699
f 1160/893/700 1104/836/700 1102/834/700
f 1160/893/701 1102/834/701 1101/833/701
f 1163/896/702 1162/895/702 1164/897/702
f 1163/896/703 1164/897/703 1165/898/703
f 1163/896/704 1165/898/704 1166/899/704
f 1163/896/705 1166/899/705 1167/900/705
f 1163/896/706 1167/900/706 1105/837/706
f 1163/896/707 1105/837/707 1104/836/707
f 1167/900/708 1166/899/708 1170/901/708
f 1167/900/709 1170/901/709 1172/902/709
f 1167/900/710 1172/902/710 1107/838/710
f 1167/900/711 1107/838/711 1105/837/711
f 1171/903/712 1169/904/712 1174/905/712
f 1171/903/713 1174/905/713 1176/906/713
f 1171/903/714 1176/906/714 1111/842/714
f 1171/903/715 1111/842/715 1106/841/715
f 1175/907/716 1173/908/716 1177/909/716
f 1175/907/717 1177/909/717 1178/910/717
f 1175/907/718 1178/910/718 1115/847/718
f 1175/907/719 1115/847/719 1110/846/719
f 1178/910/720 1177/909/720 1179/911/720
f 1178/910/721 1179/911/721 1180/912/721
f 1178/910/722 1180/912/722 1181/913/722
f 1178/910/723 1181/913/723 1115/847/723
f 1181/913/724 1180/912/724 1182/914/724
f 1181/913/725 1182/914/725 1185/915/725
f 1181/913/726 1185/915/726 1122/916/726
f 1181/913/727 1122/916/727 1118/851/727
f 1181/913/728 1118/851/728 1116/848/728
f 1181/913/729 1116/848/729 1115/847/729
f 1186/917/730 1183/918/730 1188/919/730
f 1186/917/731 1188/919/731 1191/920/731
f 1187/921/732 1192/922/732 1125/857/732
f 1187/921/733 1125/857/733 1123/855/733
f 1192/922/734 1190/923/734 1010/747/734
f 1192/922/735 1010/747/735 1193/924/735
f 1192/922/736 1193/924/736 1129/862/736
f 1192/922/737 1129/862/737 1125/857/737
f 1193/924/738 1010/747/738 1008/746/738
f 1193/924/739 1008/746/739 1194/925/739
f 1193/924/740 1194/925/740 1130/863/740
f 1193/924/741 1130/863/741 1129/862/741
f 1194/925/742 1008/746/742 1195/926/742
f 1194/925/743 1195/926/743 1196/927/743
f 1194/925/744 1196/927/744 1132/865/744
f 1194/925/745 1132/865/745 1130/863/745
f 1196/927/746 1195/926/746 238/47/746
f 1196/927/747 238/47/747 247/46/747
f 1196/927/748 247/46/748 1134/867/748
f 1196/927/749 1134/867/749 1132/865/749
f 1195/926/750 1008/746/750 1006/928/750
f 1195/926/751 1006/928/751 1198/929/751
f 1195/926/752 1198/929/752 241/930/752
f 1195/926/753 241/930/753 238/47/753
f 1197/931/754 1005/740/754 1199/932/754
f 1197/931/755 1199/932/755 1200/933/755
f 1197/931/756 1200/933/756 1202/934/756
f 1197/931/757 1202/934/757 240/935/757
f 1202/934/758 1200/933/758 1203/936/758
f 1202/934/759 1203/936/759 1206/937/759
f 1201/938/760 1205/939/760 230/35/760
f 1201/938/761 230/35/761 236/40/761
f 1201/938/762 236/40/762 242/44/762
f 1201/938/763 242/44/763 239/43/763
f 1207/940/764 1204/941/764 1209/942/764
f 1207/940/765 1209/942/765 1211/943/765
f 1205/939/766 1210/944/766 231/36/766
f 1205/939/767 231/36/767 230/35/767
f 1210/944/768 1208/945/768 249/53/768
f 1210/944/769 249/53/769 248/52/769
f 1210/944/770 248/52/770 258/60/770
f 1210/944/771 258/60/771 231/36/771
f 1209/942/772 1212/946/772 1215/947/772
f 1209/942/773 1215/947/773 251/948/773
f 1209/942/774 1204/941/774 1217/949/774
f 1209/942/775 1217/949/775 1212/946/775
f 1217/949/776 1220/950/776 1222/951/776
f 1217/949/777 1222/951/777 1212/946/777
f 1216/952/778 1203/936/778 1200/933/778
f 1216/952/779 1200/933/779 1199/932/779
f 1216/952/780 1199/932/780 1224/953/780
f 1216/952/781 1224/953/781 1219/954/781
f 1223/955/782 1225/956/782 1226/957/782
f 1223/955/783 1226/957/783 1218/958/783
f 1224/953/784 1199/932/784 1005/740/784
f 1224/953/785 1005/740/785 1003/739/785
f 1223/955/786 1002/959/786 1013/960/786
f 1223/955/787 1013/960/787 1225/956/787
f 1226/957/788 1000/736/788 999/735/788
f 1226/957/789 999/735/789 1227/961/789
f 1226/957/790 1227/961/790 1221/962/790
f 1226/957/791 1221/962/791 1218/958/791
f 1226/957/792 1225/956/792 1228/963/792
f 1226/957/793 1228/963/793 1000/736/793
f 1228/963/794 1230/964/794 996/732/794
f 1228/963/795 996/732/795 1000/736/795
f 1228/963/796 1225/956/796 1013/960/796
f 1228/963/797 1013/960/797 1031/965/797
f 1229/966/798 1032/967/798 1029/968/798
f 1229/966/799 1029/968/799 1231/969/799
f 1231/969/800 1029/968/800 1038/970/800
f 1231/969/801 1038/970/801 1233/971/801
f 1230/964/802 1232/972/802 997/733/802
f 1230/964/803 997/733/803 996/732/803
f 1233/971/804 1038/970/804 1234/973/804
f 1233/971/805 1234/973/805 1237/974/805
f 1232/972/806 1236/975/806 989/725/806
f 1232/972/807 989/725/807 997/733/807
f 1238/976/808 1235/977/808 983/711/808
f 1238/976/809 983/711/809 985/714/809
f 1236/975/810 984/718/810 986/717/810
f 1236/975/811 986/717/811 989/725/811
f 1235/977/812 1240/978/812 976/712/812
f 1235/977/813 976/712/813 983/711/813
f 1235/977/814 1039/767/814 1037/766/814
f 1235/977/815 1037/766/815 1240/978/815
f 1239/979/816 1242/980/816 978/981/816
f 1239/979/817 978/981/817 974/982/817
f 1240/978/818 1037/766/818 1035/765/818
f 1240/978/819 1035/765/819 1243/983/819
f 1241/984/820 905/634/820 911/638/820
f 1241/984/821 911/638/821 977/985/821
f 1244/986/822 1036/987/822 908/988/822
f 1244/986/823 908/988/823 906/989/823
f 1227/961/824 999/735/824 1001/737/824
f 1227/961/825 1001/737/825 1245/990/825
f 1227/961/826 1245/990/826 1246/991/826
f 1227/961/827 1246/991/827 1221/962/827
f 1246/991/828 1245/990/828 1015/749/828
f 1246/991/829 1015/749/829 1019/753/829
f 1246/991/830 1019/753/830 1248/992/830
f 1246/991/831 1248/992/831 1213/993/831
f 1247/994/832 1215/947/832 1212/946/832
f 1247/994/833 1212/946/833 1222/951/833
f 1248/992/834 1019/753/834 1018/752/834
f 1248/992/835 1018/752/835 1250/995/835
f 1249/996/836 1251/997/836 1253/998/836
f 1249/996/837 1253/998/837 253/999/837
f 1249/996/838 253/999/838 250/1000/838
f 1249/996/839 250/1000/839 1214/1001/839
f 1253/998/840 1251/997/840 1255/1002/840
f 1253/998/841 1255/1002/841 1257/1003/841
f 1252/1004/842 1256/1005/842 1258/1006/842
f 1252/1004/843 1258/1006/843 256/58/843
f 1252/1004/844 256/58/844 12/51/844
f 1252/1004/845 12/51/845 252/54/845
f 1258/1006/846 1256/1005/846 1259/1007/846
f 1258/1006/847 1259/1007/847 1261/1008/847
f 1258/1006/848 1261/1008/848 1262/1009/848
f 1258/1006/849 1262/1009/849 1263/1010/849
f 1258/1006/850 1263/1010/850 257/59/850
f 1258/1006/851 257/59/851 256/58/851
f 1263/1010/852 1262/1009/852 1264/1011/852
f 1263/1010/853 1264/1011/853 1266/1012/853
f 1263/1010/854 1266/1012/854 1268/1013/854
f 1263/1010/855 1268/1013/855 257/59/855
f 1269/1014/856 1267/1015/856 1270/1016/856
f 1269/1014/857 1270/1016/857 1271/1017/857
f 1269/1014/858 1271/1017/858 1272/1018/858
f 1269/1014/859 1272/1018/859 269/1019/859
f 1268/1013/860 268/77/860 254/55/860
f 1268/1013/861 254/55/861 257/59/861
f 1272/1018/862 1271/1017/862 1274/1020/862
f 1272/1018/863 1274/1020/863 1276/1021/863
f 1272/1018/864 1276/1021/864 1278/1022/864
f 1272/1018/865 1278/1022/865 287/93/865
f 1272/1018/866 287/93/866 271/92/866
f 1272/1018/867 271/92/867 269/1019/867
f 1277/1023/868 1275/1024/868 1279/1025/868
f 1277/1023/869 1279/1025/869 1280/1026/869
f 1278/1022/870 1281/1027/870 1283/1028/870
f 1278/1022/871 1283/1028/871 289/98/871
f 1278/1022/872 289/98/872 288/94/872
f 1278/1022/873 288/94/873 287/93/873
f 1282/1029/874 1280/1026/874 1284/1030/874
f 1282/1029/875 1284/1030/875 1286/1031/875
f 1282/1029/876 1286/1031/876 1288/1032/876
f 1282/1029/877 1288/1032/877 1290/1033/877
f 1283/1028/878 1291/1034/878 290/99/878
f 1283/1028/879 290/99/879 289/98/879
f 1290/1033/880 1288/1032/880 1292/1035/880
f 1290/1033/881 1292/1035/881 1294/1036/881
f 1291/1034/882 1295/1037/882 292/100/882
f 1291/1034/883 292/100/883 290/99/883
f 1294/1036/884 1292/1035/884 1296/1038/884
f 1294/1036/885 1296/1038/885 1298/1039/885
f 1295/1037/886 1299/1040/886 1301/1041/886
f 1295/1037/887 1301/1041/887 292/100/887
f 1300/1042/888 1298/1039/888 1302/1043/888
f 1300/1042/889 1302/1043/889 1303/1044/889
f 1300/1042/890 1303/1044/890 359/165/890
f 1300/1042/891 359/165/891 1304/1045/891
f 1300/1042/892 1304/1045/892 293/1046/892
f 1300/1042/893 293/1046/893 291/1047/893
f 1303/1044/894 1302/1043/894 1305/1048/894
f 1303/1044/895 1305/1048/895 1306/1049/895
f 1303/1044/896 1306/1049/896 360/166/896
f 1303/1044/897 360/166/897 359/165/897
f 1306/1049/898 1305/1048/898 1307/1050/898
f 1306/1049/899 1307/1050/899 1308/1051/899
f 1306/1049/900 1308/1051/900 361/167/900
f 1306/1049/901 361/167/901 360/166/901
f 1308/1051/902 1307/1050/902 364/171/902
f 1308/1051/903 364/171/903 363/170/903
f 1308/1051/904 363/170/904 1309/1052/904
f 1308/1051/905 1309/1052/905 361/167/905
f 1309/1052/906 363/170/906 60/169/906
f 1309/1052/907 60/169/907 1310/1053/907
f 1309/1052/908 1310/1053/908 1313/1054/908
f 1309/1052/909 1313/1054/909 1315/1055/909
f 1309/1052/910 1315/1055/910 362/168/910
f 1309/1052/911 362/168/911 361/167/911
f 1315/1055/912 1313/1054/912 1316/1056/912
f 1315/1055/913 1316/1056/913 1318/1057/913
f 1315/1055/914 1318/1057/914 1320/1058/914
f 1315/1055/915 1320/1058/915 362/168/915
f 1320/1058/916 223/27/916 59/163/916
f 1320/1058/917 59/163/917 362/168/917
f 1320/1058/918 1318/1057/918 1321/1059/918
f 1320/1058/919 1321/1059/919 225/30/919
f 1320/1058/920 225/30/920 224/28/920
f 1320/1058/921 224/28/921 223/27/921
f 1322/1060/922 1319/1061/922 1317/1062/922
f 1322/1060/923 1317/1062/923 1323/1063/923
f 1322/1060/924 1323/1063/924 1324/1064/924
f 1322/1060/925 1324/1064/925 1326/1065/925
f 1321/1059/926 1325/1066/926 226/31/926
f 1321/1059/927 226/31/927 225/30/927
f 1326/1065/928 1324/1064/928 1327/1067/928
f 1326/1065/929 1327/1067/929 1329/1068/929
f 1325/1066/930 1328/1069/930 1331/1070/930
f 1325/1066/931 1331/1070/931 226/31/931
f 1331/1070/932 1333/1071/932 8/29/932
f 1331/1070/933 8/29/933 226/31/933
f 1332/1072/934 1330/1073/934 1335/1074/934
f 1332/1072/935 1335/1074/935 1337/1075/935
f 1331/1070/936 1336/1076/936 1338/1077/936
f 1331/1070/937 1338/1077/937 1333/1071/937
f 1338/1077/938 1339/1078/938 1341/1079/938
f 1338/1077/939 1341/1079/939 1333/1071/939
f 1338/1077/940 1336/1076/940 1343/1080/940
f 1338/1077/941 1343/1080/941 1346/1081/941
f 1338/1077/942 1346/1081/942 1347/1082/942
f 1338/1077/943 1347/1082/943 1339/1078/943
f 1348/1083/944 1350/1084/944 1352/1085/944
f 1348/1083/945 1352/1085/945 1340/1086/945
f 1347/1082/946 1346/1081/946 1353/1087/946
f 1347/1082/947 1353/1087/947 1354/1088/947
f 1347/1082/948 1354/1088/948 1356/1089/948
f 1347/1082/949 1356/1089/949 1349/1090/949
f 1357/1091/950 1358/1092/950 1359/1093/950
f 1357/1091/951 1359/1093/951 1350/1084/951
f 1357/1091/952 1355/1094/952 213/8/952
f 1357/1091/953 213/8/953 211/7/953
f 1357/1091/954 211/7/954 1140/873/954
f 1357/1091/955 1140/873/955 1358/1092/955
f 1359/1093/956 1360/1095/956 246/45/956
f 1359/1093/957 246/45/957 1362/1096/957
f 1359/1093/958 1362/1096/958 1352/1085/958
f 1359/1093/959 1352/1085/959 1350/1084/959
f 1359/1093/960 1358/1092/960 1137/870/960
f 1359/1093/961 1137/870/961 1360/1095/961
f 1362/1096/962 246/45/962 245/50/962
f 1362/1096/963 245/50/963 1364/1097/963
f 1361/1098/964 1363/1099/964 1365/1100/964
f 1361/1098/965 1365/1100/965 1351/1101/965
f 1365/1100/966 1363/1099/966 1367/1102/966
f 1365/1100/967 1367/1102/967 1369/1103/967
f 1366/1104/968 1370/1105/968 228/1106/968
f 1366/1104/969 228/1106/969 1342/1107/969
f 1366/1104/970 1342/1107/970 1340/1086/970
f 1366/1104/971 1340/1086/971 1352/1085/971
f 1369/1103/972 1367/1102/972 1371/1108/972
f 1369/1103/973 1371/1108/973 1374/1109/973
f 1368/1110/974 1373/1111/974 229/33/974
f 1368/1110/975 229/33/975 227/32/975
f 1375/1112/976 1372/1113/976 286/1114/976
f 1375/1112/977 286/1114/977 1377/1115/977
f 1373/1111/978 1376/1116/978 357/162/978
f 1373/1111/979 357/162/979 229/33/979
f 1377/1115/980 286/1114/980 276/1117/980
f 1377/1115/981 276/1117/981 1379/1118/981
f 1376/1116/982 1378/1119/982 355/160/982
f 1376/1116/983 355/160/983 357/162/983
f 1379/1118/984 276/1117/984 273/1120/984
f 1379/1118/985 273/1120/985 1381/1121/985
f 1378/1119/986 1380/1122/986 356/161/986
f 1378/1119/987 356/161/987 355/160/987
f 1382/1123/988 274/1124/988 31/1125/988
f 1382/1123/989 31/1125/989 1384/1126/989
f 1380/1122/990 1383/1127/990 358/164/990
f 1380/1122/991 358/164/991 356/161/991
f 1371/1108/992 1386/1128/992 277/83/992
f 1371/1108/993 277/83/993 285/90/993
f 1371/1108/994 1367/1102/994 1388/1129/994
f 1371/1108/995 1388/1129/995 1386/1128/995
f 1389/1130/996 1391/1131/996 1395/1132/996
f 1389/1130/997 1395/1132/997 1387/1133/997
f 1388/1129/998 1367/1102/998 1363/1099/998
f 1388/1129/999 1363/1099/999 244/1134/999
f 1389/1130/1000 245/50/1000 243/49/1000
f 1389/1130/1001 243/49/1001 1391/1131/1001
f 1393/1135/1002 234/1136/1002 284/88/1002
f 1393/1135/1003 284/88/1003 278/87/1003
f 1394/1137/1004 279/84/1004 277/83/1004
f 1394/1137/1005 277/83/1005 1386/1128/1005
f 1392/1138/1006 1390/1139/1006 235/39/1006
f 1392/1138/1007 235/39/1007 233/38/1007
f 1390/1139/1008 242/44/1008 236/40/1008
f 1390/1139/1009 236/40/1009 235/39/1009
f 1360/1095/1010 1134/867/1010 247/46/1010
f 1360/1095/1011 247/46/1011 246/45/1011
f 1360/1095/1012 1137/870/1012 1135/868/1012
f 1360/1095/1013 1135/868/1013 1134/867/1013
f 1358/1092/1014 1140/873/1014 1138/871/1014
f 1358/1092/1015 1138/871/1015 1137/870/1015
f 1354/1088/1016 1353/1087/1016 214/11/1016
f 1354/1088/1017 214/11/1017 212/10/1017
f 1353/1087/1018 1346/1081/1018 1343/1080/1018
f 1353/1087/1019 1343/1080/1019 1396/1140/1019
f 1353/1087/1020 1396/1140/1020 215/22/1020
f 1353/1087/1021 215/22/1021 214/11/1021
f 1397/1141/1022 1344/1142/1022 1398/1143/1022
f 1397/1141/1023 1398/1143/1023 1400/1144/1023
f 1397/1141/1024 1400/1144/1024 217/15/1024
f 1397/1141/1025 217/15/1025 216/14/1025
f 1400/1144/1026 1398/1143/1026 1401/1145/1026
f 1400/1144/1027 1401/1145/1027 1152/885/1027
f 1400/1144/1028 1152/885/1028 1150/883/1028
f 1400/1144/1029 1150/883/1029 217/15/1029
f 1401/1145/1030 1398/1143/1030 1334/1146/1030
f 1401/1145/1031 1334/1146/1031 1402/1147/1031
f 1401/1145/1032 1402/1147/1032 1403/1148/1032
f 1401/1145/1033 1403/1148/1033 1155/888/1033
f 1401/1145/1034 1155/888/1034 1153/886/1034
f 1401/1145/1035 1153/886/1035 1152/885/1035
f 1403/1148/1036 1402/1147/1036 1327/1067/1036
f 1403/1148/1037 1327/1067/1037 1404/1149/1037
f 1403/1148/1038 1404/1149/1038 1405/1150/1038
f 1403/1148/1039 1405/1150/1039 1158/891/1039
f 1403/1148/1040 1158/891/1040 1156/889/1040
f 1403/1148/1041 1156/889/1041 1155/888/1041
f 1405/1150/1042 1404/1149/1042 1406/1151/1042
f 1405/1150/1043 1406/1151/1043 1407/1152/1043
f 1405/1150/1044 1407/1152/1044 1408/1153/1044
f 1405/1150/1045 1408/1153/1045 1161/894/1045
f 1405/1150/1046 1161/894/1046 1159/892/1046
f 1405/1150/1047 1159/892/1047 1158/891/1047
f 1408/1153/1048 1407/1152/1048 1409/1154/1048
f 1408/1153/1049 1409/1154/1049 1410/1155/1049
f 1408/1153/1050 1410/1155/1050 1411/1156/1050
f 1408/1153/1051 1411/1156/1051 1164/897/1051
f 1408/1153/1052 1164/897/1052 1162/895/1052
f 1408/1153/1053 1162/895/1053 1161/894/1053
f 1411/1156/1054 1410/1155/1054 1412/1157/1054
f 1411/1156/1055 1412/1157/1055 1413/1158/1055
f 1411/1156/1056 1413/1158/1056 1414/1159/1056
f 1411/1156/1057 1414/1159/1057 1415/1160/1057
f 1411/1156/1058 1415/1160/1058 1165/898/1058
f 1411/1156/1059 1165/898/1059 1164/897/1059
f 1415/1160/1060 1414/1159/1060 1417/1161/1060
f 1415/1160/1061 1417/1161/1061 1419/1162/1061
f 1415/1160/1062 1419/1162/1062 1166/899/1062
f 1415/1160/1063 1166/899/1063 1165/898/1063
f 1420/1163/1064 1418/1164/1064 1422/1165/1064
f 1420/1163/1065 1422/1165/1065 1425/1166/1065
f 1419/1162/1066 1424/1167/1066 1170/901/1066
f 1419/1162/1067 1170/901/1067 1166/899/1067
f 1423/1168/1068 1421/1169/1068 919/647/1068
f 1423/1168/1069 919/647/1069 1426/1170/1069
f 1423/1168/1070 1426/1170/1070 1173/908/1070
f 1423/1168/1071 1173/908/1071 1168/1171/1071
f 1426/1170/1072 919/647/1072 914/642/1072
f 1426/1170/1073 914/642/1073 1427/1172/1073
f 1426/1170/1074 1427/1172/1074 1177/909/1074
f 1426/1170/1075 1177/909/1075 1173/908/1075
f 1427/1172/1076 914/642/1076 912/639/1076
f 1427/1172/1077 912/639/1077 1428/1173/1077
f 1427/1172/1078 1428/1173/1078 1179/911/1078
f 1427/1172/1079 1179/911/1079 1177/909/1079
f 1428/1173/1080 912/639/1080 909/636/1080
f 1428/1173/1081 909/636/1081 1429/1174/1081
f 1428/1173/1082 1429/1174/1082 1431/1175/1082
f 1428/1173/1083 1431/1175/1083 1179/911/1083
f 1432/1176/1084 1430/1177/1084 1028/759/1084
f 1432/1176/1085 1028/759/1085 1026/758/1085
f 1432/1176/1086 1026/758/1086 1190/923/1086
f 1432/1176/1087 1190/923/1087 1184/1178/1087
f 1431/1175/1088 1182/914/1088 1180/912/1088
f 1431/1175/1089 1180/912/1089 1179/911/1089
f 1429/1174/1090 909/636/1090 907/635/1090
f 1429/1174/1091 907/635/1091 1027/1179/1091
f 1421/1169/1092 1416/1180/1092 1433/1181/1092
f 1421/1169/1093 1433/1181/1093 1435/1182/1093
f 1421/1169/1094 1435/1182/1094 917/645/1094
f 1421/1169/1095 917/645/1095 919/647/1095
f 1435/1182/1096 1433/1181/1096 1436/1183/1096
f 1435/1182/1097 1436/1183/1097 1439/1184/1097
f 1435/1182/1098 1439/1184/1098 918/646/1098
f 1435/1182/1099 918/646/1099 917/645/1099
f 1439/1184/1100 1436/1183/1100 897/631/1100
f 1439/1184/1101 897/631/1101 903/630/1101
f 1439/1184/1102 903/630/1102 1440/1185/1102
f 1439/1184/1103 1440/1185/1103 918/646/1103
f 1440/1185/1104 903/630/1104 902/629/1104
f 1440/1185/1105 902/629/1105 1441/1186/1105
f 1440/1185/1106 1441/1186/1106 1442/1187/1106
f 1440/1185/1107 1442/1187/1107 1443/1188/1107
f 1440/1185/1108 1443/1188/1108 915/643/1108
f 1440/1185/1109 915/643/1109 918/646/1109
f 1443/1188/1110 1442/1187/1110 1444/1189/1110
f 1443/1188/1111 1444/1189/1111 1445/1190/1111
f 1443/1188/1112 1445/1190/1112 916/644/1112
f 1443/1188/1113 916/644/1113 915/643/1113
f 1445/1190/1114 1444/1189/1114 1446/1191/1114
f 1445/1190/1115 1446/1191/1115 1447/1192/1115
f 1445/1190/1116 1447/1192/1116 982/707/1116
f 1445/1190/1117 982/707/1117 916/644/1117
f 1447/1192/1118 1446/1191/1118 929/1193/1118
f 1447/1192/1119 929/1193/1119 923/1194/1119
f 1447/1192/1120 923/1194/1120 921/708/1120
f 1447/1192/1121 921/708/1121 982/707/1121
f 1446/1191/1122 1444/1189/1122 1448/1195/1122
f 1446/1191/1123 1448/1195/1123 1449/1196/1123
f 1446/1191/1124 1449/1196/1124 1450/1197/1124
f 1446/1191/1125 1450/1197/1125 929/1193/1125
f 1451/1198/1126 1453/1199/1126 926/652/1126
f 1451/1198/1127 926/652/1127 930/654/1127
f 1450/1197/1128 1449/1196/1128 1454/1200/1128
f 1450/1197/1129 1454/1200/1129 1455/1201/1129
f 1450/1197/1130 1455/1201/1130 1456/1202/1130
f 1450/1197/1131 1456/1202/1131 1452/1203/1131
f 1456/1202/1132 1457/1204/1132 1458/1205/1132
f 1456/1202/1133 1458/1205/1133 1460/1206/1133
f 1456/1202/1134 1460/1206/1134 1461/1207/1134
f 1456/1202/1135 1461/1207/1135 1452/1203/1135
f 1456/1202/1136 1455/1201/1136 1463/1208/1136
f 1456/1202/1137 1463/1208/1137 1457/1204/1137
f 1463/1208/1138 969/1209/1138 1464/1210/1138
f 1463/1208/1139 1464/1210/1139 1457/1204/1139
f 1463/1208/1140 1455/1201/1140 1454/1200/1140
f 1463/1208/1141 1454/1200/1141 972/696/1141
f 1463/1208/1142 972/696/1142 168/695/1142
f 1463/1208/1143 168/695/1143 969/1209/1143
f 1465/1211/1144 953/1212/1144 951/1213/1144
f 1465/1211/1145 951/1213/1145 1467/1214/1145
f 1464/1210/1146 1466/1215/1146 1458/1205/1146
f 1464/1210/1147 1458/1205/1147 1457/1204/1147
f 1465/1211/1148 970/1216/1148 955/1217/1148
f 1465/1211/1149 955/1217/1149 953/1212/1149
f 1467/1214/1150 951/1213/1150 946/1218/1150
f 1467/1214/1151 946/1218/1151 944/1219/1151
f 1467/1214/1152 944/1219/1152 1469/1220/1152
f 1467/1214/1153 1469/1220/1153 1459/1221/1153
f 1469/1220/1154 944/1219/1154 942/1222/1154
f 1469/1220/1155 942/1222/1155 1472/1223/1155
f 1468/1224/1156 1470/1225/1156 1473/1226/1156
f 1468/1224/1157 1473/1226/1157 1474/1227/1157
f 1468/1224/1158 1474/1227/1158 1460/1206/1158
f 1468/1224/1159 1460/1206/1159 1458/1205/1159
f 1474/1227/1160 1473/1226/1160 1475/1228/1160
f 1474/1227/1161 1475/1228/1161 1476/1229/1161
f 1474/1227/1162 1476/1229/1162 1461/1207/1162
f 1474/1227/1163 1461/1207/1163 1460/1206/1163
f 1476/1229/1164 1475/1228/1164 1478/1230/1164
f 1476/1229/1165 1478/1230/1165 1480/1231/1165
f 1477/1232/1166 1481/1233/1166 928/653/1166
f 1477/1232/1167 928/653/1167 1462/1234/1167
f 1481/1233/1168 1479/1235/1168 1483/1236/1168
f 1481/1233/1169 1483/1236/1169 1484/1237/1169
f 1481/1233/1170 1484/1237/1170 920/649/1170
f 1481/1233/1171 920/649/1171 928/653/1171
f 1482/1238/1172 1478/1230/1172 1485/1239/1172
f 1482/1238/1173 1485/1239/1173 1486/1240/1173
f 1483/1236/1174 1488/1241/1174 1022/1242/1174
f 1483/1236/1175 1022/1242/1175 992/727/1175
f 1483/1236/1176 992/727/1176 990/726/1176
f 1483/1236/1177 990/726/1177 1484/1237/1177
f 1486/1240/1178 1485/1239/1178 1489/1243/1178
f 1486/1240/1179 1489/1243/1179 1490/1244/1179
f 1487/1245/1180 1491/1246/1180 1024/1247/1180
f 1487/1245/1181 1024/1247/1181 1021/1248/1181
f 1490/1244/1182 1489/1243/1182 1492/1249/1182
f 1490/1244/1183 1492/1249/1183 1493/1250/1183
f 1491/1246/1184 1494/1251/1184 1496/1252/1184
f 1491/1246/1185 1496/1252/1185 1024/1247/1185
f 1496/1252/1186 1494/1251/1186 1498/1253/1186
f 1496/1252/1187 1498/1253/1187 1501/1254/1187
f 1495/1255/1188 1500/1256/1188 1503/1257/1188
f 1495/1255/1189 1503/1257/1189 1504/1258/1189
f 1495/1255/1190 1504/1258/1190 1016/750/1190
f 1495/1255/1191 1016/750/1191 1023/755/1191
f 1504/1258/1192 1503/1257/1192 1505/1259/1192
f 1504/1258/1193 1505/1259/1193 1506/1260/1193
f 1504/1258/1194 1506/1260/1194 1017/751/1194
f 1504/1258/1195 1017/751/1195 1016/750/1195
f 1506/1260/1196 1505/1259/1196 1507/1261/1196
f 1506/1260/1197 1507/1261/1197 1509/1262/1197
f 1506/1260/1198 1509/1262/1198 1254/1263/1198
f 1506/1260/1199 1254/1263/1199 1017/751/1199
f 1510/1264/1200 1508/1265/1200 1512/1266/1200
f 1510/1264/1201 1512/1266/1201 1260/1267/1201
f 1510/1264/1202 1260/1267/1202 1257/1003/1202
f 1510/1264/1203 1257/1003/1203 1255/1002/1203
f 1512/1266/1204 1508/1265/1204 1514/1268/1204
f 1512/1266/1205 1514/1268/1205 1516/1269/1205
f 1511/1270/1206 1515/1271/1206 1517/1272/1206
f 1511/1270/1207 1517/1272/1207 1518/1273/1207
f 1511/1270/1208 1518/1273/1208 1261/1008/1208
f 1511/1270/1209 1261/1008/1209 1259/1007/1209
f 1518/1273/1210 1517/1272/1210 1519/1274/1210
f 1518/1273/1211 1519/1274/1211 1520/1275/1211
f 1518/1273/1212 1520/1275/1212 1262/1009/1212
f 1518/1273/1213 1262/1009/1213 1261/1008/1213
f 1520/1275/1214 1519/1274/1214 1521/1276/1214
f 1520/1275/1215 1521/1276/1215 1523/1277/1215
f 1520/1275/1216 1523/1277/1216 1264/1011/1216
f 1520/1275/1217 1264/1011/1217 1262/1009/1217
f 1524/1278/1218 1522/1279/1218 1526/1280/1218
f 1524/1278/1219 1526/1280/1219 1529/1281/1219
f 1524/1278/1220 1529/1281/1220 1530/1282/1220
f 1524/1278/1221 1530/1282/1221 1265/1283/1221
f 1530/1282/1222 1529/1281/1222 1532/1284/1222
f 1530/1282/1223 1532/1284/1223 1534/1285/1223
f 1530/1282/1224 1534/1285/1224 1536/1286/1224
f 1530/1282/1225 1536/1286/1225 1270/1016/1225
f 1530/1282/1226 1270/1016/1226 1267/1015/1226
f 1530/1282/1227 1267/1015/1227 1265/1283/1227
f 1535/1287/1228 1533/1288/1228 1537/1289/1228
f 1535/1287/1229 1537/1289/1229 1538/1290/1229
f 1535/1287/1230 1538/1290/1230 1539/1291/1230
f 1535/1287/1231 1539/1291/1231 1273/1292/1231
f 1536/1286/1232 1274/1020/1232 1271/1017/1232
f 1536/1286/1233 1271/1017/1233 1270/1016/1233
f 1539/1291/1234 1538/1290/1234 1540/1293/1234
f 1539/1291/1235 1540/1293/1235 1541/1294/1235
f 1539/1291/1236 1541/1294/1236 1542/1295/1236
f 1539/1291/1237 1542/1295/1237 1279/1025/1237
f 1539/1291/1238 1279/1025/1238 1275/1024/1238
f 1539/1291/1239 1275/1024/1239 1273/1292/1239
f 1542/1295/1240 1541/1294/1240 1543/1296/1240
f 1542/1295/1241 1543/1296/1241 1544/1297/1241
f 1542/1295/1242 1544/1297/1242 1545/1298/1242
f 1542/1295/1243 1545/1298/1243 1284/1030/1243
f 1542/1295/1244 1284/1030/1244 1280/1026/1244
f 1542/1295/1245 1280/1026/1245 1279/1025/1245
f 1545/1298/1246 1544/1297/1246 1547/1299/1246
f 1545/1298/1247 1547/1299/1247 1550/1300/1247
f 1546/1301/1248 1551/1302/1248 1552/1303/1248
f 1546/1301/1249 1552/1303/1249 1553/1304/1249
f 1546/1301/1250 1553/1304/1250 1287/1305/1250
f 1546/1301/1251 1287/1305/1251 1285/1306/1251
f 1553/1304/1252 1552/1303/1252 1554/1307/1252
f 1553/1304/1253 1554/1307/1253 1555/1308/1253
f 1553/1304/1254 1555/1308/1254 1289/1309/1254
f 1553/1304/1255 1289/1309/1255 1287/1305/1255
f 1555/1308/1256 1554/1307/1256 39/1310/1256
f 1555/1308/1257 39/1310/1257 307/1311/1257
f 1555/1308/1258 307/1311/1258 1293/1312/1258
f 1555/1308/1259 1293/1312/1259 1289/1309/1259
f 1554/1307/1260 1552/1303/1260 1556/1313/1260
f 1554/1307/1261 1556/1313/1261 1557/1314/1261
f 1554/1307/1262 1557/1314/1262 296/1315/1262
f 1554/1307/1263 296/1315/1263 39/1310/1263
f 1557/1314/1264 1556/1313/1264 332/1316/1264
f 1557/1314/1265 332/1316/1265 330/1317/1265
f 1557/1314/1266 330/1317/1266 315/1318/1266
f 1557/1314/1267 315/1318/1267 296/1315/1267
f 1556/1313/1268 1552/1303/1268 1551/1302/1268
f 1556/1313/1269 1551/1302/1269 339/1319/1269
f 1556/1313/1270 339/1319/1270 336/1320/1270
f 1556/1313/1271 336/1320/1271 332/1316/1271
f 1551/1302/1272 1549/1321/1272 342/1322/1272
f 1551/1302/1273 342/1322/1273 339/1319/1273
f 1547/1299/1274 1544/1297/1274 1543/1296/1274
f 1547/1299/1275 1543/1296/1275 1558/1323/1275
f 1548/1324/1276 1559/1325/1276 346/1326/1276
f 1548/1324/1277 346/1326/1277 341/1327/1277
f 1558/1323/1278 1543/1296/1278 1560/1328/1278
f 1558/1323/1279 1560/1328/1279 1561/1329/1279
f 1559/1325/1280 1562/1330/1280 1564/1331/1280
f 1559/1325/1281 1564/1331/1281 346/1326/1281
f 1564/1331/1282 1562/1330/1282 1566/1332/1282
f 1564/1331/1283 1566/1332/1283 1569/1333/1283
f 1563/1334/1284 1568/1335/1284 1571/1336/1284
f 1563/1334/1285 1571/1336/1285 1572/1337/1285
f 1563/1334/1286 1572/1337/1286 343/149/1286
f 1563/1334/1287 343/149/1287 345/152/1287
f 1572/1337/1288 1571/1336/1288 1573/1338/1288
f 1572/1337/1289 1573/1338/1289 1574/1339/1289
f 1572/1337/1290 1574/1339/1290 344/150/1290
f 1572/1337/1291 344/150/1291 343/149/1291
f 1574/1339/1292 1573/1338/1292 1575/1340/1292
f 1574/1339/1293 1575/1340/1293 1577/1341/1293
f 1574/1339/1294 1577/1341/1294 1580/1342/1294
f 1574/1339/1295 1580/1342/1295 344/150/1295
f 1581/1343/1296 1579/1344/1296 1584/1345/1296
f 1581/1343/1297 1584/1345/1297 1586/1346/1297
f 1581/1343/1298 1586/1346/1298 582/352/1298
f 1581/1343/1299 582/352/1299 580/351/1299
f 1580/1342/1300 578/1347/1300 322/151/1300
f 1580/1342/1301 322/151/1301 344/150/1301
f 1585/1348/1302 1582/1349/1302 1587/1350/1302
f 1585/1348/1303 1587/1350/1303 1588/1351/1303
f 1585/1348/1304 1588/1351/1304 162/655/1304
f 1585/1348/1305 162/655/1305 581/1352/1305
f 1588/1351/1306 1587/1350/1306 1589/1353/1306
f 1588/1351/1307 1589/1353/1307 947/671/1307
f 1588/1351/1308 947/671/1308 931/656/1308
f 1588/1351/1309 931/656/1309 162/655/1309
f 1589/1353/1310 1587/1350/1310 1590/1354/1310
f 1589/1353/1311 1590/1354/1311 1591/1355/1311
f 1589/1353/1312 1591/1355/1312 1592/1356/1312
f 1589/1353/1313 1592/1356/1313 1593/1357/1313
f 1589/1353/1314 1593/1357/1314 948/672/1314
f 1589/1353/1315 948/672/1315 947/671/1315
f 1593/1357/1316 1592/1356/1316 1594/1358/1316
f 1593/1357/1317 1594/1358/1317 1596/1359/1317
f 1593/1357/1318 1596/1359/1318 1598/1360/1318
f 1593/1357/1319 1598/1360/1319 948/672/1319
f 1599/1361/1320 1597/1362/1320 1601/1363/1320
f 1599/1361/1321 1601/1363/1321 1603/1364/1321
f 1599/1361/1322 1603/1364/1322 1471/1365/1322
f 1599/1361/1323 1471/1365/1323 941/1366/1323
f 1598/1360/1324 940/668/1324 166/667/1324
f 1598/1360/1325 166/667/1325 948/672/1325
f 1602/1367/1326 1600/1368/1326 1604/1369/1326
f 1602/1367/1327 1604/1369/1327 1605/1370/1327
f 1602/1367/1328 1605/1370/1328 1473/1226/1328
f 1602/1367/1329 1473/1226/1329 1470/1225/1329
f 1605/1370/1330 1604/1369/1330 1606/1371/1330
f 1605/1370/1331 1606/1371/1331 1607/1372/1331
f 1605/1370/1332 1607/1372/1332 1475/1228/1332
f 1605/1370/1333 1475/1228/1333 1473/1226/1333
f 1607/1372/1334 1606/1371/1334 1489/1243/1334
f 1607/1372/1335 1489/1243/1335 1485/1239/1335
f 1607/1372/1336 1485/1239/1336 1478/1230/1336
f 1607/1372/1337 1478/1230/1337 1475/1228/1337
f 1606/1371/1338 1604/1369/1338 1608/1373/1338
f 1606/1371/1339 1608/1373/1339 1609/1374/1339
f 1606/1371/1340 1609/1374/1340 1492/1249/1340
f 1606/1371/1341 1492/1249/1341 1489/1243/1341
f 1609/1374/1342 1608/1373/1342 1610/1375/1342
f 1609/1374/1343 1610/1375/1343 1611/1376/1343
f 1609/1374/1344 1611/1376/1344 1612/1377/1344
f 1609/1374/1345 1612/1377/1345 1492/1249/1345
f 1612/1377/1346 1611/1376/1346 1613/1378/1346
f 1612/1377/1347 1613/1378/1347 1614/1379/1347
f 1612/1377/1348 1614/1379/1348 1615/1380/1348
f 1612/1377/1349 1615/1380/1349 1497/1381/1349
f 1612/1377/1350 1497/1381/1350 1493/1250/1350
f 1612/1377/1351 1493/1250/1351 1492/1249/1351
f 1615/1380/1352 1614/1379/1352 1617/1382/1352
f 1615/1380/1353 1617/1382/1353 1618/1383/1353
f 1616/1384/1354 1619/1385/1354 1621/1386/1354
f 1616/1384/1355 1621/1386/1355 1623/1387/1355
f 1616/1384/1356 1623/1387/1356 1502/1388/1356
f 1616/1384/1357 1502/1388/1357 1499/1389/1357
f 1622/1390/1358 1620/1391/1358 1624/1392/1358
f 1622/1390/1359 1624/1392/1359 1625/1393/1359
f 1622/1390/1360 1625/1393/1360 1503/1257/1360
f 1622/1390/1361 1503/1257/1361 1500/1256/1361
f 1625/1393/1362 1624/1392/1362 1626/1394/1362
f 1625/1393/1363 1626/1394/1363 1627/1395/1363
f 1625/1393/1364 1627/1395/1364 1505/1259/1364
f 1625/1393/1365 1505/1259/1365 1503/1257/1365
f 1627/1395/1366 1626/1394/1366 1628/1396/1366
f 1627/1395/1367 1628/1396/1367 1513/1397/1367
f 1627/1395/1368 1513/1397/1368 1507/1261/1368
f 1627/1395/1369 1507/1261/1369 1505/1259/1369
f 1628/1396/1370 1626/1394/1370 1630/1398/1370
f 1628/1396/1371 1630/1398/1371 1631/1399/1371
f 1629/1400/1372 1632/1401/1372 1634/1402/1372
f 1629/1400/1373 1634/1402/1373 1636/1403/1373
f 1629/1400/1374 1636/1403/1374 1516/1269/1374
f 1629/1400/1375 1516/1269/1375 1514/1268/1375
f 1635/1404/1376 1633/1405/1376 1637/1406/1376
f 1635/1404/1377 1637/1406/1377 1638/1407/1377
f 1635/1404/1378 1638/1407/1378 1517/1272/1378
f 1635/1404/1379 1517/1272/1379 1515/1271/1379
f 1638/1407/1380 1637/1406/1380 1639/1408/1380
f 1638/1407/1381 1639/1408/1381 1640/1409/1381
f 1638/1407/1382 1640/1409/1382 1519/1274/1382
f 1638/1407/1383 1519/1274/1383 1517/1272/1383
f 1640/1409/1384 1639/1408/1384 1641/1410/1384
f 1640/1409/1385 1641/1410/1385 1642/1411/1385
f 1640/1409/1386 1642/1411/1386 1521/1276/1386
f 1640/1409/1387 1521/1276/1387 1519/1274/1387
f 1642/1411/1388 1641/1410/1388 1643/1412/1388
f 1642/1411/1389 1643/1412/1389 1645/1413/1389
f 1642/1411/1390 1645/1413/1390 1525/1414/1390
f 1642/1411/1391 1525/1414/1391 1521/1276/1391
f 1646/1415/1392 1644/1416/1392 1648/1417/1392
f 1646/1415/1393 1648/1417/1393 1650/1418/1393
f 1646/1415/1394 1650/1418/1394 1652/1419/1394
f 1646/1415/1395 1652/1419/1395 1527/1420/1395
f 1651/1421/1396 1649/1422/1396 1653/1423/1396
f 1651/1421/1397 1653/1423/1397 1654/1424/1397
f 1651/1421/1398 1654/1424/1398 1655/1425/1398
f 1651/1421/1399 1655/1425/1399 1531/1426/1399
f 1651/1421/1400 1531/1426/1400 1528/1427/1400
f 1651/1421/1401 1528/1427/1401 1525/1414/1401
f 1655/1425/1402 1654/1424/1402 1656/1428/1402
f 1655/1425/1403 1656/1428/1403 1657/1429/1403
f 1655/1425/1404 1657/1429/1404 1658/1430/1404
f 1655/1425/1405 1658/1430/1405 1537/1289/1405
f 1655/1425/1406 1537/1289/1406 1533/1288/1406
f 1655/1425/1407 1533/1288/1407 1531/1426/1407
f 1658/1430/1408 1657/1429/1408 1659/1431/1408
f 1658/1430/1409 1659/1431/1409 1660/1432/1409
f 1658/1430/1410 1660/1432/1410 1560/1328/1410
f 1658/1430/1411 1560/1328/1411 1540/1293/1411
f 1658/1430/1412 1540/1293/1412 1538/1290/1412
f 1658/1430/1413 1538/1290/1413 1537/1289/1413
f 1660/1432/1414 1659/1431/1414 1661/1433/1414
f 1660/1432/1415 1661/1433/1415 1565/1434/1415
f 1660/1432/1416 1565/1434/1416 1561/1329/1416
f 1660/1432/1417 1561/1329/1417 1560/1328/1417
f 1661/1433/1418 1659/1431/1418 1663/1435/1418
f 1661/1433/1419 1663/1435/1419 1665/1436/1419
f 1662/1437/1420 1667/1438/1420 1669/1439/1420
f 1662/1437/1421 1669/1439/1421 1671/1440/1421
f 1662/1437/1422 1671/1440/1422 1570/1441/1422
f 1662/1437/1423 1570/1441/1423 1567/1442/1423
f 1670/1443/1424 1668/1444/1424 1672/1445/1424
f 1670/1443/1425 1672/1445/1425 1673/1446/1425
f 1670/1443/1426 1673/1446/1426 1571/1336/1426
f 1670/1443/1427 1571/1336/1427 1568/1335/1427
f 1673/1446/1428 1672/1445/1428 1674/1447/1428
f 1673/1446/1429 1674/1447/1429 1675/1448/1429
f 1673/1446/1430 1675/1448/1430 1573/1338/1430
f 1673/1446/1431 1573/1338/1431 1571/1336/1431
f 1675/1448/1432 1674/1447/1432 1676/1449/1432
f 1675/1448/1433 1676/1449/1433 1678/1450/1433
f 1675/1448/1434 1678/1450/1434 1575/1340/1434
f 1675/1448/1435 1575/1340/1435 1573/1338/1435
f 1679/1451/1436 1677/1452/1436 1683/1453/1436
f 1679/1451/1437 1683/1453/1437 1685/1454/1437
f 1679/1451/1438 1685/1454/1438 1687/1455/1438
f 1679/1451/1439 1687/1455/1439 1576/1456/1439
f 1686/1457/1440 1684/1458/1440 1688/1459/1440
f 1686/1457/1441 1688/1459/1441 1590/1354/1441
f 1686/1457/1442 1590/1354/1442 1587/1350/1442
f 1686/1457/1443 1587/1350/1443 1582/1349/1443
f 1687/1455/1444 1583/1460/1444 1578/1461/1444
f 1687/1455/1445 1578/1461/1445 1576/1456/1445
f 1688/1459/1446 1684/1458/1446 1680/1462/1446
f 1688/1459/1447 1680/1462/1447 1689/1463/1447
f 1688/1459/1448 1689/1463/1448 1691/1464/1448
f 1688/1459/1449 1691/1464/1449 1692/1465/1449
f 1688/1459/1450 1692/1465/1450 1591/1355/1450
f 1688/1459/1451 1591/1355/1451 1590/1354/1451
f 1692/1465/1452 1691/1464/1452 1693/1466/1452
f 1692/1465/1453 1693/1466/1453 1694/1467/1453
f 1692/1465/1454 1694/1467/1454 1592/1356/1454
f 1692/1465/1455 1592/1356/1455 1591/1355/1455
f 1694/1467/1456 1693/1466/1456 1695/1468/1456
f 1694/1467/1457 1695/1468/1457 1696/1469/1457
f 1694/1467/1458 1696/1469/1458 1594/1358/1458
f 1694/1467/1459 1594/1358/1459 1592/1356/1459
f 1696/1469/1460 1695/1468/1460 1698/1470/1460
f 1696/1469/1461 1698/1470/1461 1699/1471/1461
f 1697/1472/1462 1700/1473/1462 1702/1474/1462
f 1697/1472/1463 1702/1474/1463 1595/1475/1463
f 1701/1476/1464 1699/1471/1464 1610/1375/1464
f 1701/1476/1465 1610/1375/1465 1608/1373/1465
f 1701/1476/1466 1608/1373/1466 1604/1369/1466
f 1701/1476/1467 1604/1369/1467 1600/1368/1467
f 1702/1474/1468 1601/1363/1468 1597/1362/1468
f 1702/1474/1469 1597/1362/1469 1595/1475/1469
f 1699/1471/1470 1698/1470/1470 1703/1477/1470
f 1699/1471/1471 1703/1477/1471 1610/1375/1471
f 1703/1477/1472 1698/1470/1472 1704/1478/1472
f 1703/1477/1473 1704/1478/1473 1705/1479/1473
f 1703/1477/1474 1705/1479/1474 1706/1480/1474
f 1703/1477/1475 1706/1480/1475 1613/1378/1475
f 1703/1477/1476 1613/1378/1476 1611/1376/1476
f 1703/1477/1477 1611/1376/1477 1610/1375/1477
f 1706/1480/1478 1705/1479/1478 1707/1481/1478
f 1706/1480/1479 1707/1481/1479 1708/1482/1479
f 1706/1480/1480 1708/1482/1480 1709/1483/1480
f 1706/1480/1481 1709/1483/1481 1617/1382/1481
f 1706/1480/1482 1617/1382/1482 1614/1379/1482
f 1706/1480/1483 1614/1379/1483 1613/1378/1483
f 1709/1483/1484 1708/1482/1484 1710/1484/1484
f 1709/1483/1485 1710/1484/1485 1711/1485/1485
f 1709/1483/1486 1711/1485/1486 1712/1486/1486
f 1709/1483/1487 1712/1486/1487 1713/1487/1487
f 1709/1483/1488 1713/1487/1488 1618/1383/1488
f 1709/1483/1489 1618/1383/1489 1617/1382/1489
f 1713/1487/1490 1712/1486/1490 1714/1488/1490
f 1713/1487/1491 1714/1488/1491 1715/1489/1491
f 1713/1487/1492 1715/1489/1492 1620/1391/1492
f 1713/1487/1493 1620/1391/1493 1618/1383/1493
f 1715/1489/1494 1714/1488/1494 1716/1490/1494
f 1715/1489/1495 1716/1490/1495 1717/1491/1495
f 1715/1489/1496 1717/1491/1496 1624/1392/1496
f 1715/1489/1497 1624/1392/1497 1620/1391/1497
f 1717/1491/1498 1716/1490/1498 1718/1492/1498
f 1717/1491/1499 1718/1492/1499 1630/1398/1499
f 1717/1491/1500 1630/1398/1500 1626/1394/1500
f 1717/1491/1501 1626/1394/1501 1624/1392/1501
f 1718/1492/1502 1716/1490/1502 1719/1493/1502
f 1718/1492/1503 1719/1493/1503 1720/1494/1503
f 1718/1492/1504 1720/1494/1504 1721/1495/1504
f 1718/1492/1505 1721/1495/1505 1723/1496/1505
f 1718/1492/1506 1723/1496/1506 1631/1399/1506
f 1718/1492/1507 1631/1399/1507 1630/1398/1507
f 1724/1497/1508 1722/1498/1508 1726/1499/1508
f 1724/1497/1509 1726/1499/1509 1728/1500/1509
f 1724/1497/1510 1728/1500/1510 1634/1402/1510
f 1724/1497/1511 1634/1402/1511 1632/1401/1511
f 1727/1501/1512 1725/1502/1512 1729/1503/1512
f 1727/1501/1513 1729/1503/1513 1730/1504/1513
f 1727/1501/1514 1730/1504/1514 1637/1406/1514
f 1727/1501/1515 1637/1406/1515 1633/1405/1515
f 1730/1504/1516 1729/1503/1516 1731/1505/1516
f 1730/1504/1517 1731/1505/1517 1732/1506/1517
f 1730/1504/1518 1732/1506/1518 1639/1408/1518
f 1730/1504/1519 1639/1408/1519 1637/1406/1519
f 1732/1506/1520 1731/1505/1520 1733/1507/1520
f 1732/1506/1521 1733/1507/1521 1734/1508/1521
f 1732/1506/1522 1734/1508/1522 1641/1410/1522
f 1732/1506/1523 1641/1410/1523 1639/1408/1523
f 1734/1508/1524 1733/1507/1524 1735/1509/1524
f 1734/1508/1525 1735/1509/1525 1736/1510/1525
f 1734/1508/1526 1736/1510/1526 1643/1412/1526
f 1734/1508/1527 1643/1412/1527 1641/1410/1527
f 1736/1510/1528 1735/1509/1528 1737/1511/1528
f 1736/1510/1529 1737/1511/1529 1738/1512/1529
f 1736/1510/1530 1738/1512/1530 1647/1513/1530
f 1736/1510/1531 1647/1513/1531 1643/1412/1531
f 1738/1512/1532 1737/1511/1532 1739/1514/1532
f 1738/1512/1533 1739/1514/1533 1740/1515/1533
f 1738/1512/1534 1740/1515/1534 1741/1516/1534
f 1738/1512/1535 1741/1516/1535 1647/1513/1535
f 1741/1516/1536 1740/1515/1536 1742/1517/1536
f 1741/1516/1537 1742/1517/1537 1743/1518/1537
f 1741/1516/1538 1743/1518/1538 1744/1519/1538
f 1741/1516/1539 1744/1519/1539 1653/1423/1539
f 1741/1516/1540 1653/1423/1540 1649/1422/1540
f 1741/1516/1541 1649/1422/1541 1647/1513/1541
f 1744/1519/1542 1743/1518/1542 1745/1520/1542
f 1744/1519/1543 1745/1520/1543 1747/1521/1543
f 1744/1519/1544 1747/1521/1544 1663/1435/1544
f 1744/1519/1545 1663/1435/1545 1656/1428/1545
f 1744/1519/1546 1656/1428/1546 1654/1424/1546
f 1744/1519/1547 1654/1424/1547 1653/1423/1547
f 1748/1522/1548 1746/1523/1548 1750/1524/1548
f 1748/1522/1549 1750/1524/1549 1752/1525/1549
f 1748/1522/1550 1752/1525/1550 1666/1526/1550
f 1748/1522/1551 1666/1526/1551 1664/1527/1551
f 1751/1528/1552 1749/1529/1552 1753/1530/1552
f 1751/1528/1553 1753/1530/1553 1754/1531/1553
f 1751/1528/1554 1754/1531/1554 1668/1444/1554
f 1751/1528/1555 1668/1444/1555 1665/1436/1555
f 1754/1531/1556 1753/1530/1556 1755/1532/1556
f 1754/1531/1557 1755/1532/1557 1756/1533/1557
f 1754/1531/1558 1756/1533/1558 1672/1445/1558
f 1754/1531/1559 1672/1445/1559 1668/1444/1559
f 1756/1533/1560 1755/1532/1560 1757/1534/1560
f 1756/1533/1561 1757/1534/1561 1758/1535/1561
f 1756/1533/1562 1758/1535/1562 1674/1447/1562
f 1756/1533/1563 1674/1447/1563 1672/1445/1563
f 1758/1535/1564 1757/1534/1564 1759/1536/1564
f 1758/1535/1565 1759/1536/1565 1760/1537/1565
f 1758/1535/1566 1760/1537/1566 1676/1449/1566
f 1758/1535/1567 1676/1449/1567 1674/1447/1567
f 1760/1537/1568 1759/1536/1568 1761/1538/1568
f 1760/1537/1569 1761/1538/1569 1763/1539/1569
f 1760/1537/1570 1763/1539/1570 1681/1540/1570
f 1760/1537/1571 1681/1540/1571 1676/1449/1571
f 1764/1541/1572 1762/1542/1572 1766/1543/1572
f 1764/1541/1573 1766/1543/1573 1768/1544/1573
f 1764/1541/1574 1768/1544/1574 1690/1545/1574
f 1764/1541/1575 1690/1545/1575 1682/1546/1575
f 1767/1547/1576 1765/1548/1576 1769/1549/1576
f 1767/1547/1577 1769/1549/1577 1770/1550/1577
f 1767/1547/1578 1770/1550/1578 1691/1464/1578
f 1767/1547/1579 1691/1464/1579 1689/1463/1579
f 1770/1550/1580 1769/1549/1580 1771/1551/1580
f 1770/1550/1581 1771/1551/1581 1772/1552/1581
f 1770/1550/1582 1772/1552/1582 1693/1466/1582
f 1770/1550/1583 1693/1466/1583 1691/1464/1583
f 1772/1552/1584 1771/1551/1584 1773/1553/1584
f 1772/1552/1585 1773/1553/1585 1774/1554/1585
f 1772/1552/1586 1774/1554/1586 1695/1468/1586
f 1772/1552/1587 1695/1468/1587 1693/1466/1587
f 1774/1554/1588 1773/1553/1588 1775/1555/1588
f 1774/1554/1589 1775/1555/1589 1704/1478/1589
f 1774/1554/1590 1704/1478/1590 1698/1470/1590
f 1774/1554/1591 1698/1470/1591 1695/1468/1591
f 1775/1555/1592 1773/1553/1592 1776/1556/1592
f 1775/1555/1593 1776/1556/1593 1777/1557/1593
f 1775/1555/1594 1777/1557/1594 1778/1558/1594
f 1775/1555/1595 1778/1558/1595 1707/1481/1595
f 1775/1555/1596 1707/1481/1596 1705/1479/1596
f 1775/1555/1597 1705/1479/1597 1704/1478/1597
f 1778/1558/1598 1777/1557/1598 1779/1559/1598
f 1778/1558/1599 1779/1559/1599 1780/1560/1599
f 1778/1558/1600 1780/1560/1600 1781/1561/1600
f 1778/1558/1601 1781/1561/1601 1710/1484/1601
f 1778/1558/1602 1710/1484/1602 1708/1482/1602
f 1778/1558/1603 1708/1482/1603 1707/1481/1603
f 1781/1561/1604 1780/1560/1604 1782/1562/1604
f 1781/1561/1605 1782/1562/1605 1783/1563/1605
f 1781/1561/1606 1783/1563/1606 1784/1564/1606
f 1781/1561/1607 1784/1564/1607 1785/1565/1607
f 1781/1561/1608 1785/1565/1608 1711/1485/1608
f 1781/1561/1609 1711/1485/1609 1710/1484/1609
f 1785/1565/1610 1784/1564/1610 1786/1566/1610
f 1785/1565/1611 1786/1566/1611 1787/1567/1611
f 1785/1565/1612 1787/1567/1612 1712/1486/1612
f 1785/1565/1613 1712/1486/1613 1711/1485/1613
f 1787/1567/1614 1786/1566/1614 1788/1568/1614
f 1787/1567/1615 1788/1568/1615 1789/1569/1615
f 1787/1567/1616 1789/1569/1616 1714/1488/1616
f 1787/1567/1617 1714/1488/1617 1712/1486/1617
f 1789/1569/1618 1788/1568/1618 1790/1570/1618
f 1789/1569/1619 1790/1570/1619 1719/1493/1619
f 1789/1569/1620 1719/1493/1620 1716/1490/1620
f 1789/1569/1621 1716/1490/1621 1714/1488/1621
f 1790/1570/1622 1788/1568/1622 1791/1571/1622
f 1790/1570/1623 1791/1571/1623 1792/1572/1623
f 1790/1570/1624 1792/1572/1624 1793/1573/1624
f 1790/1570/1625 1793/1573/1625 1794/1574/1625
f 1790/1570/1626 1794/1574/1626 1720/1494/1626
f 1790/1570/1627 1720/1494/1627 1719/1493/1627
f 1794/1574/1628 1793/1573/1628 1795/1575/1628
f 1794/1574/1629 1795/1575/1629 1797/1576/1629
f 1794/1574/1630 1797/1576/1630 1721/1495/1630
f 1794/1574/1631 1721/1495/1631 1720/1494/1631
f 1798/1577/1632 1796/1578/1632 1800/1579/1632
f 1798/1577/1633 1800/1579/1633 1802/1580/1633
f 1798/1577/1634 1802/1580/1634 1726/1499/1634
f 1798/1577/1635 1726/1499/1635 1722/1498/1635
f 1801/1581/1636 1799/1582/1636 1803/1583/1636
f 1801/1581/1637 1803/1583/1637 1804/1584/1637
f 1801/1581/1638 1804/1584/1638 1729/1503/1638
f 1801/1581/1639 1729/1503/1639 1725/1502/1639
f 1804/1584/1640 1803/1583/1640 1805/1585/1640
f 1804/1584/1641 1805/1585/1641 1806/1586/1641
f 1804/1584/1642 1806/1586/1642 1731/1505/1642
f 1804/1584/1643 1731/1505/1643 1729/1503/1643
f 1806/1586/1644 1805/1585/1644 1807/1587/1644
f 1806/1586/1645 1807/1587/1645 1808/1588/1645
f 1806/1586/1646 1808/1588/1646 1733/1507/1646
f 1806/1586/1647 1733/1507/1647 1731/1505/1647
f 1808/1588/1648 1807/1587/1648 1809/1589/1648
f 1808/1588/1649 1809/1589/1649 1810/1590/1649
f 1808/1588/1650 1810/1590/1650 1735/1509/1650
f 1808/1588/1651 1735/1509/1651 1733/1507/1651
f 1810/1590/1652 1809/1589/1652 1811/1591/1652
f 1810/1590/1653 1811/1591/1653 1812/1592/1653
f 1810/1590/1654 1812/1592/1654 1737/1511/1654
f 1810/1590/1655 1737/1511/1655 1735/1509/1655
f 1812/1592/1656 1811/1591/1656 1813/1593/1656
f 1812/1592/1657 1813/1593/1657 1814/1594/1657
f 1812/1592/1658 1814/1594/1658 1739/1514/1658
f 1812/1592/1659 1739/1514/1659 1737/1511/1659
f 1814/1594/1660 1813/1593/1660 1815/1595/1660
f 1814/1594/1661 1815/1595/1661 1816/1596/1661
f 1814/1594/1662 1816/1596/1662 1817/1597/1662
f 1814/1594/1663 1817/1597/1663 1739/1514/1663
f 1817/1597/1664 1816/1596/1664 1818/1598/1664
f 1817/1597/1665 1818/1598/1665 1819/1599/1665
f 1817/1597/1666 1819/1599/1666 1820/1600/1666
f 1817/1597/1667 1820/1600/1667 1742/1517/1667
f 1817/1597/1668 1742/1517/1668 1740/1515/1668
f 1817/1597/1669 1740/1515/1669 1739/1514/1669
f 1820/1600/1670 1819/1599/1670 1821/1601/1670
f 1820/1600/1671 1821/1601/1671 1822/1602/1671
f 1820/1600/1672 1822/1602/1672 1749/1529/1672
f 1820/1600/1673 1749/1529/1673 1745/1520/1673
f 1820/1600/1674 1745/1520/1674 1743/1518/1674
f 1820/1600/1675 1743/1518/1675 1742/1517/1675
f 1822/1602/1676 1821/1601/1676 1823/1603/1676
f 1822/1602/1677 1823/1603/1677 1824/1604/1677
f 1822/1602/1678 1824/1604/1678 1753/1530/1678
f 1822/1602/1679 1753/1530/1679 1749/1529/1679
f 1824/1604/1680 1823/1603/1680 1825/1605/1680
f 1824/1604/1681 1825/1605/1681 1826/1606/1681
f 1824/1604/1682 1826/1606/1682 1755/1532/1682
f 1824/1604/1683 1755/1532/1683 1753/1530/1683
f 1826/1606/1684 1825/1605/1684 1827/1607/1684
f 1826/1606/1685 1827/1607/1685 1828/1608/1685
f 1826/1606/1686 1828/1608/1686 1757/1534/1686
f 1826/1606/1687 1757/1534/1687 1755/1532/1687
f 1828/1608/1688 1827/1607/1688 1829/1609/1688
f 1828/1608/1689 1829/1609/1689 1831/1610/1689
f 1828/1608/1690 1831/1610/1690 1759/1536/1690
f 1828/1608/1691 1759/1536/1691 1757/1534/1691
f 1832/1611/1692 1830/1612/1692 1833/1613/1692
f 1832/1611/1693 1833/1613/1693 1836/1614/1693
f 1831/1610/1694 1835/1615/1694 1761/1538/1694
f 1831/1610/1695 1761/1538/1695 1759/1536/1695
f 1837/1616/1696 1834/1617/1696 1839/1618/1696
f 1837/1616/1697 1839/1618/1697 1841/1619/1697
f 1837/1616/1698 1841/1619/1698 1766/1543/1698
f 1837/1616/1699 1766/1543/1699 1762/1542/1699
f 1840/1620/1700 1838/1621/1700 1842/1622/1700
f 1840/1620/1701 1842/1622/1701 1843/1623/1701
f 1840/1620/1702 1843/1623/1702 1769/1549/1702
f 1840/1620/1703 1769/1549/1703 1765/1548/1703
f 1843/1623/1704 1842/1622/1704 1844/1624/1704
f 1843/1623/1705 1844/1624/1705 1845/1625/1705
f 1843/1623/1706 1845/1625/1706 1771/1551/1706
f 1843/1623/1707 1771/1551/1707 1769/1549/1707
f 1845/1625/1708 1844/1624/1708 1846/1626/1708
f 1845/1625/1709 1846/1626/1709 1776/1556/1709
f 1845/1625/1710 1776/1556/1710 1773/1553/1710
f 1845/1625/1711 1773/1553/1711 1771/1551/1711
f 1846/1626/1712 1844/1624/1712 1847/1627/1712
f 1846/1626/1713 1847/1627/1713 1848/1628/1713
f 1846/1626/1714 1848/1628/1714 1849/1629/1714
f 1846/1626/1715 1849/1629/1715 1779/1559/1715
f 1846/1626/1716 1779/1559/1716 1777/1557/1716
f 1846/1626/1717 1777/1557/1717 1776/1556/1717
f 1849/1629/1718 1848/1628/1718 1850/1630/1718
f 1849/1629/1719 1850/1630/1719 1851/1631/1719
f 1849/1629/1720 1851/1631/1720 1852/1632/1720
f 1849/1629/1721 1852/1632/1721 1782/1562/1721
f 1849/1629/1722 1782/1562/1722 1780/1560/1722
f 1849/1629/1723 1780/1560/1723 1779/1559/1723
f 1852/1632/1724 1851/1631/1724 1853/1633/1724
f 1852/1632/1725 1853/1633/1725 1854/1634/1725
f 1852/1632/1726 1854/1634/1726 1855/1635/1726
f 1852/1632/1727 1855/1635/1727 1856/1636/1727
f 1852/1632/1728 1856/1636/1728 1783/1563/1728
f 1852/1632/1729 1783/1563/1729 1782/1562/1729
f 1856/1636/1730 1855/1635/1730 1857/1637/1730
f 1856/1636/1731 1857/1637/1731 1858/1638/1731
f 1856/1636/1732 1858/1638/1732 1784/1564/1732
f 1856/1636/1733 1784/1564/1733 1783/1563/1733
f 1858/1638/1734 1857/1637/1734 1859/1639/1734
f 1858/1638/1735 1859/1639/1735 1860/1640/1735
f 1858/1638/1736 1860/1640/1736 1786/1566/1736
f 1858/1638/1737 1786/1566/1737 1784/1564/1737
f 1860/1640/1738 1859/1639/1738 1861/1641/1738
f 1860/1640/1739 1861/1641/1739 1791/1571/1739
f 1860/1640/1740 1791/1571/1740 1788/1568/1740
f 1860/1640/1741 1788/1568/1741 1786/1566/1741
f 1861/1641/1742 1859/1639/1742 1862/1642/1742
f 1861/1641/1743 1862/1642/1743 1863/1643/1743
f 1861/1641/1744 1863/1643/1744 1864/1644/1744
f 1861/1641/1745 1864/1644/1745 1865/1645/1745
f 1861/1641/1746 1865/1645/1746 1792/1572/1746
f 1861/1641/1747 1792/1572/1747 1791/1571/1747
f 1865/1645/1748 1864/1644/1748 1866/1646/1748
f 1865/1645/1749 1866/1646/1749 1867/1647/1749
f 1865/1645/1750 1867/1647/1750 1793/1573/1750
f 1865/1645/1751 1793/1573/1751 1792/1572/1751
f 1867/1647/1752 1866/1646/1752 1868/1648/1752
f 1867/1647/1753 1868/1648/1753 1870/1649/1753
f 1867/1647/1754 1870/1649/1754 1795/1575/1754
f 1867/1647/1755 1795/1575/1755 1793/1573/1755
f 1871/1650/1756 1869/1651/1756 1873/1652/1756
f 1871/1650/1757 1873/1652/1757 1875/1653/1757
f 1871/1650/1758 1875/1653/1758 1800/1579/1758
f 1871/1650/1759 1800/1579/1759 1796/1578/1759
f 1874/1654/1760 1872/1655/1760 1876/1656/1760
f 1874/1654/1761 1876/1656/1761 1877/1657/1761
f 1874/1654/1762 1877/1657/1762 1803/1583/1762
f 1874/1654/1763 1803/1583/1763 1799/1582/1763
f 1877/1657/1764 1876/1656/1764 1878/1658/1764
f 1877/1657/1765 1878/1658/1765 1879/1659/1765
f 1877/1657/1766 1879/1659/1766 1805/1585/1766
f 1877/1657/1767 1805/1585/1767 1803/1583/1767
f 1879/1659/1768 1878/1658/1768 1880/1660/1768
f 1879/1659/1769 1880/1660/1769 1881/1661/1769
f 1879/1659/1770 1881/1661/1770 1807/1587/1770
f 1879/1659/1771 1807/1587/1771 1805/1585/1771
f 1881/1661/1772 1880/1660/1772 1882/1662/1772
f 1881/1661/1773 1882/1662/1773 1883/1663/1773
f 1881/1661/1774 1883/1663/1774 1809/1589/1774
f 1881/1661/1775 1809/1589/1775 1807/1587/1775
f 1883/1663/1776 1882/1662/1776 1884/1664/1776
f 1883/1663/1777 1884/1664/1777 1885/1665/1777
f 1883/1663/1778 1885/1665/1778 1811/1591/1778
f 1883/1663/1779 1811/1591/1779 1809/1589/1779
f 1885/1665/1780 1884/1664/1780 1886/1666/1780
f 1885/1665/1781 1886/1666/1781 1887/1667/1781
f 1885/1665/1782 1887/1667/1782 1813/1593/1782
f 1885/1665/1783 1813/1593/1783 1811/1591/1783
f 1887/1667/1784 1886/1666/1784 1888/1668/1784
f 1887/1667/1785 1888/1668/1785 1889/1669/1785
f 1887/1667/1786 1889/1669/1786 1815/1595/1786
f 1887/1667/1787 1815/1595/1787 1813/1593/1787
f 1889/1669/1788 1888/1668/1788 1890/1670/1788
f 1889/1669/1789 1890/1670/1789 1891/1671/1789
f 1889/1669/1790 1891/1671/1790 1892/1672/1790
f 1889/1669/1791 1892/1672/1791 1815/1595/1791
f 1892/1672/1792 1891/1671/1792 1893/1673/1792
f 1892/1672/1793 1893/1673/1793 1894/1674/1793
f 1892/1672/1794 1894/1674/1794 1895/1675/1794
f 1892/1672/1795 1895/1675/1795 1818/1598/1795
f 1892/1672/1796 1818/1598/1796 1816/1596/1796
f 1892/1672/1797 1816/1596/1797 1815/1595/1797
f 1895/1675/1798 1894/1674/1798 1896/1676/1798
f 1895/1675/1799 1896/1676/1799 1897/1677/1799
f 1895/1675/1800 1897/1677/1800 1823/1603/1800
f 1895/1675/1801 1823/1603/1801 1821/1601/1801
f 1895/1675/1802 1821/1601/1802 1819/1599/1802
f 1895/1675/1803 1819/1599/1803 1818/1598/1803
f 1897/1677/1804 1896/1676/1804 1898/1678/1804
f 1897/1677/1805 1898/1678/1805 1899/1679/1805
f 1897/1677/1806 1899/1679/1806 1825/1605/1806
f 1897/1677/1807 1825/1605/1807 1823/1603/1807
f 1899/1679/1808 1898/1678/1808 1900/1680/1808
f 1899/1679/1809 1900/1680/1809 1901/1681/1809
f 1899/1679/1810 1901/1681/1810 1827/1607/1810
f 1899/1679/1811 1827/1607/1811 1825/1605/1811
f 1901/1681/1812 1900/1680/1812 1902/1682/1812
f 1901/1681/1813 1902/1682/1813 1904/1683/1813
f 1901/1681/1814 1904/1683/1814 1829/1609/1814
f 1901/1681/1815 1829/1609/1815 1827/1607/1815
f 1905/1684/1816 1903/1685/1816 1906/1686/1816
f 1905/1684/1817 1906/1686/1817 1908/1687/1817
f 1905/1684/1818 1908/1687/1818 1833/1613/1818
f 1905/1684/1819 1833/1613/1819 1830/1612/1819
f 1909/1688/1820 1907/1689/1820 1911/1690/1820
f 1909/1688/1821 1911/1690/1821 1913/1691/1821
f 1909/1688/1822 1913/1691/1822 1839/1618/1822
f 1909/1688/1823 1839/1618/1823 1834/1617/1823
f 1912/1692/1824 1910/1693/1824 1914/1694/1824
f 1912/1692/1825 1914/1694/1825 1915/1695/1825
f 1912/1692/1826 1915/1695/1826 1842/1622/1826
f 1912/1692/1827 1842/1622/1827 1838/1621/1827
f 1915/1695/1828 1914/1694/1828 1916/1696/1828
f 1915/1695/1829 1916/1696/1829 1847/1627/1829
f 1915/1695/1830 1847/1627/1830 1844/1624/1830
f 1915/1695/1831 1844/1624/1831 1842/1622/1831
f 1916/1696/1832 1914/1694/1832 1917/1697/1832
f 1916/1696/1833 1917/1697/1833 1918/1698/1833
f 1916/1696/1834 1918/1698/1834 1919/1699/1834
f 1916/1696/1835 1919/1699/1835 1850/1630/1835
f 1916/1696/1836 1850/1630/1836 1848/1628/1836
f 1916/1696/1837 1848/1628/1837 1847/1627/1837
f 1919/1699/1838 1918/1698/1838 1920/1700/1838
f 1919/1699/1839 1920/1700/1839 1921/1701/1839
f 1919/1699/1840 1921/1701/1840 1922/1702/1840
f 1919/1699/1841 1922/1702/1841 1853/1633/1841
f 1919/1699/1842 1853/1633/1842 1851/1631/1842
f 1919/1699/1843 1851/1631/1843 1850/1630/1843
f 1922/1702/1844 1921/1701/1844 1923/1703/1844
f 1922/1702/1845 1923/1703/1845 1924/1704/1845
f 1922/1702/1846 1924/1704/1846 1925/1705/1846
f 1922/1702/1847 1925/1705/1847 1926/1706/1847
f 1922/1702/1848 1926/1706/1848 1854/1634/1848
f 1922/1702/1849 1854/1634/1849 1853/1633/1849
f 1926/1706/1850 1925/1705/1850 1927/1707/1850
f 1926/1706/1851 1927/1707/1851 1928/1708/1851
f 1926/1706/1852 1928/1708/1852 1855/1635/1852
f 1926/1706/1853 1855/1635/1853 1854/1634/1853
f 1928/1708/1854 1927/1707/1854 1929/1709/1854
f 1928/1708/1855 1929/1709/1855 1930/1710/1855
f 1928/1708/1856 1930/1710/1856 1857/1637/1856
f 1928/1708/1857 1857/1637/1857 1855/1635/1857
f 1930/1710/1858 1929/1709/1858 1931/1711/1858
f 1930/1710/1859 1931/1711/1859 1862/1642/1859
f 1930/1710/1860 1862/1642/1860 1859/1639/1860
f 1930/1710/1861 1859/1639/1861 1857/1637/1861
f 1931/1711/1862 1929/1709/1862 1932/1712/1862
f 1931/1711/1863 1932/1712/1863 1933/1713/1863
f 1931/1711/1864 1933/1713/1864 1934/1714/1864
f 1931/1711/1865 1934/1714/1865 1935/1715/1865
f 1931/1711/1866 1935/1715/1866 1863/1643/1866
f 1931/1711/1867 1863/1643/1867 1862/1642/1867
f 1935/1715/1868 1934/1714/1868 1936/1716/1868
f 1935/1715/1869 1936/1716/1869 1937/1717/1869
f 1935/1715/1870 1937/1717/1870 1864/1644/1870
f 1935/1715/1871 1864/1644/1871 1863/1643/1871
f 1937/1717/1872 1936/1716/1872 1938/1718/1872
f 1937/1717/1873 1938/1718/1873 1939/1719/1873
f 1937/1717/1874 1939/1719/1874 1866/1646/1874
f 1937/1717/1875 1866/1646/1875 1864/1644/1875
f 1939/1719/1876 1938/1718/1876 1940/1720/1876
f 1939/1719/1877 1940/1720/1877 1942/1721/1877
f 1939/1719/1878 1942/1721/1878 1868/1648/1878
f 1939/1719/1879 1868/1648/1879 1866/1646/1879
f 1943/1722/1880 1941/1723/1880 1945/1724/1880
f 1943/1722/1881 1945/1724/1881 1947/1725/1881
f 1943/1722/1882 1947/1725/1882 1873/1652/1882
f 1943/1722/1883 1873/1652/1883 1869/1651/1883
f 1946/1726/1884 1944/1727/1884 1948/1728/1884
f 1946/1726/1885 1948/1728/1885 1949/1729/1885
f 1946/1726/1886 1949/1729/1886 1876/1656/1886
f 1946/1726/1887 1876/1656/1887 1872/1655/1887
f 1949/1729/1888 1948/1728/1888 1950/1730/1888
f 1949/1729/1889 1950/1730/1889 1951/1731/1889
f 1949/1729/1890 1951/1731/1890 1878/1658/1890
f 1949/1729/1891 1878/1658/1891 1876/1656/1891
f 1951/1731/1892 1950/1730/1892 1952/1732/1892
f 1951/1731/1893 1952/1732/1893 1953/1733/1893
f 1951/1731/1894 1953/1733/1894 1880/1660/1894
f 1951/1731/1895 1880/1660/1895 1878/1658/1895
f 1953/1733/1896 1952/1732/1896 1954/1734/1896
f 1953/1733/1897 1954/1734/1897 1955/1735/1897
f 1953/1733/1898 1955/1735/1898 1882/1662/1898
f 1953/1733/1899 1882/1662/1899 1880/1660/1899
f 1955/1735/1900 1954/1734/1900 1956/1736/1900
f 1955/1735/1901 1956/1736/1901 1957/1737/1901
f 1955/1735/1902 1957/1737/1902 1884/1664/1902
f 1955/1735/1903 1884/1664/1903 1882/1662/1903
f 1957/1737/1904 1956/1736/1904 1958/1738/1904
f 1957/1737/1905 1958/1738/1905 1959/1739/1905
f 1957/1737/1906 1959/1739/1906 1886/1666/1906
f 1957/1737/1907 1886/1666/1907 1884/1664/1907
f 1959/1739/1908 1958/1738/1908 1960/1740/1908
f 1959/1739/1909 1960/1740/1909 1961/1741/1909
f 1959/1739/1910 1961/1741/1910 1888/1668/1910
f 1959/1739/1911 1888/1668/1911 1886/1666/1911
f 1961/1741/1912 1960/1740/1912 1962/1742/1912
f 1961/1741/1913 1962/1742/1913 1963/1743/1913
f 1961/1741/1914 1963/1743/1914 1890/1670/1914
f 1961/1741/1915 1890/1670/1915 1888/1668/1915
f 1963/1743/1916 1962/1742/1916 1964/1744/1916
f 1963/1743/1917 1964/1744/1917 1965/1745/1917
f 1963/1743/1918 1965/1745/1918 1966/1746/1918
f 1963/1743/1919 1966/1746/1919 1890/1670/1919
f 1966/1746/1920 1965/1745/1920 1967/1747/1920
f 1966/1746/1921 1967/1747/1921 1968/1748/1921
f 1966/1746/1922 1968/1748/1922 1969/1749/1922
f 1966/1746/1923 1969/1749/1923 1893/1673/1923
f 1966/1746/1924 1893/1673/1924 1891/1671/1924
f 1966/1746/1925 1891/1671/1925 1890/1670/1925
f 1969/1749/1926 1968/1748/1926 1970/1750/1926
f 1969/1749/1927 1970/1750/1927 1971/1751/1927
f 1969/1749/1928 1971/1751/1928 1898/1678/1928
f 1969/1749/1929 1898/1678/1929 1896/1676/1929
f 1969/1749/1930 1896/1676/1930 1894/1674/1930
f 1969/1749/1931 1894/1674/1931 1893/1673/1931
f 1971/1751/1932 1970/1750/1932 1972/1752/1932
f 1971/1751/1933 1972/1752/1933 1973/1753/1933
f 1971/1751/1934 1973/1753/1934 1900/1680/1934
f 1971/1751/1935 1900/1680/1935 1898/1678/1935
f 1973/1753/1936 1972/1752/1936 1974/1754/1936
f 1973/1753/1937 1974/1754/1937 1976/1755/1937
f 1973/1753/1938 1976/1755/1938 1902/1682/1938
f 1973/1753/1939 1902/1682/1939 1900/1680/1939
f 1977/1756/1940 1975/1757/1940 1978/1758/1940
f 1977/1756/1941 1978/1758/1941 1980/1759/1941
f 1977/1756/1942 1980/1759/1942 1906/1686/1942
f 1977/1756/1943 1906/1686/1943 1903/1685/1943
f 1982/1760/1944 1979/1761/1944 1984/1762/1944
f 1982/1760/1945 1984/1762/1945 1987/1763/1945
f 1981/1764/1946 1986/1765/1946 1911/1690/1946
f 1981/1764/1947 1911/1690/1947 1907/1689/1947
f 1985/1766/1948 1983/1767/1948 1988/1768/1948
f 1985/1766/1949 1988/1768/1949 1917/1697/1949
f 1985/1766/1950 1917/1697/1950 1914/1694/1950
f 1985/1766/1951 1914/1694/1951 1910/1693/1951
f 1988/1768/1952 1983/1767/1952 1989/1769/1952
f 1988/1768/1953 1989/1769/1953 1992/1770/1953
f 1988/1768/1954 1992/1770/1954 1993/1771/1954
f 1988/1768/1955 1993/1771/1955 1920/1700/1955
f 1988/1768/1956 1920/1700/1956 1918/1698/1956
f 1988/1768/1957 1918/1698/1957 1917/1697/1957
f 1993/1771/1958 1992/1770/1958 1994/1772/1958
f 1993/1771/1959 1994/1772/1959 1995/1773/1959
f 1993/1771/1960 1995/1773/1960 1996/1774/1960
f 1993/1771/1961 1996/1774/1961 1923/1703/1961
f 1993/1771/1962 1923/1703/1962 1921/1701/1962
f 1993/1771/1963 1921/1701/1963 1920/1700/1963
f 1996/1774/1964 1995/1773/1964 1997/1775/1964
f 1996/1774/1965 1997/1775/1965 1998/1776/1965
f 1996/1774/1966 1998/1776/1966 1999/1777/1966
f 1996/1774/1967 1999/1777/1967 2000/1778/1967
f 1996/1774/1968 2000/1778/1968 1924/1704/1968
f 1996/1774/1969 1924/1704/1969 1923/1703/1969
f 2000/1778/1970 1999/1777/1970 2001/1779/1970
f 2000/1778/1971 2001/1779/1971 2002/1780/1971
f 2000/1778/1972 2002/1780/1972 1925/1705/1972
f 2000/1778/1973 1925/1705/1973 1924/1704/1973
f 2002/1780/1974 2001/1779/1974 2003/1781/1974
f 2002/1780/1975 2003/1781/1975 2004/1782/1975
f 2002/1780/1976 2004/1782/1976 1927/1707/1976
f 2002/1780/1977 1927/1707/1977 1925/1705/1977
f 2004/1782/1978 2003/1781/1978 2005/1783/1978
f 2004/1782/1979 2005/1783/1979 1932/1712/1979
f 2004/1782/1980 1932/1712/1980 1929/1709/1980
f 2004/1782/1981 1929/1709/1981 1927/1707/1981
f 2005/1783/1982 2003/1781/1982 2006/1784/1982
f 2005/1783/1983 2006/1784/1983 2007/1785/1983
f 2005/1783/1984 2007/1785/1984 2008/1786/1984
f 2005/1783/1985 2008/1786/1985 2009/1787/1985
f 2005/1783/1986 2009/1787/1986 1933/1713/1986
f 2005/1783/1987 1933/1713/1987 1932/1712/1987
f 2009/1787/1988 2008/1786/1988 2010/1788/1988
f 2009/1787/1989 2010/1788/1989 2011/1789/1989
f 2009/1787/1990 2011/1789/1990 1934/1714/1990
f 2009/1787/1991 1934/1714/1991 1933/1713/1991
f 2011/1789/1992 2010/1788/1992 2012/1790/1992
f 2011/1789/1993 2012/1790/1993 2013/1791/1993
f 2011/1789/1994 2013/1791/1994 1936/1716/1994
f 2011/1789/1995 1936/1716/1995 1934/1714/1995
f 2013/1791/1996 2012/1790/1996 2014/1792/1996
f 2013/1791/1997 2014/1792/1997 2015/1793/1997
f 2013/1791/1998 2015/1793/1998 1938/1718/1998
f 2013/1791/1999 1938/1718/1999 1936/1716/1999
f 2015/1793/2000 2014/1792/2000 2016/1794/2000
f 2015/1793/2001 2016/1794/2001 2018/1795/2001
f 2015/1793/2002 2018/1795/2002 1940/1720/2002
f 2015/1793/2003 1940/1720/2003 1938/1718/2003
f 2020/1796/2004 2017/1797/2004 2022/1798/2004
f 2020/1796/2005 2022/1798/2005 2026/1799/2005
f 2019/1800/2006 2025/1801/2006 1945/1724/2006
f 2019/1800/2007 1945/1724/2007 1941/1723/2007
f 2024/1802/2008 2021/1803/2008 2028/1804/2008
f 2024/1802/2009 2028/1804/2009 2030/1805/2009
f 2023/1806/2010 2029/1807/2010 1948/1728/2010
f 2023/1806/2011 1948/1728/2011 1944/1727/2011
f 2029/1807/2012 2027/1808/2012 2031/1809/2012
f 2029/1807/2013 2031/1809/2013 2032/1810/2013
f 2029/1807/2014 2032/1810/2014 1950/1730/2014
f 2029/1807/2015 1950/1730/2015 1948/1728/2015
f 2032/1810/2016 2031/1809/2016 2033/1811/2016
f 2032/1810/2017 2033/1811/2017 2034/1812/2017
f 2032/1810/2018 2034/1812/2018 1952/1732/2018
f 2032/1810/2019 1952/1732/2019 1950/1730/2019
f 2034/1812/2020 2033/1811/2020 2035/1813/2020
f 2034/1812/2021 2035/1813/2021 2036/1814/2021
f 2034/1812/2022 2036/1814/2022 1954/1734/2022
f 2034/1812/2023 1954/1734/2023 1952/1732/2023
f 2036/1814/2024 2035/1813/2024 2037/1815/2024
f 2036/1814/2025 2037/1815/2025 2038/1816/2025
f 2036/1814/2026 2038/1816/2026 1956/1736/2026
f 2036/1814/2027 1956/1736/2027 1954/1734/2027
f 2038/1816/2028 2037/1815/2028 2039/1817/2028
f 2038/1816/2029 2039/1817/2029 2040/1818/2029
f 2038/1816/2030 2040/1818/2030 1958/1738/2030
f 2038/1816/2031 1958/1738/2031 1956/1736/2031
f 2040/1818/2032 2039/1817/2032 2041/1819/2032
f 2040/1818/2033 2041/1819/2033 2042/1820/2033
f 2040/1818/2034 2042/1820/2034 1960/1740/2034
f 2040/1818/2035 1960/1740/2035 1958/1738/2035
f 2042/1820/2036 2041/1819/2036 2043/1821/2036
f 2042/1820/2037 2043/1821/2037 2044/1822/2037
f 2042/1820/2038 2044/1822/2038 1962/1742/2038
f 2042/1820/2039 1962/1742/2039 1960/1740/2039
f 2044/1822/2040 2043/1821/2040 2045/1823/2040
f 2044/1822/2041 2045/1823/2041 2046/1824/2041
f 2044/1822/2042 2046/1824/2042 1964/1744/2042
f 2044/1822/2043 1964/1744/2043 1962/1742/2043
f 2046/1824/2044 2045/1823/2044 2047/1825/2044
f 2046/1824/2045 2047/1825/2045 2048/1826/2045
f 2046/1824/2046 2048/1826/2046 2049/1827/2046
f 2046/1824/2047 2049/1827/2047 1964/1744/2047
f 2049/1827/2048 2048/1826/2048 2050/1828/2048
f 2049/1827/2049 2050/1828/2049 2051/1829/2049
f 2049/1827/2050 2051/1829/2050 2052/1830/2050
f 2049/1827/2051 2052/1830/2051 1967/1747/2051
f 2049/1827/2052 1967/1747/2052 1965/1745/2052
f 2049/1827/2053 1965/1745/2053 1964/1744/2053
f 2052/1830/2054 2051/1829/2054 2053/1831/2054
f 2052/1830/2055 2053/1831/2055 2054/1832/2055
f 2052/1830/2056 2054/1832/2056 1972/1752/2056
f 2052/1830/2057 1972/1752/2057 1970/1750/2057
f 2052/1830/2058 1970/1750/2058 1968/1748/2058
f 2052/1830/2059 1968/1748/2059 1967/1747/2059
f 2054/1832/2060 2053/1831/2060 2055/1833/2060
f 2054/1832/2061 2055/1833/2061 2057/1834/2061
f 2054/1832/2062 2057/1834/2062 1974/1754/2062
f 2054/1832/2063 1974/1754/2063 1972/1752/2063
f 2058/1835/2064 2056/1836/2064 2059/1837/2064
f 2058/1835/2065 2059/1837/2065 2061/1838/2065
f 2058/1835/2066 2061/1838/2066 1978/1758/2066
f 2058/1835/2067 1978/1758/2067 1975/1757/2067
f 2063/1839/2068 2060/1840/2068 2065/1841/2068
f 2063/1839/2069 2065/1841/2069 1991/1842/2069
f 2062/1843/2070 1990/1844/2070 1984/1762/2070
f 2062/1843/2071 1984/1762/2071 1979/1761/2071
f 2065/1841/2072 2060/1840/2072 2067/1845/2072
f 2065/1841/2073 2067/1845/2073 2069/1846/2073
f 2064/1847/2074 2068/1848/2074 2070/1849/2074
f 2064/1847/2075 2070/1849/2075 1994/1772/2075
f 2064/1847/2076 1994/1772/2076 1992/1770/2076
f 2064/1847/2077 1992/1770/2077 1989/1769/2077
f 2070/1849/2078 2068/1848/2078 2071/1850/2078
f 2070/1849/2079 2071/1850/2079 2073/1851/2079
f 2070/1849/2080 2073/1851/2080 2074/1852/2080
f 2070/1849/2081 2074/1852/2081 1997/1775/2081
f 2070/1849/2082 1997/1775/2082 1995/1773/2082
f 2070/1849/2083 1995/1773/2083 1994/1772/2083
f 2074/1852/2084 2073/1851/2084 2075/1853/2084
f 2074/1852/2085 2075/1853/2085 2076/1854/2085
f 2074/1852/2086 2076/1854/2086 2077/1855/2086
f 2074/1852/2087 2077/1855/2087 2078/1856/2087
f 2074/1852/2088 2078/1856/2088 1998/1776/2088
f 2074/1852/2089 1998/1776/2089 1997/1775/2089
f 2078/1856/2090 2077/1855/2090 2079/1857/2090
f 2078/1856/2091 2079/1857/2091 2080/1858/2091
f 2078/1856/2092 2080/1858/2092 1999/1777/2092
f 2078/1856/2093 1999/1777/2093 1998/1776/2093
f 2080/1858/2094 2079/1857/2094 2081/1859/2094
f 2080/1858/2095 2081/1859/2095 2082/1860/2095
f 2080/1858/2096 2082/1860/2096 2001/1779/2096
f 2080/1858/2097 2001/1779/2097 1999/1777/2097
f 2082/1860/2098 2081/1859/2098 2083/1861/2098
f 2082/1860/2099 2083/1861/2099 2006/1784/2099
f 2082/1860/2100 2006/1784/2100 2003/1781/2100
f 2082/1860/2101 2003/1781/2101 2001/1779/2101
f 2083/1861/2102 2081/1859/2102 2084/1862/2102
f 2083/1861/2103 2084/1862/2103 2085/1863/2103
f 2083/1861/2104 2085/1863/2104 2086/1864/2104
f 2083/1861/2105 2086/1864/2105 2087/1865/2105
f 2083/1861/2106 2087/1865/2106 2007/1785/2106
f 2083/1861/2107 2007/1785/2107 2006/1784/2107
f 2087/1865/2108 2086/1864/2108 2088/1866/2108
f 2087/1865/2109 2088/1866/2109 2089/1867/2109
f 2087/1865/2110 2089/1867/2110 2008/1786/2110
f 2087/1865/2111 2008/1786/2111 2007/1785/2111
f 2089/1867/2112 2088/1866/2112 2090/1868/2112
f 2089/1867/2113 2090/1868/2113 2091/1869/2113
f 2089/1867/2114 2091/1869/2114 2010/1788/2114
f 2089/1867/2115 2010/1788/2115 2008/1786/2115
f 2091/1869/2116 2090/1868/2116 2092/1870/2116
f 2091/1869/2117 2092/1870/2117 2093/1871/2117
f 2091/1869/2118 2093/1871/2118 2012/1790/2118
f 2091/1869/2119 2012/1790/2119 2010/1788/2119
f 2093/1871/2120 2092/1870/2120 2094/1872/2120
f 2093/1871/2121 2094/1872/2121 2095/1873/2121
f 2093/1871/2122 2095/1873/2122 2014/1792/2122
f 2093/1871/2123 2014/1792/2123 2012/1790/2123
f 2095/1873/2124 2094/1872/2124 2096/1874/2124
f 2095/1873/2125 2096/1874/2125 2098/1875/2125
f 2095/1873/2126 2098/1875/2126 2016/1794/2126
f 2095/1873/2127 2016/1794/2127 2014/1792/2127
f 2099/1876/2128 2097/1877/2128 2102/1878/2128
f 2099/1876/2129 2102/1878/2129 2105/1879/2129
f 2099/1876/2130 2105/1879/2130 2022/1798/2130
f 2099/1876/2131 2022/1798/2131 2017/1797/2131
f 2103/1880/2132 2100/1881/2132 2106/1882/2132
f 2103/1880/2133 2106/1882/2133 2108/1883/2133
f 2104/1884/2134 2109/1885/2134 2028/1804/2134
f 2104/1884/2135 2028/1804/2135 2021/1803/2135
f 2108/1883/2136 2106/1882/2136 2110/1886/2136
f 2108/1883/2137 2110/1886/2137 2111/1887/2137
f 2108/1883/2138 2111/1887/2138 2031/1809/2138
f 2108/1883/2139 2031/1809/2139 2027/1808/2139
f 2111/1887/2140 2110/1886/2140 2112/1888/2140
f 2111/1887/2141 2112/1888/2141 2113/1889/2141
f 2111/1887/2142 2113/1889/2142 2033/1811/2142
f 2111/1887/2143 2033/1811/2143 2031/1809/2143
f 2113/1889/2144 2112/1888/2144 2114/1890/2144
f 2113/1889/2145 2114/1890/2145 2115/1891/2145
f 2113/1889/2146 2115/1891/2146 2035/1813/2146
f 2113/1889/2147 2035/1813/2147 2033/1811/2147
f 2115/1891/2148 2114/1890/2148 2116/1892/2148
f 2115/1891/2149 2116/1892/2149 2117/1893/2149
f 2115/1891/2150 2117/1893/2150 2037/1815/2150
f 2115/1891/2151 2037/1815/2151 2035/1813/2151
f 2117/1893/2152 2116/1892/2152 2118/1894/2152
f 2117/1893/2153 2118/1894/2153 2119/1895/2153
f 2117/1893/2154 2119/1895/2154 2039/1817/2154
f 2117/1893/2155 2039/1817/2155 2037/1815/2155
f 2119/1895/2156 2118/1894/2156 2120/1896/2156
f 2119/1895/2157 2120/1896/2157 2121/1897/2157
f 2119/1895/2158 2121/1897/2158 2041/1819/2158
f 2119/1895/2159 2041/1819/2159 2039/1817/2159
f 2121/1897/2160 2120/1896/2160 2122/1898/2160
f 2121/1897/2161 2122/1898/2161 2123/1899/2161
f 2121/1897/2162 2123/1899/2162 2043/1821/2162
f 2121/1897/2163 2043/1821/2163 2041/1819/2163
f 2123/1899/2164 2122/1898/2164 2124/1900/2164
f 2123/1899/2165 2124/1900/2165 2125/1901/2165
f 2123/1899/2166 2125/1901/2166 2045/1823/2166
f 2123/1899/2167 2045/1823/2167 2043/1821/2167
f 2125/1901/2168 2124/1900/2168 2126/1902/2168
f 2125/1901/2169 2126/1902/2169 2127/1903/2169
f 2125/1901/2170 2127/1903/2170 2047/1825/2170
f 2125/1901/2171 2047/1825/2171 2045/1823/2171
f 2127/1903/2172 2126/1902/2172 2128/1904/2172
f 2127/1903/2173 2128/1904/2173 2129/1905/2173
f 2127/1903/2174 2129/1905/2174 2130/1906/2174
f 2127/1903/2175 2130/1906/2175 2047/1825/2175
f 2130/1906/2176 2129/1905/2176 2131/1907/2176
f 2130/1906/2177 2131/1907/2177 2132/1908/2177
f 2130/1906/2178 2132/1908/2178 2133/1909/2178
f 2130/1906/2179 2133/1909/2179 2050/1828/2179
f 2130/1906/2180 2050/1828/2180 2048/1826/2180
f 2130/1906/2181 2048/1826/2181 2047/1825/2181
f 2133/1909/2182 2132/1908/2182 2134/1910/2182
f 2133/1909/2183 2134/1910/2183 2136/1911/2183
f 2133/1909/2184 2136/1911/2184 2055/1833/2184
f 2133/1909/2185 2055/1833/2185 2053/1831/2185
f 2133/1909/2186 2053/1831/2186 2051/1829/2186
f 2133/1909/2187 2051/1829/2187 2050/1828/2187
f 2137/1912/2188 2135/1913/2188 2138/1914/2188
f 2137/1912/2189 2138/1914/2189 2066/1915/2189
f 2137/1912/2190 2066/1915/2190 2059/1837/2190
f 2137/1912/2191 2059/1837/2191 2056/1836/2191
f 2138/1914/2192 2135/1913/2192 2141/1916/2192
f 2138/1914/2193 2141/1916/2193 2143/1917/2193
f 2139/1918/2194 2144/1919/2194 2146/1920/2194
f 2139/1918/2195 2146/1920/2195 2072/1921/2195
f 2139/1918/2196 2072/1921/2196 2069/1846/2196
f 2139/1918/2197 2069/1846/2197 2067/1845/2197
f 2145/1922/2198 2142/1923/2198 2147/1924/2198
f 2145/1922/2199 2147/1924/2199 2149/1925/2199
f 2145/1922/2200 2149/1925/2200 2150/1926/2200
f 2145/1922/2201 2150/1926/2201 2075/1853/2201
f 2145/1922/2202 2075/1853/2202 2073/1851/2202
f 2145/1922/2203 2073/1851/2203 2071/1850/2203
f 2150/1926/2204 2149/1925/2204 2151/1927/2204
f 2150/1926/2205 2151/1927/2205 2153/1928/2205
f 2150/1926/2206 2153/1928/2206 2154/1929/2206
f 2150/1926/2207 2154/1929/2207 2155/1930/2207
f 2150/1926/2208 2155/1930/2208 2076/1854/2208
f 2150/1926/2209 2076/1854/2209 2075/1853/2209
f 2155/1930/2210 2154/1929/2210 2156/1931/2210
f 2155/1930/2211 2156/1931/2211 2157/1932/2211
f 2155/1930/2212 2157/1932/2212 2077/1855/2212
f 2155/1930/2213 2077/1855/2213 2076/1854/2213
f 2157/1932/2214 2156/1931/2214 2158/1933/2214
f 2157/1932/2215 2158/1933/2215 2159/1934/2215
f 2157/1932/2216 2159/1934/2216 2079/1857/2216
f 2157/1932/2217 2079/1857/2217 2077/1855/2217
f 2159/1934/2218 2158/1933/2218 2160/1935/2218
f 2159/1934/2219 2160/1935/2219 2084/1862/2219
f 2159/1934/2220 2084/1862/2220 2081/1859/2220
f 2159/1934/2221 2081/1859/2221 2079/1857/2221
f 2160/1935/2222 2158/1933/2222 2161/1936/2222
f 2160/1935/2223 2161/1936/2223 2162/1937/2223
f 2160/1935/2224 2162/1937/2224 2163/1938/2224
f 2160/1935/2225 2163/1938/2225 2164/1939/2225
f 2160/1935/2226 2164/1939/2226 2085/1863/2226
f 2160/1935/2227 2085/1863/2227 2084/1862/2227
f 2164/1939/2228 2163/1938/2228 2165/1940/2228
f 2164/1939/2229 2165/1940/2229 2166/1941/2229
f 2164/1939/2230 2166/1941/2230 2086/1864/2230
f 2164/1939/2231 2086/1864/2231 2085/1863/2231
f 2166/1941/2232 2165/1940/2232 2167/1942/2232
f 2166/1941/2233 2167/1942/2233 2168/1943/2233
f 2166/1941/2234 2168/1943/2234 2088/1866/2234
f 2166/1941/2235 2088/1866/2235 2086/1864/2235
f 2168/1943/2236 2167/1942/2236 2169/1944/2236
f 2168/1943/2237 2169/1944/2237 2170/1945/2237
f 2168/1943/2238 2170/1945/2238 2090/1868/2238
f 2168/1943/2239 2090/1868/2239 2088/1866/2239
f 2170/1945/2240 2169/1944/2240 2171/1946/2240
f 2170/1945/2241 2171/1946/2241 2172/1947/2241
f 2170/1945/2242 2172/1947/2242 2092/1870/2242
f 2170/1945/2243 2092/1870/2243 2090/1868/2243
f 2172/1947/2244 2171/1946/2244 2173/1948/2244
f 2172/1947/2245 2173/1948/2245 2174/1949/2245
f 2172/1947/2246 2174/1949/2246 2094/1872/2246
f 2172/1947/2247 2094/1872/2247 2092/1870/2247
f 2174/1949/2248 2173/1948/2248 2175/1950/2248
f 2174/1949/2249 2175/1950/2249 2177/1951/2249
f 2174/1949/2250 2177/1951/2250 2096/1874/2250
f 2174/1949/2251 2096/1874/2251 2094/1872/2251
f 2178/1952/2252 2176/1953/2252 2180/1954/2252
f 2178/1952/2253 2180/1954/2253 2182/1955/2253
f 2178/1952/2254 2182/1955/2254 2102/1878/2254
f 2178/1952/2255 2102/1878/2255 2097/1877/2255
f 2181/1956/2256 2179/1957/2256 2184/1958/2256
f 2181/1956/2257 2184/1958/2257 2186/1959/2257
f 2181/1956/2258 2186/1959/2258 2107/1960/2258
f 2181/1956/2259 2107/1960/2259 2101/1961/2259
f 2185/1962/2260 2183/1963/2260 2187/1964/2260
f 2185/1962/2261 2187/1964/2261 2188/1965/2261
f 2185/1962/2262 2188/1965/2262 2110/1886/2262
f 2185/1962/2263 2110/1886/2263 2106/1882/2263
f 2188/1965/2264 2187/1964/2264 2189/1966/2264
f 2188/1965/2265 2189/1966/2265 2190/1967/2265
f 2188/1965/2266 2190/1967/2266 2112/1888/2266
f 2188/1965/2267 2112/1888/2267 2110/1886/2267
f 2190/1967/2268 2189/1966/2268 2191/1968/2268
f 2190/1967/2269 2191/1968/2269 2192/1969/2269
f 2190/1967/2270 2192/1969/2270 2114/1890/2270
f 2190/1967/2271 2114/1890/2271 2112/1888/2271
f 2192/1969/2272 2191/1968/2272 2193/1970/2272
f 2192/1969/2273 2193/1970/2273 2194/1971/2273
f 2192/1969/2274 2194/1971/2274 2116/1892/2274
f 2192/1969/2275 2116/1892/2275 2114/1890/2275
f 2194/1971/2276 2193/1970/2276 2195/1972/2276
f 2194/1971/2277 2195/1972/2277 2196/1973/2277
f 2194/1971/2278 2196/1973/2278 2118/1894/2278
f 2194/1971/2279 2118/1894/2279 2116/1892/2279
f 2196/1973/2280 2195/1972/2280 2197/1974/2280
f 2196/1973/2281 2197/1974/2281 2198/1975/2281
f 2196/1973/2282 2198/1975/2282 2120/1896/2282
f 2196/1973/2283 2120/1896/2283 2118/1894/2283
f 2198/1975/2284 2197/1974/2284 2199/1976/2284
f 2198/1975/2285 2199/1976/2285 2200/1977/2285
f 2198/1975/2286 2200/1977/2286 2122/1898/2286
f 2198/1975/2287 2122/1898/2287 2120/1896/2287
f 2200/1977/2288 2199/1976/2288 2201/1978/2288
f 2200/1977/2289 2201/1978/2289 2202/1979/2289
f 2200/1977/2290 2202/1979/2290 2124/1900/2290
f 2200/1977/2291 2124/1900/2291 2122/1898/2291
f 2202/1979/2292 2201/1978/2292 2203/1980/2292
f 2202/1979/2293 2203/1980/2293 2204/1981/2293
f 2202/1979/2294 2204/1981/2294 2126/1902/2294
f 2202/1979/2295 2126/1902/2295 2124/1900/2295
f 2204/1981/2296 2203/1980/2296 2205/1982/2296
f 2204/1981/2297 2205/1982/2297 2206/1983/2297
f 2204/1981/2298 2206/1983/2298 2128/1904/2298
f 2204/1981/2299 2128/1904/2299 2126/1902/2299
f 2206/1983/2300 2205/1982/2300 2207/1984/2300
f 2206/1983/2301 2207/1984/2301 2208/1985/2301
f 2206/1983/2302 2208/1985/2302 2209/1986/2302
f 2206/1983/2303 2209/1986/2303 2128/1904/2303
f 2209/1986/2304 2208/1985/2304 2210/1987/2304
f 2209/1986/2305 2210/1987/2305 2212/1988/2305
f 2209/1986/2306 2212/1988/2306 2140/1989/2306
f 2209/1986/2307 2140/1989/2307 2131/1907/2307
f 2209/1986/2308 2131/1907/2308 2129/1905/2308
f 2209/1986/2309 2129/1905/2309 2128/1904/2309
f 2213/1990/2310 2211/1991/2310 2215/1992/2310
f 2213/1990/2311 2215/1992/2311 2148/1993/2311
f 2213/1990/2312 2148/1993/2312 2143/1917/2312
f 2213/1990/2313 2143/1917/2313 2141/1916/2313
f 2215/1992/2314 2211/1991/2314 2218/1994/2314
f 2215/1992/2315 2218/1994/2315 2220/1995/2315
f 2216/1996/2316 2221/1997/2316 2223/1998/2316
f 2216/1996/2317 2223/1998/2317 2152/1999/2317
f 2214/2000/2318 2151/1927/2318 2149/1925/2318
f 2214/2000/2319 2149/1925/2319 2147/1924/2319
f 2222/2001/2320 2219/2002/2320 2224/2003/2320
f 2222/2001/2321 2224/2003/2321 2226/2004/2321
f 2222/2001/2322 2226/2004/2322 2227/2005/2322
f 2222/2001/2323 2227/2005/2323 2228/2006/2323
f 2222/2001/2324 2228/2006/2324 2153/1928/2324
f 2222/2001/2325 2153/1928/2325 2151/1927/2325
f 2228/2006/2326 2227/2005/2326 2229/2007/2326
f 2228/2006/2327 2229/2007/2327 2230/2008/2327
f 2228/2006/2328 2230/2008/2328 2154/1929/2328
f 2228/2006/2329 2154/1929/2329 2153/1928/2329
f 2230/2008/2330 2229/2007/2330 2231/2009/2330
f 2230/2008/2331 2231/2009/2331 2232/2010/2331
f 2230/2008/2332 2232/2010/2332 2156/1931/2332
f 2230/2008/2333 2156/1931/2333 2154/1929/2333
f 2232/2010/2334 2231/2009/2334 2233/2011/2334
f 2232/2010/2335 2233/2011/2335 2161/1936/2335
f 2232/2010/2336 2161/1936/2336 2158/1933/2336
f 2232/2010/2337 2158/1933/2337 2156/1931/2337
f 2233/2011/2338 2231/2009/2338 2234/2012/2338
f 2233/2011/2339 2234/2012/2339 2235/2013/2339
f 2233/2011/2340 2235/2013/2340 2236/2014/2340
f 2233/2011/2341 2236/2014/2341 2237/2015/2341
f 2233/2011/2342 2237/2015/2342 2162/1937/2342
f 2233/2011/2343 2162/1937/2343 2161/1936/2343
f 2237/2015/2344 2236/2014/2344 2238/2016/2344
f 2237/2015/2345 2238/2016/2345 2239/2017/2345
f 2237/2015/2346 2239/2017/2346 2163/1938/2346
f 2237/2015/2347 2163/1938/2347 2162/1937/2347
f 2239/2017/2348 2238/2016/2348 2240/2018/2348
f 2239/2017/2349 2240/2018/2349 2241/2019/2349
f 2239/2017/2350 2241/2019/2350 2165/1940/2350
f 2239/2017/2351 2165/1940/2351 2163/1938/2351
f 2241/2019/2352 2240/2018/2352 2242/2020/2352
f 2241/2019/2353 2242/2020/2353 2243/2021/2353
f 2241/2019/2354 2243/2021/2354 2167/1942/2354
f 2241/2019/2355 2167/1942/2355 2165/1940/2355
f 2243/2021/2356 2242/2020/2356 2244/2022/2356
f 2243/2021/2357 2244/2022/2357 2245/2023/2357
f 2243/2021/2358 2245/2023/2358 2169/1944/2358
f 2243/2021/2359 2169/1944/2359 2167/1942/2359
f 2245/2023/2360 2244/2022/2360 2246/2024/2360
f 2245/2023/2361 2246/2024/2361 2247/2025/2361
f 2245/2023/2362 2247/2025/2362 2171/1946/2362
f 2245/2023/2363 2171/1946/2363 2169/1944/2363
f 2247/2025/2364 2246/2024/2364 2248/2026/2364
f 2247/2025/2365 2248/2026/2365 2249/2027/2365
f 2247/2025/2366 2249/2027/2366 2173/1948/2366
f 2247/2025/2367 2173/1948/2367 2171/1946/2367
f 2249/2027/2368 2248/2026/2368 2250/2028/2368
f 2249/2027/2369 2250/2028/2369 2252/2029/2369
f 2249/2027/2370 2252/2029/2370 2175/1950/2370
f 2249/2027/2371 2175/1950/2371 2173/1948/2371
f 2253/2030/2372 2251/2031/2372 2255/2032/2372
f 2253/2030/2373 2255/2032/2373 2257/2033/2373
f 2253/2030/2374 2257/2033/2374 2180/1954/2374
f 2253/2030/2375 2180/1954/2375 2176/1953/2375
f 2256/2034/2376 2254/2035/2376 2259/2036/2376
f 2256/2034/2377 2259/2036/2377 2261/2037/2377
f 2256/2034/2378 2261/2037/2378 2184/1958/2378
f 2256/2034/2379 2184/1958/2379 2179/1957/2379
f 2260/2038/2380 2258/2039/2380 2262/2040/2380
f 2260/2038/2381 2262/2040/2381 2263/2041/2381
f 2260/2038/2382 2263/2041/2382 2187/1964/2382
f 2260/2038/2383 2187/1964/2383 2183/1963/2383
f 2263/2041/2384 2262/2040/2384 2264/2042/2384
f 2263/2041/2385 2264/2042/2385 2265/2043/2385
f 2263/2041/2386 2265/2043/2386 2189/1966/2386
f 2263/2041/2387 2189/1966/2387 2187/1964/2387
f 2265/2043/2388 2264/2042/2388 2266/2044/2388
f 2265/2043/2389 2266/2044/2389 2267/2045/2389
f 2265/2043/2390 2267/2045/2390 2191/1968/2390
f 2265/2043/2391 2191/1968/2391 2189/1966/2391
f 2267/2045/2392 2266/2044/2392 2268/2046/2392
f 2267/2045/2393 2268/2046/2393 2269/2047/2393
f 2267/2045/2394 2269/2047/2394 2193/1970/2394
f 2267/2045/2395 2193/1970/2395 2191/1968/2395
f 2269/2047/2396 2268/2046/2396 2270/2048/2396
f 2269/2047/2397 2270/2048/2397 2271/2049/2397
f 2269/2047/2398 2271/2049/2398 2195/1972/2398
f 2269/2047/2399 2195/1972/2399 2193/1970/2399
f 2271/2049/2400 2270/2048/2400 2272/2050/2400
f 2271/2049/2401 2272/2050/2401 2273/2051/2401
f 2271/2049/2402 2273/2051/2402 2197/1974/2402
f 2271/2049/2403 2197/1974/2403 2195/1972/2403
f 2273/2051/2404 2272/2050/2404 2274/2052/2404
f 2273/2051/2405 2274/2052/2405 2275/2053/2405
f 2273/2051/2406 2275/2053/2406 2199/1976/2406
f 2273/2051/2407 2199/1976/2407 2197/1974/2407
f 2275/2053/2408 2274/2052/2408 2276/2054/2408
f 2275/2053/2409 2276/2054/2409 2277/2055/2409
f 2275/2053/2410 2277/2055/2410 2201/1978/2410
f 2275/2053/2411 2201/1978/2411 2199/1976/2411
f 2277/2055/2412 2276/2054/2412 2278/2056/2412
f 2277/2055/2413 2278/2056/2413 2279/2057/2413
f 2277/2055/2414 2279/2057/2414 2203/1980/2414
f 2277/2055/2415 2203/1980/2415 2201/1978/2415
f 2279/2057/2416 2278/2056/2416 2280/2058/2416
f 2279/2057/2417 2280/2058/2417 2281/2059/2417
f 2279/2057/2418 2281/2059/2418 2205/1982/2418
f 2279/2057/2419 2205/1982/2419 2203/1980/2419
f 2281/2059/2420 2280/2058/2420 2282/2060/2420
f 2281/2059/2421 2282/2060/2421 2283/2061/2421
f 2281/2059/2422 2283/2061/2422 2207/1984/2422
f 2281/2059/2423 2207/1984/2423 2205/1982/2423
f 2283/2061/2424 2282/2060/2424 2284/2062/2424
f 2283/2061/2425 2284/2062/2425 2286/2063/2425
f 2283/2061/2426 2286/2063/2426 2217/2064/2426
f 2283/2061/2427 2217/2064/2427 2207/1984/2427
f 2287/2065/2428 2285/2066/2428 2289/2067/2428
f 2287/2065/2429 2289/2067/2429 2225/2068/2429
f 2287/2065/2430 2225/2068/2430 2220/1995/2430
f 2287/2065/2431 2220/1995/2431 2218/1994/2431
f 2289/2067/2432 2285/2066/2432 2291/2069/2432
f 2289/2067/2433 2291/2069/2433 2293/2070/2433
f 2288/2071/2434 2292/2072/2434 2294/2073/2434
f 2288/2071/2435 2294/2073/2435 2295/2074/2435
f 2288/2071/2436 2295/2074/2436 2226/2004/2436
f 2288/2071/2437 2226/2004/2437 2224/2003/2437
f 2295/2074/2438 2294/2073/2438 2296/2075/2438
f 2295/2074/2439 2296/2075/2439 2297/2076/2439
f 2295/2074/2440 2297/2076/2440 2227/2005/2440
f 2295/2074/2441 2227/2005/2441 2226/2004/2441
f 2297/2076/2442 2296/2075/2442 2298/2077/2442
f 2297/2076/2443 2298/2077/2443 2299/2078/2443
f 2297/2076/2444 2299/2078/2444 2229/2007/2444
f 2297/2076/2445 2229/2007/2445 2227/2005/2445
f 2299/2078/2446 2298/2077/2446 2300/2079/2446
f 2299/2078/2447 2300/2079/2447 2234/2012/2447
f 2299/2078/2448 2234/2012/2448 2231/2009/2448
f 2299/2078/2449 2231/2009/2449 2229/2007/2449
f 2300/2079/2450 2298/2077/2450 2301/2080/2450
f 2300/2079/2451 2301/2080/2451 2302/2081/2451
f 2300/2079/2452 2302/2081/2452 2303/2082/2452
f 2300/2079/2453 2303/2082/2453 2304/2083/2453
f 2300/2079/2454 2304/2083/2454 2235/2013/2454
f 2300/2079/2455 2235/2013/2455 2234/2012/2455
f 2304/2083/2456 2303/2082/2456 2305/2084/2456
f 2304/2083/2457 2305/2084/2457 2306/2085/2457
f 2304/2083/2458 2306/2085/2458 2236/2014/2458
f 2304/2083/2459 2236/2014/2459 2235/2013/2459
f 2306/2085/2460 2305/2084/2460 2307/2086/2460
f 2306/2085/2461 2307/2086/2461 2308/2087/2461
f 2306/2085/2462 2308/2087/2462 2238/2016/2462
f 2306/2085/2463 2238/2016/2463 2236/2014/2463
f 2308/2087/2464 2307/2086/2464 2309/2088/2464
f 2308/2087/2465 2309/2088/2465 2310/2089/2465
f 2308/2087/2466 2310/2089/2466 2240/2018/2466
f 2308/2087/2467 2240/2018/2467 2238/2016/2467
f 2310/2089/2468 2309/2088/2468 2311/2090/2468
f 2310/2089/2469 2311/2090/2469 2312/2091/2469
f 2310/2089/2470 2312/2091/2470 2242/2020/2470
f 2310/2089/2471 2242/2020/2471 2240/2018/2471
f 2312/2091/2472 2311/2090/2472 2313/2092/2472
f 2312/2091/2473 2313/2092/2473 2314/2093/2473
f 2312/2091/2474 2314/2093/2474 2244/2022/2474
f 2312/2091/2475 2244/2022/2475 2242/2020/2475
f 2314/2093/2476 2313/2092/2476 2315/2094/2476
f 2314/2093/2477 2315/2094/2477 2316/2095/2477
f 2314/2093/2478 2316/2095/2478 2246/2024/2478
f 2314/2093/2479 2246/2024/2479 2244/2022/2479
f 2316/2095/2480 2315/2094/2480 2317/2096/2480
f 2316/2095/2481 2317/2096/2481 2318/2097/2481
f 2316/2095/2482 2318/2097/2482 2248/2026/2482
f 2316/2095/2483 2248/2026/2483 2246/2024/2483
f 2318/2097/2484 2317/2096/2484 2319/2098/2484
f 2318/2097/2485 2319/2098/2485 2321/2099/2485
f 2318/2097/2486 2321/2099/2486 2250/2028/2486
f 2318/2097/2487 2250/2028/2487 2248/2026/2487
f 2322/2100/2488 2320/2101/2488 2324/2102/2488
f 2322/2100/2489 2324/2102/2489 2326/2103/2489
f 2322/2100/2490 2326/2103/2490 2255/2032/2490
f 2322/2100/2491 2255/2032/2491 2251/2031/2491
f 2325/2104/2492 2323/2105/2492 2328/2106/2492
f 2325/2104/2493 2328/2106/2493 2330/2107/2493
f 2325/2104/2494 2330/2107/2494 2259/2036/2494
f 2325/2104/2495 2259/2036/2495 2254/2035/2495
f 2329/2108/2496 2327/2109/2496 2331/2110/2496
f 2329/2108/2497 2331/2110/2497 2332/2111/2497
f 2329/2108/2498 2332/2111/2498 2262/2040/2498
f 2329/2108/2499 2262/2040/2499 2258/2039/2499
f 2332/2111/2500 2331/2110/2500 2333/2112/2500
f 2332/2111/2501 2333/2112/2501 2334/2113/2501
f 2332/2111/2502 2334/2113/2502 2264/2042/2502
f 2332/2111/2503 2264/2042/2503 2262/2040/2503
f 2334/2113/2504 2333/2112/2504 2335/2114/2504
f 2334/2113/2505 2335/2114/2505 2336/2115/2505
f 2334/2113/2506 2336/2115/2506 2266/2044/2506
f 2334/2113/2507 2266/2044/2507 2264/2042/2507
f 2336/2115/2508 2335/2114/2508 2337/2116/2508
f 2336/2115/2509 2337/2116/2509 2338/2117/2509
f 2336/2115/2510 2338/2117/2510 2268/2046/2510
f 2336/2115/2511 2268/2046/2511 2266/2044/2511
f 2338/2117/2512 2337/2116/2512 2339/2118/2512
f 2338/2117/2513 2339/2118/2513 2340/2119/2513
f 2338/2117/2514 2340/2119/2514 2270/2048/2514
f 2338/2117/2515 2270/2048/2515 2268/2046/2515
f 2340/2119/2516 2339/2118/2516 2341/2120/2516
f 2340/2119/2517 2341/2120/2517 2342/2121/2517
f 2340/2119/2518 2342/2121/2518 2272/2050/2518
f 2340/2119/2519 2272/2050/2519 2270/2048/2519
f 2342/2121/2520 2341/2120/2520 2343/2122/2520
f 2342/2121/2521 2343/2122/2521 2344/2123/2521
f 2342/2121/2522 2344/2123/2522 2274/2052/2522
f 2342/2121/2523 2274/2052/2523 2272/2050/2523
f 2344/2123/2524 2343/2122/2524 2345/2124/2524
f 2344/2123/2525 2345/2124/2525 2346/2125/2525
f 2344/2123/2526 2346/2125/2526 2276/2054/2526
f 2344/2123/2527 2276/2054/2527 2274/2052/2527
f 2346/2125/2528 2345/2124/2528 2347/2126/2528
f 2346/2125/2529 2347/2126/2529 2348/2127/2529
f 2346/2125/2530 2348/2127/2530 2278/2056/2530
f 2346/2125/2531 2278/2056/2531 2276/2054/2531
f 2348/2127/2532 2347/2126/2532 2349/2128/2532
f 2348/2127/2533 2349/2128/2533 2350/2129/2533
f 2348/2127/2534 2350/2129/2534 2280/2058/2534
f 2348/2127/2535 2280/2058/2535 2278/2056/2535
f 2350/2129/2536 2349/2128/2536 2351/2130/2536
f 2350/2129/2537 2351/2130/2537 2352/2131/2537
f 2350/2129/2538 2352/2131/2538 2282/2060/2538
f 2350/2129/2539 2282/2060/2539 2280/2058/2539
f 2352/2131/2540 2351/2130/2540 2353/2132/2540
f 2352/2131/2541 2353/2132/2541 2290/2133/2541
f 2352/2131/2542 2290/2133/2542 2284/2062/2542
f 2352/2131/2543 2284/2062/2543 2282/2060/2543
f 2353/2132/2544 2351/2130/2544 2355/2134/2544
f 2353/2132/2545 2355/2134/2545 2356/2135/2545
f 2354/2136/2546 2357/2137/2546 2359/2138/2546
f 2354/2136/2547 2359/2138/2547 2361/2139/2547
f 2354/2136/2548 2361/2139/2548 2293/2070/2548
f 2354/2136/2549 2293/2070/2549 2291/2069/2549
f 2360/2140/2550 2358/2141/2550 2362/2142/2550
f 2360/2140/2551 2362/2142/2551 2363/2143/2551
f 2360/2140/2552 2363/2143/2552 2294/2073/2552
f 2360/2140/2553 2294/2073/2553 2292/2072/2553
f 2363/2143/2554 2362/2142/2554 2364/2144/2554
f 2363/2143/2555 2364/2144/2555 2365/2145/2555
f 2363/2143/2556 2365/2145/2556 2296/2075/2556
f 2363/2143/2557 2296/2075/2557 2294/2073/2557
f 2365/2145/2558 2364/2144/2558 2366/2146/2558
f 2365/2145/2559 2366/2146/2559 2301/2080/2559
f 2365/2145/2560 2301/2080/2560 2298/2077/2560
f 2365/2145/2561 2298/2077/2561 2296/2075/2561
f 2366/2146/2562 2364/2144/2562 2367/2147/2562
f 2366/2146/2563 2367/2147/2563 2368/2148/2563
f 2366/2146/2564 2368/2148/2564 2369/2149/2564
f 2366/2146/2565 2369/2149/2565 2370/2150/2565
f 2366/2146/2566 2370/2150/2566 2302/2081/2566
f 2366/2146/2567 2302/2081/2567 2301/2080/2567
f 2370/2150/2568 2369/2149/2568 2371/2151/2568
f 2370/2150/2569 2371/2151/2569 2372/2152/2569
f 2370/2150/2570 2372/2152/2570 2303/2082/2570
f 2370/2150/2571 2303/2082/2571 2302/2081/2571
f 2372/2152/2572 2371/2151/2572 2373/2153/2572
f 2372/2152/2573 2373/2153/2573 2374/2154/2573
f 2372/2152/2574 2374/2154/2574 2305/2084/2574
f 2372/2152/2575 2305/2084/2575 2303/2082/2575
f 2374/2154/2576 2373/2153/2576 2375/2155/2576
f 2374/2154/2577 2375/2155/2577 2376/2156/2577
f 2374/2154/2578 2376/2156/2578 2307/2086/2578
f 2374/2154/2579 2307/2086/2579 2305/2084/2579
f 2376/2156/2580 2375/2155/2580 2377/2157/2580
f 2376/2156/2581 2377/2157/2581 2378/2158/2581
f 2376/2156/2582 2378/2158/2582 2309/2088/2582
f 2376/2156/2583 2309/2088/2583 2307/2086/2583
f 2378/2158/2584 2377/2157/2584 2379/2159/2584
f 2378/2158/2585 2379/2159/2585 2380/2160/2585
f 2378/2158/2586 2380/2160/2586 2311/2090/2586
f 2378/2158/2587 2311/2090/2587 2309/2088/2587
f 2380/2160/2588 2379/2159/2588 2381/2161/2588
f 2380/2160/2589 2381/2161/2589 2382/2162/2589
f 2380/2160/2590 2382/2162/2590 2313/2092/2590
f 2380/2160/2591 2313/2092/2591 2311/2090/2591
f 2382/2162/2592 2381/2161/2592 2383/2163/2592
f 2382/2162/2593 2383/2163/2593 2384/2164/2593
f 2382/2162/2594 2384/2164/2594 2315/2094/2594
f 2382/2162/2595 2315/2094/2595 2313/2092/2595
f 2384/2164/2596 2383/2163/2596 2385/2165/2596
f 2384/2164/2597 2385/2165/2597 2386/2166/2597
f 2384/2164/2598 2386/2166/2598 2317/2096/2598
f 2384/2164/2599 2317/2096/2599 2315/2094/2599
f 2386/2166/2600 2385/2165/2600 2387/2167/2600
f 2386/2166/2601 2387/2167/2601 2389/2168/2601
f 2386/2166/2602 2389/2168/2602 2319/2098/2602
f 2386/2166/2603 2319/2098/2603 2317/2096/2603
f 2390/2169/2604 2388/2170/2604 2392/2171/2604
f 2390/2169/2605 2392/2171/2605 2394/2172/2605
f 2390/2169/2606 2394/2172/2606 2324/2102/2606
f 2390/2169/2607 2324/2102/2607 2320/2101/2607
f 2393/2173/2608 2391/2174/2608 2396/2175/2608
f 2393/2173/2609 2396/2175/2609 2398/2176/2609
f 2393/2173/2610 2398/2176/2610 2328/2106/2610
f 2393/2173/2611 2328/2106/2611 2323/2105/2611
f 2397/2177/2612 2395/2178/2612 2399/2179/2612
f 2397/2177/2613 2399/2179/2613 2400/2180/2613
f 2397/2177/2614 2400/2180/2614 2331/2110/2614
f 2397/2177/2615 2331/2110/2615 2327/2109/2615
f 2400/2180/2616 2399/2179/2616 2401/2181/2616
f 2400/2180/2617 2401/2181/2617 2402/2182/2617
f 2400/2180/2618 2402/2182/2618 2333/2112/2618
f 2400/2180/2619 2333/2112/2619 2331/2110/2619
f 2402/2182/2620 2401/2181/2620 2403/2183/2620
f 2402/2182/2621 2403/2183/2621 2404/2184/2621
f 2402/2182/2622 2404/2184/2622 2335/2114/2622
f 2402/2182/2623 2335/2114/2623 2333/2112/2623
f 2404/2184/2624 2403/2183/2624 2405/2185/2624
f 2404/2184/2625 2405/2185/2625 2406/2186/2625
f 2404/2184/2626 2406/2186/2626 2337/2116/2626
f 2404/2184/2627 2337/2116/2627 2335/2114/2627
f 2406/2186/2628 2405/2185/2628 2407/2187/2628
f 2406/2186/2629 2407/2187/2629 2408/2188/2629
f 2406/2186/2630 2408/2188/2630 2339/2118/2630
f 2406/2186/2631 2339/2118/2631 2337/2116/2631
f 2408/2188/2632 2407/2187/2632 2409/2189/2632
f 2408/2188/2633 2409/2189/2633 2410/2190/2633
f 2408/2188/2634 2410/2190/2634 2341/2120/2634
f 2408/2188/2635 2341/2120/2635 2339/2118/2635
f 2410/2190/2636 2409/2189/2636 2411/2191/2636
f 2410/2190/2637 2411/2191/2637 2412/2192/2637
f 2410/2190/2638 2412/2192/2638 2343/2122/2638
f 2410/2190/2639 2343/2122/2639 2341/2120/2639
f 2412/2192/2640 2411/2191/2640 2413/2193/2640
f 2412/2192/2641 2413/2193/2641 2414/2194/2641
f 2412/2192/2642 2414/2194/2642 2345/2124/2642
f 2412/2192/2643 2345/2124/2643 2343/2122/2643
f 2414/2194/2644 2413/2193/2644 2415/2195/2644
f 2414/2194/2645 2415/2195/2645 2416/2196/2645
f 2414/2194/2646 2416/2196/2646 2347/2126/2646
f 2414/2194/2647 2347/2126/2647 2345/2124/2647
f 2416/2196/2648 2415/2195/2648 2417/2197/2648
f 2416/2196/2649 2417/2197/2649 2418/2198/2649
f 2416/2196/2650 2418/2198/2650 2349/2128/2650
f 2416/2196/2651 2349/2128/2651 2347/2126/2651
f 2418/2198/2652 2417/2197/2652 2419/2199/2652
f 2418/2198/2653 2419/2199/2653 2355/2134/2653
f 2418/2198/2654 2355/2134/2654 2351/2130/2654
f 2418/2198/2655 2351/2130/2655 2349/2128/2655
f 2419/2199/2656 2417/2197/2656 2420/2200/2656
f 2419/2199/2657 2420/2200/2657 2421/2201/2657
f 2419/2199/2658 2421/2201/2658 2422/2202/2658
f 2419/2199/2659 2422/2202/2659 2424/2203/2659
f 2419/2199/2660 2424/2203/2660 2356/2135/2660
f 2419/2199/2661 2356/2135/2661 2355/2134/2661
f 2425/2204/2662 2423/2205/2662 2427/2206/2662
f 2425/2204/2663 2427/2206/2663 2429/2207/2663
f 2425/2204/2664 2429/2207/2664 2359/2138/2664
f 2425/2204/2665 2359/2138/2665 2357/2137/2665
f 2428/2208/2666 2426/2209/2666 2430/2210/2666
f 2428/2208/2667 2430/2210/2667 2431/2211/2667
f 2428/2208/2668 2431/2211/2668 2362/2142/2668
f 2428/2208/2669 2362/2142/2669 2358/2141/2669
f 2431/2211/2670 2430/2210/2670 2432/2212/2670
f 2431/2211/2671 2432/2212/2671 2367/2147/2671
f 2431/2211/2672 2367/2147/2672 2364/2144/2672
f 2431/2211/2673 2364/2144/2673 2362/2142/2673
f 2432/2212/2674 2430/2210/2674 2433/2213/2674
f 2432/2212/2675 2433/2213/2675 2434/2214/2675
f 2432/2212/2676 2434/2214/2676 2435/2215/2676
f 2432/2212/2677 2435/2215/2677 2436/2216/2677
f 2432/2212/2678 2436/2216/2678 2368/2148/2678
f 2432/2212/2679 2368/2148/2679 2367/2147/2679
f 2436/2216/2680 2435/2215/2680 2437/2217/2680
f 2436/2216/2681 2437/2217/2681 2438/2218/2681
f 2436/2216/2682 2438/2218/2682 2369/2149/2682
f 2436/2216/2683 2369/2149/2683 2368/2148/2683
f 2438/2218/2684 2437/2217/2684 2439/2219/2684
f 2438/2218/2685 2439/2219/2685 2440/2220/2685
f 2438/2218/2686 2440/2220/2686 2371/2151/2686
f 2438/2218/2687 2371/2151/2687 2369/2149/2687
f 2440/2220/2688 2439/2219/2688 2441/2221/2688
f 2440/2220/2689 2441/2221/2689 2442/2222/2689
f 2440/2220/2690 2442/2222/2690 2373/2153/2690
f 2440/2220/2691 2373/2153/2691 2371/2151/2691
f 2442/2222/2692 2441/2221/2692 2443/2223/2692
f 2442/2222/2693 2443/2223/2693 2444/2224/2693
f 2442/2222/2694 2444/2224/2694 2375/2155/2694
f 2442/2222/2695 2375/2155/2695 2373/2153/2695
f 2444/2224/2696 2443/2223/2696 2445/2225/2696
f 2444/2224/2697 2445/2225/2697 2446/2226/2697
f 2444/2224/2698 2446/2226/2698 2377/2157/2698
f 2444/2224/2699 2377/2157/2699 2375/2155/2699
f 2446/2226/2700 2445/2225/2700 2447/2227/2700
f 2446/2226/2701 2447/2227/2701 2448/2228/2701
f 2446/2226/2702 2448/2228/2702 2379/2159/2702
f 2446/2226/2703 2379/2159/2703 2377/2157/2703
f 2448/2228/2704 2447/2227/2704 2449/2229/2704
f 2448/2228/2705 2449/2229/2705 2450/2230/2705
f 2448/2228/2706 2450/2230/2706 2381/2161/2706
f 2448/2228/2707 2381/2161/2707 2379/2159/2707
f 2450/2230/2708 2449/2229/2708 2451/2231/2708
f 2450/2230/2709 2451/2231/2709 2452/2232/2709
f 2450/2230/2710 2452/2232/2710 2383/2163/2710
f 2450/2230/2711 2383/2163/2711 2381/2161/2711
f 2452/2232/2712 2451/2231/2712 2453/2233/2712
f 2452/2232/2713 2453/2233/2713 2454/2234/2713
f 2452/2232/2714 2454/2234/2714 2385/2165/2714
f 2452/2232/2715 2385/2165/2715 2383/2163/2715
f 2454/2234/2716 2453/2233/2716 2455/2235/2716
f 2454/2234/2717 2455/2235/2717 2457/2236/2717
f 2454/2234/2718 2457/2236/2718 2387/2167/2718
f 2454/2234/2719 2387/2167/2719 2385/2165/2719
f 2458/2237/2720 2456/2238/2720 2460/2239/2720
f 2458/2237/2721 2460/2239/2721 2462/2240/2721
f 2458/2237/2722 2462/2240/2722 2392/2171/2722
f 2458/2237/2723 2392/2171/2723 2388/2170/2723
f 2461/2241/2724 2459/2242/2724 2464/2243/2724
f 2461/2241/2725 2464/2243/2725 2466/2244/2725
f 2461/2241/2726 2466/2244/2726 2396/2175/2726
f 2461/2241/2727 2396/2175/2727 2391/2174/2727
f 2465/2245/2728 2463/2246/2728 2467/2247/2728
f 2465/2245/2729 2467/2247/2729 2468/2248/2729
f 2465/2245/2730 2468/2248/2730 2399/2179/2730
f 2465/2245/2731 2399/2179/2731 2395/2178/2731
f 2468/2248/2732 2467/2247/2732 2469/2249/2732
f 2468/2248/2733 2469/2249/2733 2470/2250/2733
f 2468/2248/2734 2470/2250/2734 2401/2181/2734
f 2468/2248/2616 2401/2181/2616 2399/2179/2616
f 2470/2250/2735 2469/2249/2735 2471/2251/2735
f 2470/2250/2736 2471/2251/2736 2472/2252/2736
f 2470/2250/2737 2472/2252/2737 2403/2183/2737
f 2470/2250/2738 2403/2183/2738 2401/2181/2738
f 2472/2252/2739 2471/2251/2739 2473/2253/2739
f 2472/2252/2740 2473/2253/2740 2474/2254/2740
f 2472/2252/2741 2474/2254/2741 2405/2185/2741
f 2472/2252/2742 2405/2185/2742 2403/2183/2742
f 2474/2254/2743 2473/2253/2743 2475/2255/2743
f 2474/2254/2744 2475/2255/2744 2476/2256/2744
f 2474/2254/2745 2476/2256/2745 2407/2187/2745
f 2474/2254/2746 2407/2187/2746 2405/2185/2746
f 2476/2256/2747 2475/2255/2747 2477/2257/2747
f 2476/2256/2748 2477/2257/2748 2478/2258/2748
f 2476/2256/2749 2478/2258/2749 2409/2189/2749
f 2476/2256/2750 2409/2189/2750 2407/2187/2750
f 2478/2258/2751 2477/2257/2751 2479/2259/2751
f 2478/2258/2752 2479/2259/2752 2480/2260/2752
f 2478/2258/2753 2480/2260/2753 2411/2191/2753
f 2478/2258/2754 2411/2191/2754 2409/2189/2754
f 2480/2260/2755 2479/2259/2755 2481/2261/2755
f 2480/2260/2756 2481/2261/2756 2482/2262/2756
f 2480/2260/2757 2482/2262/2757 2413/2193/2757
f 2480/2260/2758 2413/2193/2758 2411/2191/2758
f 2482/2262/2759 2481/2261/2759 2483/2263/2759
f 2482/2262/2760 2483/2263/2760 2484/2264/2760
f 2482/2262/2761 2484/2264/2761 2415/2195/2761
f 2482/2262/2762 2415/2195/2762 2413/2193/2762
f 2484/2264/2763 2483/2263/2763 2485/2265/2763
f 2484/2264/2764 2485/2265/2764 2420/2200/2764
f 2484/2264/2765 2420/2200/2765 2417/2197/2765
f 2484/2264/2766 2417/2197/2766 2415/2195/2766
f 2485/2265/2767 2483/2263/2767 2486/2266/2767
f 2485/2265/2768 2486/2266/2768 2487/2267/2768
f 2485/2265/2769 2487/2267/2769 2488/2268/2769
f 2485/2265/2770 2488/2268/2770 2489/2269/2770
f 2485/2265/2771 2489/2269/2771 2421/2201/2771
f 2485/2265/2772 2421/2201/2772 2420/2200/2772
f 2489/2269/2773 2488/2268/2773 2490/2270/2773
f 2489/2269/2774 2490/2270/2774 2492/2271/2774
f 2489/2269/2775 2492/2271/2775 2422/2202/2775
f 2489/2269/2776 2422/2202/2776 2421/2201/2776
f 2493/2272/2777 2491/2273/2777 2495/2274/2777
f 2493/2272/2778 2495/2274/2778 2497/2275/2778
f 2493/2272/2779 2497/2275/2779 2427/2206/2779
f 2493/2272/2780 2427/2206/2780 2423/2205/2780
f 2496/2276/2781 2494/2277/2781 2498/2278/2781
f 2496/2276/2782 2498/2278/2782 2433/2213/2782
f 2496/2276/2783 2433/2213/2783 2430/2210/2783
f 2496/2276/2784 2430/2210/2784 2426/2209/2784
f 2498/2278/2785 2494/2277/2785 2499/2279/2785
f 2498/2278/2786 2499/2279/2786 2501/2280/2786
f 2498/2278/2787 2501/2280/2787 2502/2281/2787
f 2498/2278/2788 2502/2281/2788 2503/2282/2788
f 2498/2278/2789 2503/2282/2789 2434/2214/2789
f 2498/2278/2790 2434/2214/2790 2433/2213/2790
f 2503/2282/2791 2502/2281/2791 2504/2283/2791
f 2503/2282/2792 2504/2283/2792 2505/2284/2792
f 2503/2282/2793 2505/2284/2793 2435/2215/2793
f 2503/2282/2794 2435/2215/2794 2434/2214/2794
f 2505/2284/2795 2504/2283/2795 2506/2285/2795
f 2505/2284/2796 2506/2285/2796 2507/2286/2796
f 2505/2284/2797 2507/2286/2797 2437/2217/2797
f 2505/2284/2798 2437/2217/2798 2435/2215/2798
f 2507/2286/2799 2506/2285/2799 2508/2287/2799
f 2507/2286/2800 2508/2287/2800 2509/2288/2800
f 2507/2286/2801 2509/2288/2801 2439/2219/2801
f 2507/2286/2802 2439/2219/2802 2437/2217/2802
f 2509/2288/2803 2508/2287/2803 2510/2289/2803
f 2509/2288/2804 2510/2289/2804 2511/2290/2804
f 2509/2288/2805 2511/2290/2805 2441/2221/2805
f 2509/2288/2806 2441/2221/2806 2439/2219/2806
f 2511/2290/2807 2510/2289/2807 2512/2291/2807
f 2511/2290/2808 2512/2291/2808 2513/2292/2808
f 2511/2290/2809 2513/2292/2809 2443/2223/2809
f 2511/2290/2810 2443/2223/2810 2441/2221/2810
f 2513/2292/2811 2512/2291/2811 2514/2293/2811
f 2513/2292/2812 2514/2293/2812 2515/2294/2812
f 2513/2292/2813 2515/2294/2813 2445/2225/2813
f 2513/2292/2814 2445/2225/2814 2443/2223/2814
f 2515/2294/2815 2514/2293/2815 2516/2295/2815
f 2515/2294/2816 2516/2295/2816 2517/2296/2816
f 2515/2294/2817 2517/2296/2817 2447/2227/2817
f 2515/2294/2818 2447/2227/2818 2445/2225/2818
f 2517/2296/2819 2516/2295/2819 2518/2297/2819
f 2517/2296/2820 2518/2297/2820 2519/2298/2820
f 2517/2296/2821 2519/2298/2821 2449/2229/2821
f 2517/2296/2822 2449/2229/2822 2447/2227/2822
f 2519/2298/2823 2518/2297/2823 2520/2299/2823
f 2519/2298/2824 2520/2299/2824 2521/2300/2824
f 2519/2298/2825 2521/2300/2825 2451/2231/2825
f 2519/2298/2826 2451/2231/2826 2449/2229/2826
f 2521/2300/2827 2520/2299/2827 2522/2301/2827
f 2521/2300/2828 2522/2301/2828 2523/2302/2828
f 2521/2300/2829 2523/2302/2829 2453/2233/2829
f 2521/2300/2830 2453/2233/2830 2451/2231/2830
f 2523/2302/2831 2522/2301/2831 2524/2303/2831
f 2523/2302/2832 2524/2303/2832 2526/2304/2832
f 2523/2302/2833 2526/2304/2833 2455/2235/2833
f 2523/2302/2834 2455/2235/2834 2453/2233/2834
f 2527/2305/2835 2525/2306/2835 2529/2307/2835
f 2527/2305/2836 2529/2307/2836 2531/2308/2836
f 2527/2305/2837 2531/2308/2837 2460/2239/2837
f 2527/2305/2838 2460/2239/2838 2456/2238/2838
f 2530/2309/2839 2528/2310/2839 2533/2311/2839
f 2530/2309/2840 2533/2311/2840 2535/2312/2840
f 2530/2309/2841 2535/2312/2841 2464/2243/2841
f 2530/2309/2842 2464/2243/2842 2459/2242/2842
f 2534/2313/2843 2532/2314/2843 2536/2315/2843
f 2534/2313/2844 2536/2315/2844 2537/2316/2844
f 2534/2313/2845 2537/2316/2845 2467/2247/2845
f 2534/2313/2846 2467/2247/2846 2463/2246/2846
f 2537/2316/2847 2536/2315/2847 2538/2317/2847
f 2537/2316/2848 2538/2317/2848 2539/2318/2848
f 2537/2316/2849 2539/2318/2849 2469/2249/2849
f 2537/2316/2850 2469/2249/2850 2467/2247/2850
f 2539/2318/2851 2538/2317/2851 2540/2319/2851
f 2539/2318/2852 2540/2319/2852 2541/2320/2852
f 2539/2318/2853 2541/2320/2853 2471/2251/2853
f 2539/2318/2854 2471/2251/2854 2469/2249/2854
f 2541/2320/2855 2540/2319/2855 2542/2321/2855
f 2541/2320/2856 2542/2321/2856 2543/2322/2856
f 2541/2320/2857 2543/2322/2857 2473/2253/2857
f 2541/2320/2858 2473/2253/2858 2471/2251/2858
f 2543/2322/2859 2542/2321/2859 2544/2323/2859
f 2543/2322/2860 2544/2323/2860 2545/2324/2860
f 2543/2322/2861 2545/2324/2861 2475/2255/2861
f 2543/2322/2862 2475/2255/2862 2473/2253/2862
f 2545/2324/2863 2544/2323/2863 2546/2325/2863
f 2545/2324/2864 2546/2325/2864 2547/2326/2864
f 2545/2324/2865 2547/2326/2865 2477/2257/2865
f 2545/2324/2866 2477/2257/2866 2475/2255/2866
f 2547/2326/2867 2546/2325/2867 2548/2327/2867
f 2547/2326/2868 2548/2327/2868 2549/2328/2868
f 2547/2326/2869 2549/2328/2869 2479/2259/2869
f 2547/2326/2870 2479/2259/2870 2477/2257/2870
f 2549/2328/2871 2548/2327/2871 2550/2329/2871
f 2549/2328/2872 2550/2329/2872 2551/2330/2872
f 2549/2328/2873 2551/2330/2873 2481/2261/2873
f 2549/2328/2874 2481/2261/2874 2479/2259/2874
f 2551/2330/2875 2550/2329/2875 2552/2331/2875
f 2551/2330/2876 2552/2331/2876 2486/2266/2876
f 2551/2330/2877 2486/2266/2877 2483/2263/2877
f 2551/2330/2878 2483/2263/2878 2481/2261/2878
f 2552/2331/2879 2550/2329/2879 2553/2332/2879
f 2552/2331/2880 2553/2332/2880 2554/2333/2880
f 2552/2331/2881 2554/2333/2881 2555/2334/2881
f 2552/2331/2882 2555/2334/2882 2556/2335/2882
f 2552/2331/2883 2556/2335/2883 2487/2267/2883
f 2552/2331/2884 2487/2267/2884 2486/2266/2884
f 2556/2335/2885 2555/2334/2885 2557/2336/2885
f 2556/2335/2886 2557/2336/2886 2558/2337/2886
f 2556/2335/2887 2558/2337/2887 2488/2268/2887
f 2556/2335/2888 2488/2268/2888 2487/2267/2888
f 2558/2337/2889 2557/2336/2889 2559/2338/2889
f 2558/2337/2890 2559/2338/2890 2561/2339/2890
f 2558/2337/2891 2561/2339/2891 2490/2270/2891
f 2558/2337/2892 2490/2270/2892 2488/2268/2892
f 2562/2340/2893 2560/2341/2893 2564/2342/2893
f 2562/2340/2894 2564/2342/2894 2500/2343/2894
f 2562/2340/2895 2500/2343/2895 2495/2274/2895
f 2562/2340/2896 2495/2274/2896 2491/2273/2896
f 2564/2342/2897 2560/2341/2897 2566/2344/2897
f 2564/2342/2898 2566/2344/2898 2568/2345/2898
f 2563/2346/2899 2567/2347/2899 2569/2348/2899
f 2563/2346/2900 2569/2348/2900 2570/2349/2900
f 2563/2346/2901 2570/2349/2901 2501/2280/2901
f 2563/2346/2902 2501/2280/2902 2499/2279/2902
f 2570/2349/2903 2569/2348/2903 2571/2350/2903
f 2570/2349/2904 2571/2350/2904 2572/2351/2904
f 2570/2349/2905 2572/2351/2905 2502/2281/2905
f 2570/2349/2906 2502/2281/2906 2501/2280/2906
f 2572/2351/2907 2571/2350/2907 2573/2352/2907
f 2572/2351/2908 2573/2352/2908 2574/2353/2908
f 2572/2351/2909 2574/2353/2909 2504/2283/2909
f 2572/2351/2910 2504/2283/2910 2502/2281/2910
f 2574/2353/2911 2573/2352/2911 2575/2354/2911
f 2574/2353/2912 2575/2354/2912 2576/2355/2912
f 2574/2353/2913 2576/2355/2913 2506/2285/2913
f 2574/2353/2914 2506/2285/2914 2504/2283/2914
f 2576/2355/2915 2575/2354/2915 2577/2356/2915
f 2576/2355/2916 2577/2356/2916 2578/2357/2916
f 2576/2355/2917 2578/2357/2917 2508/2287/2917
f 2576/2355/2918 2508/2287/2918 2506/2285/2918
f 2578/2357/2919 2577/2356/2919 2579/2358/2919
f 2578/2357/2920 2579/2358/2920 2580/2359/2920
f 2578/2357/2921 2580/2359/2921 2510/2289/2921
f 2578/2357/2922 2510/2289/2922 2508/2287/2922
f 2580/2359/2923 2579/2358/2923 2581/2360/2923
f 2580/2359/2924 2581/2360/2924 2582/2361/2924
f 2580/2359/2925 2582/2361/2925 2512/2291/2925
f 2580/2359/2926 2512/2291/2926 2510/2289/2926
f 2582/2361/2927 2581/2360/2927 2583/2362/2927
f 2582/2361/2928 2583/2362/2928 2584/2363/2928
f 2582/2361/2929 2584/2363/2929 2514/2293/2929
f 2582/2361/2930 2514/2293/2930 2512/2291/2930
f 2584/2363/2931 2583/2362/2931 2585/2364/2931
f 2584/2363/2932 2585/2364/2932 2586/2365/2932
f 2584/2363/2933 2586/2365/2933 2516/2295/2933
f 2584/2363/2934 2516/2295/2934 2514/2293/2934
f 2586/2365/2935 2585/2364/2935 2587/2366/2935
f 2586/2365/2936 2587/2366/2936 2588/2367/2936
f 2586/2365/2937 2588/2367/2937 2518/2297/2937
f 2586/2365/2938 2518/2297/2938 2516/2295/2938
f 2588/2367/2939 2587/2366/2939 2589/2368/2939
f 2588/2367/2940 2589/2368/2940 2590/2369/2940
f 2588/2367/2941 2590/2369/2941 2520/2299/2941
f 2588/2367/2942 2520/2299/2942 2518/2297/2942
f 2590/2369/2943 2589/2368/2943 2591/2370/2943
f 2590/2369/2944 2591/2370/2944 2592/2371/2944
f 2590/2369/2945 2592/2371/2945 2522/2301/2945
f 2590/2369/2946 2522/2301/2946 2520/2299/2946
f 2592/2371/2947 2591/2370/2947 2593/2372/2947
f 2592/2371/2948 2593/2372/2948 2595/2373/2948
f 2592/2371/2949 2595/2373/2949 2524/2303/2949
f 2592/2371/2831 2524/2303/2831 2522/2301/2831
f 2596/2374/2950 2594/2375/2950 2598/2376/2950
f 2596/2374/2951 2598/2376/2951 2600/2377/2951
f 2596/2374/2952 2600/2377/2952 2529/2307/2952
f 2596/2374/2953 2529/2307/2953 2525/2306/2953
f 2599/2378/2954 2597/2379/2954 2602/2380/2954
f 2599/2378/2955 2602/2380/2955 2604/2381/2955
f 2599/2378/2956 2604/2381/2956 2533/2311/2956
f 2599/2378/2957 2533/2311/2957 2528/2310/2957
f 2603/2382/2958 2601/2383/2958 2605/2384/2958
f 2603/2382/2959 2605/2384/2959 2606/2385/2959
f 2603/2382/2960 2606/2385/2960 2536/2315/2960
f 2603/2382/2961 2536/2315/2961 2532/2314/2961
f 2606/2385/2962 2605/2384/2962 2607/2386/2962
f 2606/2385/2963 2607/2386/2963 2608/2387/2963
f 2606/2385/2964 2608/2387/2964 2538/2317/2964
f 2606/2385/2965 2538/2317/2965 2536/2315/2965
f 2608/2387/2966 2607/2386/2966 2609/2388/2966
f 2608/2387/2967 2609/2388/2967 2610/2389/2967
f 2608/2387/2968 2610/2389/2968 2540/2319/2968
f 2608/2387/2969 2540/2319/2969 2538/2317/2969
f 2610/2389/2970 2609/2388/2970 2611/2390/2970
f 2610/2389/2970 2611/2390/2970 2612/2391/2970
f 2610/2389/2971 2612/2391/2971 2542/2321/2971
f 2610/2389/2972 2542/2321/2972 2540/2319/2972
f 2612/2391/2973 2611/2390/2973 2613/2392/2973
f 2612/2391/2974 2613/2392/2974 2614/2393/2974
f 2612/2391/2975 2614/2393/2975 2544/2323/2975
f 2612/2391/2976 2544/2323/2976 2542/2321/2976
f 2614/2393/2977 2613/2392/2977 2615/2394/2977
f 2614/2393/2978 2615/2394/2978 2616/2395/2978
f 2614/2393/2979 2616/2395/2979 2546/2325/2979
f 2614/2393/2980 2546/2325/2980 2544/2323/2980
f 2616/2395/2981 2615/2394/2981 2617/2396/2981
f 2616/2395/2982 2617/2396/2982 2618/2397/2982
f 2616/2395/2983 2618/2397/2983 2548/2327/2983
f 2616/2395/2984 2548/2327/2984 2546/2325/2984
f 2618/2397/2985 2617/2396/2985 2619/2398/2985
f 2618/2397/2986 2619/2398/2986 2553/2332/2986
f 2618/2397/2987 2553/2332/2987 2550/2329/2987
f 2618/2397/2988 2550/2329/2988 2548/2327/2988
f 2619/2398/2989 2617/2396/2989 2620/2399/2989
f 2619/2398/2990 2620/2399/2990 2621/2400/2990
f 2619/2398/2991 2621/2400/2991 2622/2401/2991
f 2619/2398/2992 2622/2401/2992 2623/2402/2992
f 2619/2398/2993 2623/2402/2993 2554/2333/2993
f 2619/2398/2994 2554/2333/2994 2553/2332/2994
f 2623/2402/2995 2622/2401/2995 2624/2403/2995
f 2623/2402/2996 2624/2403/2996 2625/2404/2996
f 2623/2402/2997 2625/2404/2997 2555/2334/2997
f 2623/2402/2998 2555/2334/2998 2554/2333/2998
f 2625/2404/2999 2624/2403/2999 2626/2405/2999
f 2625/2404/3000 2626/2405/3000 2627/2406/3000
f 2625/2404/3001 2627/2406/3001 2557/2336/3001
f 2625/2404/3002 2557/2336/3002 2555/2334/3002
f 2627/2406/3003 2626/2405/3003 2628/2407/3003
f 2627/2406/3004 2628/2407/3004 2565/2408/3004
f 2627/2406/3005 2565/2408/3005 2559/2338/3005
f 2627/2406/3006 2559/2338/3006 2557/2336/3006
f 2628/2407/3007 2626/2405/3007 2630/2409/3007
f 2628/2407/3008 2630/2409/3008 2631/2410/3008
f 2629/2411/3009 2632/2412/3009 2634/2413/3009
f 2629/2411/3010 2634/2413/3010 2636/2414/3010
f 2629/2411/3011 2636/2414/3011 2568/2345/3011
f 2629/2411/3012 2568/2345/3012 2566/2344/3012
f 2635/2415/3013 2633/2416/3013 2637/2417/3013
f 2635/2415/3014 2637/2417/3014 2638/2418/3014
f 2635/2415/3015 2638/2418/3015 2569/2348/3015
f 2635/2415/3016 2569/2348/3016 2567/2347/3016
f 2638/2418/3017 2637/2417/3017 2639/2419/3017
f 2638/2418/3018 2639/2419/3018 2640/2420/3018
f 2638/2418/3019 2640/2420/3019 2571/2350/3019
f 2638/2418/3020 2571/2350/3020 2569/2348/3020
f 2640/2420/3021 2639/2419/3021 2641/2421/3021
f 2640/2420/3022 2641/2421/3022 2642/2422/3022
f 2640/2420/3023 2642/2422/3023 2573/2352/3023
f 2640/2420/3024 2573/2352/3024 2571/2350/3024
f 2642/2422/3025 2641/2421/3025 2643/2423/3025
f 2642/2422/3026 2643/2423/3026 2644/2424/3026
f 2642/2422/3027 2644/2424/3027 2575/2354/3027
f 2642/2422/3028 2575/2354/3028 2573/2352/3028
f 2644/2424/3029 2643/2423/3029 2645/2425/3029
f 2644/2424/3030 2645/2425/3030 2646/2426/3030
f 2644/2424/3031 2646/2426/3031 2577/2356/3031
f 2644/2424/3032 2577/2356/3032 2575/2354/3032
f 2646/2426/3033 2645/2425/3033 2647/2427/3033
f 2646/2426/3034 2647/2427/3034 2648/2428/3034
f 2646/2426/3035 2648/2428/3035 2579/2358/3035
f 2646/2426/3036 2579/2358/3036 2577/2356/3036
f 2648/2428/3037 2647/2427/3037 2649/2429/3037
f 2648/2428/3038 2649/2429/3038 2650/2430/3038
f 2648/2428/3039 2650/2430/3039 2581/2360/3039
f 2648/2428/3040 2581/2360/3040 2579/2358/3040
f 2650/2430/3041 2649/2429/3041 2651/2431/3041
f 2650/2430/3042 2651/2431/3042 2652/2432/3042
f 2650/2430/3043 2652/2432/3043 2583/2362/3043
f 2650/2430/3044 2583/2362/3044 2581/2360/3044
f 2652/2432/3045 2651/2431/3045 2653/2433/3045
f 2652/2432/3046 2653/2433/3046 2654/2434/3046
f 2652/2432/3047 2654/2434/3047 2585/2364/3047
f 2652/2432/3048 2585/2364/3048 2583/2362/3048
f 2654/2434/3049 2653/2433/3049 2655/2435/3049
f 2654/2434/3050 2655/2435/3050 2656/2436/3050
f 2654/2434/3051 2656/2436/3051 2587/2366/3051
f 2654/2434/3052 2587/2366/3052 2585/2364/3052
f 2656/2436/3053 2655/2435/3053 2657/2437/3053
f 2656/2436/3054 2657/2437/3054 2658/2438/3054
f 2656/2436/3055 2658/2438/3055 2589/2368/3055
f 2656/2436/3056 2589/2368/3056 2587/2366/3056
f 2658/2438/3057 2657/2437/3057 2659/2439/3057
f 2658/2438/3058 2659/2439/3058 2660/2440/3058
f 2658/2438/3059 2660/2440/3059 2591/2370/3059
f 2658/2438/3060 2591/2370/3060 2589/2368/3060
f 2660/2440/3061 2659/2439/3061 2661/2441/3061
f 2660/2440/3062 2661/2441/3062 2663/2442/3062
f 2660/2440/3063 2663/2442/3063 2593/2372/3063
f 2660/2440/3064 2593/2372/3064 2591/2370/3064
f 2664/2443/3065 2662/2444/3065 2667/2445/3065
f 2664/2443/3066 2667/2445/3066 2669/2446/3066
f 2664/2443/3067 2669/2446/3067 2598/2376/3067
f 2664/2443/3068 2598/2376/3068 2594/2375/3068
f 2668/2447/3069 2666/2448/3069 2671/2449/3069
f 2668/2447/3070 2671/2449/3070 2673/2450/3070
f 2668/2447/3071 2673/2450/3071 2602/2380/3071
f 2668/2447/3072 2602/2380/3072 2597/2379/3072
f 2672/2451/3073 2670/2452/3073 2674/2453/3073
f 2672/2451/3074 2674/2453/3074 2675/2454/3074
f 2672/2451/3075 2675/2454/3075 2605/2384/3075
f 2672/2451/3076 2605/2384/3076 2601/2383/3076
f 2675/2454/3077 2674/2453/3077 2676/2455/3077
f 2675/2454/3078 2676/2455/3078 2677/2456/3078
f 2675/2454/3079 2677/2456/3079 2607/2386/3079
f 2675/2454/3080 2607/2386/3080 2605/2384/3080
f 2677/2456/3081 2676/2455/3081 2678/2457/3081
f 2677/2456/3082 2678/2457/3082 2679/2458/3082
f 2677/2456/3083 2679/2458/3083 2609/2388/3083
f 2677/2456/3084 2609/2388/3084 2607/2386/3084
f 2679/2458/3085 2678/2457/3085 2680/2459/3085
f 2679/2458/3086 2680/2459/3086 2681/2460/3086
f 2679/2458/3087 2681/2460/3087 2611/2390/3087
f 2679/2458/3088 2611/2390/3088 2609/2388/3088
f 2681/2460/3089 2680/2459/3089 2682/2461/3089
f 2681/2460/3090 2682/2461/3090 2683/2462/3090
f 2681/2460/3091 2683/2462/3091 2613/2392/3091
f 2681/2460/3092 2613/2392/3092 2611/2390/3092
f 2683/2462/3093 2682/2461/3093 2684/2463/3093
f 2683/2462/3094 2684/2463/3094 2685/2464/3094
f 2683/2462/3095 2685/2464/3095 2615/2394/3095
f 2683/2462/3096 2615/2394/3096 2613/2392/3096
f 2685/2464/3097 2684/2463/3097 2686/2465/3097
f 2685/2464/3098 2686/2465/3098 2620/2399/3098
f 2685/2464/3099 2620/2399/3099 2617/2396/3099
f 2685/2464/3100 2617/2396/3100 2615/2394/3100
f 2686/2465/3101 2684/2463/3101 2687/2466/3101
f 2686/2465/3102 2687/2466/3102 2688/2467/3102
f 2686/2465/3103 2688/2467/3103 2689/2468/3103
f 2686/2465/3104 2689/2468/3104 2690/2469/3104
f 2686/2465/3105 2690/2469/3105 2621/2400/3105
f 2686/2465/3106 2621/2400/3106 2620/2399/3106
f 2690/2469/3107 2689/2468/3107 2691/2470/3107
f 2690/2469/3108 2691/2470/3108 2692/2471/3108
f 2690/2469/3109 2692/2471/3109 2622/2401/3109
f 2690/2469/3110 2622/2401/3110 2621/2400/3110
f 2692/2471/3111 2691/2470/3111 2693/2472/3111
f 2692/2471/3112 2693/2472/3112 2694/2473/3112
f 2692/2471/3113 2694/2473/3113 2624/2403/3113
f 2692/2471/3114 2624/2403/3114 2622/2401/3114
f 2694/2473/3115 2693/2472/3115 2695/2474/3115
f 2694/2473/3116 2695/2474/3116 2630/2409/3116
f 2694/2473/3117 2630/2409/3117 2626/2405/3117
f 2694/2473/3118 2626/2405/3118 2624/2403/3118
f 2695/2474/3119 2693/2472/3119 2696/2475/3119
f 2695/2474/3120 2696/2475/3120 2697/2476/3120
f 2695/2474/3121 2697/2476/3121 2698/2477/3121
f 2695/2474/3122 2698/2477/3122 2700/2478/3122
f 2695/2474/3123 2700/2478/3123 2631/2410/3123
f 2695/2474/3124 2631/2410/3124 2630/2409/3124
f 2701/2479/3125 2699/2480/3125 2703/2481/3125
f 2701/2479/3126 2703/2481/3126 2705/2482/3126
f 2701/2479/3127 2705/2482/3127 2634/2413/3127
f 2701/2479/3128 2634/2413/3128 2632/2412/3128
f 2704/2483/3129 2702/2484/3129 2706/2485/3129
f 2704/2483/3130 2706/2485/3130 2707/2486/3130
f 2704/2483/3131 2707/2486/3131 2637/2417/3131
f 2704/2483/3132 2637/2417/3132 2633/2416/3132
f 2707/2486/3133 2706/2485/3133 2708/2487/3133
f 2707/2486/3134 2708/2487/3134 2709/2488/3134
f 2707/2486/3135 2709/2488/3135 2639/2419/3135
f 2707/2486/3136 2639/2419/3136 2637/2417/3136
f 2709/2488/3137 2708/2487/3137 2710/2489/3137
f 2709/2488/3138 2710/2489/3138 2711/2490/3138
f 2709/2488/3139 2711/2490/3139 2641/2421/3139
f 2709/2488/3021 2641/2421/3021 2639/2419/3021
f 2711/2490/3140 2710/2489/3140 2712/2491/3140
f 2711/2490/3141 2712/2491/3141 2713/2492/3141
f 2711/2490/3142 2713/2492/3142 2643/2423/3142
f 2711/2490/3143 2643/2423/3143 2641/2421/3143
f 2713/2492/3144 2712/2491/3144 2714/2493/3144
f 2713/2492/3145 2714/2493/3145 2715/2494/3145
f 2713/2492/3146 2715/2494/3146 2645/2425/3146
f 2713/2492/3029 2645/2425/3029 2643/2423/3029
f 2715/2494/3147 2714/2493/3147 2716/2495/3147
f 2715/2494/3148 2716/2495/3148 2717/2496/3148
f 2715/2494/3149 2717/2496/3149 2647/2427/3149
f 2715/2494/3150 2647/2427/3150 2645/2425/3150
f 2717/2496/3151 2716/2495/3151 2718/2497/3151
f 2717/2496/3152 2718/2497/3152 2719/2498/3152
f 2717/2496/3153 2719/2498/3153 2649/2429/3153
f 2717/2496/3154 2649/2429/3154 2647/2427/3154
f 2719/2498/3155 2718/2497/3155 2720/2499/3155
f 2719/2498/3156 2720/2499/3156 2721/2500/3156
f 2719/2498/3157 2721/2500/3157 2651/2431/3157
f 2719/2498/3158 2651/2431/3158 2649/2429/3158
f 2721/2500/3159 2720/2499/3159 2722/2501/3159
f 2721/2500/3160 2722/2501/3160 2723/2502/3160
f 2721/2500/3161 2723/2502/3161 2653/2433/3161
f 2721/2500/3162 2653/2433/3162 2651/2431/3162
f 2723/2502/3163 2722/2501/3163 2724/2503/3163
f 2723/2502/3164 2724/2503/3164 2725/2504/3164
f 2723/2502/3165 2725/2504/3165 2655/2435/3165
f 2723/2502/3166 2655/2435/3166 2653/2433/3166
f 2725/2504/3167 2724/2503/3167 2726/2505/3167
f 2725/2504/3168 2726/2505/3168 2727/2506/3168
f 2725/2504/3169 2727/2506/3169 2657/2437/3169
f 2725/2504/3170 2657/2437/3170 2655/2435/3170
f 2727/2506/3171 2726/2505/3171 2728/2507/3171
f 2727/2506/3172 2728/2507/3172 2729/2508/3172
f 2727/2506/3173 2729/2508/3173 2659/2439/3173
f 2727/2506/3174 2659/2439/3174 2657/2437/3174
f 2729/2508/3175 2728/2507/3175 2730/2509/3175
f 2729/2508/3176 2730/2509/3176 2732/2510/3176
f 2729/2508/3177 2732/2510/3177 2661/2441/3177
f 2729/2508/3178 2661/2441/3178 2659/2439/3178
f 2733/2511/3179 2731/2512/3179 2735/2513/3179
f 2733/2511/3180 2735/2513/3180 2738/2514/3180
f 2732/2510/3181 2736/2515/3181 2665/2516/3181
f 2732/2510/3182 2665/2516/3182 2661/2441/3182
f 2737/2517/3183 2734/2518/3183 2740/2519/3183
f 2737/2517/3184 2740/2519/3184 2742/2520/3184
f 2737/2517/3185 2742/2520/3185 2671/2449/3185
f 2737/2517/3186 2671/2449/3186 2666/2448/3186
f 2741/2521/3187 2739/2522/3187 2743/2523/3187
f 2741/2521/3188 2743/2523/3188 2744/2524/3188
f 2741/2521/3189 2744/2524/3189 2674/2453/3189
f 2741/2521/3190 2674/2453/3190 2670/2452/3190
f 2744/2524/3191 2743/2523/3191 2745/2525/3191
f 2744/2524/3192 2745/2525/3192 2746/2526/3192
f 2744/2524/3193 2746/2526/3193 2676/2455/3193
f 2744/2524/3194 2676/2455/3194 2674/2453/3194
f 2746/2526/3195 2745/2525/3195 2747/2527/3195
f 2746/2526/3196 2747/2527/3196 2748/2528/3196
f 2746/2526/3197 2748/2528/3197 2678/2457/3197
f 2746/2526/3198 2678/2457/3198 2676/2455/3198
f 2748/2528/3199 2747/2527/3199 2749/2529/3199
f 2748/2528/3200 2749/2529/3200 2750/2530/3200
f 2748/2528/3201 2750/2530/3201 2680/2459/3201
f 2748/2528/3202 2680/2459/3202 2678/2457/3202
f 2750/2530/3203 2749/2529/3203 2751/2531/3203
f 2750/2530/3204 2751/2531/3204 2752/2532/3204
f 2750/2530/3205 2752/2532/3205 2682/2461/3205
f 2750/2530/3206 2682/2461/3206 2680/2459/3206
f 2752/2532/3207 2751/2531/3207 2753/2533/3207
f 2752/2532/3208 2753/2533/3208 2687/2466/3208
f 2752/2532/3209 2687/2466/3209 2684/2463/3209
f 2752/2532/3210 2684/2463/3210 2682/2461/3210
f 2753/2533/3211 2751/2531/3211 2754/2534/3211
f 2753/2533/3212 2754/2534/3212 2755/2535/3212
f 2753/2533/3213 2755/2535/3213 2756/2536/3213
f 2753/2533/3214 2756/2536/3214 2757/2537/3214
f 2753/2533/3215 2757/2537/3215 2688/2467/3215
f 2753/2533/3216 2688/2467/3216 2687/2466/3216
f 2757/2537/3217 2756/2536/3217 2758/2538/3217
f 2757/2537/3218 2758/2538/3218 2759/2539/3218
f 2757/2537/3219 2759/2539/3219 2689/2468/3219
f 2757/2537/3220 2689/2468/3220 2688/2467/3220
f 2759/2539/3221 2758/2538/3221 2760/2540/3221
f 2759/2539/3222 2760/2540/3222 2761/2541/3222
f 2759/2539/3223 2761/2541/3223 2691/2470/3223
f 2759/2539/3224 2691/2470/3224 2689/2468/3224
f 2761/2541/3225 2760/2540/3225 2762/2542/3225
f 2761/2541/3226 2762/2542/3226 2696/2475/3226
f 2761/2541/3227 2696/2475/3227 2693/2472/3227
f 2761/2541/3228 2693/2472/3228 2691/2470/3228
f 2762/2542/3229 2760/2540/3229 2763/2543/3229
f 2762/2542/3230 2763/2543/3230 2764/2544/3230
f 2762/2542/3231 2764/2544/3231 2765/2545/3231
f 2762/2542/3232 2765/2545/3232 2766/2546/3232
f 2762/2542/3233 2766/2546/3233 2697/2476/3233
f 2762/2542/3234 2697/2476/3234 2696/2475/3234
f 2766/2546/3235 2765/2545/3235 2767/2547/3235
f 2766/2546/3236 2767/2547/3236 2769/2548/3236
f 2766/2546/3237 2769/2548/3237 2698/2477/3237
f 2766/2546/3238 2698/2477/3238 2697/2476/3238
f 2770/2549/3239 2768/2550/3239 2772/2551/3239
f 2770/2549/3240 2772/2551/3240 2774/2552/3240
f 2770/2549/3241 2774/2552/3241 2703/2481/3241
f 2770/2549/3242 2703/2481/3242 2699/2480/3242
f 2773/2553/3243 2771/2554/3243 2775/2555/3243
f 2773/2553/3244 2775/2555/3244 2776/2556/3244
f 2773/2553/3245 2776/2556/3245 2706/2485/3245
f 2773/2553/3246 2706/2485/3246 2702/2484/3246
f 2776/2556/3247 2775/2555/3247 2777/2557/3247
f 2776/2556/3248 2777/2557/3248 2778/2558/3248
f 2776/2556/3249 2778/2558/3249 2708/2487/3249
f 2776/2556/3250 2708/2487/3250 2706/2485/3250
f 2778/2558/3251 2777/2557/3251 2779/2559/3251
f 2778/2558/3252 2779/2559/3252 2780/2560/3252
f 2778/2558/3253 2780/2560/3253 2710/2489/3253
f 2778/2558/3254 2710/2489/3254 2708/2487/3254
f 2780/2560/3255 2779/2559/3255 2781/2561/3255
f 2780/2560/3256 2781/2561/3256 2782/2562/3256
f 2780/2560/3257 2782/2562/3257 2712/2491/3257
f 2780/2560/3258 2712/2491/3258 2710/2489/3258
f 2782/2562/3259 2781/2561/3259 2783/2563/3259
f 2782/2562/3260 2783/2563/3260 2784/2564/3260
f 2782/2562/3261 2784/2564/3261 2714/2493/3261
f 2782/2562/3262 2714/2493/3262 2712/2491/3262
f 2784/2564/3263 2783/2563/3263 2785/2565/3263
f 2784/2564/3264 2785/2565/3264 2786/2566/3264
f 2784/2564/3265 2786/2566/3265 2716/2495/3265
f 2784/2564/3266 2716/2495/3266 2714/2493/3266
f 2786/2566/3267 2785/2565/3267 2787/2567/3267
f 2786/2566/3268 2787/2567/3268 2788/2568/3268
f 2786/2566/3269 2788/2568/3269 2718/2497/3269
f 2786/2566/3270 2718/2497/3270 2716/2495/3270
f 2788/2568/3271 2787/2567/3271 2789/2569/3271
f 2788/2568/3272 2789/2569/3272 2790/2570/3272
f 2788/2568/3273 2790/2570/3273 2720/2499/3273
f 2788/2568/3274 2720/2499/3274 2718/2497/3274
f 2790/2570/3275 2789/2569/3275 2791/2571/3275
f 2790/2570/3276 2791/2571/3276 2792/2572/3276
f 2790/2570/3277 2792/2572/3277 2722/2501/3277
f 2790/2570/3278 2722/2501/3278 2720/2499/3278
f 2792/2572/3279 2791/2571/3279 2793/2573/3279
f 2792/2572/3280 2793/2573/3280 2794/2574/3280
f 2792/2572/3281 2794/2574/3281 2724/2503/3281
f 2792/2572/3282 2724/2503/3282 2722/2501/3282
f 2794/2574/3283 2793/2573/3283 2795/2575/3283
f 2794/2574/3284 2795/2575/3284 2796/2576/3284
f 2794/2574/3285 2796/2576/3285 2726/2505/3285
f 2794/2574/3286 2726/2505/3286 2724/2503/3286
f 2796/2576/3287 2795/2575/3287 2797/2577/3287
f 2796/2576/3288 2797/2577/3288 2798/2578/3288
f 2796/2576/3289 2798/2578/3289 2728/2507/3289
f 2796/2576/3290 2728/2507/3290 2726/2505/3290
f 2798/2578/3291 2797/2577/3291 2799/2579/3291
f 2798/2578/3292 2799/2579/3292 2800/2580/3292
f 2798/2578/3293 2800/2580/3293 2730/2509/3293
f 2798/2578/3294 2730/2509/3294 2728/2507/3294
f 2800/2580/3295 2799/2579/3295 2802/2581/3295
f 2800/2580/3296 2802/2581/3296 2804/2582/3296
f 2801/2583/3297 2806/2584/3297 2735/2513/3297
f 2801/2583/3298 2735/2513/3298 2731/2512/3298
f 2805/2585/3299 2803/2586/3299 2808/2587/3299
f 2805/2585/3300 2808/2587/3300 2810/2588/3300
f 2805/2585/3301 2810/2588/3301 2740/2519/3301
f 2805/2585/3302 2740/2519/3302 2734/2518/3302
f 2809/2589/3303 2807/2590/3303 2811/2591/3303
f 2809/2589/3304 2811/2591/3304 2812/2592/3304
f 2809/2589/3305 2812/2592/3305 2743/2523/3305
f 2809/2589/3306 2743/2523/3306 2739/2522/3306
f 2812/2592/3307 2811/2591/3307 2813/2593/3307
f 2812/2592/3308 2813/2593/3308 2814/2594/3308
f 2812/2592/3309 2814/2594/3309 2745/2525/3309
f 2812/2592/3310 2745/2525/3310 2743/2523/3310
f 2814/2594/3311 2813/2593/3311 2815/2595/3311
f 2814/2594/3312 2815/2595/3312 2816/2596/3312
f 2814/2594/3313 2816/2596/3313 2747/2527/3313
f 2814/2594/3314 2747/2527/3314 2745/2525/3314
f 2816/2596/3315 2815/2595/3315 2817/2597/3315
f 2816/2596/3316 2817/2597/3316 2818/2598/3316
f 2816/2596/3317 2818/2598/3317 2749/2529/3317
f 2816/2596/3318 2749/2529/3318 2747/2527/3318
f 2818/2598/3319 2817/2597/3319 2819/2599/3319
f 2818/2598/3320 2819/2599/3320 2754/2534/3320
f 2818/2598/3321 2754/2534/3321 2751/2531/3321
f 2818/2598/3322 2751/2531/3322 2749/2529/3322
f 2819/2599/3323 2817/2597/3323 2820/2600/3323
f 2819/2599/3324 2820/2600/3324 2821/2601/3324
f 2819/2599/3325 2821/2601/3325 2822/2602/3325
f 2819/2599/3326 2822/2602/3326 2823/2603/3326
f 2819/2599/3327 2823/2603/3327 2755/2535/3327
f 2819/2599/3328 2755/2535/3328 2754/2534/3328
f 2823/2603/3329 2822/2602/3329 2824/2604/3329
f 2823/2603/3330 2824/2604/3330 2825/2605/3330
f 2823/2603/3331 2825/2605/3331 2756/2536/3331
f 2823/2603/3332 2756/2536/3332 2755/2535/3332
f 2825/2605/3333 2824/2604/3333 2826/2606/3333
f 2825/2605/3334 2826/2606/3334 2827/2607/3334
f 2825/2605/3335 2827/2607/3335 2758/2538/3335
f 2825/2605/3336 2758/2538/3336 2756/2536/3336
f 2827/2607/3337 2826/2606/3337 2828/2608/3337
f 2827/2607/3338 2828/2608/3338 2763/2543/3338
f 2827/2607/3339 2763/2543/3339 2760/2540/3339
f 2827/2607/3340 2760/2540/3340 2758/2538/3340
f 2828/2608/3341 2826/2606/3341 2829/2609/3341
f 2828/2608/3342 2829/2609/3342 2830/2610/3342
f 2828/2608/3343 2830/2610/3343 2831/2611/3343
f 2828/2608/3344 2831/2611/3344 2832/2612/3344
f 2828/2608/3338 2832/2612/3338 2764/2544/3338
f 2828/2608/3345 2764/2544/3345 2763/2543/3345
f 2832/2612/3346 2831/2611/3346 2833/2613/3346
f 2832/2612/3347 2833/2613/3347 2834/2614/3347
f 2832/2612/3348 2834/2614/3348 2765/2545/3348
f 2832/2612/3349 2765/2545/3349 2764/2544/3349
f 2834/2614/3350 2833/2613/3350 2835/2615/3350
f 2834/2614/3351 2835/2615/3351 2837/2616/3351
f 2834/2614/3352 2837/2616/3352 2767/2547/3352
f 2834/2614/3353 2767/2547/3353 2765/2545/3353
f 2838/2617/3354 2836/2618/3354 2840/2619/3354
f 2838/2617/3355 2840/2619/3355 2842/2620/3355
f 2838/2617/3356 2842/2620/3356 2772/2551/3356
f 2838/2617/3357 2772/2551/3357 2768/2550/3357
f 2841/2621/3358 2839/2622/3358 2843/2623/3358
f 2841/2621/3359 2843/2623/3359 2844/2624/3359
f 2841/2621/3360 2844/2624/3360 2775/2555/3360
f 2841/2621/3361 2775/2555/3361 2771/2554/3361
f 2844/2624/3362 2843/2623/3362 2845/2625/3362
f 2844/2624/3363 2845/2625/3363 2846/2626/3363
f 2844/2624/3364 2846/2626/3364 2777/2557/3364
f 2844/2624/3365 2777/2557/3365 2775/2555/3365
f 2846/2626/3366 2845/2625/3366 2847/2627/3366
f 2846/2626/3367 2847/2627/3367 2848/2628/3367
f 2846/2626/3368 2848/2628/3368 2779/2559/3368
f 2846/2626/3369 2779/2559/3369 2777/2557/3369
f 2848/2628/3370 2847/2627/3370 2849/2629/3370
f 2848/2628/3371 2849/2629/3371 2850/2630/3371
f 2848/2628/3372 2850/2630/3372 2781/2561/3372
f 2848/2628/3373 2781/2561/3373 2779/2559/3373
f 2850/2630/3374 2849/2629/3374 2851/2631/3374
f 2850/2630/3375 2851/2631/3375 2852/2632/3375
f 2850/2630/3376 2852/2632/3376 2783/2563/3376
f 2850/2630/3377 2783/2563/3377 2781/2561/3377
f 2852/2632/3378 2851/2631/3378 2853/2633/3378
f 2852/2632/3379 2853/2633/3379 2854/2634/3379
f 2852/2632/3380 2854/2634/3380 2785/2565/3380
f 2852/2632/3381 2785/2565/3381 2783/2563/3381
f 2854/2634/3382 2853/2633/3382 2855/2635/3382
f 2854/2634/3383 2855/2635/3383 2856/2636/3383
f 2854/2634/3384 2856/2636/3384 2787/2567/3384
f 2854/2634/3385 2787/2567/3385 2785/2565/3385
f 2856/2636/3386 2855/2635/3386 2857/2637/3386
f 2856/2636/3387 2857/2637/3387 2858/2638/3387
f 2856/2636/3388 2858/2638/3388 2789/2569/3388
f 2856/2636/3389 2789/2569/3389 2787/2567/3389
f 2858/2638/3390 2857/2637/3390 2859/2639/3390
f 2858/2638/3391 2859/2639/3391 2860/2640/3391
f 2858/2638/3392 2860/2640/3392 2791/2571/3392
f 2858/2638/3393 2791/2571/3393 2789/2569/3393
f 2860/2640/3394 2859/2639/3394 2861/2641/3394
f 2860/2640/3395 2861/2641/3395 2862/2642/3395
f 2860/2640/3396 2862/2642/3396 2793/2573/3396
f 2860/2640/3397 2793/2573/3397 2791/2571/3397
f 2862/2642/3398 2861/2641/3398 2863/2643/3398
f 2862/2642/3399 2863/2643/3399 2864/2644/3399
f 2862/2642/3400 2864/2644/3400 2795/2575/3400
f 2862/2642/3401 2795/2575/3401 2793/2573/3401
f 2864/2644/3402 2863/2643/3402 2865/2645/3402
f 2864/2644/3403 2865/2645/3403 2866/2646/3403
f 2864/2644/3404 2866/2646/3404 2797/2577/3404
f 2864/2644/3405 2797/2577/3405 2795/2575/3405
f 2866/2646/3406 2865/2645/3406 2867/2647/3406
f 2866/2646/3407 2867/2647/3407 2869/2648/3407
f 2866/2646/3408 2869/2648/3408 2799/2579/3408
f 2866/2646/3409 2799/2579/3409 2797/2577/3409
f 2869/2648/3410 2867/2647/3410 2870/2649/3410
f 2869/2648/3411 2870/2649/3411 2873/2650/3411
f 2869/2648/3412 2873/2650/3412 2802/2581/3412
f 2869/2648/3413 2802/2581/3413 2799/2579/3413
f 2874/2651/3414 2872/2652/3414 2876/2653/3414
f 2874/2651/3415 2876/2653/3415 2878/2654/3415
f 2874/2651/3416 2878/2654/3416 2808/2587/3416
f 2874/2651/3417 2808/2587/3417 2803/2586/3417
f 2877/2655/3418 2875/2656/3418 2879/2657/3418
f 2877/2655/3419 2879/2657/3419 2880/2658/3419
f 2877/2655/3420 2880/2658/3420 2811/2591/3420
f 2877/2655/3421 2811/2591/3421 2807/2590/3421
f 2880/2658/3422 2879/2657/3422 2881/2659/3422
f 2880/2658/3423 2881/2659/3423 2882/2660/3423
f 2880/2658/3424 2882/2660/3424 2813/2593/3424
f 2880/2658/3425 2813/2593/3425 2811/2591/3425
f 2882/2660/3426 2881/2659/3426 2883/2661/3426
f 2882/2660/3427 2883/2661/3427 2884/2662/3427
f 2882/2660/3428 2884/2662/3428 2815/2595/3428
f 2882/2660/3429 2815/2595/3429 2813/2593/3429
f 2884/2662/3430 2883/2661/3430 2885/2663/3430
f 2884/2662/3431 2885/2663/3431 2820/2600/3431
f 2884/2662/3432 2820/2600/3432 2817/2597/3432
f 2884/2662/3433 2817/2597/3433 2815/2595/3433
f 2885/2663/3434 2883/2661/3434 2886/2664/3434
f 2885/2663/3435 2886/2664/3435 2887/2665/3435
f 2885/2663/3436 2887/2665/3436 2888/2666/3436
f 2885/2663/3437 2888/2666/3437 2889/2667/3437
f 2885/2663/3438 2889/2667/3438 2821/2601/3438
f 2885/2663/3439 2821/2601/3439 2820/2600/3439
f 2889/2667/3440 2888/2666/3440 2890/2668/3440
f 2889/2667/3441 2890/2668/3441 2891/2669/3441
f 2889/2667/3442 2891/2669/3442 2822/2602/3442
f 2889/2667/3443 2822/2602/3443 2821/2601/3443
f 2891/2669/3444 2890/2668/3444 2892/2670/3444
f 2891/2669/3445 2892/2670/3445 2893/2671/3445
f 2891/2669/3446 2893/2671/3446 2824/2604/3446
f 2891/2669/3447 2824/2604/3447 2822/2602/3447
f 2893/2671/3448 2892/2670/3448 2894/2672/3448
f 2893/2671/3449 2894/2672/3449 2829/2609/3449
f 2893/2671/3450 2829/2609/3450 2826/2606/3450
f 2893/2671/3451 2826/2606/3451 2824/2604/3451
f 2894/2672/3452 2892/2670/3452 2895/2673/3452
f 2894/2672/3453 2895/2673/3453 2896/2674/3453
f 2894/2672/3454 2896/2674/3454 2897/2675/3454
f 2894/2672/3455 2897/2675/3455 2898/2676/3455
f 2894/2672/3456 2898/2676/3456 2830/2610/3456
f 2894/2672/3457 2830/2610/3457 2829/2609/3457
f 2898/2676/3458 2897/2675/3458 2899/2677/3458
f 2898/2676/3459 2899/2677/3459 2900/2678/3459
f 2898/2676/3460 2900/2678/3460 2831/2611/3460
f 2898/2676/3461 2831/2611/3461 2830/2610/3461
f 2900/2678/3462 2899/2677/3462 2901/2679/3462
f 2900/2678/3463 2901/2679/3463 2902/2680/3463
f 2900/2678/3464 2902/2680/3464 2833/2613/3464
f 2900/2678/3465 2833/2613/3465 2831/2611/3465
f 2902/2680/3466 2901/2679/3466 2903/2681/3466
f 2902/2680/3467 2903/2681/3467 2905/2682/3467
f 2902/2680/3468 2905/2682/3468 2835/2615/3468
f 2902/2680/3469 2835/2615/3469 2833/2613/3469
f 2906/2683/3470 2904/2684/3470 2908/2685/3470
f 2906/2683/3471 2908/2685/3471 2910/2686/3471
f 2906/2683/3472 2910/2686/3472 2840/2619/3472
f 2906/2683/3473 2840/2619/3473 2836/2618/3473
f 2909/2687/3474 2907/2688/3474 2911/2689/3474
f 2909/2687/3475 2911/2689/3475 2912/2690/3475
f 2909/2687/3476 2912/2690/3476 2843/2623/3476
f 2909/2687/3477 2843/2623/3477 2839/2622/3477
f 2912/2690/3478 2911/2689/3478 2913/2691/3478
f 2912/2690/3479 2913/2691/3479 2914/2692/3479
f 2912/2690/3480 2914/2692/3480 2845/2625/3480
f 2912/2690/3481 2845/2625/3481 2843/2623/3481
f 2914/2692/3482 2913/2691/3482 2915/2693/3482
f 2914/2692/3483 2915/2693/3483 2916/2694/3483
f 2914/2692/3484 2916/2694/3484 2847/2627/3484
f 2914/2692/3485 2847/2627/3485 2845/2625/3485
f 2916/2694/3486 2915/2693/3486 2917/2695/3486
f 2916/2694/3487 2917/2695/3487 2918/2696/3487
f 2916/2694/3488 2918/2696/3488 2849/2629/3488
f 2916/2694/3489 2849/2629/3489 2847/2627/3489
f 2918/2696/3490 2917/2695/3490 2919/2697/3490
f 2918/2696/3491 2919/2697/3491 2920/2698/3491
f 2918/2696/3492 2920/2698/3492 2851/2631/3492
f 2918/2696/3493 2851/2631/3493 2849/2629/3493
f 2920/2698/3494 2919/2697/3494 2921/2699/3494
f 2920/2698/3495 2921/2699/3495 2922/2700/3495
f 2920/2698/3496 2922/2700/3496 2853/2633/3496
f 2920/2698/3497 2853/2633/3497 2851/2631/3497
f 2922/2700/3498 2921/2699/3498 2923/2701/3498
f 2922/2700/3499 2923/2701/3499 2924/2702/3499
f 2922/2700/3500 2924/2702/3500 2855/2635/3500
f 2922/2700/3501 2855/2635/3501 2853/2633/3501
f 2924/2702/3502 2923/2701/3502 2925/2703/3502
f 2924/2702/3503 2925/2703/3503 2926/2704/3503
f 2924/2702/3504 2926/2704/3504 2857/2637/3504
f 2924/2702/3386 2857/2637/3386 2855/2635/3386
f 2926/2704/3505 2925/2703/3505 2927/2705/3505
f 2926/2704/3506 2927/2705/3506 2928/2706/3506
f 2926/2704/3507 2928/2706/3507 2859/2639/3507
f 2926/2704/3508 2859/2639/3508 2857/2637/3508
f 2928/2706/3509 2927/2705/3509 2929/2707/3509
f 2928/2706/3510 2929/2707/3510 2930/2708/3510
f 2928/2706/3511 2930/2708/3511 2861/2641/3511
f 2928/2706/3512 2861/2641/3512 2859/2639/3512
f 2930/2708/3513 2929/2707/3513 2931/2709/3513
f 2930/2708/3514 2931/2709/3514 2932/2710/3514
f 2930/2708/3515 2932/2710/3515 2863/2643/3515
f 2930/2708/3516 2863/2643/3516 2861/2641/3516
f 2932/2710/3517 2931/2709/3517 2933/2711/3517
f 2932/2710/3518 2933/2711/3518 2934/2712/3518
f 2932/2710/3519 2934/2712/3519 2865/2645/3519
f 2932/2710/3520 2865/2645/3520 2863/2643/3520
f 2934/2712/3521 2933/2711/3521 2935/2713/3521
f 2934/2712/3522 2935/2713/3522 2937/2714/3522
f 2934/2712/3523 2937/2714/3523 2867/2647/3523
f 2934/2712/3524 2867/2647/3524 2865/2645/3524
f 2938/2715/3525 2936/2716/3525 2939/2717/3525
f 2938/2715/3526 2939/2717/3526 2941/2718/3526
f 2938/2715/3527 2941/2718/3527 2871/2719/3527
f 2938/2715/3528 2871/2719/3528 2868/2720/3528
f 2942/2721/3529 2940/2722/3529 2944/2723/3529
f 2942/2721/3530 2944/2723/3530 2946/2724/3530
f 2942/2721/3531 2946/2724/3531 2876/2653/3531
f 2942/2721/3532 2876/2653/3532 2872/2652/3532
f 2945/2725/3533 2943/2726/3533 2947/2727/3533
f 2945/2725/3534 2947/2727/3534 2948/2728/3534
f 2945/2725/3535 2948/2728/3535 2879/2657/3535
f 2945/2725/3536 2879/2657/3536 2875/2656/3536
f 2948/2728/3537 2947/2727/3537 2949/2729/3537
f 2948/2728/3538 2949/2729/3538 2950/2730/3538
f 2948/2728/3539 2950/2730/3539 2881/2659/3539
f 2948/2728/3540 2881/2659/3540 2879/2657/3540
f 2950/2730/3541 2949/2729/3541 2951/2731/3541
f 2950/2730/3542 2951/2731/3542 2886/2664/3542
f 2950/2730/3543 2886/2664/3543 2883/2661/3543
f 2950/2730/3544 2883/2661/3544 2881/2659/3544
f 2951/2731/3545 2949/2729/3545 2952/2732/3545
f 2951/2731/3546 2952/2732/3546 2953/2733/3546
f 2951/2731/3547 2953/2733/3547 2954/2734/3547
f 2951/2731/3548 2954/2734/3548 2955/2735/3548
f 2951/2731/3549 2955/2735/3549 2887/2665/3549
f 2951/2731/3550 2887/2665/3550 2886/2664/3550
f 2955/2735/3551 2954/2734/3551 2956/2736/3551
f 2955/2735/3552 2956/2736/3552 2957/2737/3552
f 2955/2735/3553 2957/2737/3553 2888/2666/3553
f 2955/2735/3554 2888/2666/3554 2887/2665/3554
f 2957/2737/3555 2956/2736/3555 2958/2738/3555
f 2957/2737/3556 2958/2738/3556 2959/2739/3556
f 2957/2737/3557 2959/2739/3557 2890/2668/3557
f 2957/2737/3558 2890/2668/3558 2888/2666/3558
f 2959/2739/3559 2958/2738/3559 2960/2740/3559
f 2959/2739/3560 2960/2740/3560 2895/2673/3560
f 2959/2739/3561 2895/2673/3561 2892/2670/3561
f 2959/2739/3562 2892/2670/3562 2890/2668/3562
f 2960/2740/3563 2958/2738/3563 2961/2741/3563
f 2960/2740/3564 2961/2741/3564 2962/2742/3564
f 2960/2740/3565 2962/2742/3565 2963/2743/3565
f 2960/2740/3566 2963/2743/3566 2964/2744/3566
f 2960/2740/3567 2964/2744/3567 2896/2674/3567
f 2960/2740/3568 2896/2674/3568 2895/2673/3568
f 2964/2744/3569 2963/2743/3569 2965/2745/3569
f 2964/2744/3570 2965/2745/3570 2966/2746/3570
f 2964/2744/3571 2966/2746/3571 2897/2675/3571
f 2964/2744/3572 2897/2675/3572 2896/2674/3572
f 2966/2746/3573 2965/2745/3573 2967/2747/3573
f 2966/2746/3574 2967/2747/3574 2968/2748/3574
f 2966/2746/3575 2968/2748/3575 2899/2677/3575
f 2966/2746/3576 2899/2677/3576 2897/2675/3576
f 2968/2748/3577 2967/2747/3577 2969/2749/3577
f 2968/2748/3578 2969/2749/3578 2970/2750/3578
f 2968/2748/3579 2970/2750/3579 2901/2679/3579
f 2968/2748/3580 2901/2679/3580 2899/2677/3580
f 2970/2750/3581 2969/2749/3581 2971/2751/3581
f 2970/2750/3582 2971/2751/3582 2973/2752/3582
f 2970/2750/3583 2973/2752/3583 2903/2681/3583
f 2970/2750/3584 2903/2681/3584 2901/2679/3584
f 2974/2753/3585 2972/2754/3585 2976/2755/3585
f 2974/2753/3586 2976/2755/3586 2979/2756/3586
f 2974/2753/3587 2979/2756/3587 2908/2685/3587
f 2974/2753/3588 2908/2685/3588 2904/2684/3588
f 2978/2757/3589 2975/2758/3589 2980/2759/3589
f 2978/2757/3590 2980/2759/3590 2982/2760/3590
f 2978/2757/3591 2982/2760/3591 2911/2689/3591
f 2978/2757/3592 2911/2689/3592 2907/2688/3592
f 2982/2760/3593 2980/2759/3593 2983/2761/3593
f 2982/2760/3594 2983/2761/3594 2984/2762/3594
f 2982/2760/3595 2984/2762/3595 2913/2691/3595
f 2982/2760/3596 2913/2691/3596 2911/2689/3596
f 2984/2762/3597 2983/2761/3597 2985/2763/3597
f 2984/2762/3598 2985/2763/3598 2986/2764/3598
f 2984/2762/3599 2986/2764/3599 2915/2693/3599
f 2984/2762/3600 2915/2693/3600 2913/2691/3600
f 2986/2764/3601 2985/2763/3601 2987/2765/3601
f 2986/2764/3602 2987/2765/3602 2988/2766/3602
f 2986/2764/3603 2988/2766/3603 2917/2695/3603
f 2986/2764/3604 2917/2695/3604 2915/2693/3604
f 2988/2766/3605 2987/2765/3605 2989/2767/3605
f 2988/2766/3606 2989/2767/3606 2990/2768/3606
f 2988/2766/3607 2990/2768/3607 2919/2697/3607
f 2988/2766/3608 2919/2697/3608 2917/2695/3608
f 2990/2768/3609 2989/2767/3609 2991/2769/3609
f 2990/2768/3610 2991/2769/3610 2992/2770/3610
f 2990/2768/3611 2992/2770/3611 2921/2699/3611
f 2990/2768/3612 2921/2699/3612 2919/2697/3612
f 2992/2770/3613 2991/2769/3613 2993/2771/3613
f 2992/2770/3614 2993/2771/3614 2994/2772/3614
f 2992/2770/3615 2994/2772/3615 2923/2701/3615
f 2992/2770/3616 2923/2701/3616 2921/2699/3616
f 2994/2772/3617 2993/2771/3617 2995/2773/3617
f 2994/2772/3618 2995/2773/3618 2996/2774/3618
f 2994/2772/3619 2996/2774/3619 2925/2703/3619
f 2994/2772/3620 2925/2703/3620 2923/2701/3620
f 2996/2774/3621 2995/2773/3621 2997/2775/3621
f 2996/2774/3622 2997/2775/3622 2998/2776/3622
f 2996/2774/3623 2998/2776/3623 2927/2705/3623
f 2996/2774/3624 2927/2705/3624 2925/2703/3624
f 2998/2776/3625 2997/2775/3625 2999/2777/3625
f 2998/2776/3626 2999/2777/3626 3000/2778/3626
f 2998/2776/3627 3000/2778/3627 2929/2707/3627
f 2998/2776/3628 2929/2707/3628 2927/2705/3628
f 3000/2778/3629 2999/2777/3629 3001/2779/3629
f 3000/2778/3630 3001/2779/3630 3002/2780/3630
f 3000/2778/3631 3002/2780/3631 2931/2709/3631
f 3000/2778/3632 2931/2709/3632 2929/2707/3632
f 3002/2780/3633 3001/2779/3633 3003/2781/3633
f 3002/2780/3634 3003/2781/3634 3004/2782/3634
f 3002/2780/3635 3004/2782/3635 2933/2711/3635
f 3002/2780/3636 2933/2711/3636 2931/2709/3636
f 3004/2782/3637 3003/2781/3637 3005/2783/3637
f 3004/2782/3638 3005/2783/3638 3007/2784/3638
f 3004/2782/3639 3007/2784/3639 2935/2713/3639
f 3004/2782/3640 2935/2713/3640 2933/2711/3640
f 3008/2785/3641 3006/2786/3641 3009/2787/3641
f 3008/2785/3642 3009/2787/3642 3011/2788/3642
f 3008/2785/3643 3011/2788/3643 2939/2717/3643
f 3008/2785/3644 2939/2717/3644 2936/2716/3644
f 3012/2789/3645 3010/2790/3645 3014/2791/3645
f 3012/2789/3646 3014/2791/3646 3016/2792/3646
f 3012/2789/3647 3016/2792/3647 2944/2723/3647
f 3012/2789/3648 2944/2723/3648 2940/2722/3648
f 3015/2793/3649 3013/2794/3649 3017/2795/3649
f 3015/2793/3650 3017/2795/3650 3018/2796/3650
f 3015/2793/3651 3018/2796/3651 2947/2727/3651
f 3015/2793/3652 2947/2727/3652 2943/2726/3652
f 3018/2796/3653 3017/2795/3653 3019/2797/3653
f 3018/2796/3654 3019/2797/3654 2952/2732/3654
f 3018/2796/3655 2952/2732/3655 2949/2729/3655
f 3018/2796/3656 2949/2729/3656 2947/2727/3656
f 3019/2797/3657 3017/2795/3657 3020/2798/3657
f 3019/2797/3658 3020/2798/3658 3021/2799/3658
f 3019/2797/3659 3021/2799/3659 3022/2800/3659
f 3019/2797/3660 3022/2800/3660 3023/2801/3660
f 3019/2797/3660 3023/2801/3660 2953/2733/3660
f 3019/2797/3661 2953/2733/3661 2952/2732/3661
f 3023/2801/3662 3022/2800/3662 3024/2802/3662
f 3023/2801/3663 3024/2802/3663 3025/2803/3663
f 3023/2801/3664 3025/2803/3664 2954/2734/3664
f 3023/2801/3665 2954/2734/3665 2953/2733/3665
f 3025/2803/3666 3024/2802/3666 3026/2804/3666
f 3025/2803/3667 3026/2804/3667 3027/2805/3667
f 3025/2803/3668 3027/2805/3668 2956/2736/3668
f 3025/2803/3669 2956/2736/3669 2954/2734/3669
f 3027/2805/3670 3026/2804/3670 3028/2806/3670
f 3027/2805/3671 3028/2806/3671 2961/2741/3671
f 3027/2805/3672 2961/2741/3672 2958/2738/3672
f 3027/2805/3673 2958/2738/3673 2956/2736/3673
f 3028/2806/3674 3026/2804/3674 3029/2807/3674
f 3028/2806/3675 3029/2807/3675 3030/2808/3675
f 3028/2806/3676 3030/2808/3676 3031/2809/3676
f 3028/2806/3677 3031/2809/3677 3032/2810/3677
f 3028/2806/3678 3032/2810/3678 2962/2742/3678
f 3028/2806/3679 2962/2742/3679 2961/2741/3679
f 3032/2810/3680 3031/2809/3680 3033/2811/3680
f 3032/2810/3681 3033/2811/3681 3034/2812/3681
f 3032/2810/3682 3034/2812/3682 2963/2743/3682
f 3032/2810/3683 2963/2743/3683 2962/2742/3683
f 3034/2812/3684 3033/2811/3684 3035/2813/3684
f 3034/2812/3685 3035/2813/3685 3036/2814/3685
f 3034/2812/3686 3036/2814/3686 2965/2745/3686
f 3034/2812/3687 2965/2745/3687 2963/2743/3687
f 3036/2814/3688 3035/2813/3688 3037/2815/3688
f 3036/2814/3689 3037/2815/3689 3038/2816/3689
f 3036/2814/3690 3038/2816/3690 2967/2747/3690
f 3036/2814/3691 2967/2747/3691 2965/2745/3691
f 3038/2816/3692 3037/2815/3692 3039/2817/3692
f 3038/2816/3693 3039/2817/3693 3040/2818/3693
f 3038/2816/3694 3040/2818/3694 2969/2749/3694
f 3038/2816/3695 2969/2749/3695 2967/2747/3695
f 3040/2818/3696 3039/2817/3696 3041/2819/3696
f 3040/2818/3697 3041/2819/3697 3043/2820/3697
f 3040/2818/3698 3043/2820/3698 2971/2751/3698
f 3040/2818/3699 2971/2751/3699 2969/2749/3699
f 3044/2821/3700 3042/2822/3700 3045/2823/3700
f 3044/2821/3701 3045/2823/3701 3047/2824/3701
f 3044/2821/3702 3047/2824/3702 2976/2755/3702
f 3044/2821/3703 2976/2755/3703 2972/2754/3703
f 3048/2825/3704 3046/2826/3704 3050/2827/3704
f 3048/2825/3705 3050/2827/3705 3052/2828/3705
f 3048/2825/3706 3052/2828/3706 2981/2829/3706
f 3048/2825/3707 2981/2829/3707 2977/2830/3707
f 3051/2831/3708 3049/2832/3708 3053/2833/3708
f 3051/2831/3709 3053/2833/3709 3054/2834/3709
f 3051/2831/3710 3054/2834/3710 2983/2761/3710
f 3051/2831/3711 2983/2761/3711 2980/2759/3711
f 3054/2834/3712 3053/2833/3712 3055/2835/3712
f 3054/2834/3713 3055/2835/3713 3056/2836/3713
f 3054/2834/3714 3056/2836/3714 2985/2763/3714
f 3054/2834/3715 2985/2763/3715 2983/2761/3715
f 3056/2836/3716 3055/2835/3716 3057/2837/3716
f 3056/2836/3717 3057/2837/3717 3058/2838/3717
f 3056/2836/3718 3058/2838/3718 2987/2765/3718
f 3056/2836/3714 2987/2765/3714 2985/2763/3714
f 3058/2838/3719 3057/2837/3719 3059/2839/3719
f 3058/2838/3720 3059/2839/3720 3060/2840/3720
f 3058/2838/3721 3060/2840/3721 2989/2767/3721
f 3058/2838/3722 2989/2767/3722 2987/2765/3722
f 3060/2840/3723 3059/2839/3723 3061/2841/3723
f 3060/2840/3724 3061/2841/3724 3062/2842/3724
f 3060/2840/3725 3062/2842/3725 2991/2769/3725
f 3060/2840/3726 2991/2769/3726 2989/2767/3726
f 3062/2842/3727 3061/2841/3727 3063/2843/3727
f 3062/2842/3728 3063/2843/3728 3064/2844/3728
f 3062/2842/3729 3064/2844/3729 2993/2771/3729
f 3062/2842/3730 2993/2771/3730 2991/2769/3730
f 3064/2844/3731 3063/2843/3731 3065/2845/3731
f 3064/2844/3732 3065/2845/3732 3066/2846/3732
f 3064/2844/3733 3066/2846/3733 2995/2773/3733
f 3064/2844/3734 2995/2773/3734 2993/2771/3734
f 3066/2846/3735 3065/2845/3735 3067/2847/3735
f 3066/2846/3736 3067/2847/3736 3068/2848/3736
f 3066/2846/3737 3068/2848/3737 2997/2775/3737
f 3066/2846/3738 2997/2775/3738 2995/2773/3738
f 3068/2848/3739 3067/2847/3739 3069/2849/3739
f 3068/2848/3740 3069/2849/3740 3070/2850/3740
f 3068/2848/3741 3070/2850/3741 2999/2777/3741
f 3068/2848/3742 2999/2777/3742 2997/2775/3742
f 3070/2850/3743 3069/2849/3743 3071/2851/3743
f 3070/2850/3744 3071/2851/3744 3072/2852/3744
f 3070/2850/3745 3072/2852/3745 3001/2779/3745
f 3070/2850/3746 3001/2779/3746 2999/2777/3746
f 3072/2852/3747 3071/2851/3747 3073/2853/3747
f 3072/2852/3748 3073/2853/3748 3074/2854/3748
f 3072/2852/3749 3074/2854/3749 3003/2781/3749
f 3072/2852/3750 3003/2781/3750 3001/2779/3750
f 3074/2854/3751 3073/2853/3751 3075/2855/3751
f 3074/2854/3752 3075/2855/3752 3077/2856/3752
f 3074/2854/3753 3077/2856/3753 3005/2783/3753
f 3074/2854/3754 3005/2783/3754 3003/2781/3754
f 3078/2857/3755 3076/2858/3755 3079/2859/3755
f 3078/2857/3756 3079/2859/3756 3081/2860/3756
f 3078/2857/3757 3081/2860/3757 3009/2787/3757
f 3078/2857/3758 3009/2787/3758 3006/2786/3758
f 3082/2861/3759 3080/2862/3759 3084/2863/3759
f 3082/2861/3760 3084/2863/3760 3086/2864/3760
f 3082/2861/3761 3086/2864/3761 3014/2791/3761
f 3082/2861/3762 3014/2791/3762 3010/2790/3762
f 3085/2865/3763 3083/2866/3763 3087/2867/3763
f 3085/2865/3764 3087/2867/3764 3020/2798/3764
f 3085/2865/3765 3020/2798/3765 3017/2795/3765
f 3085/2865/3766 3017/2795/3766 3013/2794/3766
f 3087/2867/3767 3083/2866/3767 3088/2868/3767
f 3087/2867/3768 3088/2868/3768 3090/2869/3768
f 3087/2867/3769 3090/2869/3769 3091/2870/3769
f 3087/2867/3770 3091/2870/3770 3092/2871/3770
f 3087/2867/3771 3092/2871/3771 3021/2799/3771
f 3087/2867/3772 3021/2799/3772 3020/2798/3772
f 3092/2871/3773 3091/2870/3773 3093/2872/3773
f 3092/2871/3774 3093/2872/3774 3094/2873/3774
f 3092/2871/3775 3094/2873/3775 3022/2800/3775
f 3092/2871/3776 3022/2800/3776 3021/2799/3776
f 3094/2873/3777 3093/2872/3777 3095/2874/3777
f 3094/2873/3778 3095/2874/3778 3096/2875/3778
f 3094/2873/3779 3096/2875/3779 3024/2802/3779
f 3094/2873/3780 3024/2802/3780 3022/2800/3780
f 3096/2875/3781 3095/2874/3781 3097/2876/3781
f 3096/2875/3782 3097/2876/3782 3029/2807/3782
f 3096/2875/3783 3029/2807/3783 3026/2804/3783
f 3096/2875/3784 3026/2804/3784 3024/2802/3784
f 3097/2876/3785 3095/2874/3785 3098/2877/3785
f 3097/2876/3786 3098/2877/3786 3099/2878/3786
f 3097/2876/3787 3099/2878/3787 3100/2879/3787
f 3097/2876/3788 3100/2879/3788 3101/2880/3788
f 3097/2876/3789 3101/2880/3789 3030/2808/3789
f 3097/2876/3790 3030/2808/3790 3029/2807/3790
f 3101/2880/3791 3100/2879/3791 3102/2881/3791
f 3101/2880/3792 3102/2881/3792 3103/2882/3792
f 3101/2880/3793 3103/2882/3793 3031/2809/3793
f 3101/2880/3794 3031/2809/3794 3030/2808/3794
f 3103/2882/3795 3102/2881/3795 3104/2883/3795
f 3103/2882/3796 3104/2883/3796 3105/2884/3796
f 3103/2882/3797 3105/2884/3797 3033/2811/3797
f 3103/2882/3798 3033/2811/3798 3031/2809/3798
f 3105/2884/3799 3104/2883/3799 3106/2885/3799
f 3105/2884/3800 3106/2885/3800 3107/2886/3800
f 3105/2884/3801 3107/2886/3801 3035/2813/3801
f 3105/2884/3802 3035/2813/3802 3033/2811/3802
f 3107/2886/3803 3106/2885/3803 3108/2887/3803
f 3107/2886/3804 3108/2887/3804 3109/2888/3804
f 3107/2886/3805 3109/2888/3805 3037/2815/3805
f 3107/2886/3806 3037/2815/3806 3035/2813/3806
f 3109/2888/3807 3108/2887/3807 3110/2889/3807
f 3109/2888/3808 3110/2889/3808 3111/2890/3808
f 3109/2888/3809 3111/2890/3809 3039/2817/3809
f 3109/2888/3810 3039/2817/3810 3037/2815/3810
f 3111/2890/3811 3110/2889/3811 3112/2891/3811
f 3111/2890/3812 3112/2891/3812 3114/2892/3812
f 3111/2890/3813 3114/2892/3813 3041/2819/3813
f 3111/2890/3814 3041/2819/3814 3039/2817/3814
f 3115/2893/3815 3113/2894/3815 3116/2895/3815
f 3115/2893/3816 3116/2895/3816 3118/2896/3816
f 3115/2893/3817 3118/2896/3817 3045/2823/3817
f 3115/2893/3818 3045/2823/3818 3042/2822/3818
f 3119/2897/3819 3117/2898/3819 3122/2899/3819
f 3119/2897/3820 3122/2899/3820 3124/2900/3820
f 3120/2901/3821 3125/2902/3821 3050/2827/3821
f 3120/2901/3822 3050/2827/3822 3046/2826/3822
f 3123/2903/3823 3121/2904/3823 3126/2905/3823
f 3123/2903/3824 3126/2905/3824 3127/2906/3824
f 3123/2903/3825 3127/2906/3825 3053/2833/3825
f 3123/2903/3826 3053/2833/3826 3049/2832/3826
f 3127/2906/3827 3126/2905/3827 3128/2907/3827
f 3127/2906/3828 3128/2907/3828 3129/2908/3828
f 3127/2906/3829 3129/2908/3829 3055/2835/3829
f 3127/2906/3830 3055/2835/3830 3053/2833/3830
f 3129/2908/3831 3128/2907/3831 3130/2909/3831
f 3129/2908/3832 3130/2909/3832 3131/2910/3832
f 3129/2908/3833 3131/2910/3833 3057/2837/3833
f 3129/2908/3834 3057/2837/3834 3055/2835/3834
f 3131/2910/3835 3130/2909/3835 3132/2911/3835
f 3131/2910/3836 3132/2911/3836 3133/2912/3836
f 3131/2910/3837 3133/2912/3837 3059/2839/3837
f 3131/2910/3838 3059/2839/3838 3057/2837/3838
f 3133/2912/3839 3132/2911/3839 3134/2913/3839
f 3133/2912/3840 3134/2913/3840 3135/2914/3840
f 3133/2912/3841 3135/2914/3841 3061/2841/3841
f 3133/2912/3842 3061/2841/3842 3059/2839/3842
f 3135/2914/3843 3134/2913/3843 3136/2915/3843
f 3135/2914/3844 3136/2915/3844 3137/2916/3844
f 3135/2914/3845 3137/2916/3845 3063/2843/3845
f 3135/2914/3846 3063/2843/3846 3061/2841/3846
f 3137/2916/3847 3136/2915/3847 3138/2917/3847
f 3137/2916/3848 3138/2917/3848 3139/2918/3848
f 3137/2916/3849 3139/2918/3849 3065/2845/3849
f 3137/2916/3850 3065/2845/3850 3063/2843/3850
f 3139/2918/3851 3138/2917/3851 3140/2919/3851
f 3139/2918/3852 3140/2919/3852 3141/2920/3852
f 3139/2918/3853 3141/2920/3853 3067/2847/3853
f 3139/2918/3854 3067/2847/3854 3065/2845/3854
f 3141/2920/3855 3140/2919/3855 3142/2921/3855
f 3141/2920/3856 3142/2921/3856 3143/2922/3856
f 3141/2920/3857 3143/2922/3857 3069/2849/3857
f 3141/2920/3858 3069/2849/3858 3067/2847/3858
f 3143/2922/3859 3142/2921/3859 3144/2923/3859
f 3143/2922/3860 3144/2923/3860 3145/2924/3860
f 3143/2922/3861 3145/2924/3861 3071/2851/3861
f 3143/2922/3862 3071/2851/3862 3069/2849/3862
f 3145/2924/3863 3144/2923/3863 3146/2925/3863
f 3145/2924/3864 3146/2925/3864 3147/2926/3864
f 3145/2924/3865 3147/2926/3865 3073/2853/3865
f 3145/2924/3866 3073/2853/3866 3071/2851/3866
f 3147/2926/3867 3146/2925/3867 3148/2927/3867
f 3147/2926/3868 3148/2927/3868 3150/2928/3868
f 3147/2926/3869 3150/2928/3869 3075/2855/3869
f 3147/2926/3870 3075/2855/3870 3073/2853/3870
f 3151/2929/3871 3149/2930/3871 3152/2931/3871
f 3151/2929/3872 3152/2931/3872 3154/2932/3872
f 3151/2929/3873 3154/2932/3873 3079/2859/3873
f 3151/2929/3874 3079/2859/3874 3076/2858/3874
f 3155/2933/3875 3153/2934/3875 3157/2935/3875
f 3155/2933/3876 3157/2935/3876 3089/2936/3876
f 3155/2933/3877 3089/2936/3877 3084/2863/3877
f 3155/2933/3878 3084/2863/3878 3080/2862/3878
f 3157/2935/3879 3153/2934/3879 3159/2937/3879
f 3157/2935/3880 3159/2937/3880 3161/2938/3880
f 3156/2939/3881 3160/2940/3881 3162/2941/3881
f 3156/2939/3882 3162/2941/3882 3163/2942/3882
f 3156/2939/3883 3163/2942/3883 3090/2869/3883
f 3156/2939/3884 3090/2869/3884 3088/2868/3884
f 3163/2942/3885 3162/2941/3885 3164/2943/3885
f 3163/2942/3886 3164/2943/3886 3165/2944/3886
f 3163/2942/3887 3165/2944/3887 3091/2870/3887
f 3163/2942/3888 3091/2870/3888 3090/2869/3888
f 3165/2944/3889 3164/2943/3889 3166/2945/3889
f 3165/2944/3890 3166/2945/3890 3167/2946/3890
f 3165/2944/3891 3167/2946/3891 3093/2872/3891
f 3165/2944/3892 3093/2872/3892 3091/2870/3892
f 3167/2946/3893 3166/2945/3893 3168/2947/3893
f 3167/2946/3894 3168/2947/3894 3098/2877/3894
f 3167/2946/3895 3098/2877/3895 3095/2874/3895
f 3167/2946/3896 3095/2874/3896 3093/2872/3896
f 3168/2947/3897 3166/2945/3897 3169/2948/3897
f 3168/2947/3898 3169/2948/3898 3170/2949/3898
f 3168/2947/3899 3170/2949/3899 3171/2950/3899
f 3168/2947/3900 3171/2950/3900 3172/2951/3900
f 3168/2947/3901 3172/2951/3901 3099/2878/3901
f 3168/2947/3902 3099/2878/3902 3098/2877/3902
f 3172/2951/3903 3171/2950/3903 3173/2952/3903
f 3172/2951/3904 3173/2952/3904 3174/2953/3904
f 3172/2951/3905 3174/2953/3905 3100/2879/3905
f 3172/2951/3906 3100/2879/3906 3099/2878/3906
f 3174/2953/3907 3173/2952/3907 3175/2954/3907
f 3174/2953/3908 3175/2954/3908 3176/2955/3908
f 3174/2953/3909 3176/2955/3909 3102/2881/3909
f 3174/2953/3910 3102/2881/3910 3100/2879/3910
f 3176/2955/3911 3175/2954/3911 3177/2956/3911
f 3176/2955/3912 3177/2956/3912 3178/2957/3912
f 3176/2955/3913 3178/2957/3913 3104/2883/3913
f 3176/2955/3914 3104/2883/3914 3102/2881/3914
f 3178/2957/3915 3177/2956/3915 3179/2958/3915
f 3178/2957/3916 3179/2958/3916 3180/2959/3916
f 3178/2957/3917 3180/2959/3917 3106/2885/3917
f 3178/2957/3918 3106/2885/3918 3104/2883/3918
f 3180/2959/3919 3179/2958/3919 3181/2960/3919
f 3180/2959/3920 3181/2960/3920 3182/2961/3920
f 3180/2959/3921 3182/2961/3921 3108/2887/3921
f 3180/2959/3922 3108/2887/3922 3106/2885/3922
f 3182/2961/3923 3181/2960/3923 3183/2962/3923
f 3182/2961/3924 3183/2962/3924 3184/2963/3924
f 3182/2961/3925 3184/2963/3925 3110/2889/3925
f 3182/2961/3926 3110/2889/3926 3108/2887/3926
f 3184/2963/3927 3183/2962/3927 3185/2964/3927
f 3184/2963/3928 3185/2964/3928 3187/2965/3928
f 3184/2963/3929 3187/2965/3929 3112/2891/3929
f 3184/2963/3930 3112/2891/3930 3110/2889/3930
f 3188/2966/3931 3186/2967/3931 3189/2968/3931
f 3188/2966/3932 3189/2968/3932 3191/2969/3932
f 3188/2966/3933 3191/2969/3933 3116/2895/3933
f 3188/2966/3934 3116/2895/3934 3113/2894/3934
f 3192/2970/3935 3190/2971/3935 3194/2972/3935
f 3192/2970/3936 3194/2972/3936 3196/2973/3936
f 3192/2970/3937 3196/2973/3937 3122/2899/3937
f 3192/2970/3938 3122/2899/3938 3117/2898/3938
f 3195/2974/3939 3193/2975/3939 3197/2976/3939
f 3195/2974/3940 3197/2976/3940 3198/2977/3940
f 3195/2974/3941 3198/2977/3941 3126/2905/3941
f 3195/2974/3942 3126/2905/3942 3121/2904/3942
f 3198/2977/3943 3197/2976/3943 3199/2978/3943
f 3198/2977/3944 3199/2978/3944 3200/2979/3944
f 3198/2977/3945 3200/2979/3945 3128/2907/3945
f 3198/2977/3946 3128/2907/3946 3126/2905/3946
f 3200/2979/3947 3199/2978/3947 3201/2980/3947
f 3200/2979/3948 3201/2980/3948 3202/2981/3948
f 3200/2979/3949 3202/2981/3949 3130/2909/3949
f 3200/2979/3950 3130/2909/3950 3128/2907/3950
f 3202/2981/3951 3201/2980/3951 3203/2982/3951
f 3202/2981/3952 3203/2982/3952 3204/2983/3952
f 3202/2981/3953 3204/2983/3953 3132/2911/3953
f 3202/2981/3954 3132/2911/3954 3130/2909/3954
f 3204/2983/3955 3203/2982/3955 3205/2984/3955
f 3204/2983/3956 3205/2984/3956 3206/2985/3956
f 3204/2983/3957 3206/2985/3957 3134/2913/3957
f 3204/2983/3958 3134/2913/3958 3132/2911/3958
f 3206/2985/3959 3205/2984/3959 3207/2986/3959
f 3206/2985/3960 3207/2986/3960 3208/2987/3960
f 3206/2985/3961 3208/2987/3961 3136/2915/3961
f 3206/2985/3962 3136/2915/3962 3134/2913/3962
f 3208/2987/3963 3207/2986/3963 3209/2988/3963
f 3208/2987/3964 3209/2988/3964 3210/2989/3964
f 3208/2987/3965 3210/2989/3965 3138/2917/3965
f 3208/2987/3966 3138/2917/3966 3136/2915/3966
f 3210/2989/3967 3209/2988/3967 3211/2990/3967
f 3210/2989/3968 3211/2990/3968 3212/2991/3968
f 3210/2989/3969 3212/2991/3969 3140/2919/3969
f 3210/2989/3970 3140/2919/3970 3138/2917/3970
f 3212/2991/3971 3211/2990/3971 3213/2992/3971
f 3212/2991/3972 3213/2992/3972 3214/2993/3972
f 3212/2991/3973 3214/2993/3973 3142/2921/3973
f 3212/2991/3974 3142/2921/3974 3140/2919/3974
f 3214/2993/3972 3213/2992/3972 3215/2994/3972
f 3214/2993/3975 3215/2994/3975 3216/2995/3975
f 3214/2993/3976 3216/2995/3976 3144/2923/3976
f 3214/2993/3977 3144/2923/3977 3142/2921/3977
f 3216/2995/3978 3215/2994/3978 3217/2996/3978
f 3216/2995/3979 3217/2996/3979 3218/2997/3979
f 3216/2995/3980 3218/2997/3980 3146/2925/3980
f 3216/2995/3981 3146/2925/3981 3144/2923/3981
f 3218/2997/3982 3217/2996/3982 3219/2998/3982
f 3218/2997/3983 3219/2998/3983 3222/2999/3983
f 3218/2997/3984 3222/2999/3984 3148/2927/3984
f 3218/2997/3985 3148/2927/3985 3146/2925/3985
f 3223/3000/3986 3220/3001/3986 3224/3002/3986
f 3223/3000/3987 3224/3002/3987 3158/3003/3987
f 3223/3000/3988 3158/3003/3988 3152/2931/3988
f 3223/3000/3989 3152/2931/3989 3149/2930/3989
f 3226/3004/3990 3221/3005/3990 3228/3006/3990
f 3226/3004/3991 3228/3006/3991 3229/3007/3991
f 3226/3004/3992 3229/3007/3992 3231/3008/3992
f 3226/3004/3993 3231/3008/3993 3234/3009/3993
f 3225/3010/3994 3233/3011/3994 3161/2938/3994
f 3225/3010/3995 3161/2938/3995 3159/2937/3995
f 3232/3012/3996 3230/3013/3996 3235/3014/3996
f 3232/3012/3997 3235/3014/3997 3236/3015/3997
f 3232/3012/3998 3236/3015/3998 3162/2941/3998
f 3232/3012/3999 3162/2941/3999 3160/2940/3999
f 3236/3015/4000 3235/3014/4000 3237/3016/4000
f 3236/3015/4001 3237/3016/4001 3238/3017/4001
f 3236/3015/4002 3238/3017/4002 3164/2943/4002
f 3236/3015/4003 3164/2943/4003 3162/2941/4003
f 3238/3017/4004 3237/3016/4004 3239/3018/4004
f 3238/3017/4005 3239/3018/4005 3169/2948/4005
f 3238/3017/4006 3169/2948/4006 3166/2945/4006
f 3238/3017/4007 3166/2945/4007 3164/2943/4007
f 3239/3018/4008 3237/3016/4008 3240/3019/4008
f 3239/3018/4009 3240/3019/4009 3241/3020/4009
f 3239/3018/4010 3241/3020/4010 3242/3021/4010
f 3239/3018/4011 3242/3021/4011 3243/3022/4011
f 3239/3018/4012 3243/3022/4012 3170/2949/4012
f 3239/3018/4013 3170/2949/4013 3169/2948/4013
f 3243/3022/4014 3242/3021/4014 3244/3023/4014
f 3243/3022/4015 3244/3023/4015 3245/3024/4015
f 3243/3022/4016 3245/3024/4016 3171/2950/4016
f 3243/3022/4017 3171/2950/4017 3170/2949/4017
f 3245/3024/4018 3244/3023/4018 3246/3025/4018
f 3245/3024/4019 3246/3025/4019 3247/3026/4019
f 3245/3024/4020 3247/3026/4020 3173/2952/4020
f 3245/3024/4021 3173/2952/4021 3171/2950/4021
f 3247/3026/4022 3246/3025/4022 3248/3027/4022
f 3247/3026/4023 3248/3027/4023 3249/3028/4023
f 3247/3026/4024 3249/3028/4024 3175/2954/4024
f 3247/3026/4025 3175/2954/4025 3173/2952/4025
f 3249/3028/4026 3248/3027/4026 3250/3029/4026
f 3249/3028/4027 3250/3029/4027 3251/3030/4027
f 3249/3028/4028 3251/3030/4028 3177/2956/4028
f 3249/3028/4029 3177/2956/4029 3175/2954/4029
f 3251/3030/4030 3250/3029/4030 3252/3031/4030
f 3251/3030/4031 3252/3031/4031 3253/3032/4031
f 3251/3030/4032 3253/3032/4032 3179/2958/4032
f 3251/3030/4028 3179/2958/4028 3177/2956/4028
f 3253/3032/4033 3252/3031/4033 3254/3033/4033
f 3253/3032/4034 3254/3033/4034 3255/3034/4034
f 3253/3032/4035 3255/3034/4035 3181/2960/4035
f 3253/3032/4036 3181/2960/4036 3179/2958/4036
f 3255/3034/4037 3254/3033/4037 3256/3035/4037
f 3255/3034/4038 3256/3035/4038 3258/3036/4038
f 3255/3034/4039 3258/3036/4039 3183/2962/4039
f 3255/3034/4040 3183/2962/4040 3181/2960/4040
f 3258/3036/4041 3256/3035/4041 3259/3037/4041
f 3258/3036/4042 3259/3037/4042 3263/3038/4042
f 3258/3036/4043 3263/3038/4043 3185/2964/4043
f 3258/3036/4044 3185/2964/4044 3183/2962/4044
f 3264/3039/4045 3260/3040/4045 3265/3041/4045
f 3264/3039/4046 3265/3041/4046 3267/3042/4046
f 3264/3039/4047 3267/3042/4047 3189/2968/4047
f 3264/3039/4048 3189/2968/4048 3186/2967/4048
f 3268/3043/4049 3266/3044/4049 3270/3045/4049
f 3268/3043/4050 3270/3045/4050 3272/3046/4050
f 3268/3043/4051 3272/3046/4051 3194/2972/4051
f 3268/3043/4052 3194/2972/4052 3190/2971/4052
f 3271/3047/4053 3269/3048/4053 3273/3049/4053
f 3271/3047/4054 3273/3049/4054 3274/3050/4054
f 3271/3047/4055 3274/3050/4055 3197/2976/4055
f 3271/3047/4056 3197/2976/4056 3193/2975/4056
f 3274/3050/4057 3273/3049/4057 3275/3051/4057
f 3274/3050/4058 3275/3051/4058 3276/3052/4058
f 3274/3050/4059 3276/3052/4059 3199/2978/4059
f 3274/3050/4060 3199/2978/4060 3197/2976/4060
f 3276/3052/4061 3275/3051/4061 3277/3053/4061
f 3276/3052/4062 3277/3053/4062 3278/3054/4062
f 3276/3052/4063 3278/3054/4063 3201/2980/4063
f 3276/3052/4064 3201/2980/4064 3199/2978/4064
f 3278/3054/4065 3277/3053/4065 3279/3055/4065
f 3278/3054/4066 3279/3055/4066 3280/3056/4066
f 3278/3054/4067 3280/3056/4067 3203/2982/4067
f 3278/3054/4068 3203/2982/4068 3201/2980/4068
f 3280/3056/4069 3279/3055/4069 3281/3057/4069
f 3280/3056/4070 3281/3057/4070 3282/3058/4070
f 3280/3056/4071 3282/3058/4071 3205/2984/4071
f 3280/3056/4072 3205/2984/4072 3203/2982/4072
f 3282/3058/4073 3281/3057/4073 3283/3059/4073
f 3282/3058/4074 3283/3059/4074 3284/3060/4074
f 3282/3058/4075 3284/3060/4075 3207/2986/4075
f 3282/3058/4076 3207/2986/4076 3205/2984/4076
f 3284/3060/4077 3283/3059/4077 3285/3061/4077
f 3284/3060/4078 3285/3061/4078 3286/3062/4078
f 3284/3060/4079 3286/3062/4079 3209/2988/4079
f 3284/3060/4080 3209/2988/4080 3207/2986/4080
f 3286/3062/4081 3285/3061/4081 3287/3063/4081
f 3286/3062/4082 3287/3063/4082 3288/3064/4082
f 3286/3062/4083 3288/3064/4083 3211/2990/4083
f 3286/3062/4084 3211/2990/4084 3209/2988/4084
f 3288/3064/4085 3287/3063/4085 3289/3065/4085
f 3288/3064/4086 3289/3065/4086 3290/3066/4086
f 3288/3064/4087 3290/3066/4087 3213/2992/4087
f 3288/3064/4088 3213/2992/4088 3211/2990/4088
f 3290/3066/4089 3289/3065/4089 3291/3067/4089
f 3290/3066/4090 3291/3067/4090 3292/3068/4090
f 3290/3066/4091 3292/3068/4091 3215/2994/4091
f 3290/3066/4092 3215/2994/4092 3213/2992/4092
f 3292/3068/4093 3291/3067/4093 3293/3069/4093
f 3292/3068/4094 3293/3069/4094 3294/3070/4094
f 3292/3068/4095 3294/3070/4095 3217/2996/4095
f 3292/3068/4091 3217/2996/4091 3215/2994/4091
f 3294/3070/4096 3293/3069/4096 3295/3071/4096
f 3294/3070/4097 3295/3071/4097 3227/3072/4097
f 3294/3070/4098 3227/3072/4098 3219/2998/4098
f 3294/3070/4099 3219/2998/4099 3217/2996/4099
f 3295/3071/4100 3293/3069/4100 3297/3073/4100
f 3295/3071/4101 3297/3073/4101 3299/3074/4101
f 3296/3075/4102 3301/3076/4102 3302/3077/4102
f 3296/3075/4103 3302/3077/4103 3303/3078/4103
f 3296/3075/4104 3303/3078/4104 3229/3007/4104
f 3296/3075/4105 3229/3007/4105 3228/3006/4105
f 3303/3078/4106 3302/3077/4106 3305/3079/4106
f 3303/3078/4107 3305/3079/4107 3308/3080/4107
f 3303/3078/4108 3308/3080/4108 3231/3008/4108
f 3303/3078/4109 3231/3008/4109 3229/3007/4109
f 3307/3081/4110 3304/3082/4110 3310/3083/4110
f 3307/3081/4111 3310/3083/4111 3312/3084/4111
f 3306/3085/4112 3311/3086/4112 3235/3014/4112
f 3306/3085/4113 3235/3014/4113 3230/3013/4113
f 3311/3086/4114 3309/3087/4114 3313/3088/4114
f 3311/3086/4115 3313/3088/4115 3240/3019/4115
f 3311/3086/4116 3240/3019/4116 3237/3016/4116
f 3311/3086/4117 3237/3016/4117 3235/3014/4117
f 3313/3088/4118 3309/3087/4118 3314/3089/4118
f 3313/3088/4119 3314/3089/4119 3317/3090/4119
f 3313/3088/4120 3317/3090/4120 3318/3091/4120
f 3313/3088/4121 3318/3091/4121 3319/3092/4121
f 3313/3088/4122 3319/3092/4122 3241/3020/4122
f 3313/3088/4123 3241/3020/4123 3240/3019/4123
f 3319/3092/4124 3318/3091/4124 3320/3093/4124
f 3319/3092/4125 3320/3093/4125 3321/3094/4125
f 3319/3092/4126 3321/3094/4126 3242/3021/4126
f 3319/3092/4127 3242/3021/4127 3241/3020/4127
f 3321/3094/4128 3320/3093/4128 3322/3095/4128
f 3321/3094/4129 3322/3095/4129 3323/3096/4129
f 3321/3094/4130 3323/3096/4130 3244/3023/4130
f 3321/3094/4131 3244/3023/4131 3242/3021/4131
f 3323/3096/4132 3322/3095/4132 3324/3097/4132
f 3323/3096/4133 3324/3097/4133 3325/3098/4133
f 3323/3096/4134 3325/3098/4134 3246/3025/4134
f 3323/3096/4135 3246/3025/4135 3244/3023/4135
f 3325/3098/4136 3324/3097/4136 3326/3099/4136
f 3325/3098/4137 3326/3099/4137 3327/3100/4137
f 3325/3098/4138 3327/3100/4138 3248/3027/4138
f 3325/3098/4139 3248/3027/4139 3246/3025/4139
f 3327/3100/4140 3326/3099/4140 3328/3101/4140
f 3327/3100/4141 3328/3101/4141 3329/3102/4141
f 3327/3100/4142 3329/3102/4142 3250/3029/4142
f 3327/3100/4143 3250/3029/4143 3248/3027/4143
f 3329/3102/4144 3328/3101/4144 3330/3103/4144
f 3329/3102/4145 3330/3103/4145 3331/3104/4145
f 3329/3102/4146 3331/3104/4146 3252/3031/4146
f 3329/3102/4147 3252/3031/4147 3250/3029/4147
f 3331/3104/4148 3330/3103/4148 3332/3105/4148
f 3331/3104/4149 3332/3105/4149 3334/3106/4149
f 3331/3104/4150 3334/3106/4150 3254/3033/4150
f 3331/3104/4151 3254/3033/4151 3252/3031/4151
f 3334/3106/4152 3332/3105/4152 3335/3107/4152
f 3334/3106/4153 3335/3107/4153 3337/3108/4153
f 3334/3106/4154 3337/3108/4154 3256/3035/4154
f 3334/3106/4155 3256/3035/4155 3254/3033/4155
f 3338/3109/4156 3336/3110/4156 3340/3111/4156
f 3338/3109/4157 3340/3111/4157 3342/3112/4157
f 3338/3109/4158 3342/3112/4158 3262/3113/4158
f 3338/3109/4159 3262/3113/4159 3257/3114/4159
f 3341/3115/4160 3339/3116/4160 3343/3117/4160
f 3341/3115/4161 3343/3117/4161 3344/3118/4161
f 3341/3115/4162 3344/3118/4162 3266/3044/4162
f 3341/3115/4163 3266/3044/4163 3261/3119/4163
f 3344/3118/4164 3343/3117/4164 3345/3120/4164
f 3344/3118/4165 3345/3120/4165 3347/3121/4165
f 3344/3118/4166 3347/3121/4166 3270/3045/4166
f 3344/3118/4167 3270/3045/4167 3266/3044/4167
f 3347/3121/4168 3345/3120/4168 3349/3122/4168
f 3347/3121/4169 3349/3122/4169 3351/3123/4169
f 3346/3124/4170 3350/3125/4170 3273/3049/4170
f 3346/3124/4171 3273/3049/4171 3269/3048/4171
f 3350/3125/4172 3348/3126/4172 3352/3127/4172
f 3350/3125/4173 3352/3127/4173 3353/3128/4173
f 3350/3125/4174 3353/3128/4174 3275/3051/4174
f 3350/3125/4175 3275/3051/4175 3273/3049/4175
f 3353/3128/4176 3352/3127/4176 3354/3129/4176
f 3353/3128/4177 3354/3129/4177 3355/3130/4177
f 3353/3128/4178 3355/3130/4178 3277/3053/4178
f 3353/3128/4179 3277/3053/4179 3275/3051/4179
f 3355/3130/4180 3354/3129/4180 3356/3131/4180
f 3355/3130/4181 3356/3131/4181 3357/3132/4181
f 3355/3130/4182 3357/3132/4182 3279/3055/4182
f 3355/3130/4183 3279/3055/4183 3277/3053/4183
f 3357/3132/4184 3356/3131/4184 3358/3133/4184
f 3357/3132/4185 3358/3133/4185 3359/3134/4185
f 3357/3132/4186 3359/3134/4186 3281/3057/4186
f 3357/3132/4187 3281/3057/4187 3279/3055/4187
f 3359/3134/4188 3358/3133/4188 3360/3135/4188
f 3359/3134/4189 3360/3135/4189 3361/3136/4189
f 3359/3134/4190 3361/3136/4190 3283/3059/4190
f 3359/3134/4191 3283/3059/4191 3281/3057/4191
f 3361/3136/4192 3360/3135/4192 3362/3137/4192
f 3361/3136/4193 3362/3137/4193 3363/3138/4193
f 3361/3136/4194 3363/3138/4194 3285/3061/4194
f 3361/3136/4195 3285/3061/4195 3283/3059/4195
f 3363/3138/4196 3362/3137/4196 3364/3139/4196
f 3363/3138/4197 3364/3139/4197 3365/3140/4197
f 3363/3138/4198 3365/3140/4198 3287/3063/4198
f 3363/3138/4199 3287/3063/4199 3285/3061/4199
f 3365/3140/4200 3364/3139/4200 3366/3141/4200
f 3365/3140/4201 3366/3141/4201 3367/3142/4201
f 3365/3140/4202 3367/3142/4202 3289/3065/4202
f 3365/3140/4203 3289/3065/4203 3287/3063/4203
f 3367/3142/4204 3366/3141/4204 3368/3143/4204
f 3367/3142/4205 3368/3143/4205 3370/3144/4205
f 3367/3142/4206 3370/3144/4206 3291/3067/4206
f 3367/3142/4207 3291/3067/4207 3289/3065/4207
f 3370/3144/4208 3368/3143/4208 3371/3145/4208
f 3370/3144/4209 3371/3145/4209 3297/3073/4209
f 3370/3144/4210 3297/3073/4210 3293/3069/4210
f 3370/3144/4211 3293/3069/4211 3291/3067/4211
f 3372/3146/4212 3369/3147/4212 653/412/4212
f 3372/3146/4213 653/412/4213 643/411/4213
f 3374/3148/4214 644/407/4214 642/406/4214
f 3374/3148/4215 642/406/4215 3376/3149/4215
f 3373/3150/4216 3375/3151/4216 3300/3152/4216
f 3373/3150/4217 3300/3152/4217 3298/3153/4217
f 3376/3149/4218 642/406/4218 3377/3154/4218
f 3376/3149/4219 3377/3154/4219 3378/3155/4219
f 3376/3149/4220 3378/3155/4220 3302/3077/4220
f 3376/3149/4221 3302/3077/4221 3301/3076/4221
f 3378/3155/4222 3377/3154/4222 3379/3156/4222
f 3378/3155/4223 3379/3156/4223 3381/3157/4223
f 3378/3155/4224 3381/3157/4224 3305/3079/4224
f 3378/3155/4225 3305/3079/4225 3302/3077/4225
f 3381/3157/4226 3379/3156/4226 3384/3158/4226
f 3381/3157/4227 3384/3158/4227 3316/3159/4227
f 3380/3160/4228 3315/3161/4228 3310/3083/4228
f 3380/3160/4229 3310/3083/4229 3304/3082/4229
f 3384/3158/4230 3379/3156/4230 3385/3162/4230
f 3384/3158/4231 3385/3162/4231 3389/3163/4231
f 3383/3164/4232 3388/3165/4232 3392/3166/4232
f 3383/3164/4233 3392/3166/4233 3394/3167/4233
f 3382/3168/4234 3393/3169/4234 3317/3090/4234
f 3382/3168/4235 3317/3090/4235 3314/3089/4235
f 3393/3169/4236 3391/3170/4236 619/386/4236
f 3393/3169/4237 619/386/4237 625/390/4237
f 3393/3169/4238 625/390/4238 3318/3091/4238
f 3393/3169/4239 3318/3091/4239 3317/3090/4239
f 3390/3171/4240 3395/3172/4240 622/3173/4240
f 3390/3171/4241 622/3173/4241 620/3174/4241
f 3391/3170/4242 3387/3175/4242 619/386/4242
f 3395/3172/4243 3390/3171/4243 3386/3176/4243
f 3395/3172/4244 3396/3177/4244 3397/3178/4244
f 3395/3172/4245 3397/3178/4245 622/3173/4245
f 3397/3178/4246 3396/3177/4246 3398/3179/4246
f 3397/3178/4247 3398/3179/4247 3399/3180/4247
f 3397/3178/4248 3399/3180/4248 3401/3181/4248
f 3397/3178/4249 3401/3181/4249 3403/3182/4249
f 3400/3183/4250 3404/3184/4250 3405/3185/4250
f 3400/3183/4251 3405/3185/4251 3402/3186/4251
f 3401/3181/4252 3399/3180/4252 3406/3187/4252
f 3401/3181/4253 3406/3187/4253 3408/3188/4253
f 3400/3183/4254 3407/3189/4254 3409/3190/4254
f 3400/3183/4255 3409/3190/4255 3404/3184/4255
f 3409/3190/4256 3407/3189/4256 635/3191/4256
f 3409/3190/4257 635/3191/4257 633/403/4257
f 3409/3190/4258 633/403/4258 638/402/4258
f 3409/3190/4259 638/402/4259 3410/3192/4259
f 3409/3190/4260 3410/3192/4260 3411/3193/4260
f 3409/3190/4261 3411/3193/4261 3404/3184/4261
f 3411/3193/4262 3412/3194/4262 3405/3185/4262
f 3411/3193/4263 3405/3185/4263 3404/3184/4263
f 3411/3193/4264 3410/3192/4264 3328/3101/4264
f 3411/3193/4265 3328/3101/4265 3326/3099/4265
f 3411/3193/4266 3326/3099/4266 3324/3097/4266
f 3411/3193/4267 3324/3097/4267 3412/3194/4267
f 3412/3194/4268 626/391/4268 623/388/4268
f 3412/3194/4269 623/388/4269 3405/3185/4269
f 3412/3194/4270 3324/3097/4270 3322/3095/4270
f 3412/3194/4271 3322/3095/4271 626/391/4271
f 3410/3192/4272 638/402/4272 3330/3103/4272
f 3410/3192/4273 3330/3103/4273 3328/3101/4273
f 3406/3187/4274 3399/3180/4274 3398/3179/4274
f 3406/3187/4275 3398/3179/4275 3413/3195/4275
f 3406/3187/4276 3413/3195/4276 3415/3196/4276
f 3406/3187/4277 3415/3196/4277 637/3197/4277
f 3406/3187/4278 637/3197/4278 3408/3188/4278
f 3415/3196/4279 3413/3195/4279 3416/3198/4279
f 3415/3196/4280 3416/3198/4280 3418/3199/4280
f 3414/3200/4281 3417/3201/4281 3419/3202/4281
f 3414/3200/4282 3419/3202/4282 3420/3203/4282
f 3414/3200/4283 3420/3203/4283 627/399/4283
f 3414/3200/4284 627/399/4284 636/398/4284
f 3420/3203/4285 3419/3202/4285 3421/3204/4285
f 3420/3203/4286 3421/3204/4286 3422/3205/4286
f 3420/3203/4287 3422/3205/4287 3423/3206/4287
f 3420/3203/4288 3423/3206/4288 627/399/4288
f 3423/3206/4289 3422/3205/4289 3343/3117/4289
f 3423/3206/4290 3343/3117/4290 3339/3116/4290
f 3424/3207/4291 3340/3111/4291 3336/3110/4291
f 3424/3207/4292 3336/3110/4292 630/394/4292
f 3422/3205/4293 3421/3204/4293 3345/3120/4293
f 3422/3205/4294 3345/3120/4294 3343/3117/4294
f 3421/3204/4295 3419/3202/4295 3425/3208/4295
f 3421/3204/4296 3425/3208/4296 3428/3209/4296
f 3421/3204/4297 3428/3209/4297 3349/3122/4297
f 3421/3204/4298 3349/3122/4298 3345/3120/4298
f 3428/3209/4299 3425/3208/4299 3429/3210/4299
f 3428/3209/4300 3429/3210/4300 3432/3211/4300
f 3427/3212/4301 3431/3213/4301 3352/3127/4301
f 3427/3212/4302 3352/3127/4302 3348/3126/4302
f 3432/3211/4303 3429/3210/4303 658/3214/4303
f 3432/3211/4304 658/3214/4304 656/3215/4304
f 3431/3213/4305 655/415/4305 3354/3129/4305
f 3431/3213/4306 3354/3129/4306 3352/3127/4306
f 3430/3216/4307 3426/3217/4307 3434/3218/4307
f 3430/3216/4308 3434/3218/4308 3435/3219/4308
f 3430/3216/4309 3435/3219/4309 3437/3220/4309
f 3430/3216/4310 3437/3220/4310 659/3221/4310
f 3437/3220/4311 3435/3219/4311 3438/3222/4311
f 3437/3220/4312 3438/3222/4312 3440/3223/4312
f 3436/3224/4313 3439/3225/4313 3441/3226/4313
f 3436/3224/4314 3441/3226/4314 3442/3227/4314
f 3436/3224/4315 3442/3227/4315 660/417/4315
f 3436/3224/4316 660/417/4316 657/416/4316
f 3442/3227/4317 3441/3226/4317 3362/3137/4317
f 3442/3227/4318 3362/3137/4318 3360/3135/4318
f 3442/3227/4319 3360/3135/4319 3358/3133/4319
f 3442/3227/4320 3358/3133/4320 660/417/4320
f 3441/3226/4321 3439/3225/4321 3443/3228/4321
f 3441/3226/4322 3443/3228/4322 3445/3229/4322
f 3441/3226/4323 3445/3229/4323 3364/3139/4323
f 3441/3226/4324 3364/3139/4324 3362/3137/4324
f 3445/3229/4325 3443/3228/4325 3446/3230/4325
f 3445/3229/4326 3446/3230/4326 3448/3231/4326
f 3445/3229/4327 3448/3231/4327 3366/3141/4327
f 3445/3229/4328 3366/3141/4328 3364/3139/4328
f 3448/3231/4329 3446/3230/4329 645/3232/4329
f 3448/3231/4330 645/3232/4330 652/3233/4330
f 3448/3231/4331 652/3233/4331 3368/3143/4331
f 3448/3231/4332 3368/3143/4332 3366/3141/4332
f 3447/3234/4333 3444/3235/4333 3449/3236/4333
f 3447/3234/4334 3449/3236/4334 3450/3237/4334
f 3447/3234/4335 3450/3237/4335 651/3238/4335
f 3447/3234/4336 651/3238/4336 648/3239/4336
f 3450/3237/4337 3449/3236/4337 3451/3240/4337
f 3450/3237/4338 3451/3240/4338 3453/3241/4338
f 3451/3240/4339 3454/3242/4339 3455/3243/4339
f 3451/3240/4340 3455/3243/4340 3453/3241/4340
f 3451/3240/4341 3449/3236/4341 3438/3222/4341
f 3451/3240/4342 3438/3222/4342 3456/3244/4342
f 3451/3240/4343 3456/3244/4343 3416/3198/4343
f 3451/3240/4344 3416/3198/4344 3454/3242/4344
f 3456/3244/4345 3438/3222/4345 3435/3219/4345
f 3456/3244/4346 3435/3219/4346 3434/3218/4346
f 3456/3244/4347 3434/3218/4347 3418/3199/4347
f 3456/3244/4348 3418/3199/4348 3416/3198/4348
f 3455/3243/4349 3454/3242/4349 3398/3179/4349
f 3455/3243/4350 3398/3179/4350 3396/3177/4350
f 3454/3242/4351 3416/3198/4351 3413/3195/4351
f 3454/3242/4352 3413/3195/4352 3398/3179/4352
f 3449/3236/4353 3444/3235/4353 3440/3223/4353
f 3449/3236/4354 3440/3223/4354 3438/3222/4354
f 3433/3245/4355 3425/3208/4355 3419/3202/4355
f 3433/3245/4356 3419/3202/4356 3417/3201/4356
f 3402/3186/4357 3405/3185/4357 623/388/4357
f 3402/3186/4358 623/388/4358 621/387/4358
f 3403/3182/4359 622/3173/4359 3397/3178/4359
f 3385/3162/4360 3379/3156/4360 3377/3154/4360
f 3385/3162/4361 3377/3154/4361 3457/3246/4361
f 3457/3246/4362 3377/3154/4362 642/406/4362
f 3457/3246/4363 642/406/4363 640/405/4363
f 3358/3133/4364 3356/3131/4364 654/414/4364
f 3358/3133/4365 654/414/4365 660/417/4365
f 3356/3131/4366 3354/3129/4366 655/415/4366
f 3356/3131/4367 655/415/4367 654/414/4367
f 3336/3110/4368 3333/3247/4368 632/395/4368
f 3336/3110/4369 632/395/4369 630/394/4369
f 3332/3105/4370 3330/3103/4370 638/402/4370
f 3332/3105/4371 638/402/4371 631/401/4371
f 3322/3095/4372 3320/3093/4372 624/389/4372
f 3322/3095/4373 624/389/4373 626/391/4373
f 3320/3093/4374 3318/3091/4374 625/390/4374
f 3320/3093/4375 625/390/4375 624/389/4375
f 2217/2064/4376 2210/1987/4376 2208/1985/4376
f 2217/2064/4377 2208/1985/4377 2207/1984/4377
f 2140/1989/4378 2134/1910/4378 2132/1908/4378
f 2140/1989/4379 2132/1908/4379 2131/1907/4379
f 1663/1435/4380 1659/1431/4380 1657/1429/4380
f 1663/1435/4381 1657/1429/4381 1656/1428/4381
f 1560/1328/4382 1543/1296/4382 1541/1294/4382
f 1560/1328/4383 1541/1294/4383 1540/1293/4383
f 1461/1207/4384 927/3248/4384 925/3249/4384
f 1461/1207/4385 925/3249/4385 1452/1203/4385
f 1454/1200/4386 1449/1196/4386 1448/1195/4386
f 1454/1200/4387 1448/1195/4387 3459/3250/4387
f 1454/1200/4388 3459/3250/4388 973/697/4388
f 1454/1200/4389 973/697/4389 972/696/4389
f 3459/3250/4390 1448/1195/4390 3460/3251/4390
f 3459/3250/4391 3460/3251/4391 3461/3252/4391
f 3459/3250/4392 3461/3252/4392 3462/3253/4392
f 3459/3250/4393 3462/3253/4393 973/697/4393
f 3462/3253/4394 3461/3252/4394 3463/3254/4394
f 3462/3253/4395 3463/3254/4395 3464/3255/4395
f 3462/3253/4396 3464/3255/4396 3465/3256/4396
f 3462/3253/4397 3465/3256/4397 3466/3257/4397
f 3462/3253/4398 3466/3257/4398 964/698/4398
f 3462/3253/4399 964/698/4399 973/697/4399
f 3466/3257/4400 3465/3256/4400 3467/3258/4400
f 3466/3257/4401 3467/3258/4401 3468/3259/4401
f 3466/3257/4402 3468/3259/4402 966/3260/4402
f 3466/3257/4403 966/3260/4403 964/698/4403
f 3468/3259/4404 3467/3258/4404 3469/3261/4404
f 3468/3259/4405 3469/3261/4405 3470/3262/4405
f 3468/3259/4406 3470/3262/4406 3472/3263/4406
f 3468/3259/4407 3472/3263/4407 966/3260/4407
f 3473/3264/4408 3475/3265/4408 959/684/4408
f 3473/3264/4409 959/684/4409 967/3266/4409
f 3474/3267/4410 3471/3268/4410 3477/3269/4410
f 3474/3267/4411 3477/3269/4411 3480/3270/4411
f 3473/3264/4412 3479/3271/4412 3482/3272/4412
f 3473/3264/4413 3482/3272/4413 3475/3265/4413
f 3482/3272/4414 3483/3273/4414 3485/3274/4414
f 3482/3272/4415 3485/3274/4415 3475/3265/4415
f 3482/3272/4416 3479/3271/4416 3487/3275/4416
f 3482/3272/4417 3487/3275/4417 3489/3276/4417
f 3482/3272/4418 3489/3276/4418 3490/3277/4418
f 3482/3272/4419 3490/3277/4419 3483/3273/4419
f 3491/3278/4420 3493/3279/4420 689/3280/4420
f 3491/3278/4421 689/3280/4421 3484/3281/4421
f 3490/3277/4422 3489/3276/4422 3494/3282/4422
f 3490/3277/4423 3494/3282/4423 3496/3283/4423
f 3491/3278/4424 3497/3284/4424 3499/3285/4424
f 3491/3278/4425 3499/3285/4425 3493/3279/4425
f 3498/3286/4426 690/445/4426 694/449/4426
f 3498/3286/4427 694/449/4427 3492/3287/4427
f 3498/3286/4428 3495/3288/4428 696/458/4428
f 3498/3286/4429 696/458/4429 705/457/4429
f 3498/3286/4430 705/457/4430 691/446/4430
f 3498/3286/4431 691/446/4431 690/445/4431
f 3496/3283/4432 3494/3282/4432 699/3289/4432
f 3496/3283/4433 699/3289/4433 697/3290/4433
f 3494/3282/4434 3489/3276/4434 3487/3275/4434
f 3494/3282/4435 3487/3275/4435 3500/3291/4435
f 3494/3282/4436 3500/3291/4436 3503/3292/4436
f 3494/3282/4437 3503/3292/4437 699/3289/4437
f 3504/3293/4438 3501/3294/4438 3506/3295/4438
f 3504/3293/4439 3506/3295/4439 3509/3296/4439
f 3503/3292/4440 3508/3297/4440 3510/3298/4440
f 3503/3292/4441 3510/3298/4441 3512/3299/4441
f 3503/3292/4442 3512/3299/4442 701/3300/4442
f 3503/3292/4443 701/3300/4443 699/3289/4443
f 3512/3299/4444 3510/3298/4444 123/470/4444
f 3512/3299/4445 123/470/4445 726/473/4445
f 3512/3299/4446 726/473/4446 710/3301/4446
f 3512/3299/4447 710/3301/4447 701/3300/4447
f 3511/3302/4448 3509/3296/4448 755/3303/4448
f 3511/3302/4449 755/3303/4449 3514/3304/4449
f 3511/3302/4450 3514/3304/4450 732/478/4450
f 3511/3302/4451 732/478/4451 124/474/4451
f 3513/3305/4452 754/499/4452 753/498/4452
f 3513/3305/4453 753/498/4453 3515/3306/4453
f 3513/3305/4454 3515/3306/4454 747/494/4454
f 3513/3305/4455 747/494/4455 731/3307/4455
f 3515/3306/4456 753/498/4456 757/501/4456
f 3515/3306/4457 757/501/4457 3516/3308/4457
f 3515/3306/4458 3516/3308/4458 748/495/4458
f 3515/3306/4459 748/495/4459 747/494/4459
f 3516/3308/4460 757/501/4460 3517/3309/4460
f 3516/3308/4461 3517/3309/4461 3519/3310/4461
f 3516/3308/4462 3519/3310/4462 751/497/4462
f 3516/3308/4463 751/497/4463 748/495/4463
f 3520/3311/4464 3518/3312/4464 3521/3313/4464
f 3520/3311/4465 3521/3313/4465 3522/3314/4465
f 3520/3311/4466 3522/3314/4466 3523/3315/4466
f 3520/3311/4467 3523/3315/4467 752/3316/4467
f 3523/3315/4468 3522/3314/4468 3524/3317/4468
f 3523/3315/4469 3524/3317/4469 3525/3318/4469
f 3523/3315/4470 3525/3318/4470 3526/3319/4470
f 3523/3315/4471 3526/3319/4471 3527/3320/4471
f 3523/3315/4472 3527/3320/4472 750/3321/4472
f 3523/3315/4473 750/3321/4473 752/3316/4473
f 3527/3320/4474 3526/3319/4474 743/486/4474
f 3527/3320/4475 743/486/4475 742/485/4475
f 3527/3320/4476 742/485/4476 745/3322/4476
f 3527/3320/4477 745/3322/4477 750/3321/4477
f 3526/3319/4478 3525/3318/4478 3528/3323/4478
f 3526/3319/4479 3528/3323/4479 3529/3324/4479
f 3526/3319/4480 3529/3324/4480 3530/3325/4480
f 3526/3319/4481 3530/3325/4481 743/486/4481
f 3530/3325/4482 3529/3324/4482 3531/3326/4482
f 3530/3325/4483 3531/3326/4483 3532/3327/4483
f 3530/3325/4484 3532/3327/4484 3533/3328/4484
f 3530/3325/4485 3533/3328/4485 3535/3329/4485
f 3530/3325/4486 3535/3329/4486 736/487/4486
f 3530/3325/4487 736/487/4487 743/486/4487
f 3537/3330/4488 3534/3331/4488 3539/3332/4488
f 3537/3330/4489 3539/3332/4489 3541/3333/4489
f 3536/3334/4490 3540/3335/4490 738/482/4490
f 3536/3334/4491 738/482/4491 737/481/4491
f 3540/3335/4492 3538/3336/4492 3542/3337/4492
f 3540/3335/4493 3542/3337/4493 730/3338/4493
f 3540/3335/4494 730/3338/4494 728/3339/4494
f 3540/3335/4495 728/3339/4495 738/482/4495
f 3542/3337/4496 3538/3336/4496 3543/3340/4496
f 3542/3337/4497 3543/3340/4497 3545/3341/4497
f 3542/3337/4498 3545/3341/4498 3547/3342/4498
f 3542/3337/4499 3547/3342/4499 3549/3343/4499
f 3542/3337/4500 3549/3343/4500 722/3344/4500
f 3542/3337/4501 722/3344/4501 730/3338/4501
f 3548/3345/4502 3546/3346/4502 3550/3347/4502
f 3548/3345/4503 3550/3347/4503 3552/3348/4503
f 3548/3345/4504 3552/3348/4504 724/3349/4504
f 3548/3345/4505 724/3349/4505 721/3350/4505
f 3553/3351/4506 3551/3352/4506 3555/3353/4506
f 3553/3351/4507 3555/3353/4507 716/3354/4507
f 3553/3351/4508 716/3354/4508 714/3355/4508
f 3553/3351/4509 714/3355/4509 725/3356/4509
f 3555/3353/4510 3551/3352/4510 3557/3357/4510
f 3555/3353/4511 3557/3357/4511 3558/3358/4511
f 3555/3353/4512 3558/3358/4512 3560/3359/4512
f 3555/3353/4513 3560/3359/4513 3562/3360/4513
f 3554/3361/4514 3561/3362/4514 717/468/4514
f 3554/3361/4515 717/468/4515 715/467/4515
f 3561/3362/4516 3559/3363/4516 3563/3364/4516
f 3561/3362/4517 3563/3364/4517 3564/3365/4517
f 3561/3362/4518 3564/3365/4518 718/469/4518
f 3561/3362/4519 718/469/4519 717/468/4519
f 3564/3365/4520 3563/3364/4520 550/3366/4520
f 3564/3365/4521 550/3366/4521 3566/3367/4521
f 3564/3365/4522 3566/3367/4522 707/3368/4522
f 3564/3365/4523 707/3368/4523 718/469/4523
f 3565/3369/4524 551/325/4524 549/324/4524
f 3565/3369/4525 549/324/4525 3567/3370/4525
f 3565/3369/4526 3567/3370/4526 708/461/4526
f 3565/3369/4527 708/461/4527 706/460/4527
f 3567/3370/4528 549/324/4528 3568/3371/4528
f 3567/3370/4529 3568/3371/4529 3569/3372/4529
f 3567/3370/4530 3569/3372/4530 3570/3373/4530
f 3567/3370/4531 3570/3373/4531 708/461/4531
f 3570/3373/4532 3569/3372/4532 3571/3374/4532
f 3570/3373/4533 3571/3374/4533 3572/3375/4533
f 3570/3373/4534 3572/3375/4534 3574/3376/4534
f 3570/3373/4535 3574/3376/4535 3576/3377/4535
f 3570/3373/4536 3576/3377/4536 704/462/4536
f 3570/3373/4537 704/462/4537 708/461/4537
f 3575/3378/4538 3573/3379/4538 692/447/4538
f 3575/3378/4539 692/447/4539 691/446/4539
f 3575/3378/4540 691/446/4540 705/457/4540
f 3575/3378/4541 705/457/4541 703/456/4541
f 3574/3376/4542 3572/3375/4542 3578/3380/4542
f 3574/3376/4543 3578/3380/4543 3580/3381/4543
f 3573/3379/4544 3579/3382/4544 695/450/4544
f 3573/3379/4545 695/450/4545 692/447/4545
f 3579/3382/4546 3577/3383/4546 3581/3384/4546
f 3579/3382/4547 3581/3384/4547 3582/3385/4547
f 3579/3382/4548 3582/3385/4548 3583/3386/4548
f 3579/3382/4549 3583/3386/4549 695/450/4549
f 3583/3386/4550 3582/3385/4550 932/657/4550
f 3583/3386/4551 932/657/4551 949/673/4551
f 3583/3386/4552 949/673/4552 684/440/4552
f 3583/3386/4553 684/440/4553 683/439/4553
f 3583/3386/4554 683/439/4554 693/448/4554
f 3583/3386/4555 693/448/4555 695/450/4555
f 3582/3385/4556 3581/3384/4556 933/658/4556
f 3582/3385/4557 933/658/4557 932/657/4557
f 3581/3384/4558 3584/3387/4558 937/3388/4558
f 3581/3384/4559 937/3388/4559 933/658/4559
f 3581/3384/4560 3577/3383/4560 3586/3389/4560
f 3581/3384/4561 3586/3389/4561 3584/3387/4561
f 3587/3390/4562 3588/3391/4562 3589/3392/4562
f 3587/3390/4563 3589/3392/4563 3585/3393/4563
f 3587/3390/4564 3578/3380/4564 3572/3375/4564
f 3587/3390/4565 3572/3375/4565 3571/3374/4565
f 3587/3390/4566 3571/3374/4566 3590/3394/4566
f 3587/3390/4567 3590/3394/4567 3588/3391/4567
f 3590/3394/4568 3592/3395/4568 3594/3396/4568
f 3590/3394/4569 3594/3396/4569 3588/3391/4569
f 3590/3394/4570 3571/3374/4570 3569/3372/4570
f 3590/3394/4571 3569/3372/4571 3568/3371/4571
f 3590/3394/4572 3568/3371/4572 3596/3397/4572
f 3590/3394/4573 3596/3397/4573 3592/3395/4573
f 3595/3398/4574 556/334/4574 555/333/4574
f 3595/3398/4575 555/333/4575 3591/3399/4575
f 3596/3397/4576 3568/3371/4576 549/324/4576
f 3596/3397/4577 549/324/4577 548/323/4577
f 3595/3398/4578 547/329/4578 552/328/4578
f 3595/3398/4579 552/328/4579 556/334/4579
f 3593/3400/4580 554/332/4580 3597/3401/4580
f 3593/3400/4581 3597/3401/4581 3598/3402/4581
f 3594/3396/4582 3599/3403/4582 3589/3392/4582
f 3594/3396/4583 3589/3392/4583 3588/3391/4583
f 3593/3400/4584 3591/3399/4584 555/333/4584
f 3593/3400/4585 555/333/4585 554/332/4585
f 3598/3402/4586 3597/3401/4586 321/131/4586
f 3598/3402/4587 321/131/4587 318/130/4587
f 3599/3403/4588 320/3404/4588 328/3405/4588
f 3599/3403/4589 328/3405/4589 3589/3392/4589
f 3597/3401/4590 3600/3406/4590 337/146/4590
f 3597/3401/4591 337/146/4591 321/131/4591
f 3597/3401/4592 554/332/4592 553/331/4592
f 3597/3401/4593 553/331/4593 3600/3406/4593
f 3600/3406/4594 3601/3407/4594 53/139/4594
f 3600/3406/4595 53/139/4595 337/146/4595
f 3600/3406/4596 553/331/4596 558/336/4596
f 3600/3406/4597 558/336/4597 3601/3407/4597
f 3601/3407/4598 3602/3408/4598 333/143/4598
f 3601/3407/4599 333/143/4599 53/139/4599
f 3601/3407/4600 558/336/4600 3603/3409/4600
f 3601/3407/4601 3603/3409/4601 3602/3408/4601
f 3603/3409/4602 3604/3410/4602 3607/3411/4602
f 3603/3409/4603 3607/3411/4603 3602/3408/4603
f 3603/3409/4604 558/336/4604 557/335/4604
f 3603/3409/4605 557/335/4605 3609/3412/4605
f 3603/3409/4606 3609/3412/4606 3610/3413/4606
f 3603/3409/4607 3610/3413/4607 3604/3410/4607
f 3611/3414/4608 3613/3415/4608 3615/3416/4608
f 3611/3414/4609 3615/3416/4609 3606/3417/4609
f 3610/3413/4610 3609/3412/4610 552/328/4610
f 3610/3413/4611 552/328/4611 545/327/4611
f 3611/3414/4612 546/321/4612 544/320/4612
f 3611/3414/4613 544/320/4613 3613/3415/4613
f 3614/3418/4614 3616/3419/4614 3617/3420/4614
f 3614/3418/4615 3617/3420/4615 3618/3421/4615
f 3614/3418/4616 3618/3421/4616 3608/3422/4616
f 3614/3418/4617 3608/3422/4617 3605/3423/4617
f 3614/3418/4618 3612/3424/4618 3619/3425/4618
f 3614/3418/4619 3619/3425/4619 3616/3419/4619
f 3619/3425/4620 3620/3426/4620 3623/3427/4620
f 3619/3425/4621 3623/3427/4621 3616/3419/4621
f 3619/3425/4622 3612/3424/4622 543/3428/4622
f 3619/3425/4623 543/3428/4623 3625/3429/4623
f 3619/3425/4624 3625/3429/4624 3626/3430/4624
f 3619/3425/4625 3626/3430/4625 3620/3426/4625
f 3627/3431/4626 3629/3432/4626 3631/3433/4626
f 3627/3431/4627 3631/3433/4627 3622/3434/4627
f 3626/3430/4628 3625/3429/4628 537/312/4628
f 3626/3430/4629 537/312/4629 604/371/4629
f 3627/3431/4630 605/3435/4630 603/3436/4630
f 3627/3431/4631 603/3436/4631 3629/3432/4631
f 3630/3437/4632 533/309/4632 532/308/4632
f 3630/3437/4633 532/308/4633 3633/3438/4633
f 3632/3439/4634 3634/3440/4634 3624/3441/4634
f 3632/3439/4635 3624/3441/4635 3621/3442/4635
f 3630/3437/4636 3628/3443/4636 3635/3444/4636
f 3630/3437/4637 3635/3444/4637 533/309/4637
f 3635/3444/4638 3636/3445/4638 88/302/4638
f 3635/3444/4639 88/302/4639 533/309/4639
f 3635/3444/4640 3628/3443/4640 600/3446/4640
f 3635/3444/4641 600/3446/4641 613/3447/4641
f 3635/3444/4642 613/3447/4642 3637/3448/4642
f 3635/3444/4643 3637/3448/4643 3636/3445/4643
f 3637/3448/4644 3638/3449/4644 3641/3450/4644
f 3637/3448/4645 3641/3450/4645 3636/3445/4645
f 3637/3448/4646 613/3447/4646 611/3451/4646
f 3637/3448/4647 611/3451/4647 3643/3452/4647
f 3637/3448/4648 3643/3452/4648 3644/3453/4648
f 3637/3448/4649 3644/3453/4649 3638/3449/4649
f 3645/3454/4650 3646/3455/4650 3648/3456/4650
f 3645/3454/4651 3648/3456/4651 3640/3457/4651
f 3644/3453/4652 3643/3452/4652 596/367/4652
f 3644/3453/4653 596/367/4653 594/366/4653
f 3645/3454/4654 595/3458/4654 3649/3459/4654
f 3645/3454/4655 3649/3459/4655 3646/3455/4655
f 3649/3459/4656 3650/3460/4656 3651/3461/4656
f 3649/3459/4657 3651/3461/4657 3646/3455/4657
f 3649/3459/4658 595/3458/4658 591/365/4658
f 3649/3459/4659 591/365/4659 592/364/4659
f 3649/3459/4660 592/364/4660 3652/3462/4660
f 3649/3459/4661 3652/3462/4661 3650/3460/4661
f 3652/3462/4662 3654/3463/4662 3656/3464/4662
f 3652/3462/4663 3656/3464/4663 3650/3460/4663
f 3653/3465/4664 593/3466/4664 589/3467/4664
f 3653/3465/4665 589/3467/4665 3658/3468/4665
f 3653/3465/4666 3658/3468/4666 3660/3469/4666
f 3653/3465/4667 3660/3469/4667 3655/3470/4667
f 3660/3469/4668 3544/3471/4668 3662/3472/4668
f 3660/3469/4669 3662/3472/4669 3655/3470/4669
f 3659/3473/4670 3657/3474/4670 3663/3475/4670
f 3659/3473/4671 3663/3475/4671 3664/3476/4671
f 3659/3473/4672 3664/3476/4672 3545/3341/4672
f 3659/3473/4673 3545/3341/4673 3543/3340/4673
f 3664/3476/4674 3663/3475/4674 618/3477/4674
f 3664/3476/4675 618/3477/4675 3666/3478/4675
f 3664/3476/4676 3666/3478/4676 3547/3342/4676
f 3664/3476/4677 3547/3342/4677 3545/3341/4677
f 3665/3479/4678 617/384/4678 609/383/4678
f 3665/3479/4679 609/383/4679 3556/3480/4679
f 3665/3479/4680 3556/3480/4680 3550/3347/4680
f 3665/3479/4681 3550/3347/4681 3546/3346/4681
f 3663/3475/4682 3657/3474/4682 588/357/4682
f 3663/3475/4683 588/357/4683 586/356/4683
f 3663/3475/4684 586/356/4684 616/3481/4684
f 3663/3475/4685 616/3481/4685 618/3477/4685
f 3661/3482/4686 3533/3328/4686 3532/3327/4686
f 3661/3482/4687 3532/3327/4687 3667/3483/4687
f 3661/3482/4688 3667/3483/4688 3656/3464/4688
f 3661/3482/4689 3656/3464/4689 3654/3463/4689
f 3662/3472/4690 3544/3471/4690 3539/3332/4690
f 3662/3472/4691 3539/3332/4691 3534/3331/4691
f 3667/3483/4692 3532/3327/4692 3531/3326/4692
f 3667/3483/4693 3531/3326/4693 3668/3484/4693
f 3667/3483/4694 3668/3484/4694 3669/3485/4694
f 3667/3483/4695 3669/3485/4695 3656/3464/4695
f 3669/3485/4696 3668/3484/4696 3670/3486/4696
f 3669/3485/4697 3670/3486/4697 3671/3487/4697
f 3669/3485/4698 3671/3487/4698 3672/3488/4698
f 3669/3485/4699 3672/3488/4699 3651/3461/4699
f 3669/3485/4700 3651/3461/4700 3650/3460/4700
f 3669/3485/4701 3650/3460/4701 3656/3464/4701
f 3672/3488/4702 3671/3487/4702 3673/3489/4702
f 3672/3488/4703 3673/3489/4703 3674/3490/4703
f 3672/3488/4704 3674/3490/4704 3677/3491/4704
f 3672/3488/4705 3677/3491/4705 3648/3456/4705
f 3672/3488/4706 3648/3456/4706 3646/3455/4706
f 3672/3488/4707 3646/3455/4707 3651/3461/4707
f 3677/3491/4708 3674/3490/4708 3678/3492/4708
f 3677/3491/4709 3678/3492/4709 3680/3493/4709
f 3675/3494/4710 3679/3495/4710 530/306/4710
f 3675/3494/4711 530/306/4711 3641/3450/4711
f 3676/3496/4712 3642/3497/4712 3639/3498/4712
f 3676/3496/4713 3639/3498/4713 3647/3499/4713
f 3680/3493/4714 3678/3492/4714 3681/3500/4714
f 3680/3493/4715 3681/3500/4715 3683/3501/4715
f 3679/3495/4716 3682/3502/4716 531/307/4716
f 3679/3495/4717 531/307/4717 530/306/4717
f 3683/3501/4718 3681/3500/4718 3684/3503/4718
f 3683/3501/4719 3684/3503/4719 3686/3504/4719
f 3682/3502/4720 3685/3505/4720 3687/3506/4720
f 3682/3502/4721 3687/3506/4721 531/307/4721
f 3687/3506/4722 3685/3505/4722 3688/3507/4722
f 3687/3506/4723 3688/3507/4723 3690/3508/4723
f 3687/3506/4724 3690/3508/4724 3691/3509/4724
f 3687/3506/4725 3691/3509/4725 574/349/4725
f 3687/3506/4726 574/349/4726 528/303/4726
f 3687/3506/4727 528/303/4727 531/307/4727
f 3691/3509/4728 3690/3508/4728 3692/3510/4728
f 3691/3509/4729 3692/3510/4729 3693/3511/4729
f 3691/3509/4730 3693/3511/4730 3694/3512/4730
f 3691/3509/4731 3694/3512/4731 3695/3513/4731
f 3691/3509/4732 3695/3513/4732 572/347/4732
f 3691/3509/4733 572/347/4733 574/349/4733
f 3695/3513/4734 3694/3512/4734 3696/3514/4734
f 3695/3513/4735 3696/3514/4735 3697/3515/4735
f 3695/3513/4736 3697/3515/4736 573/348/4736
f 3695/3513/4737 573/348/4737 572/347/4737
f 3697/3515/4738 3696/3514/4738 308/115/4738
f 3697/3515/4739 308/115/4739 3698/3516/4739
f 3697/3515/4740 3698/3516/4740 3699/3517/4740
f 3697/3515/4741 3699/3517/4741 573/348/4741
f 3699/3517/4742 3698/3516/4742 3700/3518/4742
f 3699/3517/4743 3700/3518/4743 3702/3519/4743
f 3699/3517/4744 3702/3519/4744 3633/3438/4744
f 3699/3517/4745 3633/3438/4745 532/308/4745
f 3699/3517/4746 532/308/4746 529/305/4746
f 3699/3517/4747 529/305/4747 573/348/4747
f 3703/3520/4748 3701/3521/4748 348/3522/4748
f 3703/3520/4749 348/3522/4749 3705/3523/4749
f 3704/3524/4750 3707/3525/4750 3624/3441/4750
f 3704/3524/4751 3624/3441/4751 3634/3440/4751
f 3706/3526/4752 349/155/4752 347/154/4752
f 3706/3526/4753 347/154/4753 3617/3420/4753
f 3706/3526/4754 3617/3420/4754 3616/3419/4754
f 3706/3526/4755 3616/3419/4755 3623/3427/4755
f 3700/3518/4756 3698/3516/4756 308/115/4756
f 3700/3518/4757 308/115/4757 41/114/4757
f 3701/3521/4758 42/3527/4758 312/3528/4758
f 3701/3521/4759 312/3528/4759 348/3522/4759
f 3696/3514/4760 3694/3512/4760 3708/3529/4760
f 3696/3514/4761 3708/3529/4761 3709/3530/4761
f 3696/3514/4762 3709/3530/4762 309/116/4762
f 3696/3514/4763 309/116/4763 308/115/4763
f 3709/3530/4764 3708/3529/4764 3710/3531/4764
f 3709/3530/4765 3710/3531/4765 3711/3532/4765
f 3709/3530/4766 3711/3532/4766 3712/3533/4766
f 3709/3530/4767 3712/3533/4767 309/116/4767
f 3712/3533/4768 3711/3532/4768 3713/3534/4768
f 3712/3533/4769 3713/3534/4769 3714/3535/4769
f 3712/3533/4770 3714/3535/4770 1296/1038/4770
f 3712/3533/4771 1296/1038/4771 304/108/4771
f 3712/3533/4772 304/108/4772 302/107/4772
f 3712/3533/4773 302/107/4773 309/116/4773
f 3714/3535/4774 3713/3534/4774 1305/1048/4774
f 3714/3535/4775 1305/1048/4775 1302/1043/4775
f 3714/3535/4776 1302/1043/4776 1298/1039/4776
f 3714/3535/4777 1298/1039/4777 1296/1038/4777
f 3713/3534/4778 3711/3532/4778 3710/3531/4778
f 3713/3534/4779 3710/3531/4779 3715/3536/4779
f 3713/3534/4780 3715/3536/4780 1307/1050/4780
f 3713/3534/4781 1307/1050/4781 1305/1048/4781
f 3715/3536/4782 3710/3531/4782 3716/3537/4782
f 3715/3536/4783 3716/3537/4783 3717/3538/4783
f 3715/3536/4784 3717/3538/4784 364/171/4784
f 3715/3536/4785 364/171/4785 1307/1050/4785
f 3717/3538/4786 3716/3537/4786 561/3539/4786
f 3717/3538/4787 561/3539/4787 559/3540/4787
f 3717/3538/4788 559/3540/4788 365/172/4788
f 3717/3538/4789 365/172/4789 364/171/4789
f 3716/3537/4790 3710/3531/4790 3708/3529/4790
f 3716/3537/4791 3708/3529/4791 3718/3541/4791
f 3716/3537/4792 3718/3541/4792 3719/3542/4792
f 3716/3537/4793 3719/3542/4793 561/3539/4793
f 3720/3543/4794 3722/3544/4794 563/340/4794
f 3720/3543/4795 563/340/4795 562/339/4795
f 3719/3542/4796 3718/3541/4796 3693/3511/4796
f 3719/3542/4797 3693/3511/4797 3692/3510/4797
f 3719/3542/4798 3692/3510/4798 3724/3545/4798
f 3719/3542/4799 3724/3545/4799 3721/3546/4799
f 3725/3547/4800 3726/3548/4800 3728/3549/4800
f 3725/3547/4801 3728/3549/4801 3723/3550/4801
f 3724/3545/4802 3692/3510/4802 3690/3508/4802
f 3724/3545/4803 3690/3508/4803 3688/3507/4803
f 3725/3547/4804 3689/3551/4804 3729/3552/4804
f 3725/3547/4805 3729/3552/4805 3726/3548/4805
f 3729/3552/4806 3730/3553/4806 3731/3554/4806
f 3729/3552/4807 3731/3554/4807 3726/3548/4807
f 3729/3552/4808 3689/3551/4808 3686/3504/4808
f 3729/3552/4809 3686/3504/4809 3684/3503/4809
f 3729/3552/4810 3684/3503/4810 3732/3555/4810
f 3729/3552/4811 3732/3555/4811 3730/3553/4811
f 3732/3555/4812 3733/3556/4812 3734/3557/4812
f 3732/3555/4813 3734/3557/4813 3730/3553/4813
f 3732/3555/4814 3684/3503/4814 3681/3500/4814
f 3732/3555/4815 3681/3500/4815 3735/3558/4815
f 3732/3555/4816 3735/3558/4816 3736/3559/4816
f 3732/3555/4817 3736/3559/4817 3733/3556/4817
f 3736/3559/4818 3737/3560/4818 3738/3561/4818
f 3736/3559/4819 3738/3561/4819 3733/3556/4819
f 3736/3559/4820 3735/3558/4820 3739/3562/4820
f 3736/3559/4821 3739/3562/4821 3740/3563/4821
f 3736/3559/4822 3740/3563/4822 3741/3564/4822
f 3736/3559/4823 3741/3564/4823 3737/3560/4823
f 3741/3564/4824 3742/3565/4824 3743/3566/4824
f 3741/3564/4825 3743/3566/4825 3737/3560/4825
f 3741/3564/4826 3740/3563/4826 3744/3567/4826
f 3741/3564/4827 3744/3567/4827 3745/3568/4827
f 3741/3564/4828 3745/3568/4828 3746/3569/4828
f 3741/3564/4829 3746/3569/4829 3742/3565/4829
f 3746/3569/4830 3524/3317/4830 3747/3570/4830
f 3746/3569/4831 3747/3570/4831 3742/3565/4831
f 3746/3569/4832 3745/3568/4832 3748/3571/4832
f 3746/3569/4833 3748/3571/4833 3528/3323/4833
f 3746/3569/4834 3528/3323/4834 3525/3318/4834
f 3746/3569/4835 3525/3318/4835 3524/3317/4835
f 3748/3571/4836 3745/3568/4836 3744/3567/4836
f 3748/3571/4836 3744/3567/4836 3670/3486/4836
f 3748/3571/4837 3670/3486/4837 3668/3484/4837
f 3748/3571/4838 3668/3484/4838 3531/3326/4838
f 3748/3571/4839 3531/3326/4839 3529/3324/4839
f 3748/3571/4840 3529/3324/4840 3528/3323/4840
f 3747/3570/4841 3521/3313/4841 3750/3572/4841
f 3747/3570/4842 3750/3572/4842 3751/3573/4842
f 3747/3570/4843 3751/3573/4843 3743/3566/4843
f 3747/3570/4844 3743/3566/4844 3742/3565/4844
f 3747/3570/4845 3524/3317/4845 3522/3314/4845
f 3747/3570/4846 3522/3314/4846 3521/3313/4846
f 3751/3573/4847 3750/3572/4847 3753/3574/4847
f 3751/3573/4848 3753/3574/4848 3754/3575/4848
f 3751/3573/4849 3754/3575/4849 3755/3576/4849
f 3751/3573/4850 3755/3576/4850 3743/3566/4850
f 3755/3576/4851 3754/3575/4851 3756/3577/4851
f 3755/3576/4852 3756/3577/4852 3757/3578/4852
f 3755/3576/4852 3757/3578/4852 3758/3579/4852
f 3755/3576/4853 3758/3579/4853 3738/3561/4853
f 3755/3576/4854 3738/3561/4854 3737/3560/4854
f 3755/3576/4855 3737/3560/4855 3743/3566/4855
f 3758/3579/4856 3757/3578/4856 3759/3580/4856
f 3758/3579/4857 3759/3580/4857 3760/3581/4857
f 3758/3579/4858 3760/3581/4858 3761/3582/4858
f 3758/3579/4859 3761/3582/4859 3734/3557/4859
f 3758/3579/4860 3734/3557/4860 3733/3556/4860
f 3758/3579/4861 3733/3556/4861 3738/3561/4861
f 3761/3582/4862 3760/3581/4862 3762/3583/4862
f 3761/3582/4863 3762/3583/4863 3764/3584/4863
f 3761/3582/4864 3764/3584/4864 3767/3585/4864
f 3761/3582/4865 3767/3585/4865 3731/3554/4865
f 3761/3582/4866 3731/3554/4866 3730/3553/4866
f 3761/3582/4867 3730/3553/4867 3734/3557/4867
f 3768/3586/4868 3765/3587/4868 3769/3588/4868
f 3768/3586/4869 3769/3588/4869 3771/3589/4869
f 3766/3590/4870 3770/3591/4870 564/341/4870
f 3766/3590/4871 564/341/4871 3727/3592/4871
f 3767/3585/4872 3728/3549/4872 3726/3548/4872
f 3767/3585/4873 3726/3548/4873 3731/3554/4873
f 3771/3589/4874 3769/3588/4874 3773/3593/4874
f 3771/3589/4875 3773/3593/4875 3776/3594/4875
f 3770/3591/4876 3774/3595/4876 565/342/4876
f 3770/3591/4877 565/342/4877 564/341/4877
f 3775/3596/4878 3772/3597/4878 3779/3598/4878
f 3775/3596/4879 3779/3598/4879 3781/3599/4879
f 3775/3596/4880 3781/3599/4880 568/345/4880
f 3775/3596/4881 568/345/4881 566/344/4881
f 3780/3600/4882 3777/3601/4882 3782/3602/4882
f 3780/3600/4883 3782/3602/4883 3784/3603/4883
f 3780/3600/4884 3784/3603/4884 3786/3604/4884
f 3780/3600/4885 3786/3604/4885 567/3605/4885
f 3786/3604/4886 3784/3603/4886 3787/3606/4886
f 3786/3604/4887 3787/3606/4887 3789/3607/4887
f 3785/3608/4888 3788/3609/4888 3790/3610/4888
f 3785/3608/4889 3790/3610/4889 3791/3611/4889
f 3786/3604/4890 3792/3612/4890 570/3613/4890
f 3786/3604/4891 570/3613/4891 567/3605/4891
f 3791/3611/4892 3790/3610/4892 3793/3614/4892
f 3791/3611/4893 3793/3614/4893 3794/3615/4893
f 3791/3611/4894 3794/3615/4894 3796/3616/4894
f 3791/3611/4895 3796/3616/4895 569/3617/4895
f 3797/3618/4896 3795/3619/4896 3800/3620/4896
f 3797/3618/4897 3800/3620/4897 3801/3621/4897
f 3797/3618/4898 3801/3621/4898 367/174/4898
f 3797/3618/4899 367/174/4899 373/178/4899
f 3798/3622/4900 374/3623/4900 97/343/4900
f 3798/3622/4901 97/343/4901 571/346/4901
f 3801/3621/4902 3800/3620/4902 3803/3624/4902
f 3801/3621/4903 3803/3624/4903 3804/3625/4903
f 3801/3621/4904 3804/3625/4904 369/175/4904
f 3801/3621/4905 369/175/4905 367/174/4905
f 3804/3625/4906 3803/3624/4906 3806/3626/4906
f 3804/3625/4907 3806/3626/4907 3808/3627/4907
f 3804/3625/4908 3808/3627/4908 3810/3628/4908
f 3804/3625/4909 3810/3628/4909 369/175/4909
f 3809/3629/4910 3807/3630/4910 3811/3631/4910
f 3809/3629/4911 3811/3631/4911 3812/3632/4911
f 3809/3629/4912 3812/3632/4912 3813/3633/4912
f 3809/3629/4913 3813/3633/4913 3815/3634/4913
f 3809/3629/4914 3815/3634/4914 370/3635/4914
f 3809/3629/4915 370/3635/4915 368/3636/4915
f 3817/3637/4916 3814/3638/4916 3818/3639/4916
f 3817/3637/4917 3818/3639/4917 3820/3640/4917
f 3816/3641/4918 3819/3642/4918 3821/3643/4918
f 3816/3641/4919 3821/3643/4919 371/176/4919
f 3821/3643/4920 1311/3644/4920 61/173/4920
f 3821/3643/4921 61/173/4921 371/176/4921
f 3822/3645/4922 3820/3640/4922 3823/3646/4922
f 3822/3645/4923 3823/3646/4923 3824/3647/4923
f 3822/3645/4924 3824/3647/4924 1314/3648/4924
f 3822/3645/4925 1314/3648/4925 1312/3649/4925
f 3824/3647/4926 3823/3646/4926 3825/3650/4926
f 3824/3647/4927 3825/3650/4927 3826/3651/4927
f 3824/3647/4928 3826/3651/4928 1317/1062/4928
f 3824/3647/4929 1317/1062/4929 1314/3648/4929
f 3826/3651/4930 3825/3650/4930 1409/1154/4930
f 3826/3651/4931 1409/1154/4931 3827/3652/4931
f 3826/3651/4932 3827/3652/4932 1323/1063/4932
f 3826/3651/4933 1323/1063/4933 1317/1062/4933
f 3827/3652/4934 1409/1154/4934 1407/1152/4934
f 3827/3652/4935 1407/1152/4935 1406/1151/4935
f 3827/3652/4936 1406/1151/4936 1324/1064/4936
f 3827/3652/4937 1324/1064/4937 1323/1063/4937
f 3825/3650/4938 3823/3646/4938 3828/3653/4938
f 3825/3650/4939 3828/3653/4939 1412/1157/4939
f 3825/3650/4940 1412/1157/4940 1410/1155/4940
f 3825/3650/4941 1410/1155/4941 1409/1154/4941
f 3828/3653/4942 3823/3646/4942 3820/3640/4942
f 3828/3653/4943 3820/3640/4943 3818/3639/4943
f 3828/3653/4944 3818/3639/4944 3829/3654/4944
f 3828/3653/4945 3829/3654/4945 3830/3655/4945
f 3828/3653/4946 3830/3655/4946 1413/1158/4946
f 3828/3653/4947 1413/1158/4947 1412/1157/4947
f 3830/3655/4948 3829/3654/4948 3832/3656/4948
f 3830/3655/4949 3832/3656/4949 3833/3657/4949
f 3830/3655/4950 3833/3657/4950 1414/1159/4950
f 3830/3655/4951 1414/1159/4951 1413/1158/4951
f 3833/3657/4952 3832/3656/4952 1438/3658/4952
f 3833/3657/4953 1438/3658/4953 1434/3659/4953
f 3833/3657/4954 1434/3659/4954 1417/1161/4954
f 3833/3657/4955 1417/1161/4955 1414/1159/4955
f 3832/3656/4956 3829/3654/4956 3835/3660/4956
f 3832/3656/4957 3835/3660/4957 901/3661/4957
f 3831/3662/4958 899/627/4958 898/626/4958
f 3831/3662/4959 898/626/4959 1437/3663/4959
f 3834/3664/4960 3813/3633/4960 3812/3632/4960
f 3834/3664/4961 3812/3632/4961 3837/3665/4961
f 3834/3664/4962 3837/3665/4962 895/3666/4962
f 3834/3664/4963 895/3666/4963 900/3667/4963
f 3835/3660/4964 3829/3654/4964 3818/3639/4964
f 3835/3660/4965 3818/3639/4965 3814/3638/4965
f 3837/3665/4966 3812/3632/4966 3811/3631/4966
f 3837/3665/4967 3811/3631/4967 3839/3668/4967
f 3836/3669/4968 3838/3670/4968 896/625/4968
f 3836/3669/4969 896/625/4969 894/624/4969
f 3839/3668/4970 3811/3631/4970 3840/3671/4970
f 3839/3668/4971 3840/3671/4971 3842/3672/4971
f 3838/3670/4972 3841/3673/4972 3843/3674/4972
f 3838/3670/4973 3843/3674/4973 896/625/4973
f 3843/3674/4974 3841/3673/4974 3844/3675/4974
f 3843/3674/4975 3844/3675/4975 3846/3676/4975
f 3843/3674/4976 3846/3676/4976 3848/3677/4976
f 3843/3674/4977 3848/3677/4977 3850/3678/4977
f 3843/3674/4978 3850/3678/4978 893/621/4978
f 3843/3674/4979 893/621/4979 896/625/4979
f 3849/3679/4980 3847/3680/4980 3851/3681/4980
f 3849/3679/4981 3851/3681/4981 678/434/4981
f 3850/3678/4982 679/3682/4982 115/622/4982
f 3850/3678/4983 115/622/4983 893/621/4983
f 3851/3681/4984 3847/3680/4984 3852/3683/4984
f 3851/3681/4985 3852/3683/4985 3854/3684/4985
f 3851/3681/4986 3854/3684/4986 3855/3685/4986
f 3851/3681/4987 3855/3685/4987 3856/3686/4987
f 3851/3681/4988 3856/3686/4988 680/435/4988
f 3851/3681/4989 680/435/4989 678/434/4989
f 3856/3686/4990 3855/3685/4990 3857/3687/4990
f 3856/3686/4991 3857/3687/4991 3859/3688/4991
f 3856/3686/4992 3859/3688/4992 3861/3689/4992
f 3856/3686/4993 3861/3689/4993 680/435/4993
f 3862/3690/4994 3860/3691/4994 3863/3692/4994
f 3862/3690/4995 3863/3692/4995 3864/3693/4995
f 3862/3690/4996 3864/3693/4996 3865/3694/4996
f 3862/3690/4997 3865/3694/4997 3867/3695/4997
f 3862/3690/4998 3867/3695/4998 674/3696/4998
f 3862/3690/4999 674/3696/4999 681/3697/4999
f 3868/3698/5000 3866/3699/5000 3869/3700/5000
f 3868/3698/5001 3869/3700/5001 3871/3701/5001
f 3868/3698/5002 3871/3701/5002 676/431/5002
f 3868/3698/5003 676/431/5003 675/430/5003
f 3872/3702/5004 3870/3703/5004 3873/3704/5004
f 3872/3702/5005 3873/3704/5005 3874/3705/5005
f 3872/3702/5006 3874/3705/5006 3876/3706/5006
f 3872/3702/5007 3876/3706/5007 677/3707/5007
f 3876/3706/5008 3878/3708/5008 669/3709/5008
f 3876/3706/5009 669/3709/5009 677/3707/5009
f 3876/3706/5010 3874/3705/5010 3880/3710/5010
f 3876/3706/5011 3880/3710/5011 3883/3711/5011
f 3875/3712/5012 3881/3713/5012 3884/3714/5012
f 3875/3712/5013 3884/3714/5013 3877/3715/5013
f 3884/3714/5014 3885/3716/5014 3886/3717/5014
f 3884/3714/5015 3886/3717/5015 3877/3715/5015
f 3884/3714/5016 3881/3713/5016 3887/3718/5016
f 3884/3714/5017 3887/3718/5017 3889/3719/5017
f 3884/3714/5018 3889/3719/5018 3890/3720/5018
f 3884/3714/5019 3890/3720/5019 3885/3716/5019
f 3890/3720/5020 3891/3721/5020 3892/3722/5020
f 3890/3720/5021 3892/3722/5021 3885/3716/5021
f 3890/3720/5022 3889/3719/5022 3893/3723/5022
f 3890/3720/5023 3893/3723/5023 3894/3724/5023
f 3890/3720/5024 3894/3724/5024 3895/3725/5024
f 3890/3720/5025 3895/3725/5025 3891/3721/5025
f 3895/3725/5026 3469/3261/5026 3467/3258/5026
f 3895/3725/5027 3467/3258/5027 3891/3721/5027
f 3895/3725/5028 3894/3724/5028 664/422/5028
f 3895/3725/5029 664/422/5029 663/421/5029
f 3895/3725/5030 663/421/5030 662/420/5030
f 3895/3725/5031 662/420/5031 3469/3261/5031
f 3894/3724/5032 3893/3723/5032 3896/3726/5032
f 3894/3724/5033 3896/3726/5033 664/422/5033
f 3896/3726/5034 3893/3723/5034 3897/3727/5034
f 3896/3726/5035 3897/3727/5035 3900/3728/5035
f 3896/3726/5036 3900/3728/5036 3902/3729/5036
f 3896/3726/5037 3902/3729/5037 756/500/5037
f 3896/3726/5038 756/500/5038 129/423/5038
f 3896/3726/5039 129/423/5039 664/422/5039
f 3903/3730/5040 3901/3731/5040 3752/3732/5040
f 3903/3730/5041 3752/3732/5041 3749/3733/5041
f 3904/3734/5042 3750/3572/5042 3521/3313/5042
f 3904/3734/5043 3521/3313/5043 3518/3312/5043
f 3902/3729/5044 3517/3309/5044 757/501/5044
f 3902/3729/5045 757/501/5045 756/500/5045
f 3901/3731/5046 3898/3735/5046 3905/3736/5046
f 3901/3731/5047 3905/3736/5047 3752/3732/5047
f 3906/3737/5048 3899/3738/5048 3888/3739/5048
f 3906/3737/5049 3888/3739/5049 3907/3740/5049
f 3906/3737/5050 3907/3740/5050 3908/3741/5050
f 3906/3737/5051 3908/3741/5051 3756/3577/5051
f 3906/3737/5052 3756/3577/5052 3754/3575/5052
f 3906/3737/5053 3754/3575/5053 3753/3574/5053
f 3908/3741/5054 3907/3740/5054 3879/3742/5054
f 3908/3741/5055 3879/3742/5055 3909/3743/5055
f 3908/3741/5056 3909/3743/5056 3911/3744/5056
f 3908/3741/5057 3911/3744/5057 3759/3580/5057
f 3908/3741/5058 3759/3580/5058 3757/3578/5058
f 3908/3741/5059 3757/3578/5059 3756/3577/5059
f 3912/3745/5060 3910/3746/5060 3873/3704/5060
f 3912/3745/5061 3873/3704/5061 3913/3747/5061
f 3912/3745/5062 3913/3747/5062 3914/3748/5062
f 3912/3745/5063 3914/3748/5063 3763/3749/5063
f 3911/3744/5064 3762/3583/5064 3760/3581/5064
f 3911/3744/5065 3760/3581/5065 3759/3580/5065
f 3914/3748/5066 3913/3747/5066 3916/3750/5066
f 3914/3748/5067 3916/3750/5067 3918/3751/5067
f 3914/3748/5068 3918/3751/5068 3773/3593/5068
f 3914/3748/5069 3773/3593/5069 3769/3588/5069
f 3914/3748/5070 3769/3588/5070 3765/3587/5070
f 3914/3748/5071 3765/3587/5071 3763/3749/5071
f 3917/3752/5072 3915/3753/5072 3921/3754/5072
f 3917/3752/5073 3921/3754/5073 3923/3755/5073
f 3917/3752/5074 3923/3755/5074 3779/3598/5074
f 3917/3752/5075 3779/3598/5075 3772/3597/5075
f 3922/3756/5076 3919/3757/5076 3924/3758/5076
f 3922/3756/5077 3924/3758/5077 3926/3759/5077
f 3922/3756/5078 3926/3759/5078 3783/3760/5078
f 3922/3756/5079 3783/3760/5079 3778/3761/5079
f 3926/3759/5080 3924/3758/5080 3927/3762/5080
f 3926/3759/5081 3927/3762/5081 3929/3763/5081
f 3926/3759/5082 3929/3763/5082 3931/3764/5082
f 3926/3759/5083 3931/3764/5083 3783/3760/5083
f 3931/3764/5084 3929/3763/5084 3932/3765/5084
f 3931/3764/5085 3932/3765/5085 3934/3766/5085
f 3930/3767/5086 3933/3768/5086 3935/3769/5086
f 3930/3767/5087 3935/3769/5087 3787/3606/5087
f 3930/3767/5088 3787/3606/5088 3784/3603/5088
f 3930/3767/5089 3784/3603/5089 3782/3602/5089
f 3935/3769/5090 3933/3768/5090 3936/3770/5090
f 3935/3769/5091 3936/3770/5091 3938/3771/5091
f 3935/3769/5092 3938/3771/5092 3940/3772/5092
f 3935/3769/5093 3940/3772/5093 3942/3773/5093
f 3935/3769/5094 3942/3773/5094 3789/3607/5094
f 3935/3769/5095 3789/3607/5095 3787/3606/5095
f 3941/3774/5096 3939/3775/5096 3943/3776/5096
f 3941/3774/5097 3943/3776/5097 3944/3777/5097
f 3941/3774/5098 3944/3777/5098 3790/3610/5098
f 3941/3774/5099 3790/3610/5099 3788/3609/5099
f 3944/3777/5100 3943/3776/5100 3945/3778/5100
f 3944/3777/5101 3945/3778/5101 3946/3779/5101
f 3944/3777/5102 3946/3779/5102 3793/3614/5102
f 3944/3777/5103 3793/3614/5103 3790/3610/5103
f 3946/3779/5104 3945/3778/5104 3947/3780/5104
f 3946/3779/5105 3947/3780/5105 3949/3781/5105
f 3946/3779/5106 3949/3781/5106 3951/3782/5106
f 3946/3779/5107 3951/3782/5107 3793/3614/5107
f 3952/3783/5108 3950/3784/5108 3954/3785/5108
f 3952/3783/5109 3954/3785/5109 3956/3786/5109
f 3952/3783/5110 3956/3786/5110 3803/3624/5110
f 3952/3783/5111 3803/3624/5111 3800/3620/5111
f 3951/3782/5112 3799/3787/5112 3794/3615/5112
f 3951/3782/5113 3794/3615/5113 3793/3614/5113
f 3955/3788/5114 3953/3789/5114 3957/3790/5114
f 3955/3788/5115 3957/3790/5115 3958/3791/5115
f 3955/3788/5116 3958/3791/5116 3805/3792/5116
f 3955/3788/5117 3805/3792/5117 3802/3793/5117
f 3958/3791/5118 3957/3790/5118 3959/3794/5118
f 3958/3791/5119 3959/3794/5119 3960/3795/5119
f 3958/3791/5120 3960/3795/5120 3840/3671/5120
f 3958/3791/5121 3840/3671/5121 3805/3792/5121
f 3960/3795/5122 3959/3794/5122 3962/3796/5122
f 3960/3795/5123 3962/3796/5123 3845/3797/5123
f 3960/3795/5124 3845/3797/5124 3842/3672/5124
f 3960/3795/5125 3842/3672/5125 3840/3671/5125
f 3962/3796/5126 3959/3794/5126 3963/3798/5126
f 3962/3796/5127 3963/3798/5127 3965/3799/5127
f 3961/3800/5128 3964/3801/5128 3966/3802/5128
f 3961/3800/5129 3966/3802/5129 3967/3803/5129
f 3961/3800/5130 3967/3803/5130 3846/3676/5130
f 3961/3800/5131 3846/3676/5131 3844/3675/5131
f 3967/3803/5132 3966/3802/5132 3969/3804/5132
f 3967/3803/5133 3969/3804/5133 3853/3805/5133
f 3967/3803/5134 3853/3805/5134 3848/3677/5134
f 3967/3803/5135 3848/3677/5135 3846/3676/5135
f 3969/3804/5136 3966/3802/5136 3970/3806/5136
f 3969/3804/5137 3970/3806/5137 3972/3807/5137
f 3968/3808/5138 3971/3809/5138 3973/3810/5138
f 3968/3808/5139 3973/3810/5139 3974/3811/5139
f 3968/3808/5140 3974/3811/5140 3854/3684/5140
f 3968/3808/5141 3854/3684/5141 3852/3683/5141
f 3974/3811/5142 3973/3810/5142 3975/3812/5142
f 3974/3811/5143 3975/3812/5143 3976/3813/5143
f 3974/3811/5144 3976/3813/5144 3855/3685/5144
f 3974/3811/5145 3855/3685/5145 3854/3684/5145
f 3976/3813/5146 3975/3812/5146 3977/3814/5146
f 3976/3813/5147 3977/3814/5147 3979/3815/5147
f 3976/3813/5148 3979/3815/5148 3857/3687/5148
f 3976/3813/5149 3857/3687/5149 3855/3685/5149
f 3980/3816/5150 3978/3817/5150 3981/3818/5150
f 3980/3816/5151 3981/3818/5151 3982/3819/5151
f 3980/3816/5152 3982/3819/5152 3983/3820/5152
f 3980/3816/5153 3983/3820/5153 3858/3821/5153
f 3983/3820/5154 3982/3819/5154 3985/3822/5154
f 3983/3820/5155 3985/3822/5155 3987/3823/5155
f 3983/3820/5156 3987/3823/5156 3928/3824/5156
f 3983/3820/5157 3928/3824/5157 3863/3692/5157
f 3983/3820/5158 3863/3692/5158 3860/3691/5158
f 3983/3820/5159 3860/3691/5159 3858/3821/5159
f 3986/3825/5160 3984/3826/5160 3988/3827/5160
f 3986/3825/5161 3988/3827/5161 3932/3765/5161
f 3986/3825/5162 3932/3765/5162 3929/3763/5162
f 3986/3825/5163 3929/3763/5163 3927/3762/5163
f 3988/3827/5164 3984/3826/5164 3989/3828/5164
f 3988/3827/5165 3989/3828/5165 3992/3829/5165
f 3988/3827/5166 3992/3829/5166 3994/3830/5166
f 3988/3827/5167 3994/3830/5167 3937/3831/5167
f 3988/3827/5168 3937/3831/5168 3934/3766/5168
f 3988/3827/5169 3934/3766/5169 3932/3765/5169
f 3993/3832/5170 3991/3833/5170 3995/3834/5170
f 3993/3832/5171 3995/3834/5171 3997/3835/5171
f 3993/3832/5172 3997/3835/5172 3999/3836/5172
f 3993/3832/5173 3999/3836/5173 4000/3837/5173
f 3993/3832/5174 4000/3837/5174 3938/3771/5174
f 3993/3832/5175 3938/3771/5175 3936/3770/5175
f 4000/3837/5176 3999/3836/5176 4002/3838/5176
f 4000/3837/5177 4002/3838/5177 4004/3839/5177
f 4000/3837/5178 4004/3839/5178 3940/3772/5178
f 4000/3837/5179 3940/3772/5179 3938/3771/5179
f 4003/3840/5180 4001/3841/5180 4005/3842/5180
f 4003/3840/5181 4005/3842/5181 4006/3843/5181
f 4003/3840/5182 4006/3843/5182 3943/3776/5182
f 4003/3840/5183 3943/3776/5183 3939/3775/5183
f 4006/3843/5184 4005/3842/5184 4007/3844/5184
f 4006/3843/5185 4007/3844/5185 4008/3845/5185
f 4006/3843/5186 4008/3845/5186 3945/3778/5186
f 4006/3843/5187 3945/3778/5187 3943/3776/5187
f 4008/3845/5188 4007/3844/5188 4009/3846/5188
f 4008/3845/5189 4009/3846/5189 4011/3847/5189
f 4008/3845/5190 4011/3847/5190 3947/3780/5190
f 4008/3845/5191 3947/3780/5191 3945/3778/5191
f 4012/3848/5192 4010/3849/5192 4014/3850/5192
f 4012/3848/5193 4014/3850/5193 4016/3851/5193
f 4012/3848/5194 4016/3851/5194 4018/3852/5194
f 4012/3848/5195 4018/3852/5195 3948/3853/5195
f 4017/3854/5196 4015/3855/5196 4019/3856/5196
f 4017/3854/5197 4019/3856/5197 4020/3857/5197
f 4017/3854/5198 4020/3857/5198 3957/3790/5198
f 4017/3854/5199 3957/3790/5199 3953/3789/5199
f 4018/3852/5200 3954/3785/5200 3950/3784/5200
f 4018/3852/5201 3950/3784/5201 3948/3853/5201
f 4020/3857/5202 4019/3856/5202 4021/3858/5202
f 4020/3857/5203 4021/3858/5203 3963/3798/5203
f 4020/3857/5204 3963/3798/5204 3959/3794/5204
f 4020/3857/5205 3959/3794/5205 3957/3790/5205
f 4021/3858/5206 4019/3856/5206 4022/3859/5206
f 4021/3858/5207 4022/3859/5207 4023/3860/5207
f 4021/3858/5208 4023/3860/5208 4025/3861/5208
f 4021/3858/5209 4025/3861/5209 4027/3862/5209
f 4021/3858/5210 4027/3862/5210 3965/3799/5210
f 4021/3858/5211 3965/3799/5211 3963/3798/5211
f 4026/3863/5212 4024/3864/5212 4028/3865/5212
f 4026/3863/5213 4028/3865/5213 3970/3806/5213
f 4026/3863/5214 3970/3806/5214 3966/3802/5214
f 4026/3863/5215 3966/3802/5215 3964/3801/5215
f 4028/3865/5216 4024/3864/5216 4029/3866/5216
f 4028/3865/5217 4029/3866/5217 4031/3867/5217
f 4028/3865/5218 4031/3867/5218 4033/3868/5218
f 4028/3865/5219 4033/3868/5219 4035/3869/5219
f 4028/3865/5220 4035/3869/5220 3972/3807/5220
f 4028/3865/5221 3972/3807/5221 3970/3806/5221
f 4034/3870/5222 4032/3871/5222 4036/3872/5222
f 4034/3870/5223 4036/3872/5223 4037/3873/5223
f 4034/3870/5224 4037/3873/5224 3973/3810/5224
f 4034/3870/5225 3973/3810/5225 3971/3809/5225
f 4037/3873/5226 4036/3872/5226 4038/3874/5226
f 4037/3873/5227 4038/3874/5227 4039/3875/5227
f 4037/3873/5228 4039/3875/5228 3975/3812/5228
f 4037/3873/5229 3975/3812/5229 3973/3810/5229
f 4039/3875/5230 4038/3874/5230 4040/3876/5230
f 4039/3875/5231 4040/3876/5231 4042/3877/5231
f 4039/3875/5232 4042/3877/5232 3977/3814/5232
f 4039/3875/5233 3977/3814/5233 3975/3812/5233
f 4043/3878/5234 4041/3879/5234 4044/3880/5234
f 4043/3878/5235 4044/3880/5235 4045/3881/5235
f 4043/3878/5236 4045/3881/5236 3981/3818/5236
f 4043/3878/5237 3981/3818/5237 3978/3817/5237
f 4045/3881/5238 4044/3880/5238 4047/3882/5238
f 4045/3881/5239 4047/3882/5239 4049/3883/5239
f 4045/3881/5240 4049/3883/5240 3990/3884/5240
f 4045/3881/5241 3990/3884/5241 3981/3818/5241
f 4048/3885/5242 4046/3886/5242 4050/3887/5242
f 4048/3885/5243 4050/3887/5243 3996/3888/5243
f 4048/3885/5244 3996/3888/5244 3992/3829/5244
f 4048/3885/5245 3992/3829/5245 3989/3828/5245
f 4050/3887/5246 4046/3886/5246 4051/3889/5246
f 4050/3887/5247 4051/3889/5247 4053/3890/5247
f 4050/3887/5248 4053/3890/5248 4055/3891/5248
f 4050/3887/5249 4055/3891/5249 4057/3892/5249
f 4050/3887/5250 4057/3892/5250 3998/3893/5250
f 4050/3887/5251 3998/3893/5251 3996/3888/5251
f 4056/3894/5252 4054/3895/5252 4058/3896/5252
f 4056/3894/5253 4058/3896/5253 4059/3897/5253
f 4056/3894/5254 4059/3897/5254 3999/3836/5254
f 4056/3894/5255 3999/3836/5255 3997/3835/5255
f 4059/3897/5256 4058/3896/5256 4061/3898/5256
f 4059/3897/5257 4061/3898/5257 4063/3899/5257
f 4059/3897/5258 4063/3899/5258 4002/3838/5258
f 4059/3897/5259 4002/3838/5259 3999/3836/5259
f 4062/3900/5260 4060/3901/5260 4064/3902/5260
f 4062/3900/5261 4064/3902/5261 4065/3903/5261
f 4062/3900/5262 4065/3903/5262 4005/3842/5262
f 4062/3900/5263 4005/3842/5263 4001/3841/5263
f 4065/3903/5264 4064/3902/5264 4066/3904/5264
f 4065/3903/5265 4066/3904/5265 4067/3905/5265
f 4065/3903/5266 4067/3905/5266 4007/3844/5266
f 4065/3903/5267 4007/3844/5267 4005/3842/5267
f 4067/3905/5268 4066/3904/5268 4068/3906/5268
f 4067/3905/5269 4068/3906/5269 4070/3907/5269
f 4067/3905/5270 4070/3907/5270 4009/3846/5270
f 4067/3905/5271 4009/3846/5271 4007/3844/5271
f 4071/3908/5272 4069/3909/5272 4073/3910/5272
f 4071/3908/5273 4073/3910/5273 4075/3911/5273
f 4071/3908/5274 4075/3911/5274 4014/3850/5274
f 4071/3908/5275 4014/3850/5275 4010/3849/5275
f 4074/3912/5276 4072/3913/5276 4076/3914/5276
f 4074/3912/5277 4076/3914/5277 4077/3915/5277
f 4074/3912/5278 4077/3915/5278 4022/3859/5278
f 4074/3912/5279 4022/3859/5279 4013/3916/5279
f 4077/3915/5280 4076/3914/5280 4078/3917/5280
f 4077/3915/5281 4078/3917/5281 4079/3918/5281
f 4077/3915/5282 4079/3918/5282 4023/3860/5282
f 4077/3915/5283 4023/3860/5283 4022/3859/5283
f 4079/3918/5284 4078/3917/5284 4081/3919/5284
f 4079/3918/5285 4081/3919/5285 4030/3920/5285
f 4079/3918/5286 4030/3920/5286 4025/3861/5286
f 4079/3918/5287 4025/3861/5287 4023/3860/5287
f 4081/3919/5288 4078/3917/5288 4082/3921/5288
f 4081/3919/5289 4082/3921/5289 4084/3922/5289
f 4080/3923/5290 4083/3924/5290 4085/3925/5290
f 4080/3923/5291 4085/3925/5291 4086/3926/5291
f 4080/3923/5292 4086/3926/5292 4031/3867/5292
f 4080/3923/5293 4031/3867/5293 4029/3866/5293
f 4086/3926/5294 4085/3925/5294 4088/3927/5294
f 4086/3926/5295 4088/3927/5295 4090/3928/5295
f 4086/3926/5296 4090/3928/5296 4033/3868/5296
f 4086/3926/5297 4033/3868/5297 4031/3867/5297
f 4089/3929/5298 4087/3930/5298 4091/3931/5298
f 4089/3929/5299 4091/3931/5299 4092/3932/5299
f 4089/3929/5300 4092/3932/5300 4036/3872/5300
f 4089/3929/5301 4036/3872/5301 4032/3871/5301
f 4092/3932/5302 4091/3931/5302 4093/3933/5302
f 4092/3932/5303 4093/3933/5303 4094/3934/5303
f 4092/3932/5304 4094/3934/5304 4038/3874/5304
f 4092/3932/5305 4038/3874/5305 4036/3872/5305
f 4094/3934/5306 4093/3933/5306 4095/3935/5306
f 4094/3934/5307 4095/3935/5307 4097/3936/5307
f 4094/3934/5308 4097/3936/5308 4040/3876/5308
f 4094/3934/5309 4040/3876/5309 4038/3874/5309
f 4098/3937/5310 4096/3938/5310 4099/3939/5310
f 4098/3937/5311 4099/3939/5311 4100/3940/5311
f 4098/3937/5312 4100/3940/5312 4044/3880/5312
f 4098/3937/5313 4044/3880/5313 4041/3879/5313
f 4100/3940/5314 4099/3939/5314 4102/3941/5314
f 4100/3940/5315 4102/3941/5315 4052/3942/5315
f 4100/3940/5316 4052/3942/5316 4047/3882/5316
f 4100/3940/5317 4047/3882/5317 4044/3880/5317
f 4102/3941/5318 4099/3939/5318 4103/3943/5318
f 4102/3941/5319 4103/3943/5319 4105/3944/5319
f 4101/3945/5320 4104/3946/5320 4107/3947/5320
f 4101/3945/5321 4107/3947/5321 4109/3948/5321
f 4101/3945/5322 4109/3948/5322 4053/3890/5322
f 4101/3945/5323 4053/3890/5323 4051/3889/5323
f 4108/3949/5324 4106/3950/5324 4110/3951/5324
f 4108/3949/5325 4110/3951/5325 4111/3952/5325
f 4109/3948/5326 4112/3953/5326 4055/3891/5326
f 4109/3948/5327 4055/3891/5327 4053/3890/5327
f 4111/3952/5328 4110/3951/5328 4113/3954/5328
f 4111/3952/5329 4113/3954/5329 4114/3955/5329
f 4111/3952/5330 4114/3955/5330 4058/3896/5330
f 4111/3952/5331 4058/3896/5331 4054/3895/5331
f 4114/3955/5332 4113/3954/5332 4116/3956/5332
f 4114/3955/5333 4116/3956/5333 4118/3957/5333
f 4114/3955/5334 4118/3957/5334 4061/3898/5334
f 4114/3955/5335 4061/3898/5335 4058/3896/5335
f 4117/3958/5336 4115/3959/5336 4119/3960/5336
f 4117/3958/5337 4119/3960/5337 4120/3961/5337
f 4117/3958/5338 4120/3961/5338 4064/3902/5338
f 4117/3958/5339 4064/3902/5339 4060/3901/5339
f 4120/3961/5340 4119/3960/5340 4121/3962/5340
f 4120/3961/5341 4121/3962/5341 4122/3963/5341
f 4120/3961/5342 4122/3963/5342 4066/3904/5342
f 4120/3961/5343 4066/3904/5343 4064/3902/5343
f 4122/3963/5344 4121/3962/5344 4123/3964/5344
f 4122/3963/5345 4123/3964/5345 4125/3965/5345
f 4122/3963/5346 4125/3965/5346 4068/3906/5346
f 4122/3963/5347 4068/3906/5347 4066/3904/5347
f 4126/3966/5348 4124/3967/5348 4128/3968/5348
f 4126/3966/5349 4128/3968/5349 4130/3969/5349
f 4126/3966/5350 4130/3969/5350 4073/3910/5350
f 4126/3966/5351 4073/3910/5351 4069/3909/5351
f 4129/3970/5352 4127/3971/5352 4131/3972/5352
f 4129/3970/5353 4131/3972/5353 4132/3973/5353
f 4129/3970/5354 4132/3973/5354 4076/3914/5354
f 4129/3970/5355 4076/3914/5355 4072/3913/5355
f 4132/3973/5356 4131/3972/5356 4133/3974/5356
f 4132/3973/5357 4133/3974/5357 4082/3921/5357
f 4132/3973/5358 4082/3921/5358 4078/3917/5358
f 4132/3973/5359 4078/3917/5359 4076/3914/5359
f 4133/3974/5360 4131/3972/5360 4134/3975/5360
f 4133/3974/5361 4134/3975/5361 4135/3976/5361
f 4133/3974/5362 4135/3976/5362 4137/3977/5362
f 4133/3974/5363 4137/3977/5363 4139/3978/5363
f 4133/3974/5364 4139/3978/5364 4084/3922/5364
f 4133/3974/5365 4084/3922/5365 4082/3921/5365
f 4138/3979/5366 4136/3980/5366 4140/3981/5366
f 4138/3979/5367 4140/3981/5367 4141/3982/5367
f 4138/3979/5368 4141/3982/5368 4085/3925/5368
f 4138/3979/5369 4085/3925/5369 4083/3924/5369
f 4141/3982/5370 4140/3981/5370 4143/3983/5370
f 4141/3982/5371 4143/3983/5371 4145/3984/5371
f 4141/3982/5372 4145/3984/5372 4088/3927/5372
f 4141/3982/5373 4088/3927/5373 4085/3925/5373
f 4144/3985/5374 4142/3986/5374 4146/3987/5374
f 4144/3985/5375 4146/3987/5375 4147/3988/5375
f 4144/3985/5376 4147/3988/5376 4091/3931/5376
f 4144/3985/5377 4091/3931/5377 4087/3930/5377
f 4147/3988/5378 4146/3987/5378 4148/3989/5378
f 4147/3988/5379 4148/3989/5379 4149/3990/5379
f 4147/3988/5380 4149/3990/5380 4093/3933/5380
f 4147/3988/5381 4093/3933/5381 4091/3931/5381
f 4149/3990/5382 4148/3989/5382 4150/3991/5382
f 4149/3990/5383 4150/3991/5383 4152/3992/5383
f 4149/3990/5384 4152/3992/5384 4095/3935/5384
f 4149/3990/5385 4095/3935/5385 4093/3933/5385
f 4153/3993/5386 4151/3994/5386 4154/3995/5386
f 4153/3993/5387 4154/3995/5387 4103/3943/5387
f 4153/3993/5388 4103/3943/5388 4099/3939/5388
f 4153/3993/5389 4099/3939/5389 4096/3938/5389
f 4154/3995/5390 4151/3994/5390 4156/3996/5390
f 4154/3995/5391 4156/3996/5391 4158/3997/5391
f 4154/3995/5392 4158/3997/5392 4160/3998/5392
f 4154/3995/5393 4160/3998/5393 4162/3999/5393
f 4154/3995/5394 4162/3999/5394 4105/3944/5394
f 4154/3995/5395 4105/3944/5395 4103/3943/5395
f 4161/4000/5396 4159/4001/5396 4164/4002/5396
f 4161/4000/5397 4164/4002/5397 4166/4003/5397
f 4161/4000/5398 4166/4003/5398 4107/3947/5398
f 4161/4000/5399 4107/3947/5399 4104/3946/5399
f 4165/4004/5400 4163/4005/5400 4167/4006/5400
f 4165/4004/5401 4167/4006/5401 4169/4007/5401
f 4165/4004/5402 4169/4007/5402 4110/3951/5402
f 4165/4004/5403 4110/3951/5403 4106/3950/5403
f 4169/4007/5404 4167/4006/5404 4170/4008/5404
f 4169/4007/5405 4170/4008/5405 4171/4009/5405
f 4169/4007/5406 4171/4009/5406 4113/3954/5406
f 4169/4007/5407 4113/3954/5407 4110/3951/5407
f 4171/4009/5408 4170/4008/5408 4173/4010/5408
f 4171/4009/5409 4173/4010/5409 4175/4011/5409
f 4171/4009/5410 4175/4011/5410 4116/3956/5410
f 4171/4009/5411 4116/3956/5411 4113/3954/5411
f 4174/4012/5412 4172/4013/5412 4176/4014/5412
f 4174/4012/5413 4176/4014/5413 4177/4015/5413
f 4174/4012/5414 4177/4015/5414 4119/3960/5414
f 4174/4012/5415 4119/3960/5415 4115/3959/5415
f 4177/4015/5416 4176/4014/5416 4178/4016/5416
f 4177/4015/5417 4178/4016/5417 4179/4017/5417
f 4177/4015/5418 4179/4017/5418 4121/3962/5418
f 4177/4015/5419 4121/3962/5419 4119/3960/5419
f 4179/4017/5420 4178/4016/5420 4180/4018/5420
f 4179/4017/5421 4180/4018/5421 4182/4019/5421
f 4179/4017/5422 4182/4019/5422 4123/3964/5422
f 4179/4017/5423 4123/3964/5423 4121/3962/5423
f 4183/4020/5424 4181/4021/5424 4185/4022/5424
f 4183/4020/5425 4185/4022/5425 4187/4023/5425
f 4183/4020/5426 4187/4023/5426 4128/3968/5426
f 4183/4020/5427 4128/3968/5427 4124/3967/5427
f 4186/4024/5428 4184/4025/5428 4188/4026/5428
f 4186/4024/5429 4188/4026/5429 4134/3975/5429
f 4186/4024/5430 4134/3975/5430 4131/3972/5430
f 4186/4024/5431 4131/3972/5431 4127/3971/5431
f 4188/4026/5432 4184/4025/5432 4189/4027/5432
f 4188/4026/5433 4189/4027/5433 4191/4028/5433
f 4188/4026/5434 4191/4028/5434 4192/4029/5434
f 4188/4026/5435 4192/4029/5435 4193/4030/5435
f 4188/4026/5436 4193/4030/5436 4135/3976/5436
f 4188/4026/5437 4135/3976/5437 4134/3975/5437
f 4193/4030/5438 4192/4029/5438 4195/4031/5438
f 4193/4030/5439 4195/4031/5439 4197/4032/5439
f 4193/4030/5440 4197/4032/5440 4137/3977/5440
f 4193/4030/5441 4137/3977/5441 4135/3976/5441
f 4196/4033/5442 4194/4034/5442 4199/4035/5442
f 4196/4033/5443 4199/4035/5443 4201/4036/5443
f 4196/4033/5444 4201/4036/5444 4140/3981/5444
f 4196/4033/5445 4140/3981/5445 4136/3980/5445
f 4200/4037/5446 4198/4038/5446 4202/4039/5446
f 4200/4037/5447 4202/4039/5447 4203/4040/5447
f 4201/4036/5448 4204/4041/5448 4143/3983/5448
f 4201/4036/5449 4143/3983/5449 4140/3981/5449
f 4203/4040/5450 4202/4039/5450 4205/4042/5450
f 4203/4040/5451 4205/4042/5451 4206/4043/5451
f 4203/4040/5452 4206/4043/5452 4146/3987/5452
f 4203/4040/5453 4146/3987/5453 4142/3986/5453
f 4206/4043/5454 4205/4042/5454 4207/4044/5454
f 4206/4043/5455 4207/4044/5455 4208/4045/5455
f 4206/4043/5456 4208/4045/5456 4148/3989/5456
f 4206/4043/5457 4148/3989/5457 4146/3987/5457
f 4208/4045/5458 4207/4044/5458 4209/4046/5458
f 4208/4045/5459 4209/4046/5459 4155/4047/5459
f 4208/4045/5460 4155/4047/5460 4150/3991/5460
f 4208/4045/5461 4150/3991/5461 4148/3989/5461
f 4209/4046/5462 4207/4044/5462 772/513/5462
f 4209/4046/5463 772/513/5463 770/512/5463
f 4209/4046/5464 770/512/5464 767/4048/5464
f 4209/4046/5465 767/4048/5465 4211/4049/5465
f 4210/4050/5466 4213/4051/5466 4158/3997/5466
f 4210/4050/5467 4158/3997/5467 4156/3996/5467
f 4212/4052/5468 768/4053/5468 4214/4054/5468
f 4212/4052/5469 4214/4054/5469 4216/4055/5469
f 4212/4052/5470 4216/4055/5470 4159/4001/5470
f 4212/4052/5471 4159/4001/5471 4157/4056/5471
f 4216/4055/5472 4214/4054/5472 4218/4057/5472
f 4216/4055/5473 4218/4057/5473 4220/4058/5473
f 4216/4055/5474 4220/4058/5474 4164/4002/5474
f 4216/4055/5475 4164/4002/5475 4159/4001/5475
f 4220/4058/5476 4218/4057/5476 4222/4059/5476
f 4220/4058/5477 4222/4059/5477 4224/4060/5477
f 4220/4058/5478 4224/4060/5478 4168/4061/5478
f 4220/4058/5479 4168/4061/5479 4164/4002/5479
f 4223/4062/5480 4221/4063/5480 4226/4064/5480
f 4223/4062/5481 4226/4064/5481 4228/4065/5481
f 4223/4062/5482 4228/4065/5482 4170/4008/5482
f 4223/4062/5483 4170/4008/5483 4167/4006/5483
f 4227/4066/5484 4225/4067/5484 4229/4068/5484
f 4227/4066/5485 4229/4068/5485 4231/4069/5485
f 4228/4065/5486 4232/4070/5486 4173/4010/5486
f 4228/4065/5487 4173/4010/5487 4170/4008/5487
f 4231/4069/5488 4229/4068/5488 4233/4071/5488
f 4231/4069/5489 4233/4071/5489 4234/4072/5489
f 4231/4069/5490 4234/4072/5490 4176/4014/5490
f 4231/4069/5491 4176/4014/5491 4172/4013/5491
f 4234/4072/5492 4233/4071/5492 383/4073/5492
f 4234/4072/5493 383/4073/5493 4235/4074/5493
f 4234/4072/5494 4235/4074/5494 4178/4016/5494
f 4234/4072/5495 4178/4016/5495 4176/4014/5495
f 4236/4075/5496 384/186/5496 382/185/5496
f 4236/4075/5497 382/185/5497 4238/4076/5497
f 4235/4074/5498 4237/4077/5498 4180/4018/5498
f 4235/4074/5499 4180/4018/5499 4178/4016/5499
f 4238/4076/5500 382/185/5500 4240/4078/5500
f 4238/4076/5501 4240/4078/5501 4190/4079/5501
f 4238/4076/5502 4190/4079/5502 4185/4022/5502
f 4238/4076/5503 4185/4022/5503 4181/4021/5503
f 4240/4078/5504 382/185/5504 381/184/5504
f 4240/4078/5505 381/184/5505 4242/4080/5505
f 4239/4081/5506 4241/4082/5506 4243/4083/5506
f 4239/4081/5507 4243/4083/5507 4244/4084/5507
f 4239/4081/5508 4244/4084/5508 4191/4028/5508
f 4239/4081/5509 4191/4028/5509 4189/4027/5509
f 4244/4084/5510 4243/4083/5510 4245/4085/5510
f 4244/4084/5511 4245/4085/5511 4246/4086/5511
f 4244/4084/5512 4246/4086/5512 4192/4029/5512
f 4244/4084/5513 4192/4029/5513 4191/4028/5513
f 4246/4086/5514 4245/4085/5514 4249/4087/5514
f 4246/4086/5515 4249/4087/5515 4251/4088/5515
f 4246/4086/5516 4251/4088/5516 4195/4031/5516
f 4246/4086/5517 4195/4031/5517 4192/4029/5517
f 4250/4089/5518 4248/4090/5518 799/535/5518
f 4250/4089/5519 799/535/5519 797/534/5519
f 4250/4089/5520 797/534/5520 4199/4035/5520
f 4250/4089/5521 4199/4035/5521 4194/4034/5521
f 4249/4087/5522 4245/4085/5522 4252/4091/5522
f 4249/4087/5523 4252/4091/5523 4255/4092/5523
f 4247/4093/5524 4254/4094/5524 800/537/5524
f 4247/4093/5525 800/537/5525 798/536/5525
f 4256/4095/5526 4253/4096/5526 4257/4097/5526
f 4256/4095/5527 4257/4097/5527 4258/4098/5527
f 4256/4095/5528 4258/4098/5528 4260/4099/5528
f 4256/4095/5529 4260/4099/5529 801/4100/5529
f 4260/4099/5530 4258/4098/5530 4261/4101/5530
f 4260/4099/5531 4261/4101/5531 4263/4102/5531
f 4259/4103/5532 4262/4104/5532 4264/4105/5532
f 4259/4103/5533 4264/4105/5533 867/596/5533
f 4259/4103/5534 867/596/5534 792/530/5534
f 4259/4103/5535 792/530/5535 800/537/5535
f 4264/4105/5536 4262/4104/5536 4265/4106/5536
f 4264/4105/5537 4265/4106/5537 4268/4107/5537
f 4264/4105/5538 4268/4107/5538 4271/4108/5538
f 4264/4105/5539 4271/4108/5539 4273/4109/5539
f 4264/4105/5540 4273/4109/5540 147/593/5540
f 4264/4105/5541 147/593/5541 867/596/5541
f 4272/4110/5542 4270/4111/5542 4274/4112/5542
f 4272/4110/5543 4274/4112/5543 4276/4113/5543
f 4272/4110/5544 4276/4113/5544 860/4114/5544
f 4272/4110/5545 860/4114/5545 146/4115/5545
f 4277/4116/5546 4275/4117/5546 4279/4118/5546
f 4277/4116/5547 4279/4118/5547 4280/4119/5547
f 4277/4116/5548 4280/4119/5548 4282/4120/5548
f 4277/4116/5549 4282/4120/5549 862/4121/5549
f 4282/4120/5550 4280/4119/5550 4283/4122/5550
f 4282/4120/5551 4283/4122/5551 450/247/5551
f 4281/4123/5552 449/4124/5552 447/4125/5552
f 4281/4123/5553 447/4125/5553 4284/4126/5553
f 4281/4123/5554 4284/4126/5554 863/591/5554
f 4281/4123/5555 863/591/5555 861/590/5555
f 4284/4126/5556 447/4125/5556 4285/4127/5556
f 4284/4126/5557 4285/4127/5557 4286/4128/5557
f 4284/4126/5558 4286/4128/5558 4287/4129/5558
f 4284/4126/5559 4287/4129/5559 863/591/5559
f 4287/4129/5560 4286/4128/5560 4288/4130/5560
f 4287/4129/5561 4288/4130/5561 888/614/5561
f 4287/4129/5562 888/614/5562 886/613/5562
f 4287/4129/5563 886/613/5563 4290/4131/5563
f 4287/4129/5564 4290/4131/5564 865/592/5564
f 4287/4129/5565 865/592/5565 863/591/5565
f 4289/4132/5566 885/4133/5566 4291/4134/5566
f 4289/4132/5567 4291/4134/5567 4293/4135/5567
f 4289/4132/5568 4293/4135/5568 866/595/5568
f 4289/4132/5569 866/595/5569 864/594/5569
f 4293/4135/5570 4291/4134/5570 4294/4136/5570
f 4293/4135/5571 4294/4136/5571 4296/4137/5571
f 4293/4135/5572 4296/4137/5572 4297/4138/5572
f 4293/4135/5573 4297/4138/5573 866/595/5573
f 4297/4138/5574 4296/4137/5574 4298/4139/5574
f 4297/4138/5575 4298/4139/5575 4299/4140/5575
f 4297/4138/5576 4299/4140/5576 790/528/5576
f 4297/4138/5577 790/528/5577 789/527/5577
f 4297/4138/5578 789/527/5578 793/531/5578
f 4297/4138/5579 793/531/5579 866/595/5579
f 4299/4140/5580 4298/4139/5580 4300/4141/5580
f 4299/4140/5581 4300/4141/5581 4301/4142/5581
f 4299/4140/5582 4301/4142/5582 759/504/5582
f 4299/4140/5583 759/504/5583 790/528/5583
f 4301/4142/5584 4300/4141/5584 4302/4143/5584
f 4301/4142/5585 4302/4143/5585 4303/4144/5585
f 4301/4142/5586 4303/4144/5586 760/505/5586
f 4301/4142/5587 760/505/5587 759/504/5587
f 4303/4144/5588 4302/4143/5588 4304/4145/5588
f 4303/4144/5589 4304/4145/5589 877/607/5589
f 4303/4144/5590 877/607/5590 761/506/5590
f 4303/4144/5591 761/506/5591 760/505/5591
f 4304/4145/5592 4302/4143/5592 4305/4146/5592
f 4304/4145/5593 4305/4146/5593 4306/4147/5593
f 4304/4145/5594 4306/4147/5594 4307/4148/5594
f 4304/4145/5595 4307/4148/5595 4309/4149/5595
f 4304/4145/5596 4309/4149/5596 149/605/5596
f 4304/4145/5597 149/605/5597 877/607/5597
f 4310/4150/5598 4308/4151/5598 4311/4152/5598
f 4310/4150/5599 4311/4152/5599 4312/4153/5599
f 4310/4150/5600 4312/4153/5600 869/4154/5600
f 4310/4150/5601 869/4154/5601 151/4155/5601
f 4312/4153/5602 4311/4152/5602 4313/4156/5602
f 4312/4153/5603 4313/4156/5603 4314/4157/5603
f 4312/4153/5604 4314/4157/5604 4316/4158/5604
f 4312/4153/5605 4316/4158/5605 869/4154/5605
f 4316/4158/5606 4314/4157/5606 443/237/5606
f 4316/4158/5607 443/237/5607 434/236/5607
f 4315/4159/5608 433/225/5608 432/224/5608
f 4315/4159/5609 432/224/5609 4317/4160/5609
f 4315/4159/5610 4317/4160/5610 870/599/5610
f 4315/4159/5611 870/599/5611 868/598/5611
f 4317/4160/5612 432/224/5612 4319/4161/5612
f 4317/4160/5613 4319/4161/5613 4320/4162/5613
f 4317/4160/5614 4320/4162/5614 4322/4163/5614
f 4317/4160/5615 4322/4163/5615 870/599/5615
f 4322/4163/5616 4320/4162/5616 4324/4164/5616
f 4322/4163/5617 4324/4164/5617 4327/4165/5617
f 4321/4166/5618 4325/4167/5618 779/518/5618
f 4321/4166/5619 779/518/5619 776/517/5619
f 4322/4163/5620 777/4168/5620 872/600/5620
f 4322/4163/5621 872/600/5621 870/599/5621
f 4326/4169/5622 4323/4170/5622 4328/4171/5622
f 4326/4169/5623 4328/4171/5623 4329/4172/5623
f 4326/4169/5624 4329/4172/5624 4331/4173/5624
f 4326/4169/5625 4331/4173/5625 780/4174/5625
f 4331/4173/5626 4329/4172/5626 844/4175/5626
f 4331/4173/5627 844/4175/5627 842/4176/5627
f 4330/4177/5628 840/578/5628 851/577/5628
f 4330/4177/5629 851/577/5629 4332/4178/5629
f 4330/4177/5630 4332/4178/5630 781/524/5630
f 4330/4177/5631 781/524/5631 778/4179/5631
f 4332/4178/5632 851/577/5632 4333/4180/5632
f 4332/4178/5633 4333/4180/5633 4335/4181/5633
f 4332/4178/5634 4335/4181/5634 787/525/5634
f 4332/4178/5635 787/525/5635 781/524/5635
f 4336/4182/5636 4334/4183/5636 4338/4184/5636
f 4336/4182/5637 4338/4184/5637 4339/4185/5637
f 4336/4182/5638 4339/4185/5638 4342/4186/5638
f 4336/4182/5639 4342/4186/5639 788/4187/5639
f 4342/4186/5640 4339/4185/5640 4343/4188/5640
f 4342/4186/5641 4343/4188/5641 4346/4189/5641
f 4340/4190/5642 4345/4191/5642 4348/4192/5642
f 4340/4190/5643 4348/4192/5643 838/571/5643
f 4341/4193/5644 839/4194/5644 784/521/5644
f 4341/4193/5645 784/521/5645 787/525/5645
f 4348/4192/5646 4345/4191/5646 512/4195/5646
f 4348/4192/5647 512/4195/5647 493/277/5647
f 4348/4192/5648 493/277/5648 492/276/5648
f 4348/4192/5649 492/276/5649 4349/4196/5649
f 4348/4192/5650 4349/4196/5650 836/567/5650
f 4348/4192/5651 836/567/5651 838/571/5651
f 4349/4196/5652 492/276/5652 491/275/5652
f 4349/4196/5653 491/275/5653 4350/4197/5653
f 4349/4196/5654 4350/4197/5654 837/568/5654
f 4349/4196/5655 837/568/5655 836/567/5655
f 4350/4197/5656 491/275/5656 4351/4198/5656
f 4350/4197/5657 4351/4198/5657 4352/4199/5657
f 4350/4197/5658 4352/4199/5658 4353/4200/5658
f 4350/4197/5659 4353/4200/5659 837/568/5659
f 4353/4200/5660 4355/4201/5660 785/569/5660
f 4353/4200/5661 785/569/5661 837/568/5661
f 4353/4200/5662 4352/4199/5662 4358/4202/5662
f 4353/4200/5663 4358/4202/5663 4359/4203/5663
f 4354/4204/5664 4360/4205/5664 4362/4206/5664
f 4354/4204/5665 4362/4206/5665 4357/4207/5665
f 4361/4208/5666 875/606/5666 873/4209/5666
f 4361/4208/5667 873/4209/5667 4356/4210/5667
f 4362/4206/5668 4360/4205/5668 775/4211/5668
f 4362/4206/5669 775/4211/5669 763/4212/5669
f 4361/4208/5670 762/507/5670 761/506/5670
f 4361/4208/5671 761/506/5671 875/606/5671
f 4359/4203/5672 4358/4202/5672 4363/4213/5672
f 4359/4203/5673 4363/4213/5673 773/4214/5673
f 4363/4213/5674 4358/4202/5674 4364/4215/5674
f 4363/4213/5675 4364/4215/5675 4365/4216/5675
f 4363/4213/5676 4365/4216/5676 4366/4217/5676
f 4363/4213/5677 4366/4217/5677 4369/4218/5677
f 4363/4213/5678 4369/4218/5678 764/4219/5678
f 4363/4213/5679 764/4219/5679 773/4214/5679
f 4370/4220/5680 4368/4221/5680 4219/4222/5680
f 4370/4220/5681 4219/4222/5681 4215/4223/5681
f 4370/4220/5682 4215/4223/5682 769/510/5682
f 4370/4220/5683 769/510/5683 766/509/5683
f 4366/4217/5684 4365/4216/5684 427/4224/5684
f 4366/4217/5685 427/4224/5685 425/4225/5685
f 4367/4226/5686 426/219/5686 4221/4063/5686
f 4367/4226/5687 4221/4063/5687 4217/4227/5687
f 4365/4216/5688 4364/4215/5688 4371/4228/5688
f 4365/4216/5689 4371/4228/5689 427/4224/5689
f 4371/4228/5690 4364/4215/5690 4351/4198/5690
f 4371/4228/5691 4351/4198/5691 4374/4229/5691
f 4373/4230/5692 4375/4231/5692 4378/4232/5692
f 4373/4230/5693 4378/4232/5693 4380/4233/5693
f 4372/4234/5694 4379/4235/5694 418/213/5694
f 4372/4234/5695 418/213/5695 428/4236/5695
f 4379/4235/5696 4377/4237/5696 437/4238/5696
f 4379/4235/5697 437/4238/5697 435/234/5697
f 4379/4235/5698 435/234/5698 420/214/5698
f 4379/4235/5699 420/214/5699 418/213/5699
f 4376/4239/5700 4374/4229/5700 490/274/5700
f 4376/4239/5701 490/274/5701 498/279/5701
f 4377/4237/5702 499/296/5702 521/295/5702
f 4377/4237/5703 521/295/5703 437/4238/5703
f 4374/4229/5704 4351/4198/5704 491/275/5704
f 4374/4229/5705 491/275/5705 490/274/5705
f 4364/4215/5706 4358/4202/5706 4352/4199/5706
f 4364/4215/5707 4352/4199/5707 4351/4198/5707
f 4356/4210/5708 873/4209/5708 132/520/5708
f 4356/4210/5709 132/520/5709 786/523/5709
f 4347/4240/5710 4344/4241/5710 527/300/5710
f 4347/4240/5711 527/300/5711 513/291/5711
f 4343/4188/5712 4339/4185/5712 4338/4184/5712
f 4343/4188/5713 4338/4184/5713 4381/4242/5713
f 4344/4241/5714 4382/4243/5714 4383/4244/5714
f 4344/4241/5715 4383/4244/5715 527/300/5715
f 4383/4244/5716 4382/4243/5716 4385/4245/5716
f 4383/4244/5717 4385/4245/5717 4386/4246/5717
f 4383/4244/5718 4386/4246/5718 481/4247/5718
f 4383/4244/5719 481/4247/5719 479/4248/5719
f 4383/4244/5720 479/4248/5720 524/301/5720
f 4383/4244/5721 524/301/5721 527/300/5721
f 4386/4246/5722 4385/4245/5722 506/284/5722
f 4386/4246/5723 506/284/5723 504/283/5723
f 4386/4246/5724 504/283/5724 509/286/5724
f 4386/4246/5725 509/286/5725 481/4247/5725
f 4384/4249/5726 4388/4250/5726 812/4251/5726
f 4384/4249/5727 812/4251/5727 505/4252/5727
f 4384/4249/5728 4381/4242/5728 4338/4184/5728
f 4384/4249/5729 4338/4184/5729 4388/4250/5729
f 4387/4253/5730 4389/4254/5730 813/548/5730
f 4387/4253/5731 813/548/5731 811/547/5731
f 4387/4253/5732 4337/4255/5732 4333/4180/5732
f 4387/4253/5733 4333/4180/5733 4389/4254/5733
f 4389/4254/5734 849/576/5734 814/549/5734
f 4389/4254/5735 814/549/5735 813/548/5735
f 4389/4254/5736 4333/4180/5736 851/577/5736
f 4389/4254/5737 851/577/5737 849/576/5737
f 4329/4172/5738 4328/4171/5738 4391/4256/5738
f 4329/4172/5739 4391/4256/5739 844/4175/5739
f 4390/4257/5740 484/267/5740 482/266/5740
f 4390/4257/5741 482/266/5741 4392/4258/5741
f 4390/4257/5742 4392/4258/5742 845/575/5742
f 4390/4257/5743 845/575/5743 843/574/5743
f 4391/4256/5744 4328/4171/5744 4394/4259/5744
f 4391/4256/5745 4394/4259/5745 485/4260/5745
f 4394/4259/5746 526/4261/5746 477/4262/5746
f 4394/4259/5747 477/4262/5747 485/4260/5747
f 4394/4259/5748 4328/4171/5748 4323/4170/5748
f 4394/4259/5749 4323/4170/5749 4396/4263/5749
f 4394/4259/5750 4396/4263/5750 516/4264/5750
f 4394/4259/5751 516/4264/5751 526/4261/5751
f 4397/4265/5752 4324/4164/5752 4320/4162/5752
f 4397/4265/5753 4320/4162/5753 4319/4161/5753
f 4395/4266/5754 4318/4267/5754 518/4268/5754
f 4395/4266/5755 518/4268/5755 515/4269/5755
f 4393/4270/5756 483/272/5756 489/271/5756
f 4393/4270/5757 489/271/5757 4313/4156/5757
f 4393/4270/5758 4313/4156/5758 4311/4152/5758
f 4393/4270/5759 4311/4152/5759 846/581/5759
f 4319/4161/5760 432/224/5760 431/223/5760
f 4319/4161/5761 431/223/5761 520/4271/5761
f 4314/4157/5762 4313/4156/5762 489/271/5762
f 4314/4157/5763 489/271/5763 443/237/5763
f 4311/4152/5764 4308/4151/5764 848/582/5764
f 4311/4152/5765 848/582/5765 846/581/5765
f 4307/4148/5766 4306/4147/5766 4398/4272/5766
f 4307/4148/5767 4398/4272/5767 847/4273/5767
f 4398/4272/5768 4399/4274/5768 807/544/5768
f 4398/4272/5769 807/544/5769 814/549/5769
f 4398/4272/5770 814/549/5770 849/576/5770
f 4398/4272/5771 849/576/5771 847/4273/5771
f 4398/4272/5772 4306/4147/5772 4305/4146/5772
f 4398/4272/5773 4305/4146/5773 4399/4274/5773
f 4399/4274/5774 4400/4275/5774 808/545/5774
f 4399/4274/5775 808/545/5775 807/544/5775
f 4399/4274/5776 4305/4146/5776 4401/4276/5776
f 4399/4274/5777 4401/4276/5777 4400/4275/5777
f 4401/4276/5778 4402/4277/5778 4404/4278/5778
f 4401/4276/5779 4404/4278/5779 4400/4275/5779
f 4401/4276/5780 4305/4146/5780 4302/4143/5780
f 4401/4276/5781 4302/4143/5781 4300/4141/5781
f 4401/4276/5782 4300/4141/5782 4298/4139/5782
f 4401/4276/5783 4298/4139/5783 4402/4277/5783
f 4405/4279/5784 4406/4280/5784 815/551/5784
f 4405/4279/5785 815/551/5785 821/555/5785
f 4404/4278/5786 820/4281/5786 808/545/5786
f 4404/4278/5787 808/545/5787 4400/4275/5787
f 4405/4279/5788 4403/4282/5788 4295/4283/5788
f 4405/4279/5789 4295/4283/5789 4406/4280/5789
f 4406/4280/5790 4407/4284/5790 816/552/5790
f 4406/4280/5784 816/552/5784 815/551/5784
f 4406/4280/5791 4295/4283/5791 4292/4285/5791
f 4406/4280/5792 4292/4285/5792 4407/4284/5792
f 4407/4284/5793 156/4286/5793 884/4287/5793
f 4407/4284/5794 884/4287/5794 816/552/5794
f 4407/4284/5795 4292/4285/5795 887/4288/5795
f 4407/4284/5796 887/4288/5796 156/4286/5796
f 4402/4277/5797 4298/4139/5797 4296/4137/5797
f 4402/4277/5798 4296/4137/5798 4294/4136/5798
f 4288/4130/5799 412/206/5799 410/205/5799
f 4288/4130/5800 410/205/5800 4408/4289/5800
f 4288/4130/5801 4408/4289/5801 889/615/5801
f 4288/4130/5802 889/615/5802 888/614/5802
f 4288/4130/5803 4286/4128/5803 4285/4127/5803
f 4288/4130/5804 4285/4127/5804 412/206/5804
f 4409/4290/5805 411/211/5805 416/210/5805
f 4409/4290/5806 416/210/5806 4410/4291/5806
f 4409/4290/5807 4410/4291/5807 891/618/5807
f 4409/4290/5808 891/618/5808 890/617/5808
f 4411/4292/5809 417/4293/5809 4412/4294/5809
f 4411/4292/5810 4412/4294/5810 4413/4295/5810
f 4411/4292/5811 4413/4295/5811 4414/4296/5811
f 4411/4292/5812 4414/4296/5812 892/4297/5812
f 4414/4296/5813 4416/4298/5813 880/4299/5813
f 4414/4296/5814 880/4299/5814 892/4297/5814
f 4414/4296/5815 4413/4295/5815 4418/4300/5815
f 4414/4296/5816 4418/4300/5816 4420/4301/5816
f 4414/4296/5817 4420/4301/5817 4423/4302/5817
f 4414/4296/5818 4423/4302/5818 4416/4298/5818
f 4422/4303/5819 4424/4304/5819 4426/4305/5819
f 4422/4303/5820 4426/4305/5820 4415/4306/5820
f 4421/4307/5821 4419/4308/5821 4274/4112/5821
f 4421/4307/5822 4274/4112/5822 4270/4111/5822
f 4422/4303/5823 4271/4108/5823 4268/4107/5823
f 4422/4303/5824 4268/4107/5824 4424/4304/5824
f 4427/4309/5825 4429/4310/5825 4430/4311/5825
f 4427/4309/5826 4430/4311/5826 882/4312/5826
f 4426/4305/5827 881/610/5827 878/609/5827
f 4426/4305/5828 878/609/5828 4415/4306/5828
f 4426/4305/5829 4424/4304/5829 4431/4313/5829
f 4426/4305/5830 4431/4313/5830 4428/4314/5830
f 4432/4315/5831 4434/4316/5831 4435/4317/5831
f 4432/4315/5832 4435/4317/5832 4429/4310/5832
f 4432/4315/5833 4425/4318/5833 4269/4319/5833
f 4432/4315/5834 4269/4319/5834 4266/4320/5834
f 4432/4315/5835 4266/4320/5835 4437/4321/5835
f 4432/4315/5836 4437/4321/5836 4434/4316/5836
f 4436/4322/5837 4439/4323/5837 4441/4324/5837
f 4436/4322/5838 4441/4324/5838 4433/4325/5838
f 4438/4326/5839 4267/4327/5839 4263/4102/5839
f 4438/4326/5840 4263/4102/5840 4261/4101/5840
f 4438/4326/5841 4261/4101/5841 4443/4328/5841
f 4438/4326/5842 4443/4328/5842 4440/4329/5842
f 4443/4328/5843 4444/4330/5843 4446/4331/5843
f 4443/4328/5844 4446/4331/5844 4440/4329/5844
f 4443/4328/5845 4261/4101/5845 4258/4098/5845
f 4443/4328/5846 4258/4098/5846 4257/4097/5846
f 4443/4328/5847 4257/4097/5847 4447/4332/5847
f 4443/4328/5848 4447/4332/5848 4444/4330/5848
f 4447/4332/5849 4448/4333/5849 4449/4334/5849
f 4447/4332/5850 4449/4334/5850 4444/4330/5850
f 4447/4332/5851 4257/4097/5851 4253/4096/5851
f 4447/4332/5852 4253/4096/5852 4451/4335/5852
f 4447/4332/5853 4451/4335/5853 4453/4336/5853
f 4447/4332/5854 4453/4336/5854 4448/4333/5854
f 4453/4336/5855 378/4337/5855 4455/4338/5855
f 4453/4336/5856 4455/4338/5856 4448/4333/5856
f 4452/4339/5857 4450/4340/5857 4243/4083/5857
f 4452/4339/5858 4243/4083/5858 4241/4082/5858
f 4452/4339/5859 4241/4082/5859 380/4341/5859
f 4452/4339/5860 380/4341/5860 377/4342/5860
f 4454/4343/5861 4456/4344/5861 4458/4345/5861
f 4454/4343/5862 4458/4345/5862 4460/4346/5862
f 4455/4338/5863 4461/4347/5863 4449/4334/5863
f 4455/4338/5864 4449/4334/5864 4448/4333/5864
f 4454/4343/5865 376/181/5865 375/180/5865
f 4454/4343/5866 375/180/5866 4456/4344/5866
f 4460/4346/5867 4458/4345/5867 4462/4348/5867
f 4460/4346/5868 4462/4348/5868 4463/4349/5868
f 4461/4347/5869 4464/4350/5869 4468/4351/5869
f 4461/4347/5870 4468/4351/5870 4449/4334/5870
f 4467/4352/5871 4465/4353/5871 4470/4354/5871
f 4467/4352/5872 4470/4354/5872 4472/4355/5872
f 4466/4356/5873 4471/4357/5873 4473/4358/5873
f 4466/4356/5874 4473/4358/5874 4445/4359/5874
f 4468/4351/5875 4446/4331/5875 4444/4330/5875
f 4468/4351/5876 4444/4330/5876 4449/4334/5876
f 4474/4360/5877 4472/4355/5877 4475/4361/5877
f 4474/4360/5878 4475/4361/5878 4477/4362/5878
f 4473/4358/5879 4476/4363/5879 4478/4364/5879
f 4473/4358/5880 4478/4364/5880 4441/4324/5880
f 4473/4358/5881 4441/4324/5881 4439/4323/5881
f 4473/4358/5882 4439/4323/5882 4445/4359/5882
f 4478/4364/5883 4476/4363/5883 4481/4365/5883
f 4478/4364/5884 4481/4365/5884 4484/4366/5884
f 4479/4367/5885 4485/4368/5885 4486/4369/5885
f 4479/4367/5886 4486/4369/5886 4435/4317/5886
f 4479/4367/5887 4435/4317/5887 4434/4316/5887
f 4479/4367/5888 4434/4316/5888 4442/4370/5888
f 4486/4369/5889 4485/4368/5889 4488/4371/5889
f 4486/4369/5890 4488/4371/5890 4489/4372/5890
f 4486/4369/5891 4489/4372/5891 4490/4373/5891
f 4486/4369/5892 4490/4373/5892 4430/4311/5892
f 4486/4369/5893 4430/4311/5893 4429/4310/5893
f 4486/4369/5894 4429/4310/5894 4435/4317/5894
f 4490/4373/5895 4489/4372/5895 827/560/5895
f 4490/4373/5896 827/560/5896 817/553/5896
f 4490/4373/5897 817/553/5897 816/552/5897
f 4490/4373/5898 816/552/5898 884/4287/5898
f 4490/4373/5899 884/4287/5899 882/4312/5899
f 4490/4373/5900 882/4312/5900 4430/4311/5900
f 4489/4372/5901 4488/4371/5901 4492/4374/5901
f 4489/4372/5902 4492/4374/5902 827/560/5902
f 4491/4375/5903 4493/4376/5903 4495/4377/5903
f 4491/4375/5904 4495/4377/5904 4498/4378/5904
f 4492/4374/5905 4499/4379/5905 822/556/5905
f 4492/4374/5906 822/556/5906 827/560/5906
f 4491/4375/5907 4487/4380/5907 4501/4381/5907
f 4491/4375/5908 4501/4381/5908 4493/4376/5908
f 4502/4382/5909 4503/4383/5909 402/199/5909
f 4502/4382/5910 402/199/5910 4494/4384/5910
f 4501/4381/5911 4487/4380/5911 4483/4385/5911
f 4501/4381/5912 4483/4385/5912 4480/4386/5912
f 4502/4382/5913 4482/4387/5913 4504/4388/5913
f 4502/4382/5914 4504/4388/5914 4503/4383/5914
f 4504/4388/5915 4505/4389/5915 4506/4390/5915
f 4504/4388/5916 4506/4390/5916 4503/4383/5916
f 4504/4388/5917 4482/4387/5917 4477/4362/5917
f 4504/4388/5918 4477/4362/5918 4475/4361/5918
f 4504/4388/5919 4475/4361/5919 4507/4391/5919
f 4504/4388/5920 4507/4391/5920 4505/4389/5920
f 4507/4391/5921 4509/4392/5921 406/4393/5921
f 4507/4391/5922 406/4393/5922 4505/4389/5922
f 4507/4391/5923 4475/4361/5923 4472/4355/5923
f 4507/4391/5924 4472/4355/5924 4470/4354/5924
f 4507/4391/5925 4470/4354/5925 4511/4394/5925
f 4507/4391/5926 4511/4394/5926 4509/4392/5926
f 4510/4395/5927 4513/4396/5927 4515/4397/5927
f 4510/4395/5928 4515/4397/5928 4508/4398/5928
f 4510/4395/5929 4469/4399/5929 4463/4349/5929
f 4510/4395/5930 4463/4349/5930 4462/4348/5930
f 4510/4395/5931 4462/4348/5931 4518/4400/5931
f 4510/4395/5932 4518/4400/5932 4513/4396/5932
f 4517/4401/5933 4520/4402/5933 4522/4403/5933
f 4517/4401/5934 4522/4403/5934 4512/4404/5934
f 4518/4400/5935 4462/4348/5935 4458/4345/5935
f 4518/4400/5936 4458/4345/5936 4524/4405/5936
f 4519/4406/5937 4526/4407/5937 4283/4122/5937
f 4519/4406/5938 4283/4122/5938 4521/4408/5938
f 4525/4409/5939 4459/4410/5939 4457/4411/5939
f 4525/4409/5940 4457/4411/5940 453/4412/5940
f 4526/4407/5941 454/248/5941 450/247/5941
f 4526/4407/5942 450/247/5942 4283/4122/5942
f 4523/4413/5943 4418/4300/5943 4413/4295/5943
f 4523/4413/5944 4413/4295/5944 4412/4294/5944
f 4523/4413/5945 4412/4294/5945 4516/4414/5945
f 4523/4413/5946 4516/4414/5946 4514/4415/5946
f 4522/4403/5947 4520/4402/5947 4278/4416/5947
f 4522/4403/5948 4278/4416/5948 4417/4417/5948
f 4521/4408/5949 4283/4122/5949 4280/4119/5949
f 4521/4408/5950 4280/4119/5950 4279/4118/5950
f 4516/4414/5951 4412/4294/5951 417/4293/5951
f 4516/4414/5952 417/4293/5952 409/4418/5952
f 4515/4397/5953 407/203/5953 405/202/5953
f 4515/4397/5954 405/202/5954 4508/4398/5954
f 4506/4390/5955 404/4419/5955 390/191/5955
f 4506/4390/5956 390/191/5956 388/190/5956
f 4506/4390/5957 388/190/5957 402/199/5957
f 4506/4390/5958 402/199/5958 4503/4383/5958
f 4506/4390/5959 4505/4389/5959 406/4393/5959
f 4506/4390/5960 406/4393/5960 404/4419/5960
f 4500/4420/5961 4496/4421/5961 4527/4422/5961
f 4500/4420/5962 4527/4422/5962 853/4423/5962
f 4499/4379/5963 852/585/5963 823/557/5963
f 4499/4379/5964 823/557/5964 822/556/5964
f 4528/4424/5965 397/196/5965 462/253/5965
f 4528/4424/5966 462/253/5966 4531/4425/5966
f 4527/4422/5967 4530/4426/5967 856/4427/5967
f 4527/4422/5968 856/4427/5968 853/4423/5968
f 4528/4424/5969 4497/4428/5969 398/197/5969
f 4528/4424/5970 398/197/5970 397/196/5970
f 4529/4429/5971 461/4430/5971 459/4431/5971
f 4529/4429/5972 459/4431/5972 4532/4432/5972
f 4529/4429/5973 4532/4432/5973 858/4433/5973
f 4529/4429/5974 858/4433/5974 855/4434/5974
f 4532/4432/5975 4534/4435/5975 833/4436/5975
f 4532/4432/5976 833/4436/5976 858/4433/5976
f 4532/4432/5977 459/4431/5977 474/4437/5977
f 4532/4432/5978 474/4437/5978 4534/4435/5978
f 4533/4438/5979 4535/4439/5979 835/4440/5979
f 4533/4438/5980 835/4440/5980 831/4441/5980
f 4533/4438/5981 472/4442/5981 466/4443/5981
f 4533/4438/5982 466/4443/5982 4535/4439/5982
f 4535/4439/5983 466/4443/5983 464/4444/5983
f 4535/4439/5984 464/4444/5984 4536/4445/5984
f 4535/4439/5985 4536/4445/5985 806/4446/5985
f 4535/4439/5986 806/4446/5986 835/4440/5986
f 4536/4445/5987 464/4444/5987 500/4447/5987
f 4536/4445/5988 500/4447/5988 810/4448/5988
f 4536/4445/5989 810/4448/5989 137/4449/5989
f 4536/4445/5990 137/4449/5990 806/4446/5990
f 4497/4428/5991 4494/4384/5991 402/199/5991
f 4497/4428/5992 402/199/5992 398/197/5992
f 4456/4344/5993 375/180/5993 386/188/5993
f 4456/4344/5994 386/188/5994 452/4450/5994
f 4450/4340/5995 4252/4091/5995 4245/4085/5995
f 4450/4340/5996 4245/4085/5996 4243/4083/5996
f 4419/4308/5997 4417/4417/5997 4278/4416/5997
f 4419/4308/5998 4278/4416/5998 4274/4112/5998
f 4285/4127/5999 4538/4451/5999 413/207/5999
f 4285/4127/6000 413/207/6000 412/206/6000
f 4285/4127/6001 447/4125/6001 445/4452/6001
f 4285/4127/6002 445/4452/6002 4538/4451/6002
f 4537/4453/6003 4539/4454/6003 4540/4455/6003
f 4537/4453/6004 4540/4455/6004 414/4456/6004
f 4537/4453/6005 444/244/6005 455/243/6005
f 4537/4453/6006 455/243/6006 4539/4454/6006
f 4541/4457/6007 4543/4458/6007 4544/4459/6007
f 4541/4457/6008 4544/4459/6008 4546/4460/6008
f 4541/4457/6009 4546/4460/6009 68/4461/6009
f 4541/4457/6010 68/4461/6010 415/4462/6010
f 4540/4455/6011 4539/4454/6011 4547/4463/6011
f 4540/4455/6012 4547/4463/6012 4542/4464/6012
f 4547/4463/6013 4548/4465/6013 4549/4466/6013
f 4547/4463/6014 4549/4466/6014 4542/4464/6014
f 4547/4463/6015 4539/4454/6015 455/243/6015
f 4547/4463/6016 455/243/6016 4551/4467/6016
f 4547/4463/6017 4551/4467/6017 4552/4468/6017
f 4547/4463/6018 4552/4468/6018 4548/4465/6018
f 4552/4468/6019 4553/4469/6019 4554/4470/6019
f 4552/4468/6020 4554/4470/6020 4548/4465/6020
f 4552/4468/6021 4551/4467/6021 385/187/6021
f 4552/4468/6022 385/187/6022 4555/4471/6022
f 4552/4468/6023 4555/4471/6023 422/216/6023
f 4552/4468/6024 422/216/6024 4553/4469/6024
f 4555/4471/6025 385/187/6025 62/179/6025
f 4555/4471/6026 62/179/6026 4556/4472/6026
f 4555/4471/6027 4556/4472/6027 423/217/6027
f 4555/4471/6028 423/217/6028 422/216/6028
f 4556/4472/6029 62/179/6029 383/4073/6029
f 4556/4472/6030 383/4073/6030 4233/4071/6030
f 4556/4472/6031 4233/4071/6031 4229/4068/6031
f 4556/4472/6032 4229/4068/6032 423/217/6032
f 4554/4470/6033 4557/4473/6033 4558/4474/6033
f 4554/4470/6034 4558/4474/6034 4560/4475/6034
f 4554/4470/6035 4560/4475/6035 4549/4466/6035
f 4554/4470/6036 4549/4466/6036 4548/4465/6036
f 4554/4470/6037 4553/4469/6037 4562/4476/6037
f 4554/4470/6038 4562/4476/6038 4557/4473/6038
f 4562/4476/6039 442/233/6039 441/232/6039
f 4562/4476/6040 441/232/6040 4557/4473/6040
f 4562/4476/6041 4553/4469/6041 422/216/6041
f 4562/4476/6042 422/216/6042 421/215/6042
f 4562/4476/6043 421/215/6043 420/214/6043
f 4562/4476/6044 420/214/6044 442/233/6044
f 4561/4477/6045 4559/4478/6045 4563/4479/6045
f 4561/4477/6046 4563/4479/6046 4565/4480/6046
f 4560/4475/6047 4564/4481/6047 4566/4482/6047
f 4560/4475/6048 4566/4482/6048 4549/4466/6048
f 4566/4482/6049 4564/4481/6049 510/4483/6049
f 4566/4482/6050 510/4483/6050 392/4484/6050
f 4567/4485/6051 393/193/6051 391/192/6051
f 4567/4485/6052 391/192/6052 4544/4459/6052
f 4567/4485/6053 4544/4459/6053 4543/4458/6053
f 4567/4485/6054 4543/4458/6054 4550/4486/6054
f 4565/4480/6055 4563/4479/6055 507/285/6055
f 4565/4480/6056 507/285/6056 511/287/6056
f 4563/4479/6057 4569/4487/6057 509/286/6057
f 4563/4479/6058 509/286/6058 507/285/6058
f 4563/4479/6059 4559/4478/6059 4571/4488/6059
f 4563/4479/6060 4571/4488/6060 4569/4487/6060
f 4571/4488/6061 487/4489/6061 82/4490/6061
f 4571/4488/6062 82/4490/6062 4569/4487/6062
f 4570/4491/6063 4558/4474/6063 4557/4473/6063
f 4570/4491/6064 4557/4473/6064 441/232/6064
f 4570/4491/6065 441/232/6065 439/231/6065
f 4570/4491/6066 439/231/6066 486/4492/6066
f 4568/4493/6067 80/261/6067 480/264/6067
f 4568/4493/6068 480/264/6068 508/4494/6068
f 4551/4467/6069 455/243/6069 386/188/6069
f 4551/4467/6070 386/188/6070 385/187/6070
f 4546/4460/6071 4544/4459/6071 391/192/6071
f 4546/4460/6072 391/192/6072 390/191/6072
f 4545/4495/6073 389/4496/6073 403/201/6073
f 4545/4495/6074 403/201/6074 66/200/6074
f 4230/4497/6075 4226/4064/6075 70/218/6075
f 4230/4497/6076 70/218/6076 424/4498/6076
f 4226/4064/6077 4221/4063/6077 426/219/6077
f 4226/4064/6078 426/219/6078 70/218/6078
f 4207/4044/6079 4205/4042/6079 802/538/6079
f 4207/4044/6080 802/538/6080 772/513/6080
f 4205/4042/6081 4202/4039/6081 794/539/6081
f 4205/4042/6082 794/539/6082 802/538/6082
f 4202/4039/6083 4198/4038/6083 796/4499/6083
f 4202/4039/6084 796/4499/6084 794/539/6084
f 4022/3859/6085 4019/3856/6085 4015/3855/6085
f 4022/3859/6086 4015/3855/6086 4013/3916/6086
f 3990/3884/6087 3985/3822/6087 3982/3819/6087
f 3990/3884/6088 3982/3819/6088 3981/3818/6088
f 3928/3824/6089 3925/4500/6089 3864/3693/6089
f 3928/3824/6090 3864/3693/6090 3863/3692/6090
f 3925/4500/6091 3920/4501/6091 3865/3694/6091
f 3925/4500/6092 3865/3694/6092 3864/3693/6092
f 3921/3754/6093 3915/3753/6093 3869/3700/6093
f 3921/3754/6094 3869/3700/6094 3866/3699/6094
f 3916/3750/6095 3913/3747/6095 3873/3704/6095
f 3916/3750/6096 3873/3704/6096 3870/3703/6096
f 3910/3746/6097 3880/3710/6097 3874/3705/6097
f 3910/3746/6098 3874/3705/6098 3873/3704/6098
f 3907/3740/6099 3888/3739/6099 3882/4502/6099
f 3907/3740/6100 3882/4502/6100 3879/3742/6100
f 3897/3727/6101 3893/3723/6101 3889/3719/6101
f 3897/3727/6102 3889/3719/6102 3887/3718/6102
f 3892/3722/6103 3465/3256/6103 3464/3255/6103
f 3892/3722/6104 3464/3255/6104 4572/4503/6104
f 3892/3722/6105 4572/4503/6105 3886/3717/6105
f 3892/3722/6106 3886/3717/6106 3885/3716/6106
f 3892/3722/6107 3891/3721/6107 3467/3258/6107
f 3892/3722/6108 3467/3258/6108 3465/3256/6108
f 4572/4503/6109 3464/3255/6109 3463/3254/6109
f 4572/4503/6110 3463/3254/6110 4573/4504/6110
f 4572/4503/6111 4573/4504/6111 670/427/6111
f 4572/4503/6112 670/427/6112 3886/3717/6112
f 4573/4504/6113 3463/3254/6113 4574/4505/6113
f 4573/4504/6114 4574/4505/6114 904/632/6114
f 4573/4504/6115 904/632/6115 671/428/6115
f 4573/4504/6116 671/428/6116 670/427/6116
f 4574/4505/6117 3460/3251/6117 1442/1187/6117
f 4574/4505/6118 1442/1187/6118 1441/1186/6118
f 4574/4505/6119 1441/1186/6119 902/629/6119
f 4574/4505/6120 902/629/6120 904/632/6120
f 4574/4505/6121 3463/3254/6121 3461/3252/6121
f 4574/4505/6122 3461/3252/6122 3460/3251/6122
f 3886/3717/6123 670/427/6123 667/426/6123
f 3886/3717/6124 667/426/6124 3877/3715/6124
f 3840/3671/6125 3811/3631/6125 3807/3630/6125
f 3840/3671/6126 3807/3630/6126 3805/3792/6126
f 3744/3567/6127 3740/3563/6127 3739/3562/6127
f 3744/3567/6128 3739/3562/6128 3673/3489/6128
f 3744/3567/6129 3673/3489/6129 3671/3487/6129
f 3744/3567/6130 3671/3487/6130 3670/3486/6130
f 3739/3562/6131 3735/3558/6131 3681/3500/6131
f 3739/3562/6132 3681/3500/6132 3678/3492/6132
f 3739/3562/6133 3678/3492/6133 3674/3490/6133
f 3739/3562/6134 3674/3490/6134 3673/3489/6134
f 3727/3592/6135 564/341/6135 563/340/6135
f 3727/3592/6136 563/340/6136 3722/3544/6136
f 3718/3541/6137 3708/3529/6137 3694/3512/6137
f 3718/3541/6138 3694/3512/6138 3693/3511/6138
f 3643/3452/6139 611/3451/6139 597/368/6139
f 3643/3452/6140 597/368/6140 596/367/6140
f 3641/3450/6141 530/306/6141 88/302/6141
f 3641/3450/6142 88/302/6142 3636/3445/6142
f 3625/3429/6143 543/3428/6143 538/313/6143
f 3625/3429/6144 538/313/6144 537/312/6144
f 3618/3421/6145 3617/3420/6145 347/154/6145
f 3618/3421/6146 347/154/6146 352/157/6146
f 3618/3421/6147 352/157/6147 4576/4506/6147
f 3618/3421/6148 4576/4506/6148 3608/3422/6148
f 4577/4507/6149 353/4508/6149 351/4509/6149
f 4577/4507/6150 351/4509/6150 4579/4510/6150
f 4575/4511/6151 4578/4512/6151 334/144/6151
f 4575/4511/6152 334/144/6152 333/143/6152
f 4575/4511/6153 333/143/6153 3602/3408/6153
f 4575/4511/6154 3602/3408/6154 3607/3411/6154
f 4579/4510/6155 351/4509/6155 311/127/6155
f 4579/4510/6156 311/127/6156 317/126/6156
f 4578/4512/6157 316/124/6157 314/123/6157
f 4578/4512/6158 314/123/6158 334/144/6158
f 3609/3412/6159 557/335/6159 556/334/6159
f 3609/3412/6160 556/334/6160 552/328/6160
f 3589/3392/6161 328/3405/6161 938/4513/6161
f 3589/3392/6162 938/4513/6162 3585/3393/6162
f 3563/3364/6163 3559/3363/6163 541/318/6163
f 3563/3364/6164 541/318/6164 540/317/6164
f 3563/3364/6165 540/317/6165 92/316/6165
f 3563/3364/6166 92/316/6166 550/3366/6166
f 3560/3359/6167 3558/3358/6167 608/375/6167
f 3560/3359/6168 608/375/6168 542/4514/6168
f 3558/3358/6169 3557/3357/6169 610/376/6169
f 3558/3358/6170 610/376/6170 608/375/6170
f 3509/3296/6171 3506/3295/6171 666/4515/6171
f 3509/3296/6172 666/4515/6172 755/3303/6172
f 3507/4516/6173 3502/4517/6173 3488/4518/6173
f 3507/4516/6174 3488/4518/6174 4581/4519/6174
f 3505/4520/6175 4580/4521/6175 661/419/6175
f 3505/4520/6176 661/419/6176 665/424/6176
f 4581/4519/6177 3488/4518/6177 3481/4522/6177
f 4581/4519/6178 3481/4522/6178 3478/4523/6178
f 4580/4521/6179 3476/4524/6179 662/420/6179
f 4580/4521/6180 662/420/6180 661/419/6180
f 3492/3287/6181 694/449/6181 682/438/6181
f 3492/3287/6182 682/438/6182 688/442/6182
f 3486/4525/6183 687/4526/6183 958/4527/6183
f 3486/4525/6184 958/4527/6184 963/4528/6184
f 3485/3274/6185 962/685/6185 959/684/6185
f 3485/3274/6186 959/684/6186 3475/3265/6186
f 3486/4525/6187 3484/3281/6187 689/3280/6187
f 3486/4525/6188 689/3280/6188 687/4526/6188
f 3476/4524/6189 3470/3262/6189 3469/3261/6189
f 3476/4524/6190 3469/3261/6190 662/420/6190
f 3460/3251/6191 1448/1195/6191 1444/1189/6191
f 3460/3251/6192 1444/1189/6192 1442/1187/6192
f 1406/1151/6193 1404/1149/6193 1327/1067/6193
f 1406/1151/6194 1327/1067/6194 1324/1064/6194
f 1402/1147/6195 1334/1146/6195 1329/1068/6195
f 1402/1147/6196 1329/1068/6196 1327/1067/6196
f 1399/4529/6197 1345/4530/6197 1337/1075/6197
f 1399/4529/6198 1337/1075/6198 1335/1074/6198
f 1341/1079/6199 227/32/6199 8/29/6199
f 1341/1079/6200 8/29/6200 1333/1071/6200
f 1297/4531/6201 1293/1312/6201 307/1311/6201
f 1297/4531/6202 307/1311/6202 305/4532/6202
f 1254/1263/6203 1250/995/6203 1018/752/6203
f 1254/1263/6204 1018/752/6204 1017/751/6204
f 1245/990/6205 1001/737/6205 995/730/6205
f 1245/990/6206 995/730/6206 1015/749/6206
f 1189/4533/6207 1025/4534/6207 1011/4535/6207
f 1189/4533/6208 1011/4535/6208 1009/4536/6208
f 1150/883/6209 1146/882/6209 218/16/6209
f 1150/883/6210 218/16/6210 217/15/6210
f 1147/879/6211 1143/878/6211 208/19/6211
f 1147/879/6212 208/19/6212 219/18/6212
f 1142/875/6213 1141/874/6213 210/6/6213
f 1142/875/6214 210/6/6214 207/4537/6214
f 1141/874/6215 1140/873/6215 211/7/6215
f 1141/874/6216 211/7/6216 210/6/6216
f 1077/807/6217 1068/806/6217 1042/770/6217
f 1077/807/6218 1042/770/6218 1040/769/6218
f 1036/987/6219 195/757/6219 1028/759/6219
f 1036/987/6220 1028/759/6220 908/988/6220
f 1001/737/6221 998/734/6221 988/724/6221
f 1001/737/6222 988/724/6222 995/730/6222
f 998/734/6223 997/733/6223 989/725/6223
f 998/734/6224 989/725/6224 988/724/6224
f 177/722/6225 922/650/6225 920/649/6225
f 177/722/6226 920/649/6226 1484/1237/6226
f 990/726/6227 186/719/6227 177/722/6227
f 990/726/6228 177/722/6228 1484/1237/6228
f 982/707/6229 980/706/6229 913/641/6229
f 982/707/6230 913/641/6230 916/644/6230
f 980/706/6231 977/985/6231 911/638/6231
f 980/706/6232 911/638/6232 913/641/6232
f 950/675/6233 685/443/6233 684/440/6233
f 950/675/6234 684/440/6234 945/670/6234
f 938/4513/6235 328/3405/6235 325/4538/6235
f 938/4513/6236 325/4538/6236 935/4539/6236
f 874/603/6237 871/602/6237 776/517/6237
f 874/603/6238 776/517/6238 133/516/6238
f 859/588/6239 857/587/6239 832/4540/6239
f 859/588/6240 832/4540/6240 829/4541/6240
f 859/588/6241 829/4541/6241 826/559/6241
f 859/588/6242 826/559/6242 824/558/6242
f 825/562/6243 804/542/6243 803/541/6243
f 825/562/6244 803/541/6244 818/4542/6244
f 820/4281/6245 818/4542/6245 803/541/6245
f 820/4281/6246 803/541/6246 808/545/6246
f 812/4251/6247 810/4448/6247 500/4447/6247
f 812/4251/6248 500/4447/6248 505/4252/6248
f 802/538/6249 791/529/6249 758/503/6249
f 802/538/6250 758/503/6250 772/513/6250
f 791/529/6251 790/528/6251 759/504/6251
f 791/529/6252 759/504/6252 758/503/6252
f 747/494/6253 746/493/6253 733/4543/6253
f 747/494/6254 733/4543/6254 731/3307/6254
f 746/493/6255 744/490/6255 739/489/6255
f 746/493/6256 739/489/6256 733/4543/6256
f 740/483/6257 738/482/6257 728/3339/6257
f 740/483/6258 728/3339/6258 735/4544/6258
f 726/473/6259 723/472/6259 712/4545/6259
f 726/473/6260 712/4545/6260 710/3301/6260
f 718/469/6261 707/3368/6261 121/451/6261
f 718/469/6262 121/451/6262 709/464/6262
f 711/465/6263 709/464/6263 121/451/6263
f 711/465/6264 121/451/6264 702/454/6264
f 694/449/6265 693/448/6265 683/439/6265
f 694/449/6266 683/439/6266 682/438/6266
f 651/3238/6267 3450/3237/6267 3453/3241/6267
f 616/3481/6268 586/356/6268 585/355/6268
f 616/3481/6269 585/355/6269 599/4546/6269
f 608/375/6270 607/374/6270 536/4547/6270
f 608/375/6271 536/4547/6271 542/4514/6271
f 606/372/6272 604/371/6272 537/312/6272
f 606/372/6273 537/312/6273 534/311/6273
f 579/4548/6274 575/4549/6274 324/133/6274
f 579/4548/6275 324/133/6275 323/138/6275
f 559/3540/6276 95/4550/6276 372/4551/6276
f 559/3540/6277 372/4551/6277 365/172/6277
f 525/299/6278 523/298/6278 478/263/6278
f 525/299/6279 478/263/6279 475/262/6279
f 522/4552/6280 519/4553/6280 430/229/6280
f 522/4552/6281 430/229/6281 438/228/6281
f 510/4483/6282 502/4554/6282 394/4555/6282
f 510/4483/6283 394/4555/6283 392/4484/6283
f 502/4554/6284 470/4556/6284 399/4557/6284
f 502/4554/6285 399/4557/6285 394/4555/6285
f 489/271/6286 488/270/6286 440/238/6286
f 489/271/6287 440/238/6287 443/237/6287
f 474/4437/6288 459/4431/6288 457/4558/6288
f 474/4437/6289 457/4558/6289 469/4559/6289
f 471/259/6290 468/258/6290 456/4560/6290
f 471/259/6291 456/4560/6291 400/4561/6291
f 359/165/6292 358/164/6292 1383/1127/6292
f 359/165/6293 1383/1127/6293 1304/1045/6293
f 59/163/6294 223/27/6294 222/26/6294
f 59/163/6295 222/26/6295 354/159/6295
f 357/162/6296 221/25/6296 220/24/6296
f 357/162/6297 220/24/6297 229/33/6297
f 30/95/6298 272/80/6298 22/79/6298
f 30/95/6299 22/79/6299 266/74/6299
f 283/4562/6300 4582/4563/6300 267/76/6300
f 283/4562/6301 267/76/6301 280/4564/6301
f 283/4562/6302 233/38/6302 232/37/6302
f 283/4562/6303 232/37/6303 4582/4563/6303
f 4582/4563/6304 258/60/6304 255/57/6304
f 4582/4563/6305 255/57/6305 267/76/6305
f 4582/4563/6306 232/37/6306 231/36/6306
f 4582/4563/6307 231/36/6307 258/60/6307
f 280/4564/6308 267/76/6308 259/63/6308
f 280/4564/6309 259/63/6309 263/4565/6309
f 3423/3206/6310 629/4566/6310 627/399/6310
f 271/92/6311 27/91/6311 15/4567/6311
f 271/92/6312 15/4567/6312 20/4568/6312
f 26/4569/6313 35/4570/6313 14/64/6313
f 35/4570/6314 262/65/6314 14/64/6314
f 25/4571/6315 29/4572/6315 33/4573/6315
f 28/4574/6316 1385/4575/6316 32/4576/6316
f 24/4577/6317 293/1046/6317 1304/1045/6317
f 24/4577/6318 1304/1045/6318 1383/1127/6318
f 3455/3243/6319 3396/3177/6319 3395/3172/6319
f 3455/3243/6320 3395/3172/6320 4584/4578/6320
f 3395/3172/6321 3386/3176/6321 3458/4579/6321
f 3395/3172/6322 3458/4579/6322 4584/4578/6322
f 3458/4579/6323 641/4580/6323 4584/4578/6323
f 639/4581/6324 649/4582/6324 4583/4583/6324
f 649/4582/6325 3452/4584/6325 4583/4583/6325
f 3453/3241/6326 3455/3243/6326 4584/4578/6326
