# Blender 3.3.1
# www.blender.org
mtllib katana.mtl
o Katana
v -2.186854 -0.118617 0.054724
v -2.153269 0.058453 0.055428
v -0.114297 0.076477 0.034339
v -0.006872 0.083934 0.030567
v -0.110178 -0.185377 0.052373
v -0.010625 -0.195070 0.036911
v -0.070685 -0.240514 0.109319
v -0.052298 -0.166843 0.154842
v -0.095748 -0.159629 0.166339
v -0.068454 -0.073685 0.203289
v -0.061211 0.020382 0.186856
v -0.080253 0.001671 0.200054
v -0.091992 0.071625 0.159303
v -0.073304 0.137215 0.117894
v -0.052968 0.072426 0.159052
v -0.048589 0.049778 0.157381
v -0.041344 -0.206841 -0.034332
v 7.349655 -0.000087 0.010654
v 7.369451 0.029686 0.004867
v 7.324996 0.033555 -0.001672
v 7.349934 -0.001964 -0.006231
v -0.006055 0.087704 -0.021973
v -0.065644 0.058858 -0.177448
v -0.066074 0.129265 -0.118666
v -0.047462 0.081137 -0.157858
v -0.088646 0.067913 -0.154124
v -0.081203 -0.009574 -0.189463
v -0.088285 -0.049077 -0.189983
v -0.047922 -0.103751 -0.179940
v -0.057397 -0.061555 -0.180636
v -0.058451 0.015115 -0.183180
v -0.058125 -0.014478 -0.191782
v -0.073130 -0.250702 -0.102153
v -0.129097 -0.185263 -0.037619
v -0.102803 0.083980 -0.048909
v -2.154528 0.052491 -0.051565
v -2.191597 -0.125840 -0.042507
v -2.201508 -0.129190 0.034110
v -2.122054 -0.140983 0.035628
v -2.121284 -0.120606 0.061788
v -2.123295 -0.085421 0.073206
v -2.191910 -0.086271 0.058834
v -2.222552 -0.087617 0.033273
v -2.166722 0.069023 0.032933
v -2.199002 0.027664 0.033269
v -2.170108 0.021694 0.062385
v -2.095343 0.055564 0.061454
v -2.093348 0.074493 0.031931
v -2.106104 0.014614 0.075072
v -0.120157 0.083109 -0.006252
v -0.176625 0.077941 -0.003278
v -0.177198 0.067317 0.028289
v -0.177258 0.039793 0.057423
v -0.124872 0.041016 0.060083
v -0.104599 0.048884 0.077676
v -0.103743 0.085178 0.063544
v -0.082497 0.107448 0.057876
v -0.084529 0.103692 0.027835
v -0.091867 0.098434 -0.009623
v -0.010186 0.047030 0.043906
v 0.039611 0.046767 0.039521
v 0.043861 0.082217 0.025954
v -0.030823 0.080458 0.064619
v -0.033997 0.047882 0.068998
v -0.049622 0.105149 -0.013828
v -0.045443 0.103681 0.026624
v -0.044913 0.103910 0.059465
v 0.045128 0.083191 -0.014045
v -0.114884 -0.131163 0.075563
v -0.143454 -0.127732 0.067765
v -0.143301 -0.175106 0.046012
v -0.063875 -0.209965 0.048545
v -0.068340 -0.210599 0.071695
v -0.105994 -0.188564 0.079069
v -0.139812 -0.195519 0.019829
v -0.102794 -0.204315 0.019825
v -0.060399 -0.212283 0.024539
v -0.035160 -0.188541 0.057298
v -0.053887 -0.211983 -0.002611
v -0.012249 -0.202689 0.003218
v 0.041322 -0.195779 0.008591
v 0.043009 -0.181328 0.034650
v -0.069075 -0.286348 0.051270
v -0.095343 -0.294679 0.054505
v -0.098155 -0.257305 0.116009
v -0.113979 -0.212981 0.144873
v -0.111825 -0.202895 0.127093
v -0.110430 -0.194805 0.105278
v -0.068345 -0.219941 0.093013
v -0.048339 -0.169347 0.183845
v -0.033875 -0.222176 0.152301
v -0.035523 -0.208662 0.133453
v -0.043796 -0.155478 0.123486
v -0.042977 -0.095703 0.130721
v -0.043828 -0.095683 0.161873
v -0.036434 -0.196766 0.108819
v -0.105537 -0.149802 0.145316
v -0.037631 -0.260949 0.118236
v -0.038766 -0.296240 0.055374
v -0.117150 -0.226284 0.161853
v -0.108451 -0.165507 0.191294
v -0.045536 0.011169 0.164268
v -0.034105 0.078917 0.192082
v -0.036097 0.013663 0.217278
v -0.096996 -0.076378 0.209859
v -0.116009 -0.076133 0.235688
v -0.113269 0.015537 0.228664
v -0.099960 0.063023 0.130103
v -0.101507 0.006856 0.140181
v -0.099360 -0.006217 0.169685
v -0.108327 0.109175 0.140256
v -0.109555 0.098497 0.117070
v -0.099648 0.079999 0.181754
v -0.106170 0.121640 0.159597
v -0.033255 0.111522 0.138389
v -0.036093 0.107706 0.113524
v -0.078860 0.122287 0.105269
v -0.067624 0.169365 0.086737
v -0.032685 0.180794 0.094022
v -0.033070 0.153583 0.132474
v -0.100162 0.154788 0.130373
v -0.098683 0.181003 0.092693
v -0.045012 0.050760 0.131883
v -0.037573 0.076486 0.126128
v -0.031529 0.122480 0.161707
v -0.003718 -0.198794 -0.023472
v -0.088498 -0.207002 -0.032677
v -0.080776 -0.209234 -0.057930
v -0.048181 -0.201344 -0.063987
v -0.095431 -0.207462 -0.005299
v 7.365752 0.012645 0.010661
v 7.269564 -0.025141 0.014488
v 7.281240 -0.036048 0.012373
v 7.294008 -0.044683 0.007268
v 7.351197 0.029571 0.009745
v 7.355324 0.024439 0.011667
v 7.375815 0.026734 0.005208
v 7.367068 0.031017 0.000024
v 7.348628 0.033102 0.004712
v 7.349370 0.029596 -0.005903
v 7.246955 0.016813 -0.011527
v 7.244811 0.028795 -0.003635
v 7.245021 0.028766 0.009053
v 7.282969 -0.037194 -0.009012
v 7.270488 -0.026258 -0.011032
v 7.363943 0.011984 -0.006706
v 7.377904 0.016965 -0.000072
v 7.369077 0.006673 0.000450
v 7.294183 -0.044763 -0.004028
v 0.042249 0.054754 -0.034090
v -0.006157 0.055033 -0.037682
v -0.030619 0.087944 -0.052738
v -0.054523 0.107839 -0.046519
v -0.032637 0.055530 -0.058169
v -0.032114 0.042039 -0.216944
v -0.032041 0.092606 -0.184802
v -0.049942 0.055086 -0.148066
v -0.044513 0.016746 -0.152755
v -0.068947 0.119107 -0.099284
v -0.034273 0.085653 -0.108206
v -0.038153 0.083078 -0.135360
v -0.036785 0.134032 -0.133454
v -0.036633 0.169927 -0.099163
v -0.068402 0.163532 -0.094310
v -0.100581 0.175062 -0.101606
v -0.103258 0.144776 -0.139565
v -0.029742 0.151047 -0.154637
v -0.098619 0.053815 -0.127061
v -0.108393 0.091210 -0.112850
v -0.106510 0.097913 -0.142777
v -0.099964 0.002832 -0.164406
v -0.101921 0.002157 -0.137121
v -0.103384 -0.011032 -0.213394
v -0.097098 -0.068644 -0.207662
v -0.058578 -0.146736 -0.172014
v -0.042372 -0.154463 -0.197770
v -0.048211 -0.091780 -0.205048
v -0.045910 -0.080994 -0.156661
v -0.046979 -0.141042 -0.145698
v -0.043813 -0.019937 -0.155949
v -0.108006 -0.219705 -0.114286
v -0.110793 -0.233509 -0.130632
v -0.098881 -0.268315 -0.101308
v -0.076410 -0.217760 -0.083076
v -0.108458 -0.203723 -0.090896
v -0.194650 -0.181791 -0.032926
v -0.191610 -0.155052 -0.056773
v -0.136280 -0.156015 -0.059441
v -0.111133 -0.162224 -0.076420
v -0.103712 -0.190397 -0.064739
v -0.136483 -0.199441 -0.006510
v -0.196128 -0.196869 -0.006042
v -0.106297 0.106210 -0.171134
v -0.065859 0.113293 -0.075810
v -0.106328 0.088950 -0.082199
v -0.101220 0.049254 -0.098508
v -0.105854 0.042059 -0.074585
v -0.124191 0.067213 -0.034593
v -0.129656 0.036058 -0.059178
v -2.096083 0.049727 -0.058766
v -2.107035 0.011885 -0.068684
v -2.170314 0.020024 -0.055303
v -2.198802 0.026527 -0.029163
v -2.167927 0.066387 -0.031141
v -2.092880 0.071915 -0.032839
v -2.204440 -0.133200 -0.019784
v -2.225724 -0.088972 -0.023743
v -2.195898 -0.088568 -0.052857
v -2.122900 -0.125635 -0.051440
v -2.123328 -0.143425 -0.023128
v -2.124245 -0.088052 -0.067175
v -2.008363 -0.085909 -0.070399
v -2.012155 -0.121927 -0.055870
v -2.184219 -0.034089 -0.055210
v -2.118317 -0.038543 -0.070015
v -2.003384 -0.042415 -0.076649
v -1.808201 -0.049934 -0.060578
v -1.811999 -0.092207 -0.060939
v -1.997756 0.002399 -0.071393
v -1.805744 -0.006248 -0.061119
v -1.603368 -0.012448 -0.060414
v -1.608148 -0.055757 -0.057598
v -1.992900 0.039176 -0.060518
v -1.804324 0.031336 -0.056868
v -1.601426 0.026873 -0.057102
v -1.404690 0.027647 -0.056519
v -1.403729 -0.015077 -0.060916
v -1.803561 0.057539 -0.032429
v -1.601088 0.054878 -0.032038
v -1.406355 0.055036 -0.030849
v -1.220982 0.056325 -0.029623
v -1.221549 0.029077 -0.055162
v -1.600129 0.068925 -0.001482
v -1.406819 0.067628 0.000840
v -1.220660 0.068124 0.002102
v -1.028542 0.068839 0.003238
v -1.028722 0.057050 -0.028702
v -1.406952 0.054403 0.031916
v -1.220359 0.054154 0.033800
v -1.028710 0.054237 0.033629
v -0.830389 0.056814 0.032121
v -0.828568 0.070864 0.001599
v -1.220122 0.027594 0.059669
v -1.029641 0.027103 0.059836
v -0.830574 0.029337 0.059968
v -0.621021 0.030336 0.058751
v -0.621059 0.058413 0.030377
v -1.029230 -0.014214 0.065019
v -0.830930 -0.012847 0.066058
v -0.621632 -0.012721 0.066145
v -0.414946 -0.010999 0.065128
v -0.419377 0.034223 0.056078
v -0.831075 -0.060634 0.059498
v -0.623131 -0.061745 0.060276
v -0.416183 -0.061867 0.060814
v -0.266766 -0.064702 0.069797
v -0.265897 -0.008664 0.069588
v -0.623019 -0.107701 0.065574
v -0.417377 -0.112158 0.062161
v -0.273998 -0.118659 0.069453
v -0.192235 -0.124241 0.066971
v -0.189121 -0.066434 0.066616
v -0.422176 -0.154586 0.051397
v -0.279939 -0.161768 0.052649
v -0.196661 -0.167958 0.049729
v -0.282578 -0.186723 0.024508
v -0.197211 -0.191599 0.022295
v -0.283147 -0.195177 -0.004380
v -0.427331 -0.178950 0.025404
v -0.430111 -0.188024 -0.001711
v -0.425717 -0.175223 -0.028512
v -0.281662 -0.180280 -0.031415
v -0.421781 -0.147960 -0.052146
v -0.279121 -0.153200 -0.056758
v -0.418213 -0.104122 -0.057326
v -0.273941 -0.109398 -0.064163
v -0.188582 -0.112891 -0.062546
v -0.138320 -0.114656 -0.065371
v -0.266914 -0.058195 -0.064113
v -0.189989 -0.059325 -0.062026
v -0.138615 -0.060037 -0.065612
v -0.104380 -0.060810 -0.085313
v -0.104353 -0.116747 -0.083935
v -0.183485 -0.005238 -0.062804
v -0.135369 -0.005269 -0.065901
v -0.107310 -0.004413 -0.086136
v -0.101124 -0.002039 -0.111310
v -0.099426 -0.061650 -0.113578
v -0.102918 -0.060221 -0.140406
v -0.106437 -0.125489 -0.138108
v -0.099462 -0.119889 -0.111694
v -0.107282 -0.181249 -0.129484
v -0.105690 -0.171728 -0.103456
v -0.110508 -0.190661 -0.151246
v -0.107049 -0.130420 -0.165529
v -0.115734 -0.201931 -0.173057
v -0.116773 -0.248188 -0.146983
v -0.108858 -0.141110 -0.195045
v -0.118529 -0.264495 -0.163721
v -0.115840 -0.306958 -0.115596
v -0.115683 -0.287977 -0.107387
v -0.118272 -0.214833 -0.195184
v -0.095781 -0.225001 -0.211407
v -0.094119 -0.275786 -0.175540
v -0.116557 -0.152373 -0.220880
v -0.095300 -0.162044 -0.240398
v -0.060809 -0.164983 -0.241694
v -0.062282 -0.226703 -0.213064
v -0.114506 -0.076922 -0.237586
v -0.092939 -0.086529 -0.259944
v -0.057634 -0.092475 -0.259375
v -0.035163 -0.094110 -0.237460
v -0.035541 -0.161170 -0.223122
v -0.088465 -0.013580 -0.262695
v -0.051775 -0.018340 -0.260982
v -0.032941 -0.026908 -0.237398
v -0.049610 -0.037274 -0.208031
v -0.046963 0.057097 -0.242899
v -0.084804 0.062303 -0.247316
v -0.082940 0.125108 -0.215027
v -0.044631 0.118989 -0.210655
v -0.081536 0.173336 -0.175152
v -0.044003 0.169327 -0.172167
v -0.080300 0.214134 -0.125867
v -0.044412 0.210829 -0.123872
v -0.029530 0.191410 -0.112131
v -0.044160 0.244545 -0.053533
v -0.029332 0.221655 -0.048261
v -0.033537 0.197635 -0.042913
v -0.067330 0.187655 -0.040856
v -0.029274 0.226632 0.035585
v -0.031950 0.202056 0.031940
v -0.065866 0.189596 0.029550
v -0.098585 0.204176 0.031683
v -0.098611 0.202130 -0.043702
v -0.099751 0.226003 -0.049088
v -0.102546 0.196942 -0.115384
v -0.099020 0.229094 0.035502
v -0.081814 0.250256 0.038916
v -0.081414 0.246575 -0.053961
v -0.100821 0.203445 0.104100
v -0.081728 0.221345 0.113435
v -0.047444 0.221082 0.113870
v -0.045621 0.248632 0.038737
v -0.103670 0.171910 0.146372
v -0.085428 0.187162 0.160781
v -0.049776 0.187822 0.161793
v -0.030004 0.171914 0.148829
v -0.029967 0.201955 0.104513
v -0.089604 0.148126 0.197600
v -0.052802 0.149155 0.200329
v -0.031301 0.137206 0.183857
v -0.057168 0.098545 0.235395
v -0.032113 0.088873 0.217785
v -0.062619 0.022663 0.263730
v -0.034984 0.018302 0.244916
v -0.067017 -0.081659 0.267623
v -0.037369 -0.080531 0.250586
v -0.035365 -0.079730 0.227153
v -0.067218 -0.184006 0.240026
v -0.039681 -0.179746 0.225983
v -0.034597 -0.172860 0.203171
v -0.030988 -0.233145 0.170253
v -0.062644 -0.077357 0.204485
v -0.038560 -0.245125 0.190065
v -0.037123 -0.296112 0.141248
v -0.029187 -0.278113 0.130424
v -0.066287 -0.253139 0.201829
v -0.063264 -0.307557 0.149089
v -0.059354 -0.348556 0.069299
v -0.033729 -0.334815 0.065921
v -0.099601 -0.249391 0.196927
v -0.095744 -0.304865 0.146758
v -0.090309 -0.346208 0.068255
v -0.117774 -0.291618 0.137349
v -0.113024 -0.330725 0.064118
v -0.112451 -0.337760 -0.035476
v -0.088969 -0.353479 -0.038358
v -0.057305 -0.355286 -0.038399
v -0.060907 -0.321870 -0.124790
v -0.034585 -0.308764 -0.118403
v -0.032984 -0.340406 -0.036118
v -0.092293 -0.320930 -0.123698
v -0.062547 -0.277236 -0.177183
v -0.036122 -0.266330 -0.166153
v -0.036945 -0.218983 -0.198370
v -0.035360 -0.208008 -0.175674
v -0.031649 -0.250428 -0.149487
v -0.034919 -0.235187 -0.132792
v -0.041223 -0.268132 -0.102796
v -0.029455 -0.289107 -0.110618
v -0.038605 -0.198470 -0.154907
v -0.039903 -0.188442 -0.132157
v -0.036978 -0.219255 -0.115745
v -0.038810 -0.175949 -0.105383
v -0.042021 -0.205546 -0.091880
v -0.046320 -0.134575 -0.116720
v -0.044179 -0.129554 -0.084098
v -0.036723 -0.169140 -0.074789
v -0.046282 -0.080687 -0.122666
v -0.046790 -0.080558 -0.089019
v -0.039692 -0.080856 -0.057945
v -0.036123 -0.127852 -0.054762
v -0.045441 -0.022987 -0.124103
v -0.043247 -0.024961 -0.091161
v -0.040158 -0.025315 -0.059859
v -0.040788 0.018188 -0.090577
v -0.035980 0.019101 -0.060567
v -0.009742 0.019278 -0.039055
v -0.011308 -0.026002 -0.038476
v -0.008592 -0.080189 -0.037905
v -0.004953 -0.126863 -0.036983
v 0.040693 -0.027428 -0.032572
v 0.041221 -0.078768 -0.031119
v 0.043269 -0.124401 -0.031091
v 0.044541 -0.162243 -0.030178
v -0.002564 -0.166489 -0.035206
v 0.107480 -0.077338 -0.028096
v 0.109149 -0.119775 -0.025369
v 0.112708 -0.152826 -0.022515
v 0.232375 -0.144381 -0.012436
v 0.234822 -0.174427 -0.008162
v 0.116669 -0.182014 -0.016597
v 0.045341 -0.192344 -0.020683
v 0.227869 -0.112954 -0.015910
v 0.411504 -0.113503 -0.016075
v 0.411927 -0.144825 -0.012555
v 0.224204 -0.074698 -0.019182
v 0.411322 -0.076575 -0.019414
v 0.612144 -0.080247 -0.019169
v 0.611884 -0.117593 -0.016109
v 0.224950 -0.032987 -0.023806
v 0.411638 -0.036822 -0.023908
v 0.612572 -0.039928 -0.024424
v 0.823107 -0.044026 -0.023995
v 0.822648 -0.084598 -0.019552
v 0.412743 -0.001715 -0.021659
v 0.613250 -0.004716 -0.021829
v 0.823353 -0.009018 -0.021983
v 1.041952 -0.013610 -0.022156
v 1.041072 -0.048127 -0.023757
v 0.613774 0.027895 -0.017741
v 0.823666 0.023835 -0.017520
v 1.042390 0.018934 -0.017759
v 1.258729 0.014065 -0.017779
v 1.258113 -0.017897 -0.022335
v 0.824100 0.053023 -0.007764
v 1.042614 0.048242 -0.007654
v 1.259015 0.043139 -0.007841
v 1.476714 0.037913 -0.008482
v 1.476520 0.008707 -0.017801
v 1.042464 0.039845 0.016954
v 1.258981 0.035187 0.016561
v 1.476714 0.030830 0.017059
v 1.694327 0.026429 0.015976
v 1.694559 0.031986 -0.009150
v 1.258970 0.004502 0.021956
v 1.476396 -0.000119 0.022109
v 1.694061 -0.004665 0.022173
v 1.916458 -0.008951 0.022141
v 1.916512 0.021833 0.015652
v 1.476274 -0.031527 0.026492
v 1.693863 -0.036453 0.026660
v 1.916653 -0.041497 0.026643
v 2.149645 -0.045650 0.026584
v 2.149495 -0.013233 0.021974
v 1.693788 -0.072464 0.024947
v 1.917030 -0.077520 0.024837
v 2.149405 -0.081986 0.024776
v 2.383969 -0.085977 0.025048
v 2.383621 -0.049952 0.026321
v 1.916905 -0.117967 0.021150
v 2.149059 -0.122903 0.021064
v 2.384110 -0.127022 0.021070
v 2.623658 -0.130326 0.021197
v 2.622572 -0.089727 0.024817
v 2.148571 -0.158607 0.017589
v 2.384364 -0.163261 0.017575
v 2.624349 -0.166122 0.017711
v 2.858872 -0.169884 0.017856
v 2.858876 -0.134393 0.021235
v 2.384711 -0.193909 0.013834
v 2.624311 -0.197219 0.013918
v 2.858670 -0.200607 0.013996
v 3.093201 -0.205559 0.013824
v 3.093528 -0.174359 0.017558
v 2.624133 -0.225675 0.009405
v 2.858223 -0.229494 0.009588
v 3.092835 -0.234378 0.009358
v 3.333467 -0.239202 0.009176
v 3.333633 -0.210337 0.013738
v 2.858336 -0.224097 -0.007948
v 3.093115 -0.229352 -0.007797
v 3.333195 -0.234781 -0.007252
v 3.579551 -0.238298 -0.007379
v 3.579933 -0.242857 0.009223
v 3.093823 -0.197972 -0.012278
v 3.332816 -0.203227 -0.011852
v 3.579155 -0.207107 -0.012143
v 3.816746 -0.210102 -0.011943
v 3.816677 -0.241446 -0.007398
v 3.332503 -0.171391 -0.015363
v 3.578390 -0.175156 -0.015505
v 3.816665 -0.178652 -0.015417
v 4.054718 -0.182061 -0.015302
v 4.055268 -0.213867 -0.011871
v 3.577075 -0.137342 -0.019024
v 3.816099 -0.141004 -0.019159
v 4.054162 -0.144207 -0.018863
v 4.292655 -0.147263 -0.018682
v 4.294309 -0.184371 -0.014941
v 3.815008 -0.100318 -0.025228
v 4.053517 -0.104488 -0.024689
v 4.291042 -0.108323 -0.023875
v 4.524853 -0.111026 -0.023252
v 4.527120 -0.150184 -0.018478
v 4.052478 -0.071282 -0.022066
v 4.289556 -0.075240 -0.022155
v 4.522495 -0.077697 -0.021920
v 4.749843 -0.079969 -0.022092
v 4.750727 -0.113147 -0.023816
v 4.288198 -0.044409 -0.017374
v 4.520519 -0.046642 -0.017258
v 4.748806 -0.048933 -0.017204
v 4.970560 -0.051372 -0.017187
v 4.972704 -0.081948 -0.022367
v 4.518648 -0.017599 -0.009214
v 4.747738 -0.019697 -0.009197
v 4.968454 -0.022546 -0.008908
v 5.183789 -0.023708 -0.010023
v 5.185834 -0.052687 -0.017240
v 4.748361 -0.023198 0.015701
v 4.968294 -0.025178 0.015061
v 5.183616 -0.025110 0.015199
v 5.398163 -0.025380 0.014851
v 5.397855 -0.024419 -0.009863
v 4.969941 -0.055028 0.021705
v 5.184875 -0.055413 0.021534
v 5.399974 -0.055519 0.021308
v 5.606964 -0.054981 0.021170
v 5.604383 -0.025544 0.014636
v 5.186164 -0.087234 0.026329
v 5.401205 -0.087171 0.025962
v 5.609422 -0.085452 0.025380
v 5.808419 -0.083853 0.025234
v 5.806310 -0.053481 0.021045
v 5.402185 -0.120468 0.027015
v 5.611816 -0.117972 0.026802
v 5.810643 -0.116125 0.026840
v 6.003069 -0.114622 0.028380
v 6.000865 -0.082305 0.025345
v 5.614133 -0.157000 0.021201
v 5.813312 -0.154664 0.021450
v 6.005722 -0.151093 0.021614
v 6.191862 -0.147190 0.021996
v 6.189143 -0.111604 0.028238
v 5.815388 -0.188503 0.017382
v 6.008092 -0.184629 0.017672
v 6.194420 -0.180188 0.018150
v 6.374336 -0.174399 0.018350
v 6.371519 -0.142193 0.022287
v 6.010140 -0.214129 0.013755
v 6.196745 -0.210139 0.014070
v 6.377149 -0.204650 0.014215
v 6.550382 -0.198231 0.014300
v 6.546351 -0.168375 0.018569
v 6.198774 -0.238633 0.009372
v 6.379595 -0.233135 0.009435
v 6.553844 -0.226415 0.009416
v 6.724911 -0.217886 0.009753
v 6.719505 -0.190104 0.014711
v 6.379128 -0.232151 -0.005874
v 6.553360 -0.225661 -0.005638
v 6.724884 -0.217154 -0.006044
v 6.892530 -0.197368 -0.006018
v 6.892987 -0.197887 0.010589
v 6.550429 -0.196648 -0.010755
v 6.718946 -0.188756 -0.010649
v 6.881691 -0.171566 -0.010461
v 7.030936 -0.138715 -0.010512
v 7.046593 -0.160114 -0.005880
v 6.713120 -0.159625 -0.015076
v 6.870588 -0.144508 -0.014970
v 7.015102 -0.116153 -0.014526
v 7.147264 -0.074660 -0.013797
v 7.165268 -0.092532 -0.010413
v 6.859694 -0.114987 -0.019470
v 7.000358 -0.091915 -0.019159
v 7.133522 -0.057569 -0.016650
v 7.262819 -0.016352 -0.012237
v 6.991267 -0.066984 -0.021703
v 7.124601 -0.040910 -0.018221
v 7.256400 -0.006216 -0.012970
v 7.356506 0.020570 -0.008021
v 7.360514 0.016026 -0.007440
v 7.118082 -0.021228 -0.017329
v 7.250622 0.004303 -0.012933
v 7.352752 0.025139 -0.007458
v 7.376041 0.024329 -0.001956
v 7.379807 0.021702 0.005222
v 7.362359 0.017071 0.011560
v 7.250425 0.004214 0.016485
v 7.255764 -0.005588 0.016584
v 7.262349 -0.015505 0.015987
v 7.124475 -0.040393 0.021105
v 7.133457 -0.057099 0.019863
v 7.146062 -0.073329 0.017306
v 7.000565 -0.092113 0.022191
v 7.015551 -0.115823 0.018029
v 7.030944 -0.138179 0.014312
v 7.164095 -0.091574 0.013809
v 7.046532 -0.160135 0.010381
v 7.180410 -0.107108 0.009561
v 7.181550 -0.108133 -0.006174
v 6.881606 -0.171775 0.014584
v 6.870337 -0.145157 0.018763
v 6.713802 -0.160689 0.018603
v 6.859808 -0.116067 0.023378
v 6.707988 -0.129387 0.022873
v 6.542436 -0.136783 0.022188
v 6.702521 -0.097010 0.027102
v 6.538831 -0.104298 0.027855
v 6.368551 -0.108927 0.028149
v 6.535803 -0.073135 0.024001
v 6.365829 -0.077546 0.024496
v 6.187114 -0.080075 0.024920
v 6.363297 -0.047735 0.020379
v 6.185125 -0.049671 0.020700
v 5.998559 -0.051786 0.021040
v 6.183035 -0.020451 0.014496
v 5.995729 -0.022718 0.014607
v 5.804307 -0.024176 0.014560
v 5.995447 -0.022386 -0.009330
v 5.803765 -0.023737 -0.010475
v 5.604245 -0.024828 -0.009660
v 5.805648 -0.052395 -0.017167
v 5.606573 -0.053426 -0.017373
v 5.399688 -0.053521 -0.017355
v 5.608727 -0.083207 -0.021920
v 5.401541 -0.084054 -0.022077
v 5.187596 -0.083230 -0.022037
v 5.403409 -0.116111 -0.024026
v 5.189397 -0.116000 -0.023653
v 4.974907 -0.114912 -0.024458
v 5.191828 -0.154247 -0.018482
v 4.977077 -0.153982 -0.018508
v 4.752117 -0.152286 -0.018472
v 4.978250 -0.189769 -0.014522
v 4.753988 -0.188697 -0.014572
v 4.528484 -0.186832 -0.014735
v 4.755609 -0.219265 -0.010890
v 4.529170 -0.217799 -0.011005
v 4.295715 -0.215889 -0.011307
v 4.529278 -0.248723 -0.006711
v 4.297056 -0.246703 -0.006893
v 4.055807 -0.244930 -0.007323
v 4.297367 -0.250717 0.009249
v 4.055730 -0.249346 0.009259
v 3.816388 -0.245943 0.009353
v 4.054955 -0.220422 0.013695
v 3.815799 -0.216979 0.013818
v 3.580149 -0.213927 0.013837
v 3.815078 -0.185734 0.017706
v 3.580136 -0.182499 0.017676
v 3.333416 -0.178823 0.017579
v 3.579208 -0.145724 0.021360
v 3.332859 -0.142507 0.021193
v 3.094078 -0.138403 0.021084
v 3.332331 -0.101258 0.025514
v 3.094681 -0.098290 0.024938
v 2.858639 -0.094258 0.025018
v 3.095176 -0.063118 0.026355
v 2.858167 -0.058726 0.026538
v 2.621604 -0.053988 0.026548
v 2.857555 -0.026828 0.021814
v 2.620806 -0.022117 0.021930
v 2.383171 -0.017663 0.021972
v 2.620146 0.008301 0.016296
v 2.382639 0.012809 0.015852
v 2.149062 0.017666 0.015362
v 2.382331 0.017887 -0.007995
v 2.149117 0.022319 -0.008494
v 1.916595 0.027484 -0.008709
v 2.149684 -0.006449 -0.017932
v 1.916676 -0.001886 -0.017967
v 1.694877 0.002909 -0.017908
v 1.916540 -0.033464 -0.022778
v 1.695297 -0.028399 -0.022616
v 1.476483 -0.022549 -0.022357
v 1.695885 -0.062308 -0.023305
v 1.476411 -0.056582 -0.023755
v 1.257397 -0.052232 -0.024240
v 1.476213 -0.096126 -0.019373
v 1.256474 -0.091931 -0.019459
v 1.040031 -0.088141 -0.019329
v 1.255507 -0.128883 -0.016207
v 1.039080 -0.125266 -0.016029
v 0.822091 -0.121490 -0.016057
v 1.038268 -0.156616 -0.012373
v 0.821485 -0.152431 -0.012403
v 0.611738 -0.148721 -0.012404
v 0.820656 -0.183933 -0.007986
v 0.611431 -0.180096 -0.008021
v 0.411936 -0.176603 -0.008112
v 0.611398 -0.187506 0.009932
v 0.412072 -0.183823 0.009660
v 0.235468 -0.183235 0.009098
v 0.412417 -0.156206 0.014184
v 0.234048 -0.156770 0.013905
v 0.112921 -0.168776 0.026307
v 0.116279 -0.191490 0.008129
v 0.229802 -0.126128 0.017653
v 0.108340 -0.136112 0.029339
v 0.039407 -0.142873 0.035411
v 0.105857 -0.094832 0.031256
v 0.037913 -0.097828 0.036196
v -0.011541 -0.098831 0.044799
v -0.011746 -0.146623 0.044006
v -0.036929 -0.098336 0.067225
v -0.036726 -0.145558 0.064287
v -0.044090 -0.096703 0.099421
v -0.039145 -0.148299 0.092505
v -0.036479 -0.188499 0.080405
v -0.037444 -0.045246 0.069117
v -0.045770 -0.045578 0.101263
v -0.045620 -0.047602 0.133566
v -0.042171 0.007876 0.102220
v -0.043742 0.009821 0.134746
v -0.047265 -0.055787 0.170783
v -0.039119 0.048533 0.099799
v -0.033805 0.078366 0.095166
v -0.036112 0.007137 0.070334
v -0.014399 0.006830 0.045193
v -0.013418 -0.044987 0.044713
v 0.036090 -0.045063 0.037033
v 0.037150 0.005220 0.038298
v 0.104833 0.001315 0.033857
v 0.112442 0.039770 0.032625
v 0.104108 -0.045285 0.032950
v 0.225510 -0.046645 0.024639
v 0.230903 -0.007339 0.025265
v 0.225332 -0.089972 0.021070
v 0.412083 -0.090673 0.021122
v 0.412088 -0.049414 0.024484
v 0.412296 -0.125876 0.017683
v 0.612211 -0.128807 0.017597
v 0.612555 -0.093616 0.021059
v 0.611854 -0.159133 0.013993
v 0.820629 -0.162772 0.013892
v 0.820783 -0.132204 0.017523
v 0.820342 -0.191127 0.009705
v 1.037642 -0.195090 0.009972
v 1.038655 -0.167144 0.013961
v 1.037652 -0.188464 -0.007778
v 1.254461 -0.192424 -0.007740
v 1.254520 -0.198844 0.009632
v 1.254938 -0.160438 -0.012385
v 1.474995 -0.164829 -0.012408
v 1.474111 -0.197073 -0.007752
v 1.475806 -0.133058 -0.016211
v 1.696061 -0.137732 -0.016395
v 1.695150 -0.169316 -0.012579
v 1.696305 -0.101225 -0.019476
v 1.915601 -0.106384 -0.019215
v 1.915552 -0.142929 -0.016134
v 1.916071 -0.067391 -0.023636
v 2.150078 -0.072003 -0.023484
v 2.150014 -0.111834 -0.019136
v 2.149992 -0.038112 -0.022806
v 2.382621 -0.042375 -0.022750
v 2.382753 -0.076139 -0.023670
v 2.382514 -0.010879 -0.017882
v 2.620783 -0.015481 -0.017883
v 2.621471 -0.046899 -0.022844
v 2.620085 0.013904 -0.008620
v 2.856211 0.009301 -0.008662
v 2.856300 -0.020213 -0.017781
v 2.856751 0.003432 0.016017
v 3.094912 -0.001078 0.016783
v 3.094780 0.004176 -0.008442
v 3.095205 -0.031560 0.021833
v 3.331939 -0.035935 0.021836
v 3.331156 -0.006037 0.015489
v 3.332195 -0.066666 0.026148
v 3.575370 -0.069571 0.026197
v 3.573379 -0.039059 0.021976
v 3.577451 -0.104251 0.026232
v 3.813353 -0.107581 0.026441
v 3.812547 -0.072675 0.026253
v 3.814321 -0.148784 0.021511
v 4.053143 -0.152150 0.021622
v 4.052289 -0.110914 0.025811
v 4.054067 -0.189247 0.017738
v 4.296238 -0.190650 0.017648
v 4.294635 -0.154971 0.021429
v 4.296995 -0.222047 0.013689
v 4.529411 -0.222916 0.013805
v 4.529030 -0.192590 0.017568
v 4.529311 -0.251870 0.009717
v 4.757849 -0.252828 0.009432
v 4.756478 -0.223777 0.013802
v 4.757135 -0.249736 -0.006686
v 4.979145 -0.249921 -0.006657
v 4.979159 -0.253134 0.009664
v 4.978799 -0.219780 -0.010878
v 5.196383 -0.219641 -0.010741
v 5.198382 -0.249627 -0.006313
v 5.194304 -0.189760 -0.014507
v 5.407733 -0.187466 -0.014654
v 5.409581 -0.217147 -0.010863
v 5.405634 -0.153204 -0.018529
v 5.613077 -0.151351 -0.018525
v 5.614863 -0.185608 -0.014625
v 5.610979 -0.114737 -0.024233
v 5.809487 -0.113053 -0.023882
v 5.811949 -0.149537 -0.018532
v 5.807606 -0.081958 -0.021747
v 5.999778 -0.080350 -0.021346
v 6.001708 -0.111104 -0.023982
v 5.997784 -0.050635 -0.016984
v 6.184026 -0.048316 -0.016740
v 6.185704 -0.078365 -0.021316
v 6.182342 -0.019597 -0.010019
v 6.359962 -0.017230 -0.008953
v 6.362433 -0.045812 -0.016492
v 6.360441 -0.019342 0.014486
v 6.530460 -0.014781 0.013907
v 6.530293 -0.012283 -0.009715
v 6.533104 -0.043200 0.019872
v 6.694638 -0.037169 0.019722
v 6.691423 -0.008982 0.014184
v 6.698180 -0.066489 0.023468
v 6.846451 -0.056618 0.022933
v 6.842950 -0.028779 0.019581
v 6.851355 -0.085136 0.027451
v 6.990498 -0.066765 0.024936
v 6.985446 -0.040710 0.022619
v 7.117825 -0.019059 0.020380
v 7.113853 0.000457 0.017933
v 6.981148 -0.016097 0.019132
v 7.110507 0.017619 0.011044
v 6.977632 0.007555 0.012314
v 6.840108 -0.001728 0.013486
v 6.977891 0.006125 -0.008918
v 6.840032 -0.001760 -0.008855
v 6.691325 -0.007653 -0.008784
v 6.842918 -0.028031 -0.015768
v 6.694555 -0.035576 -0.015902
v 6.533041 -0.041306 -0.016263
v 6.698104 -0.065283 -0.019757
v 6.535908 -0.071510 -0.020348
v 6.364719 -0.075928 -0.020742
v 6.539263 -0.102494 -0.024547
v 6.367159 -0.106550 -0.025124
v 6.187410 -0.109463 -0.024921
v 6.370053 -0.139567 -0.019077
v 6.189827 -0.143506 -0.019013
v 6.004185 -0.147037 -0.019018
v 6.192649 -0.176580 -0.014861
v 6.006990 -0.180909 -0.014589
v 5.814238 -0.183964 -0.014674
v 6.009488 -0.210580 -0.010496
v 5.816226 -0.213898 -0.010616
v 5.616313 -0.215475 -0.010753
v 5.818126 -0.243744 -0.006288
v 5.617671 -0.245514 -0.006427
v 5.410879 -0.247065 -0.006483
v 5.617982 -0.248531 0.009253
v 5.410810 -0.250152 0.009293
v 5.197996 -0.252775 0.009471
v 5.408914 -0.221819 0.013568
v 5.195476 -0.224152 0.013695
v 4.978558 -0.224100 0.013776
v 5.192799 -0.194341 0.017527
v 4.977626 -0.194207 0.017564
v 4.755234 -0.193679 0.017568
v 4.976184 -0.159865 0.021346
v 4.753942 -0.158890 0.021379
v 4.527701 -0.157418 0.021375
v 4.752853 -0.119406 0.025985
v 4.525205 -0.117424 0.026178
v 4.292546 -0.114471 0.026035
v 4.522717 -0.082534 0.026565
v 4.290501 -0.080067 0.026399
v 4.051832 -0.076157 0.026260
v 4.288708 -0.048525 0.021804
v 4.051412 -0.045432 0.021904
v 3.811850 -0.041996 0.021948
v 4.050765 -0.015974 0.016561
v 3.811098 -0.011996 0.016949
v 3.571291 -0.008890 0.016012
v 3.811249 -0.007014 -0.008541
v 3.571007 -0.004686 -0.008221
v 3.330914 -0.001057 -0.008910
v 3.572628 -0.032767 -0.017638
v 3.331614 -0.029613 -0.017739
v 3.095331 -0.024972 -0.017668
v 3.332028 -0.060403 -0.022438
v 3.095674 -0.056261 -0.022680
v 2.856651 -0.051560 -0.022908
v 3.095510 -0.089832 -0.023905
v 2.857425 -0.085169 -0.024135
v 2.622066 -0.080279 -0.023852
v 2.858197 -0.124932 -0.019043
v 2.622829 -0.119776 -0.019321
v 2.383020 -0.116489 -0.019194
v 2.623569 -0.157202 -0.015839
v 2.383598 -0.153824 -0.015852
v 2.149477 -0.148944 -0.016068
v 2.384223 -0.184923 -0.012471
v 2.148630 -0.180262 -0.012359
v 1.915902 -0.174352 -0.012429
v 2.147779 -0.211745 -0.007672
v 1.916043 -0.206234 -0.007642
v 1.694054 -0.201248 -0.007870
v 1.916031 -0.212361 0.009453
v 1.693393 -0.207579 0.009537
v 1.474065 -0.203048 0.009603
v 1.693554 -0.178748 0.014008
v 1.474836 -0.174317 0.014045
v 1.255084 -0.170349 0.013911
v 1.475623 -0.143414 0.017758
v 1.255664 -0.139439 0.017658
v 1.039832 -0.135789 0.018044
v 1.256722 -0.103961 0.021139
v 1.040640 -0.100372 0.021174
v 0.821240 -0.097144 0.020981
v 1.041107 -0.059464 0.024276
v 0.822290 -0.055961 0.024843
v 0.613008 -0.052672 0.025102
v 0.823259 -0.019158 0.026083
v 0.613521 -0.015221 0.026106
v 0.412751 -0.012072 0.025939
v 0.613765 0.017203 0.021595
v 0.413998 0.020603 0.021566
v 0.237413 0.025996 0.021372
v 0.415181 0.052050 0.016345
v 0.240988 0.056427 0.016031
v 0.120157 0.071000 0.021903
v 0.241074 0.063061 -0.008546
v 0.119874 0.074445 -0.009914
v 0.237488 0.035543 -0.017581
v 0.114974 0.046766 -0.027257
v 0.230711 0.003406 -0.021134
v 0.109145 0.012858 -0.028882
v 0.039513 0.017403 -0.034435
v 0.105985 -0.028987 -0.028890
v 0.414154 0.030757 -0.017775
v 0.415308 0.060480 -0.008311
v 0.614076 0.057004 -0.007795
v 0.613961 0.048545 0.016331
v 0.824142 0.044637 0.016790
v 0.823839 0.013179 0.021800
v 1.041964 0.008807 0.021800
v 1.041522 -0.023060 0.026237
v 1.258680 -0.026865 0.026403
v 1.257985 -0.063187 0.024746
v 1.476239 -0.067423 0.024773
v 1.476097 -0.107964 0.021200
v 1.693732 -0.112967 0.021299
v 1.693660 -0.148305 0.017842
v 1.916607 -0.153209 0.017667
v 1.916385 -0.183728 0.013913
v 2.147999 -0.189654 0.013751
v 2.147517 -0.217983 0.008978
v 2.385066 -0.222261 0.009088
v 2.384835 -0.216409 -0.007749
v 2.624014 -0.220250 -0.007883
v 2.623908 -0.188726 -0.012533
v 2.858633 -0.192756 -0.012471
v 2.858572 -0.161698 -0.015690
v 3.094444 -0.166615 -0.015517
v 3.095044 -0.129254 -0.019001
v 3.332367 -0.133434 -0.018911
v 3.332213 -0.093391 -0.024451
v 3.575459 -0.096781 -0.024376
v 3.574069 -0.063658 -0.022178
v 3.813919 -0.067048 -0.021960
v 3.812621 -0.036219 -0.017333
v 4.051502 -0.040370 -0.017382
v 4.050563 -0.011303 -0.008724
v 4.286891 -0.015941 -0.009073
v 4.287040 -0.018885 0.014697
v 4.518862 -0.020650 0.015846
v 4.520701 -0.050840 0.021834
v 4.750287 -0.053109 0.021881
v 4.751873 -0.084721 0.026297
v 4.971711 -0.086221 0.026340
v 4.973885 -0.120633 0.025887
v 5.187844 -0.121302 0.026485
v 5.190203 -0.159992 0.021141
v 5.403871 -0.158751 0.021072
v 5.406350 -0.192524 0.017451
v 5.615801 -0.190719 0.017349
v 5.616865 -0.220245 0.013493
v 5.817071 -0.217987 0.013440
v 5.818424 -0.246528 0.009204
v 6.011981 -0.242704 0.009394
v 6.011928 -0.240425 -0.006093
v 6.198116 -0.236750 -0.006022
v 6.195415 -0.207014 -0.010613
v 6.376074 -0.202691 -0.010759
v 6.372931 -0.171980 -0.015189
v 6.546946 -0.166530 -0.015160
v 6.543066 -0.135012 -0.019452
v 6.707440 -0.128432 -0.019772
v 6.702255 -0.095968 -0.024460
v 6.851660 -0.084071 -0.024703
v 6.846766 -0.055778 -0.019547
v 6.986028 -0.040739 -0.019248
v 6.981417 -0.016308 -0.015223
v 7.113841 0.000047 -0.014570
v 7.110574 0.016957 -0.006434
v 7.247316 0.017329 0.014905
v -0.042556 0.105023 0.088056
v -0.083486 0.112998 0.084926
v -0.108869 0.090654 0.090899
v -0.102180 0.056709 0.103188
v -0.106498 -0.001121 0.089049
v -0.100970 0.003271 0.114122
v -0.105842 -0.067097 0.084831
v -0.100198 -0.067096 0.111281
v -0.102935 -0.067418 0.137604
v -0.099394 -0.069476 0.161676
v -0.103346 -0.137152 0.099284
v -0.103587 -0.143347 0.121785
v -0.132262 -0.003914 0.069000
v -0.140326 -0.066936 0.068039
v -0.180975 -0.005931 0.067249
v -0.268298 0.038446 0.058408
v -0.270313 0.066067 0.029125
v -0.423503 0.061500 0.028549
v -0.271002 0.078576 -0.002072
v -0.426530 0.074173 -0.000691
v -0.621065 0.071990 -0.000218
v -0.423745 0.059982 -0.028675
v -0.621005 0.057959 -0.029971
v -0.829169 0.057795 -0.030148
v -0.621016 0.030490 -0.055699
v -0.828304 0.029175 -0.057915
v -1.030934 0.028950 -0.055810
v -0.828011 -0.010196 -0.061393
v -1.032251 -0.011966 -0.062059
v -1.222641 -0.013392 -0.067009
v -1.030377 -0.056918 -0.060873
v -1.219676 -0.056951 -0.070909
v -1.406406 -0.057472 -0.059587
v -1.218594 -0.100629 -0.065449
v -1.406288 -0.097085 -0.060433
v -1.607657 -0.096511 -0.060732
v -1.410069 -0.137627 -0.054761
v -1.609915 -0.133894 -0.054927
v -1.815491 -0.128731 -0.053732
v -1.612433 -0.159361 -0.027926
v -1.818051 -0.153619 -0.027565
v -2.014784 -0.144276 -0.027394
v -1.818604 -0.164367 0.002404
v -2.015173 -0.150956 0.004626
v -2.124016 -0.147361 0.006483
v -2.015235 -0.142623 0.035721
v -2.207822 -0.133978 0.007022
v -2.231963 -0.088760 0.004797
v -2.215869 -0.031134 0.034432
v -2.226206 -0.030197 0.002206
v -2.216904 -0.030917 -0.028632
v -2.206469 0.029244 0.001053
v -2.170309 0.073744 -0.000304
v -2.093489 0.079124 -0.000944
v -1.989565 0.074570 -0.001815
v -1.990312 0.064722 -0.034354
v -1.990657 0.069055 0.032658
v -1.802814 0.062239 0.029130
v -1.802937 0.070967 -0.002938
v -1.993856 0.045717 0.062751
v -1.802885 0.037954 0.056765
v -1.600602 0.031782 0.057401
v -1.600011 0.057572 0.029699
v -1.999879 0.006740 0.077165
v -1.804271 -0.001154 0.065361
v -1.602823 -0.007869 0.064567
v -1.406203 -0.011734 0.064520
v -1.405895 0.028606 0.058238
v -1.806708 -0.046490 0.064645
v -1.605841 -0.052975 0.060671
v -1.410613 -0.053451 0.062467
v -1.217342 -0.056134 0.075955
v -1.219481 -0.013126 0.070309
v -1.605851 -0.094960 0.065011
v -1.411206 -0.094806 0.064973
v -1.216447 -0.098361 0.069513
v -1.029501 -0.102336 0.065728
v -1.027526 -0.058310 0.065621
v -1.414139 -0.134923 0.059228
v -1.216282 -0.138316 0.061007
v -1.029082 -0.140342 0.058066
v -0.831872 -0.145480 0.058322
v -0.832485 -0.106479 0.064626
v -1.216799 -0.163410 0.034307
v -1.027790 -0.165962 0.032540
v -0.831841 -0.170953 0.031787
v -0.625873 -0.173508 0.028655
v -0.624995 -0.148140 0.055585
v -1.026260 -0.180471 0.003179
v -0.831814 -0.183760 0.002088
v -0.626969 -0.185642 0.000223
v -0.832377 -0.172370 -0.028416
v -0.625859 -0.172444 -0.028231
v -0.830052 -0.144929 -0.055944
v -0.623853 -0.145053 -0.054086
v -0.828655 -0.103681 -0.059397
v -0.622430 -0.103329 -0.059922
v -0.827676 -0.056298 -0.055764
v -0.622657 -0.055343 -0.054682
v -0.416106 -0.056420 -0.056998
v -0.621597 -0.010457 -0.060843
v -0.415999 -0.008841 -0.061058
v -0.267152 -0.005848 -0.063984
v -0.420500 0.033568 -0.053430
v -0.269096 0.036867 -0.057631
v -0.178217 0.036249 -0.056840
v -0.270548 0.063680 -0.031237
v -0.176955 0.063758 -0.032072
v -1.032992 -0.102352 -0.060401
v -1.031080 -0.143585 -0.052861
v -1.218808 -0.142400 -0.054206
v -1.027519 -0.169125 -0.026951
v -1.218654 -0.166762 -0.027542
v -1.413222 -0.164159 -0.028636
v -1.217726 -0.177673 0.003580
v -1.414930 -0.175194 0.002872
v -1.613589 -0.171217 0.002608
v -1.415748 -0.161173 0.033502
v -1.611298 -0.157591 0.032425
v -1.817187 -0.152202 0.031644
v -1.608145 -0.132229 0.059077
v -1.813834 -0.127915 0.057293
v -2.013988 -0.118582 0.063515
v -1.809819 -0.090799 0.065728
v -2.011215 -0.083308 0.077713
v -2.005614 -0.038416 0.084424
v -2.117700 -0.036618 0.075447
v -2.183020 -0.033536 0.061930
v -0.030974 -0.166642 -0.049284
v -0.037847 0.053790 -0.086373
v -0.044278 0.017623 -0.121918
v -0.043095 0.051908 -0.116501
v -0.034444 0.087788 -0.080504
v -0.037978 -0.301408 -0.030216
v -0.026482 -0.320598 -0.033282
v -0.027178 -0.316006 0.061887
v -0.070051 -0.290567 -0.026897
v -0.096317 -0.299229 -0.029486
v -0.113486 -0.317669 -0.032500
v -0.112823 -0.311647 0.060256
v -0.113306 -0.272241 0.125863
v -0.119468 -0.238878 0.181786
v -0.099541 -0.180260 0.232469
v -0.117303 -0.173135 0.213736
v -0.101642 -0.079691 0.259063
v -0.100597 0.021764 0.254841
v -0.094402 0.097625 0.228323
v -0.110117 0.089132 0.205677
v -0.107407 0.135056 0.179017
v -0.105178 0.161047 -0.159614
v -0.108314 0.117289 -0.197315
v -0.111913 0.058680 -0.227976
v -0.097847 0.046229 -0.195218
v -0.112985 -0.011803 -0.241607
v -0.096028 -0.062151 -0.171411
v -0.095385 -0.070961 0.181353
v -0.076289 -0.168736 0.171452
v -0.075935 -0.168434 0.171000
v -0.076513 -0.169209 0.172102
v -0.077088 -0.169508 0.172768
v -0.075696 -0.169273 0.171603
v -0.075904 -0.169709 0.172553
v -0.077139 -0.170318 0.173201
v -0.074186 -0.168392 0.171125
v -0.073747 -0.168645 0.171421
v -0.073503 -0.167919 0.170614
v -0.072766 -0.168162 0.170906
v -0.074275 -0.167665 0.170307
v -0.075675 -0.167941 0.170372
v -0.075373 -0.167495 0.169758
v -0.075043 -0.168448 0.170404
v -0.074722 -0.168045 0.169817
v -0.074336 -0.169041 0.170464
v -0.073997 -0.168659 0.169882
v -0.073615 -0.169625 0.170505
v -0.072635 -0.169810 0.170006
v -0.073133 -0.169310 0.170133
v -0.073226 -0.168913 0.169706
v -0.072547 -0.169310 0.169276
v -0.073349 -0.168479 0.169273
v -0.072661 -0.168898 0.168860
v -0.073463 -0.168066 0.168855
v -0.072781 -0.168466 0.168423
v -0.072935 -0.167909 0.167861
v -0.073802 -0.166628 0.167316
v -0.073243 -0.166795 0.166736
v -0.073347 -0.166419 0.166356
v -0.074304 -0.166859 0.168376
v -0.074002 -0.167686 0.169105
v -0.074690 -0.167037 0.169193
v -0.075259 -0.167298 0.170394
v -0.074879 -0.168041 0.170887
v -0.075535 -0.167425 0.170977
v -0.075076 -0.168217 0.171425
v -0.075809 -0.167552 0.171556
v -0.075419 -0.168676 0.171791
v -0.076101 -0.167686 0.172171
v -0.076177 -0.168638 0.172229
v -0.075050 -0.169400 0.171589
v -0.074666 -0.169443 0.171056
v -0.075347 -0.168902 0.171026
v -0.074426 -0.168915 0.171220
v -0.073909 -0.169305 0.170927
v -0.848816 -2.220140 0.018246
v -0.852692 -2.220174 0.017933
v -0.856516 -2.220432 0.017990
vn -0.1347 -0.8395 0.5264
vn -0.0899 -0.7844 0.6137
vn -0.1111 -0.3125 0.9434
vn -0.2007 -0.1543 0.9674
vn -0.6234 -0.1937 0.7575
vn -0.6804 -0.3313 0.6536
vn -0.6251 0.4928 0.6054
vn -0.6054 0.4068 0.6842
vn -0.0141 0.8422 0.5390
vn -0.0601 0.8891 0.4537
vn -0.1609 0.2542 0.9537
vn -0.0811 0.3336 0.9392
vn -0.0808 0.9818 0.1721
vn -0.1662 0.9355 0.3118
vn -0.1694 0.7166 0.6766
vn -0.0546 0.5972 0.8002
vn -0.6557 0.5618 0.5044
vn -0.9439 0.1390 0.2997
vn -0.7160 0.6962 0.0514
vn -0.6795 0.7323 -0.0456
vn -0.6712 0.7408 0.0275
vn -0.4469 0.8704 0.2067
vn 0.0845 0.3320 0.9395
vn 0.0966 0.3456 0.9334
vn 0.8181 -0.0024 0.5751
vn 0.7167 0.1793 0.6740
vn 0.3823 0.9212 0.0721
vn 0.4569 0.8894 -0.0149
vn 0.4568 0.8895 -0.0136
vn 0.6728 0.5199 0.5263
vn 0.0361 0.9990 0.0255
vn 0.0764 0.9944 0.0726
vn -0.2857 -0.3977 0.8719
vn -0.2909 -0.4000 0.8691
vn -0.4733 -0.8733 -0.1152
vn -0.5083 -0.8609 -0.0231
vn -0.3419 -0.7627 0.5490
vn -0.2056 -0.8654 0.4569
vn -0.2131 -0.8647 0.4548
vn -0.4678 -0.8837 0.0176
vn 0.3339 -0.7037 0.6272
vn 0.2940 -0.9464 0.1339
vn 0.3118 -0.9480 0.0643
vn 0.1852 -0.9604 0.2082
vn 0.1037 -0.9712 0.2146
vn 0.2386 -0.8557 0.4591
vn -0.3087 0.7423 -0.5947
vn -0.5426 0.7066 -0.4542
vn -0.4312 0.3792 -0.8187
vn -0.7054 -0.5765 -0.4125
vn -0.7110 -0.6433 -0.2841
vn -0.5041 -0.5005 -0.7038
vn 0.9425 0.3185 -0.1012
vn 0.9416 0.3072 0.1379
vn 0.9681 -0.0431 0.2469
vn 0.9923 -0.1208 0.0272
vn 0.9410 0.3170 0.1183
vn 0.9562 0.0695 0.2844
vn -0.9118 -0.0325 0.4094
vn -0.9515 0.3025 0.0563
vn 0.5568 0.7199 -0.4142
vn 0.3225 0.7472 -0.5811
vn 0.7503 -0.5045 -0.4273
vn 0.5130 0.5380 -0.6689
vn 0.6506 -0.5158 -0.5573
vn 0.7465 -0.5880 -0.3115
vn -0.9516 0.3016 0.0586
vn -0.8756 0.3063 -0.3735
vn 0.8403 0.1589 0.5183
vn 0.8583 0.1293 0.4965
vn 0.8407 -0.3527 -0.4108
vn 0.7118 -0.2718 -0.6477
vn -0.8010 0.0977 -0.5906
vn -0.6633 -0.0374 -0.7474
vn -0.9674 0.0703 0.2433
vn -0.9867 0.1094 0.1203
vn -0.9318 -0.3083 0.1914
vn -0.9429 -0.1448 0.3000
vn -0.9386 -0.2648 -0.2213
vn -0.9251 -0.2638 0.2732
vn 0.5967 0.7802 -0.1878
vn 0.3321 0.5340 -0.7775
vn 0.3563 -0.6820 -0.6387
vn 0.4759 -0.7202 -0.5049
vn -0.6258 -0.6285 -0.4618
vn -0.3644 -0.6141 -0.7001
vn -0.7087 0.6263 -0.3246
vn -0.6042 -0.4626 -0.6489
vn -0.6492 0.6173 -0.4443
vn -0.7005 0.6616 -0.2675
vn 0.9602 -0.2497 0.1251
vn 0.8902 0.1401 0.4335
vn 0.8915 0.1327 0.4332
vn 0.8860 -0.4627 -0.0301
vn 0.9104 -0.3962 0.1188
vn 0.8440 -0.3395 -0.4153
vn 0.4763 -0.5896 -0.6524
vn 0.6282 0.6852 -0.3685
vn 0.2276 -0.9713 -0.0690
vn 0.2264 -0.9717 -0.0680
vn 0.0066 -0.9959 0.0900
vn 0.1904 -0.9565 -0.2212
vn -0.0936 -0.9763 -0.1953
vn 0.0029 -0.9999 -0.0160
vn 0.0789 -0.1003 0.9918
vn 0.0806 -0.1059 0.9911
vn 0.1776 -0.2929 0.9395
vn 0.5124 -0.6793 0.5253
vn 0.5323 -0.4193 0.7354
vn 0.5785 -0.7316 0.3606
vn 0.2217 0.4933 0.8411
vn 0.2009 0.5283 0.8249
vn 0.4164 0.8658 -0.2775
vn 0.5868 0.8070 -0.0669
vn 0.1576 0.9693 0.1888
vn 0.1343 0.8422 0.5222
vn -0.0347 0.6222 -0.7821
vn -0.0121 0.5485 -0.8361
vn -0.0593 0.9982 0.0033
vn -0.0330 0.9809 0.1918
vn 0.0663 0.9822 -0.1759
vn 0.0716 0.9002 -0.4296
vn 0.0860 -0.0852 -0.9926
vn 0.1008 -0.1348 -0.9857
vn 0.5107 -0.5358 -0.6724
vn 0.4661 -0.4387 -0.7683
vn 0.4953 -0.6735 -0.5487
vn 0.2024 -0.3114 -0.9285
vn 0.1749 0.5554 -0.8130
vn 0.0692 0.4321 -0.8991
vn 0.5188 0.7510 -0.4084
vn 0.3749 0.9269 0.0201
vn 0.5767 0.3525 -0.7369
vn 0.7805 0.0557 -0.6227
vn 0.7707 0.0434 0.6358
vn 0.5865 -0.4351 0.6832
vn 0.8771 0.1787 -0.4458
vn 0.8866 0.2004 -0.4169
vn 0.6847 0.5989 0.4154
vn 0.8152 0.5539 -0.1690
vn 0.4307 -0.6244 0.6517
vn 0.2335 -0.5527 0.8000
vn 0.7378 0.5742 -0.3548
vn 0.4601 -0.4468 0.7672
vn -0.3680 -0.5552 0.7459
vn -0.5639 -0.6257 0.5390
vn 0.8829 -0.2423 0.4022
vn 0.9611 -0.2491 0.1195
vn -0.9176 -0.0930 -0.3865
vn -0.8735 -0.4604 -0.1581
vn -0.9813 0.1810 -0.0659
vn -0.9501 0.1170 -0.2891
vn -0.7330 -0.0123 0.6801
vn -0.9435 0.1654 0.2873
vn 0.8276 -0.1034 0.5517
vn 0.9947 0.0967 0.0346
vn 0.9184 -0.0868 -0.3860
vn 0.9679 -0.2164 0.1279
vn 0.9711 0.2196 0.0935
vn 0.9371 0.2058 -0.2821
vn 0.9220 -0.0757 -0.3798
vn 0.8933 -0.0255 -0.4487
vn -0.6534 -0.5198 0.5504
vn -0.3405 0.5349 0.7732
vn -0.4028 -0.4884 0.7741
vn -0.6823 -0.6097 0.4034
vn -0.0884 -0.6574 -0.7484
vn -0.0489 -0.6050 -0.7947
vn -0.5488 -0.5823 -0.5998
vn -0.7001 -0.4230 -0.5753
vn -0.0424 -0.9053 -0.4226
vn -0.0811 -0.8674 -0.4909
vn -0.4557 -0.8806 -0.1302
vn -0.1596 -0.8834 -0.4405
vn -0.5302 -0.7722 -0.3501
vn -0.4650 -0.8830 -0.0642
vn -0.5734 -0.4914 0.6555
vn -0.6727 0.7114 0.2031
vn -0.6537 0.7462 0.1260
vn -0.6171 0.7308 0.2916
vn -0.1786 0.9385 -0.2956
vn -0.4442 0.8850 0.1394
vn -0.4320 0.8417 0.3239
vn -0.5277 0.8302 0.1798
vn -0.9839 -0.1596 0.0803
vn -0.9772 0.1579 -0.1418
vn -0.6997 0.6610 -0.2712
vn -0.4850 0.8558 -0.1798
vn -0.5611 0.4616 -0.6871
vn -0.7173 0.5048 -0.4803
vn -0.1043 0.2803 -0.9542
vn -0.1784 0.1977 -0.9639
vn -0.5822 0.3666 -0.7257
vn -0.5950 0.4271 -0.6809
vn -0.0725 0.8019 -0.5931
vn -0.0436 0.7617 -0.6464
vn -0.7349 -0.4025 -0.5458
vn -0.6708 -0.2693 -0.6910
vn -0.0666 -0.8444 -0.5316
vn -0.1312 -0.9190 -0.3718
vn -0.1860 -0.2828 -0.9410
vn -0.1178 -0.3871 -0.9145
vn -0.0189 -0.3723 -0.9279
vn -0.0239 -0.3868 -0.9219
vn -0.1959 -0.0004 -0.9806
vn -0.2210 -0.0295 -0.9748
vn -0.0592 -0.0501 -0.9970
vn -0.0250 -0.1394 -0.9899
vn 0.0821 0.0011 -0.9966
vn 0.0429 -0.1469 -0.9882
vn -0.0563 0.0389 -0.9977
vn -0.0144 0.1183 -0.9929
vn 0.0580 0.1091 -0.9923
vn 0.0814 -0.0169 -0.9965
vn 0.0015 -0.0651 -0.9979
vn 0.0145 -0.0132 -0.9998
vn 0.0637 0.2753 -0.9593
vn 0.0239 0.1115 -0.9935
vn 0.0013 0.1123 -0.9937
vn 0.0060 0.0836 -0.9965
vn 0.0025 0.1024 -0.9947
vn -0.0014 0.0840 -0.9965
vn 0.0142 0.6818 -0.7314
vn 0.0102 0.6668 -0.7452
vn 0.0040 0.6669 -0.7452
vn -0.0005 0.6838 -0.7297
vn 0.0001 0.6839 -0.7296
vn 0.0001 0.6838 -0.7296
vn 0.0018 0.9086 -0.4177
vn 0.0107 0.9293 -0.3691
vn -0.0000 0.9293 -0.3693
vn -0.0042 0.9373 -0.3486
vn -0.0014 0.9381 -0.3463
vn -0.0019 0.9373 -0.3486
vn -0.0051 0.9201 0.3916
vn -0.0029 0.9151 0.4033
vn -0.0000 0.9151 0.4033
vn -0.0059 0.9014 0.4331
vn -0.0086 0.9085 0.4177
vn -0.0056 0.9014 0.4331
vn 0.0003 0.6977 0.7164
vn 0.0012 0.6947 0.7193
vn -0.0083 0.6948 0.7191
vn -0.0039 0.7118 0.7023
vn 0.0007 0.7108 0.7034
vn 0.0004 0.7118 0.7024
vn -0.0021 0.1244 0.9922
vn -0.0062 0.1430 0.9897
vn -0.0005 0.1429 0.9897
vn 0.0049 0.1692 0.9856
vn 0.0032 0.1965 0.9805
vn 0.0098 0.1691 0.9855
vn -0.0003 -0.1360 0.9907
vn -0.0043 -0.1187 0.9929
vn -0.0027 -0.1188 0.9929
vn 0.0056 -0.0846 0.9964
vn -0.0599 0.0047 0.9982
vn -0.0285 -0.0838 0.9961
vn -0.0025 0.1145 0.9934
vn 0.0172 0.0264 0.9995
vn -0.0495 0.0279 0.9984
vn -0.0600 0.0017 0.9982
vn 0.0307 0.0045 0.9995
vn 0.0407 -0.0118 0.9991
vn -0.0601 -0.2391 0.9691
vn -0.0264 -0.3599 0.9326
vn 0.0056 -0.3639 0.9314
vn 0.0032 -0.3672 0.9301
vn 0.0074 -0.4173 0.9088
vn -0.0411 -0.3630 0.9309
vn -0.0322 -0.7463 0.6648
vn -0.0263 -0.7570 0.6529
vn -0.0237 -0.7571 0.6529
vn -0.0636 -0.7911 0.6083
vn -0.0474 -0.9584 0.2814
vn -0.0156 -0.9831 0.1822
vn -0.0410 -0.9826 0.1812
vn -0.0615 -0.9883 0.1394
vn -0.0497 -0.9583 0.2814
vn -0.0402 -0.9463 0.3208
vn -0.0516 -0.8978 -0.4373
vn -0.0404 -0.8742 -0.4839
vn -0.0236 -0.8750 -0.4835
vn -0.0263 -0.8713 -0.4901
vn -0.0381 -0.6514 -0.7578
vn -0.0486 -0.6801 -0.7315
vn -0.0146 -0.6825 -0.7307
vn -0.0245 -0.6638 -0.7475
vn -0.0363 -0.1144 -0.9928
vn -0.0526 -0.1604 -0.9857
vn 0.0118 -0.1680 -0.9857
vn -0.0030 -0.1354 -0.9908
vn -0.0606 -0.1446 -0.9876
vn -0.0500 -0.1320 -0.9900
vn 0.0189 -0.0016 -0.9998
vn 0.0273 0.0104 -0.9996
vn -0.0695 0.0079 -0.9976
vn -0.0563 -0.0047 -0.9984
vn -0.4990 -0.0216 -0.8663
vn -0.4799 -0.0065 -0.8773
vn -0.0697 -0.0060 -0.9975
vn -0.0642 -0.0015 -0.9979
vn -0.5853 0.0304 -0.8103
vn -0.4991 -0.0386 -0.8657
vn -0.9705 -0.0185 -0.2402
vn -0.9838 -0.0536 -0.1709
vn -0.5763 0.2082 -0.7903
vn -0.5683 0.2152 -0.7942
vn -0.9830 0.0727 -0.1685
vn -0.9708 0.0564 -0.2332
vn -0.9896 0.0580 0.1319
vn -0.9673 0.0088 0.2536
vn -0.9849 -0.0050 -0.1730
vn -0.9850 -0.0047 -0.1725
vn -0.9992 -0.0295 0.0260
vn -0.9915 0.0090 0.1296
vn -0.9682 0.0525 0.2445
vn -0.9924 0.1218 0.0162
vn -0.9712 0.0811 -0.2241
vn -0.9760 0.1149 -0.1850
vn -0.9982 0.0375 0.0473
vn -0.9962 0.0620 -0.0616
vn -0.9851 0.1295 0.1128
vn -0.9532 -0.2886 -0.0905
vn -0.9908 0.0640 0.1192
vn -0.9913 0.0641 0.1149
vn -0.9997 0.0181 0.0190
vn -0.9904 0.0832 0.1109
vn -0.9777 0.1193 0.1726
vn -0.9625 0.1227 0.2418
vn -0.9971 0.0661 0.0372
vn -0.9751 0.1641 0.1489
vn -0.9965 0.0263 0.0789
vn -0.9997 -0.0025 0.0250
vn -0.7305 0.4716 0.4940
vn -0.9336 -0.0181 0.3577
vn -0.9950 0.0652 0.0761
vn -0.9971 0.0442 0.0616
vn -0.6471 -0.4538 -0.6126
vn -0.5486 -0.4454 -0.7076
vn -0.9912 0.1265 0.0399
vn -0.9645 0.1227 0.2340
vn -0.7141 -0.2495 -0.6541
vn -0.6448 -0.3156 -0.6961
vn -0.0697 -0.4184 -0.9056
vn -0.0660 -0.4170 -0.9065
vn -0.7029 -0.1355 -0.6983
vn -0.7426 -0.1460 -0.6536
vn -0.0264 -0.2497 -0.9680
vn -0.0564 -0.2342 -0.9706
vn 0.6838 -0.1563 -0.7128
vn 0.5993 -0.2143 -0.7713
vn 0.0097 -0.0383 -0.9992
vn 0.0434 -0.0251 -0.9987
vn 0.7659 -0.0744 -0.6387
vn 0.6972 -0.0224 -0.7165
vn 0.8609 0.0498 0.5063
vn 0.9264 -0.0310 0.3752
vn 0.7942 0.0933 -0.6004
vn 0.8901 0.1198 -0.4397
vn 0.8371 -0.1648 0.5216
vn 0.8784 -0.0756 0.4719
vn 0.0749 0.2279 -0.9708
vn 0.1396 0.1902 -0.9718
vn 0.1642 0.4472 -0.8793
vn 0.1719 0.4501 -0.8763
vn 0.9376 0.1322 -0.3216
vn 0.8961 0.2371 -0.3751
vn 0.1862 0.6228 -0.7599
vn 0.1270 0.6015 -0.7887
vn 0.8683 0.2945 -0.3993
vn 0.9372 0.1301 -0.3236
vn 0.1318 0.7620 -0.6341
vn 0.1055 0.7546 -0.6476
vn 0.8331 0.4230 -0.3564
vn 0.8714 0.3536 -0.3401
vn 0.9598 -0.1961 0.2010
vn 0.9673 -0.1863 0.1720
vn 0.8351 0.4948 -0.2402
vn 0.8396 0.4899 -0.2346
vn 0.9851 -0.1566 0.0711
vn 0.9598 -0.2692 0.0798
vn 0.2826 -0.8765 0.3899
vn 0.2402 -0.8760 0.4183
vn 0.9853 -0.1704 0.0094
vn 0.9942 -0.1061 -0.0148
vn 0.3415 -0.9387 0.0482
vn 0.2843 -0.9585 0.0205
vn -0.4056 -0.9137 0.0249
vn -0.4222 -0.9059 0.0337
vn 0.3475 -0.8883 -0.3001
vn 0.3527 -0.8855 -0.3024
vn -0.3856 -0.8661 -0.3182
vn -0.4025 -0.8556 -0.3256
vn -0.9978 -0.0347 0.0573
vn -0.9969 -0.0527 0.0585
vn -0.3882 -0.8297 0.4011
vn -0.4166 -0.8255 0.3809
vn -0.9998 -0.0176 0.0008
vn -0.9989 -0.0454 0.0103
vn -0.7733 0.6334 -0.0284
vn -0.7484 0.6630 -0.0178
vn -0.9998 -0.0163 -0.0078
vn -0.9963 -0.0686 -0.0518
vn -0.7227 0.6534 0.2253
vn -0.7729 0.5913 0.2303
vn 0.0028 0.9388 0.3443
vn 0.0436 0.9314 0.3613
vn -0.7247 0.5748 0.3800
vn -0.7479 0.5646 0.3492
vn -0.0316 0.8115 0.5835
vn -0.0009 0.8216 0.5701
vn 0.7188 0.5752 0.3905
vn 0.7667 0.5094 0.3908
vn -0.0333 0.6876 0.7253
vn -0.0720 0.7069 0.7036
vn 0.6854 0.4864 0.5419
vn 0.7174 0.4814 0.5035
vn 0.9993 0.0245 -0.0266
vn 0.9921 -0.1055 -0.0678
vn 0.6860 0.3735 0.6245
vn 0.6237 0.4420 0.6446
vn 0.9969 -0.0558 -0.0556
vn 0.9988 -0.0453 0.0198
vn 0.6181 0.2356 0.7500
vn 0.5704 0.2744 0.7742
vn 0.9981 -0.0527 -0.0313
vn 0.9970 -0.0524 -0.0570
vn 0.5635 0.0071 0.8261
vn 0.4968 0.0378 0.8670
vn 0.9962 -0.0192 0.0845
vn 0.9992 0.0035 -0.0408
vn 0.4917 -0.2276 0.8405
vn 0.4700 -0.2227 0.8541
vn 0.9779 -0.0715 0.1964
vn 0.9963 -0.0136 0.0847
vn 0.9897 0.1096 -0.0922
vn 0.7553 0.4759 -0.4506
vn 0.8106 0.2454 -0.5318
vn 0.6366 0.1972 -0.7455
vn 0.9776 -0.0883 0.1912
vn 0.9485 -0.1061 0.2984
vn 0.9292 -0.2415 0.2796
vn 0.9501 -0.1847 0.2515
vn 0.4630 -0.4207 0.7802
vn 0.4549 -0.4260 0.7820
vn 0.4526 -0.6075 0.6528
vn 0.4601 -0.6072 0.6478
vn 0.4711 -0.7750 0.4213
vn 0.4667 -0.7779 0.4207
vn -0.1808 -0.6897 0.7012
vn -0.1082 -0.6709 0.7336
vn -0.1060 -0.8828 0.4576
vn -0.0826 -0.8880 0.4523
vn -0.5875 -0.7321 0.3449
vn -0.5695 -0.7399 0.3582
vn -0.5691 -0.8204 0.0547
vn -0.5513 -0.8328 0.0499
vn -0.0568 -0.9961 0.0672
vn -0.0776 -0.9951 0.0607
vn 0.4838 -0.8093 -0.3332
vn 0.5165 -0.7958 -0.3161
vn 0.5177 -0.8540 0.0506
vn 0.4781 -0.8760 0.0638
vn -0.0538 -0.9337 -0.3540
vn -0.0404 -0.9325 -0.3590
vn -0.5578 -0.7825 -0.2767
vn -0.5590 -0.7816 -0.2768
vn -0.5601 -0.6365 -0.5303
vn -0.5541 -0.6374 -0.5355
vn -0.0686 -0.7536 -0.6538
vn -0.0453 -0.7611 -0.6470
vn 0.5057 -0.6367 -0.5821
vn 0.4714 -0.6640 -0.5804
vn -0.0689 -0.5770 -0.8138
vn -0.0696 -0.5773 -0.8136
vn 0.5444 -0.4875 -0.6826
vn 0.4993 -0.4814 -0.7203
vn 0.9957 0.0341 -0.0860
vn 0.9806 -0.0983 -0.1695
vn 0.5477 -0.3628 -0.7539
vn 0.5909 -0.3296 -0.7363
vn 0.9676 0.0792 0.2398
vn 0.9904 0.0843 -0.1099
vn 0.9801 -0.0070 0.1983
vn 0.8723 0.3703 0.3193
vn 0.9619 -0.1646 -0.2181
vn 0.9816 -0.1258 -0.1434
vn 0.9859 0.1413 0.0892
vn 0.9880 0.1392 0.0664
vn 0.9948 0.1009 0.0122
vn 0.9938 0.1101 0.0171
vn 0.9837 0.1616 0.0795
vn 0.8137 0.4398 0.3801
vn 0.8805 0.1975 -0.4309
vn 0.9893 0.1455 -0.0077
vn 0.9945 -0.1042 0.0080
vn 0.9807 0.1558 0.1177
vn 0.9898 0.1329 -0.0521
vn 0.9829 0.1484 -0.1094
vn 0.9824 0.1639 -0.0897
vn 0.9834 0.1509 -0.1007
vn 0.9996 -0.0211 -0.0180
vn 0.9999 0.0005 0.0109
vn 0.9999 0.0010 0.0151
vn 0.9963 0.0458 -0.0724
vn 0.9733 0.0589 -0.2218
vn 0.9636 0.0246 -0.2661
vn 0.9998 -0.0142 0.0151
vn 0.9953 -0.0661 -0.0703
vn 0.9929 -0.0671 -0.0987
vn 0.9749 0.0005 -0.2227
vn 0.9936 -0.0553 -0.0986
vn 0.9834 -0.0950 -0.1547
vn 0.6327 -0.0718 -0.7711
vn 0.5947 -0.0308 -0.8034
vn 0.5956 0.0214 -0.8030
vn 0.5419 -0.0244 -0.8401
vn 0.4948 0.0214 -0.8687
vn 0.5418 -0.0158 -0.8403
vn 0.1127 -0.0048 -0.9936
vn 0.1357 -0.0266 -0.9904
vn 0.1348 0.0055 -0.9909
vn 0.1218 -0.0101 -0.9925
vn 0.1079 -0.0204 -0.9939
vn 0.1231 -0.0371 -0.9917
vn 0.0455 0.0014 -0.9990
vn 0.0906 -0.0603 -0.9941
vn 0.0916 -0.0759 -0.9929
vn 0.1144 -0.0201 -0.9932
vn 0.0925 -0.1329 -0.9868
vn 0.0819 -0.1874 -0.9789
vn 0.0832 -0.1872 -0.9788
vn 0.1468 -0.2940 -0.9445
vn 0.0836 -0.0768 -0.9935
vn 0.0903 -0.0966 -0.9912
vn -0.0012 -0.1117 -0.9937
vn -0.0009 -0.1100 -0.9939
vn 0.0827 -0.0607 -0.9947
vn 0.0777 -0.0776 -0.9940
vn -0.0021 -0.0854 -0.9963
vn -0.0012 -0.0901 -0.9959
vn -0.0003 -0.0817 -0.9967
vn -0.0020 -0.0901 -0.9959
vn -0.0023 -0.1101 -0.9939
vn -0.0029 -0.1123 -0.9937
vn -0.0043 -0.1123 -0.9937
vn -0.0011 -0.1292 -0.9916
vn -0.0001 -0.1089 -0.9941
vn -0.0045 -0.1292 -0.9916
vn -0.0016 0.0640 -0.9979
vn 0.0003 0.0735 -0.9973
vn 0.0008 0.0735 -0.9973
vn 0.0032 0.0574 -0.9983
vn 0.0002 0.0463 -0.9989
vn 0.0022 0.0574 -0.9984
vn 0.0018 0.1243 -0.9922
vn 0.0036 0.1346 -0.9909
vn 0.0019 0.1346 -0.9909
vn 0.0020 0.1339 -0.9910
vn 0.0031 0.1411 -0.9900
vn 0.0018 0.1339 -0.9910
vn 0.0061 0.3169 -0.9484
vn 0.0076 0.3259 -0.9454
vn 0.0069 0.3259 -0.9454
vn 0.0072 0.3234 -0.9462
vn 0.0045 0.3039 -0.9527
vn 0.0079 0.3234 -0.9462
vn 0.0226 0.9461 0.3230
vn 0.0210 0.9506 0.3098
vn 0.0183 0.9506 0.3098
vn 0.0239 0.9634 0.2671
vn 0.0208 0.9762 0.2161
vn 0.0270 0.9633 0.2671
vn 0.0012 0.1732 0.9849
vn 0.0027 0.1610 0.9869
vn 0.0031 0.1610 0.9869
vn 0.0088 0.1954 0.9807
vn 0.0041 0.2062 0.9785
vn 0.0055 0.1954 0.9807
vn 0.0026 0.1382 0.9904
vn 0.0024 0.1397 0.9902
vn 0.0032 0.1397 0.9902
vn 0.0028 0.1370 0.9906
vn 0.0028 0.1408 0.9900
vn 0.0032 0.1370 0.9906
vn -0.0010 -0.0475 0.9989
vn -0.0006 -0.0501 0.9987
vn -0.0007 -0.0501 0.9987
vn -0.0006 -0.0497 0.9988
vn -0.0018 -0.0353 0.9994
vn 0.0002 -0.0497 0.9988
vn -0.0015 -0.0908 0.9959
vn -0.0016 -0.0904 0.9959
vn -0.0028 -0.0965 0.9953
vn -0.0018 -0.0889 0.9960
vn -0.0006 -0.0965 0.9953
vn -0.0017 -0.0968 0.9953
vn -0.0018 -0.0960 0.9954
vn -0.0017 -0.0960 0.9954
vn -0.0019 -0.0970 0.9953
vn -0.0021 -0.0948 0.9955
vn -0.0018 -0.0970 0.9953
vn -0.0020 -0.1212 0.9926
vn -0.0020 -0.1211 0.9926
vn -0.0021 -0.1211 0.9926
vn -0.0026 -0.1246 0.9922
vn -0.0018 -0.1188 0.9929
vn -0.0011 -0.1246 0.9922
vn -0.0026 -0.1566 0.9877
vn -0.0032 -0.1508 0.9886
vn -0.0022 -0.1508 0.9886
vn -0.0025 -0.1531 0.9882
vn -0.0024 -0.1561 0.9877
vn -0.0027 -0.1531 0.9882
vn -0.0202 -0.9555 -0.2942
vn -0.0213 -0.9594 -0.2814
vn -0.0211 -0.9594 -0.2814
vn -0.0196 -0.9655 -0.2595
vn -0.0139 -0.9643 -0.2645
vn -0.0143 -0.9656 -0.2596
vn -0.0009 -0.1413 -0.9900
vn -0.0014 -0.1443 -0.9895
vn -0.0034 -0.1443 -0.9895
vn -0.0027 -0.1510 -0.9885
vn -0.0010 -0.1435 -0.9896
vn -0.0021 -0.1510 -0.9885
vn -0.0029 -0.1097 -0.9940
vn -0.0022 -0.1047 -0.9945
vn -0.0012 -0.1047 -0.9945
vn -0.0005 -0.1098 -0.9940
vn -0.0011 -0.1073 -0.9942
vn -0.0014 -0.1098 -0.9940
vn -0.0010 -0.0927 -0.9957
vn -0.0021 -0.0989 -0.9951
vn -0.0001 -0.0989 -0.9951
vn -0.0009 -0.0937 -0.9956
vn -0.0005 -0.1003 -0.9950
vn 0.0006 -0.0936 -0.9956
vn -0.0008 -0.1476 -0.9891
vn -0.0003 -0.1451 -0.9894
vn 0.0010 -0.1451 -0.9894
vn -0.0009 -0.1322 -0.9912
vn 0.0012 -0.1209 -0.9927
vn -0.0008 -0.1322 -0.9912
vn 0.0047 0.0789 -0.9969
vn 0.0005 0.0519 -0.9987
vn 0.0016 0.0520 -0.9986
vn 0.0031 0.0401 -0.9992
vn -0.0002 0.0519 -0.9987
vn -0.0021 0.0398 -0.9992
vn 0.0026 0.1534 -0.9882
vn 0.0019 0.1486 -0.9889
vn 0.0017 0.1486 -0.9889
vn 0.0008 0.1556 -0.9878
vn 0.0019 0.1672 -0.9859
vn 0.0002 0.1556 -0.9878
vn 0.0029 0.2671 -0.9637
vn 0.0025 0.2642 -0.9645
vn 0.0047 0.2643 -0.9644
vn 0.0031 0.2762 -0.9611
vn -0.0037 0.2414 -0.9704
vn 0.0014 0.2761 -0.9611
vn 0.0126 0.9902 0.1389
vn 0.0093 0.9940 0.1092
vn -0.0004 0.9940 0.1091
vn 0.0057 0.9984 0.0556
vn 0.0013 0.9992 0.0388
vn 0.0033 0.9985 0.0555
vn -0.0007 0.2172 0.9761
vn 0.0011 0.2047 0.9788
vn 0.0018 0.2096 0.9778
vn 0.0001 0.2167 0.9762
vn 0.0012 0.2096 0.9778
vn 0.0011 0.1491 0.9888
vn 0.0016 0.1455 0.9894
vn 0.0003 0.1369 0.9906
vn -0.0004 0.1366 0.9906
vn -0.0004 0.1368 0.9906
vn 0.0025 0.0317 0.9995
vn 0.0005 0.0437 0.9990
vn -0.0006 0.0437 0.9990
vn 0.0003 0.0497 0.9988
vn -0.0087 0.0929 0.9956
vn -0.0010 0.0497 0.9988
vn 0.0011 -0.1420 0.9899
vn 0.0004 -0.1385 0.9904
vn 0.0017 -0.1384 0.9904
vn -0.0064 -0.1828 0.9831
vn 0.0016 -0.1727 0.9850
vn 0.0037 -0.1821 0.9833
vn 0.0014 -0.1193 0.9929
vn 0.0008 -0.1167 0.9932
vn 0.0002 -0.1167 0.9932
vn 0.0004 -0.1158 0.9933
vn 0.0028 -0.1211 0.9926
vn 0.0016 -0.1157 0.9933
vn 0.0006 -0.1316 0.9913
vn 0.0012 -0.1349 0.9909
vn 0.0033 -0.1347 0.9909
vn 0.0032 -0.1351 0.9908
vn 0.0047 -0.1409 0.9900
vn 0.0035 -0.1351 0.9908
vn 0.0041 -0.1624 0.9867
vn 0.0047 -0.1651 0.9863
vn 0.0065 -0.1650 0.9863
vn 0.0058 -0.1700 0.9854
vn 0.0068 -0.1744 0.9847
vn 0.0384 -0.9971 -0.0652
vn 0.0372 -0.9980 -0.0512
vn 0.0493 -0.9975 -0.0515
vn 0.0498 -0.9977 -0.0463
vn 0.1171 -0.9925 -0.0343
vn 0.1183 -0.9919 -0.0461
vn 0.0063 -0.1731 -0.9849
vn 0.0080 -0.1584 -0.9873
vn 0.0177 -0.1564 -0.9875
vn 0.0193 -0.1618 -0.9866
vn 0.0400 -0.1833 -0.9822
vn 0.0381 -0.1540 -0.9873
vn 0.0167 -0.1470 -0.9890
vn 0.0158 -0.1580 -0.9873
vn 0.0327 -0.1512 -0.9880
vn 0.0332 -0.1524 -0.9878
vn 0.0488 -0.1381 -0.9892
vn 0.0493 -0.1413 -0.9887
vn 0.0304 -0.1396 -0.9897
vn 0.0301 -0.1700 -0.9850
vn 0.0581 -0.1532 -0.9865
vn 0.0458 -0.1285 -0.9906
vn 0.0582 -0.0761 -0.9954
vn 0.0663 -0.1122 -0.9915
vn 0.0411 -0.0866 -0.9954
vn 0.0402 -0.0724 -0.9966
vn 0.0565 -0.0637 -0.9964
vn 0.0475 -0.0421 -0.9980
vn 0.0674 -0.0678 -0.9954
vn 0.0602 -0.0340 -0.9976
vn 0.0256 0.0537 -0.9982
vn 0.0294 0.0197 -0.9994
vn 0.0475 0.0297 -0.9984
vn 0.0134 0.1331 -0.9910
vn 0.2291 0.3022 -0.9253
vn 0.0287 0.1199 -0.9924
vn 0.0098 0.3360 -0.9418
vn 0.2439 0.4792 -0.8431
vn 0.2126 0.5285 -0.8219
vn 0.7707 0.6110 -0.1808
vn 0.2734 0.1192 -0.9545
vn 0.8964 0.1175 -0.4273
vn 0.4582 -0.1097 -0.8820
vn 0.2950 0.0773 -0.9524
vn 0.3269 0.0591 0.9432
vn 0.6008 -0.6908 0.4022
vn 0.2712 0.2178 0.9376
vn 0.2724 0.2465 0.9301
vn 0.0398 0.0317 0.9987
vn 0.0562 -0.0228 0.9982
vn 0.0374 0.0211 0.9991
vn 0.0428 -0.0317 0.9986
vn 0.0460 -0.0495 0.9977
vn 0.0642 -0.1064 0.9922
vn 0.0641 -0.1063 0.9923
vn 0.0774 -0.0964 0.9923
vn 0.0872 -0.1336 0.9872
vn 0.0486 -0.1185 0.9918
vn 0.0514 -0.1411 0.9887
vn 0.0483 -0.1314 0.9902
vn 0.0521 -0.1381 0.9890
vn 0.0695 -0.1211 0.9902
vn 0.0688 -0.1184 0.9906
vn 0.0526 -0.1397 0.9888
vn 0.0792 -0.1847 0.9796
vn 0.1061 -0.1570 0.9819
vn 0.1608 -0.3151 0.9353
vn 0.3683 -0.9297 0.0002
vn 0.3582 -0.9296 0.0865
vn 0.4869 -0.8686 0.0918
vn 0.4818 -0.8762 0.0137
vn 0.0623 -0.1674 -0.9839
vn 0.0678 -0.1951 -0.9784
vn 0.0919 -0.1706 -0.9810
vn 0.1970 -0.3187 -0.9272
vn 0.0359 -0.1514 0.9878
vn 0.0349 -0.1363 0.9901
vn 0.2386 -0.9704 -0.0369
vn 0.2350 -0.9720 -0.0004
vn 0.0336 -0.1414 0.9894
vn 0.0335 -0.1411 0.9894
vn 0.0138 -0.1494 0.9887
vn 0.0153 -0.1282 0.9916
vn 0.0202 -0.1718 0.9849
vn 0.0124 -0.1459 0.9892
vn 0.0140 -0.1517 0.9883
vn 0.0084 -0.1336 0.9910
vn 0.0019 -0.1348 0.9909
vn 0.0050 -0.1132 0.9936
vn 0.0063 -0.1407 0.9900
vn 0.0039 -0.1304 0.9915
vn 0.0017 -0.1293 0.9916
vn 0.0121 -0.1705 0.9853
vn 0.0064 -0.1712 0.9852
vn 0.0060 -0.1730 0.9849
vn 0.0044 -0.1210 0.9926
vn 0.0027 -0.1135 0.9935
vn -0.0016 0.1226 0.9925
vn -0.0001 0.1156 0.9933
vn 0.0007 0.1157 0.9933
vn -0.0011 0.1046 0.9945
vn 0.0031 -0.1725 0.9850
vn 0.0032 -0.1733 0.9849
vn 0.0004 0.1368 0.9906
vn 0.0003 0.1375 0.9905
vn 0.0002 0.1375 0.9905
vn 0.0006 0.1397 0.9902
vn 0.0011 0.0936 0.9956
vn -0.0009 0.1046 0.9945
vn -0.0006 0.2076 0.9782
vn -0.0020 0.2159 0.9764
vn -0.0019 0.2159 0.9764
vn -0.0012 0.1365 0.9906
vn -0.0017 0.1396 0.9902
vn -0.0076 0.9999 0.0140
vn -0.0072 0.9998 0.0177
vn -0.0054 0.9998 0.0177
vn -0.0068 0.9995 0.0295
vn -0.0011 0.2166 0.9763
vn -0.0010 0.2160 0.9764
vn -0.0052 0.2271 -0.9739
vn -0.0003 0.2604 -0.9655
vn -0.0002 0.2604 -0.9655
vn 0.0014 0.2494 -0.9684
vn 0.0019 0.9992 0.0388
vn 0.0008 0.9996 0.0295
vn -0.0002 0.1509 -0.9885
vn 0.0001 0.1528 -0.9883
vn 0.0004 0.1529 -0.9882
vn 0.0001 0.1552 -0.9879
vn 0.0004 0.2417 -0.9704
vn 0.0016 0.2494 -0.9684
vn -0.0000 0.0607 -0.9982
vn -0.0017 0.0492 -0.9988
vn 0.0040 0.0495 -0.9988
vn 0.0019 0.0634 -0.9980
vn 0.0025 0.1672 -0.9859
vn 0.0007 0.1552 -0.9879
vn 0.0030 -0.1338 -0.9910
vn -0.0001 -0.1505 -0.9886
vn -0.0013 -0.1506 -0.9886
vn -0.0039 -0.1354 -0.9908
vn -0.0025 0.0518 -0.9987
vn -0.0007 0.0632 -0.9980
vn -0.0010 -0.1107 -0.9938
vn -0.0003 -0.1065 -0.9943
vn -0.0002 -0.1065 -0.9943
vn -0.0009 -0.1016 -0.9948
vn -0.0011 -0.1211 -0.9926
vn -0.0037 -0.1354 -0.9908
vn -0.0003 -0.1196 -0.9928
vn 0.0003 -0.1196 -0.9928
vn -0.0003 -0.1146 -0.9934
vn -0.0002 -0.1003 -0.9950
vn -0.0004 -0.1016 -0.9948
vn 0.0002 -0.1376 -0.9905
vn -0.0005 -0.1418 -0.9899
vn 0.0007 -0.1418 -0.9899
vn 0.0011 -0.1448 -0.9895
vn 0.0014 -0.1072 -0.9942
vn 0.0004 -0.1145 -0.9934
vn -0.0067 -0.9704 -0.2412
vn -0.0055 -0.9663 -0.2573
vn -0.0138 -0.9662 -0.2573
vn -0.0140 -0.9656 -0.2595
vn -0.0018 -0.1435 -0.9896
vn -0.0020 -0.1449 -0.9894
vn -0.0018 -0.1516 0.9884
vn -0.0017 -0.1524 0.9883
vn -0.0019 -0.1524 0.9883
vn -0.0026 -0.1575 0.9875
vn -0.0124 -0.9643 -0.2645
vn -0.0128 -0.9657 -0.2595
vn -0.0015 -0.1235 0.9923
vn -0.0018 -0.1212 0.9926
vn -0.0022 -0.1212 0.9926
vn -0.0022 -0.1210 0.9927
vn -0.0027 -0.1561 0.9877
vn -0.0025 -0.1575 0.9875
vn -0.0019 -0.0997 0.9950
vn -0.0020 -0.0991 0.9951
vn -0.0022 -0.0991 0.9951
vn -0.0019 -0.0976 0.9952
vn -0.0023 -0.1188 0.9929
vn -0.0021 -0.1210 0.9927
vn -0.0022 -0.1042 0.9946
vn -0.0036 -0.0956 0.9954
vn -0.0013 -0.0956 0.9954
vn -0.0010 -0.0938 0.9956
vn -0.0010 -0.0948 0.9955
vn -0.0006 -0.0976 0.9952
vn -0.0003 -0.0402 0.9992
vn -0.0000 -0.0427 0.9991
vn -0.0008 -0.0428 0.9991
vn -0.0018 -0.0484 0.9988
vn -0.0026 -0.0889 0.9960
vn -0.0018 -0.0938 0.9956
vn 0.0030 0.1465 0.9892
vn 0.0033 0.1435 0.9896
vn 0.0029 0.1435 0.9897
vn 0.0013 0.1335 0.9910
vn -0.0016 -0.0353 0.9994
vn 0.0002 -0.0484 0.9988
vn 0.0036 0.1822 0.9833
vn 0.0019 0.1969 0.9804
vn 0.0020 0.1969 0.9804
vn 0.0040 0.2093 0.9778
vn 0.0027 0.1408 0.9900
vn 0.0036 0.1335 0.9910
vn 0.0199 0.9779 0.2080
vn 0.0182 0.9813 0.1915
vn 0.0216 0.9813 0.1915
vn 0.0177 0.9740 0.2260
vn 0.0049 0.2062 0.9785
vn 0.0045 0.2093 0.9778
vn 0.0078 0.3119 -0.9501
vn 0.0060 0.3007 -0.9537
vn 0.0062 0.3007 -0.9537
vn 0.0077 0.2885 -0.9575
vn 0.0194 0.9762 0.2161
vn 0.0205 0.9739 0.2260
vn 0.0030 0.1506 -0.9886
vn 0.0027 0.1487 -0.9889
vn 0.0028 0.1487 -0.9889
vn 0.0033 0.1442 -0.9895
vn 0.0076 0.3039 -0.9527
vn 0.0049 0.2885 -0.9575
vn -0.0006 0.0203 -0.9998
vn 0.0031 0.0411 -0.9992
vn 0.0030 0.0411 -0.9992
vn 0.0011 0.0554 -0.9985
vn 0.0029 0.1411 -0.9900
vn 0.0034 0.1442 -0.9895
vn -0.0000 -0.1102 -0.9939
vn -0.0019 -0.1195 -0.9928
vn -0.0027 -0.1195 -0.9928
vn -0.0043 -0.1099 -0.9939
vn -0.0014 0.0464 -0.9989
vn 0.0003 0.0554 -0.9985
vn -0.0021 -0.0876 -0.9962
vn -0.0023 -0.0885 -0.9961
vn -0.0014 -0.0885 -0.9961
vn -0.0005 -0.0943 -0.9955
vn -0.0008 -0.1089 -0.9941
vn -0.0010 -0.1100 -0.9939
vn -0.0019 -0.1158 -0.9933
vn -0.0021 -0.1172 -0.9931
vn -0.0019 -0.1182 -0.9930
vn -0.0013 -0.0816 -0.9967
vn -0.0038 -0.0943 -0.9955
vn -0.0024 -0.1388 -0.9903
vn -0.0024 -0.1383 -0.9904
vn -0.0020 -0.1383 -0.9904
vn -0.0020 -0.1385 -0.9904
vn -0.0014 -0.1117 -0.9937
vn -0.0026 -0.1182 -0.9930
vn -0.0160 -0.9242 -0.3815
vn -0.0166 -0.9264 -0.3762
vn -0.0019 -0.9265 -0.3763
vn -0.0108 -0.8908 -0.4542
vn -0.0015 -0.1410 -0.9900
vn -0.0010 -0.1385 -0.9904
vn -0.0037 -0.1616 0.9869
vn -0.0010 -0.1788 0.9839
vn 0.1171 -0.1714 0.9782
vn 0.0367 -0.6211 0.7829
vn 0.0674 -0.9320 -0.3561
vn 0.0894 -0.8858 -0.4554
vn 0.1997 -0.5941 0.7792
vn 0.0530 -0.8748 0.4817
vn 0.0561 -0.9925 -0.1088
vn 0.1539 -0.9235 -0.3515
vn 0.1116 -0.1054 0.9881
vn 0.1018 -0.0778 0.9918
vn 0.0951 -0.0788 0.9923
vn 0.1200 -0.0084 0.9927
vn 0.0916 -0.0407 0.9950
vn 0.0732 -0.0149 0.9972
vn 0.1716 -0.0115 0.9851
vn 0.1669 -0.0171 0.9858
vn 0.1740 -0.1388 0.9749
vn 0.0461 -0.0154 0.9988
vn 0.6618 -0.0153 0.7495
vn 0.6285 -0.0456 0.7765
vn 0.6243 -0.1032 0.7744
vn 0.6201 -0.0996 0.7782
vn 0.9760 -0.0093 0.2176
vn 0.9922 0.0826 0.0931
vn 0.9953 0.0392 0.0891
vn 0.9980 0.0271 0.0569
vn 0.9881 0.0195 0.1529
vn 0.9861 0.1599 0.0449
vn 0.6414 -0.7364 -0.2153
vn 0.5975 -0.7345 -0.3218
vn 0.5524 -0.8294 0.0838
vn 0.5907 -0.8061 0.0352
vn 0.9942 0.1005 -0.0385
vn 0.9895 -0.0307 0.1414
vn 0.9762 0.0017 0.2171
vn 0.9678 0.0228 0.2509
vn 0.9995 0.0329 -0.0026
vn 0.9977 0.0570 -0.0373
vn 0.9977 -0.0670 -0.0088
vn 0.9982 -0.0337 0.0502
vn 0.9975 -0.0339 0.0622
vn 0.9990 -0.0220 0.0393
vn 0.9956 0.0724 0.0599
vn 0.9982 0.0532 0.0272
vn 0.9961 -0.0717 0.0524
vn 0.9832 0.0429 0.1776
vn 0.9893 0.0405 0.1403
vn 0.9945 0.0887 0.0564
vn 0.9835 -0.0737 0.1651
vn 0.9831 -0.1619 0.0849
vn 0.9814 -0.1577 0.1098
vn 0.9535 -0.2329 0.1913
vn 0.9802 -0.0624 0.1877
vn 0.9853 -0.0457 0.1648
vn 0.7552 -0.0582 0.6529
vn 0.7250 -0.0151 0.6885
vn 0.9798 -0.0693 0.1878
vn 0.9677 -0.0304 0.2503
vn 0.7124 -0.0344 0.7010
vn 0.7568 0.0083 0.6535
vn 0.1532 -0.0281 0.9878
vn 0.1324 -0.0067 0.9912
vn 0.7126 -0.0181 0.7014
vn 0.6621 0.0243 0.7490
vn 0.1712 0.0075 0.9852
vn 0.1533 -0.0104 0.9881
vn 0.0665 0.0188 0.9976
vn 0.0909 -0.0347 0.9953
vn 0.0875 -0.0345 0.9956
vn 0.1331 0.0178 0.9909
vn 0.0598 -0.0264 0.9979
vn 0.0643 -0.0204 0.9977
vn 0.0680 -0.0252 0.9974
vn 0.0666 -0.0205 0.9976
vn 0.0599 -0.0138 0.9981
vn 0.0739 -0.0315 0.9968
vn 0.0862 -0.0310 0.9958
vn 0.0672 -0.0822 0.9944
vn -0.0006 -0.0812 0.9967
vn -0.0004 -0.0821 0.9966
vn 0.0865 -0.0410 0.9954
vn 0.1021 -0.0811 0.9915
vn -0.0000 -0.0941 0.9956
vn -0.0006 -0.0972 0.9953
vn -0.0010 -0.0979 0.9952
vn -0.0011 -0.0972 0.9953
vn -0.0000 -0.1214 0.9926
vn -0.0012 -0.1146 0.9934
vn -0.0007 -0.1146 0.9934
vn -0.0013 -0.1180 0.9930
vn -0.0016 -0.1179 0.9930
vn -0.0016 -0.1180 0.9930
vn -0.0014 -0.1616 0.9869
vn -0.0040 -0.1416 0.9899
vn -0.0014 -0.1416 0.9899
vn -0.0021 -0.1461 0.9893
vn -0.0038 -0.1412 0.9900
vn -0.0032 -0.1461 0.9893
vn -0.0164 -0.9242 -0.3815
vn -0.0169 -0.9261 -0.3769
vn -0.0190 -0.9260 -0.3769
vn -0.0167 -0.9367 -0.3497
vn -0.0171 -0.9379 -0.3466
vn -0.0168 -0.9367 -0.3497
vn -0.0019 -0.1388 -0.9903
vn -0.0026 -0.1428 -0.9898
vn -0.0025 -0.1437 -0.9896
vn -0.0030 -0.1428 -0.9897
vn -0.0031 -0.1436 -0.9896
vn -0.0021 -0.1158 -0.9933
vn -0.0028 -0.1202 -0.9927
vn -0.0023 -0.1202 -0.9927
vn -0.0025 -0.1188 -0.9929
vn -0.0034 -0.1198 -0.9928
vn -0.0032 -0.1188 -0.9929
vn -0.0017 -0.0876 -0.9962
vn -0.0012 -0.0853 -0.9964
vn -0.0024 -0.0853 -0.9964
vn -0.0026 -0.0841 -0.9965
vn -0.0008 -0.0840 -0.9965
vn -0.0008 -0.0841 -0.9965
vn -0.0030 -0.1101 -0.9939
vn -0.0005 -0.0979 -0.9952
vn -0.0038 -0.0980 -0.9952
vn -0.0015 -0.1127 -0.9936
vn -0.0015 -0.1085 -0.9941
vn -0.0023 -0.1126 -0.9936
vn -0.0010 0.0203 -0.9998
vn -0.0002 0.0253 -0.9997
vn 0.0004 0.0253 -0.9997
vn 0.0010 0.0200 -0.9998
vn 0.0007 0.0272 -0.9996
vn -0.0004 0.0200 -0.9998
vn 0.0029 0.1506 -0.9886
vn 0.0031 0.1522 -0.9883
vn 0.0030 0.1528 -0.9883
vn 0.0030 0.1561 -0.9877
vn 0.0025 0.1528 -0.9883
vn 0.0061 0.3118 -0.9501
vn 0.0082 0.3251 -0.9457
vn 0.0030 0.3250 -0.9457
vn 0.0058 0.3008 -0.9537
vn 0.0056 0.2952 -0.9554
vn 0.0065 0.3008 -0.9537
vn 0.0169 0.9780 0.2080
vn 0.0181 0.9755 0.2193
vn 0.0203 0.9754 0.2193
vn 0.0190 0.9728 0.2309
vn 0.0179 0.9788 0.2038
vn 0.0207 0.9728 0.2309
vn 0.0049 0.1822 0.9832
vn 0.0042 0.1883 0.9821
vn 0.0037 0.1883 0.9821
vn -0.0001 0.1635 0.9866
vn 0.0038 0.2078 0.9782
vn 0.0088 0.1635 0.9865
vn 0.0028 0.1465 0.9892
vn 0.0034 0.1418 0.9899
vn 0.0030 0.1418 0.9899
vn 0.0026 0.1390 0.9903
vn 0.0014 0.1371 0.9906
vn 0.0012 0.1390 0.9903
vn 0.0003 -0.0402 0.9992
vn -0.0027 -0.0183 0.9998
vn -0.0032 -0.0183 0.9998
vn -0.0002 0.0010 1.0000
vn -0.0008 0.0054 1.0000
vn -0.0042 -0.1042 0.9945
vn -0.0022 -0.1168 0.9932
vn -0.0026 -0.1188 0.9929
vn -0.0019 -0.1011 0.9949
vn 0.0010 -0.1188 0.9929
vn -0.0015 -0.1025 0.9947
vn -0.0016 -0.1025 0.9947
vn -0.0019 -0.1042 0.9946
vn -0.0002 -0.1054 0.9944
vn -0.0004 -0.1041 0.9946
vn -0.0019 -0.1235 0.9923
vn -0.0013 -0.1287 0.9917
vn -0.0008 -0.1287 0.9917
vn -0.0004 -0.1251 0.9921
vn -0.0010 -0.1231 0.9924
vn -0.0007 -0.1251 0.9921
vn -0.0010 -0.1516 0.9884
vn -0.0008 -0.1530 0.9882
vn -0.0028 -0.1531 0.9882
vn -0.0010 -0.1398 0.9902
vn 0.0006 -0.1487 0.9889
vn -0.0005 -0.1398 0.9902
vn -0.0043 -0.9704 -0.2413
vn -0.0084 -0.9821 -0.1881
vn -0.0043 -0.9821 -0.1882
vn -0.0008 -0.9812 -0.1932
vn -0.0012 -0.9821 -0.1883
vn -0.0005 -0.1376 -0.9905
vn -0.0004 -0.1367 -0.9906
vn -0.0003 -0.1367 -0.9906
vn -0.0000 -0.1387 -0.9903
vn 0.0007 -0.1460 -0.9893
vn 0.0017 -0.1387 -0.9903
vn -0.0002 -0.1196 -0.9928
vn -0.0004 -0.1205 -0.9927
vn 0.0001 -0.1205 -0.9927
vn 0.0007 -0.1250 -0.9922
vn 0.0007 -0.1266 -0.9919
vn 0.0009 -0.1250 -0.9922
vn 0.0001 -0.1107 -0.9939
vn -0.0000 -0.1112 -0.9938
vn 0.0003 -0.1112 -0.9938
vn 0.0005 -0.1124 -0.9937
vn 0.0010 -0.1131 -0.9936
vn 0.0011 -0.1123 -0.9937
vn 0.0004 -0.1340 -0.9910
vn -0.0018 -0.1467 -0.9892
vn -0.0000 -0.1466 -0.9892
vn 0.0014 -0.1540 -0.9881
vn 0.0030 -0.1449 -0.9894
vn -0.0014 0.0606 -0.9982
vn 0.0005 0.0732 -0.9973
vn 0.0004 0.0732 -0.9973
vn 0.0012 0.0686 -0.9976
vn 0.0014 0.0855 -0.9963
vn -0.0012 0.0684 -0.9977
vn -0.0001 0.1509 -0.9885
vn 0.0002 0.1531 -0.9882
vn -0.0005 0.1531 -0.9882
vn 0.0009 0.1453 -0.9894
vn -0.0006 0.1505 -0.9886
vn -0.0014 0.1451 -0.9894
vn -0.0012 0.2273 -0.9738
vn 0.0039 0.2618 -0.9651
vn -0.0075 0.2609 -0.9653
vn -0.0016 0.2278 -0.9737
vn 0.0024 0.2553 -0.9669
vn -0.0018 0.2277 -0.9737
vn -0.0149 0.9998 0.0141
vn -0.0121 0.9993 0.0352
vn -0.0062 0.9994 0.0350
vn -0.0138 0.9958 0.0900
vn -0.0263 0.9941 0.1053
vn -0.0285 0.9955 0.0903
vn -0.0012 0.2076 0.9782
vn -0.0004 0.2032 0.9791
vn -0.0025 0.2030 0.9792
vn -0.0022 0.2052 0.9787
vn -0.0063 0.1921 0.9814
vn -0.0091 0.2046 0.9788
vn -0.0007 0.1367 0.9906
vn -0.0007 0.1366 0.9906
vn -0.0023 0.1364 0.9906
vn -0.0038 0.1263 0.9920
vn -0.0043 0.1190 0.9929
vn -0.0062 0.1260 0.9920
vn -0.0018 0.1226 0.9925
vn -0.0007 0.1181 0.9930
vn -0.0116 0.1166 0.9931
vn -0.0068 0.1553 0.9878
vn 0.0062 0.0897 0.9959
vn -0.0154 0.1539 0.9880
vn 0.0079 -0.1282 0.9917
vn 0.0080 -0.1284 0.9917
vn 0.0292 -0.1226 0.9920
vn 0.0306 -0.0956 0.9950
vn -0.0034 0.1237 0.9923
vn -0.0084 0.1389 0.9903
vn -0.0095 0.1387 0.9903
vn -0.0113 0.1181 0.9929
vn 0.0106 0.0906 0.9958
vn 0.0108 0.0374 0.9992
vn -0.0373 0.3660 0.9299
vn -0.0117 0.2754 0.9613
vn -0.0104 0.2755 0.9612
vn -0.0168 0.2181 0.9758
vn -0.0678 0.9954 -0.0679
vn -0.0571 0.9984 -0.0013
vn -0.0396 0.9992 -0.0013
vn -0.0484 0.9971 0.0579
vn -0.0048 0.1923 0.9813
vn -0.0114 0.2186 0.9757
vn -0.0105 0.2534 -0.9673
vn -0.0116 0.2457 -0.9693
vn -0.0066 0.2463 -0.9692
vn -0.0007 0.2200 -0.9755
vn -0.0292 0.9940 0.1053
vn -0.0360 0.9977 0.0579
vn -0.0023 0.1284 -0.9917
vn -0.0015 0.1339 -0.9910
vn -0.0012 0.1339 -0.9910
vn -0.0024 0.1396 -0.9902
vn -0.0054 0.2546 -0.9670
vn -0.0107 0.2191 -0.9756
vn -0.0012 0.1342 -0.9910
vn -0.0000 0.1417 -0.9899
vn -0.0034 0.1414 -0.9899
vn 0.0016 0.1152 -0.9933
vn 0.0011 0.1506 -0.9886
vn -0.0006 0.1397 -0.9902
vn 0.0018 -0.1800 -0.9837
vn 0.0034 -0.1707 -0.9853
vn 0.0033 -0.1707 -0.9853
vn -0.0038 -0.1371 -0.9906
vn -0.0058 0.0850 -0.9964
vn -0.0011 0.1151 -0.9934
vn 0.0024 -0.1244 -0.9922
vn 0.0016 -0.1295 -0.9916
vn 0.0025 -0.1294 -0.9916
vn -0.0011 -0.1114 -0.9938
vn -0.0006 -0.1451 -0.9894
vn 0.0009 -0.1368 -0.9906
vn 0.0026 -0.1364 -0.9906
vn 0.0029 -0.1342 -0.9910
vn 0.0017 -0.1342 -0.9909
vn 0.0008 -0.1285 -0.9917
vn 0.0007 -0.1131 -0.9936
vn 0.0010 -0.1113 -0.9938
vn 0.0018 -0.1434 -0.9897
vn 0.0019 -0.1425 -0.9898
vn 0.0013 -0.1425 -0.9898
vn 0.0017 -0.1448 -0.9895
vn 0.0016 -0.1266 -0.9920
vn 0.0013 -0.1285 -0.9917
vn 0.0074 -0.9819 -0.1891
vn 0.0076 -0.9814 -0.1920
vn 0.0119 -0.9813 -0.1920
vn 0.0117 -0.9807 -0.1953
vn 0.0010 -0.1460 -0.9893
vn 0.0027 -0.1490 0.9888
vn 0.0022 -0.1458 0.9893
vn 0.0003 -0.1460 0.9893
vn 0.0011 -0.1402 0.9901
vn 0.0014 -0.9812 -0.1932
vn 0.0016 -0.9807 -0.1955
vn 0.0003 -0.1275 0.9918
vn 0.0001 -0.1257 0.9921
vn -0.0003 -0.1257 0.9921
vn -0.0001 -0.1242 0.9923
vn -0.0001 -0.1487 0.9889
vn -0.0012 -0.1402 0.9901
vn -0.0002 -0.1095 0.9940
vn -0.0003 -0.1089 0.9941
vn -0.0007 -0.1089 0.9940
vn -0.0005 -0.1076 0.9942
vn -0.0006 -0.1231 0.9924
vn -0.0005 -0.1242 0.9923
vn -0.0008 -0.1159 0.9933
vn -0.0002 -0.1193 0.9929
vn -0.0021 -0.1194 0.9928
vn -0.0010 -0.1130 0.9936
vn -0.0009 -0.1054 0.9944
vn -0.0006 -0.1076 0.9942
vn -0.0008 -0.0111 0.9999
vn -0.0008 -0.0106 0.9999
vn -0.0011 -0.0129 0.9999
vn -0.0024 -0.1011 0.9949
vn -0.0005 -0.1130 0.9936
vn 0.0018 0.1443 0.9895
vn 0.0022 0.1404 0.9901
vn 0.0020 0.1390 0.9903
vn -0.0000 0.0054 1.0000
vn 0.0025 -0.0129 0.9999
vn 0.0027 0.1785 0.9839
vn 0.0043 0.1645 0.9864
vn -0.0017 0.1643 0.9864
vn 0.0025 0.1941 0.9810
vn 0.0018 0.1372 0.9905
vn 0.0016 0.1390 0.9903
vn 0.0120 0.9813 0.1919
vn 0.0098 0.9853 0.1708
vn 0.0144 0.9852 0.1708
vn 0.0112 0.9798 0.1999
vn 0.0003 0.2077 0.9782
vn 0.0019 0.1941 0.9810
vn 0.0075 0.3183 -0.9479
vn 0.0043 0.2954 -0.9553
vn 0.0055 0.2955 -0.9553
vn 0.0048 0.3018 -0.9533
vn 0.0221 0.9788 0.2038
vn 0.0217 0.9796 0.1998
vn 0.0027 0.1509 -0.9885
vn 0.0038 0.1582 -0.9874
vn 0.0041 0.1582 -0.9874
vn 0.0037 0.1615 -0.9869
vn 0.0063 0.2952 -0.9554
vn 0.0074 0.3019 -0.9533
vn 0.0017 0.0365 -0.9993
vn -0.0004 0.0365 -0.9993
vn 0.0003 0.0302 -0.9995
vn 0.0028 0.1560 -0.9877
vn -0.0038 -0.1271 -0.9919
vn -0.0013 -0.1140 -0.9935
vn -0.0021 -0.1140 -0.9935
vn -0.0027 -0.1103 -0.9939
vn -0.0003 0.0272 -0.9996
vn 0.0002 0.0302 -0.9995
vn -0.0018 -0.0927 -0.9957
vn -0.0012 -0.0892 -0.9960
vn -0.0009 -0.0892 -0.9960
vn -0.0019 -0.0823 -0.9966
vn -0.0024 -0.1085 -0.9941
vn -0.0028 -0.1103 -0.9939
vn -0.0013 -0.1081 -0.9941
vn -0.0028 -0.1175 -0.9931
vn -0.0027 -0.1175 -0.9931
vn -0.0027 -0.1171 -0.9931
vn -0.0019 -0.0840 -0.9965
vn -0.0016 -0.0823 -0.9966
vn -0.0034 -0.1472 -0.9891
vn -0.0037 -0.1485 -0.9889
vn -0.0023 -0.1485 -0.9889
vn -0.0027 -0.1458 -0.9893
vn -0.0021 -0.1199 -0.9928
vn -0.0016 -0.1171 -0.9931
vn -0.0208 -0.9412 -0.3373
vn -0.0203 -0.9393 -0.3424
vn -0.0195 -0.9394 -0.3424
vn -0.0181 -0.9454 -0.3255
vn -0.0032 -0.1428 -0.9897
vn -0.0037 -0.1458 -0.9893
vn -0.0029 -0.1532 0.9882
vn -0.0029 -0.1527 0.9883
vn -0.0034 -0.1527 0.9883
vn -0.0027 -0.1485 0.9889
vn -0.0180 -0.9379 -0.3466
vn -0.0200 -0.9453 -0.3255
vn -0.0028 -0.1192 0.9929
vn -0.0026 -0.1203 0.9927
vn -0.0003 -0.1203 0.9927
vn -0.0017 -0.1291 0.9916
vn -0.0019 -0.1412 0.9900
vn -0.0010 -0.1485 0.9889
vn 0.0001 -0.0977 0.9952
vn -0.0013 -0.0880 0.9961
vn -0.0022 -0.0880 0.9961
vn -0.0040 -0.0981 0.9952
vn -0.0043 -0.1179 0.9930
vn -0.0029 -0.1290 0.9916
vn -0.0020 -0.0756 0.9971
vn 0.0011 -0.0934 0.9956
vn -0.0002 -0.0934 0.9956
vn -0.0013 -0.0983 0.9952
vn -0.0013 -0.0979 0.9952
vn -0.0012 -0.0981 0.9952
vn 0.0007 -0.0337 0.9994
vn -0.0004 -0.0268 0.9996
vn -0.0013 -0.0268 0.9996
vn -0.0037 -0.0389 0.9992
vn -0.0044 -0.0812 0.9967
vn -0.0011 -0.0983 0.9952
vn 0.0013 0.1378 0.9905
vn 0.0021 0.1326 0.9912
vn 0.0030 0.1325 0.9912
vn -0.0007 0.1161 0.9932
vn -0.0041 -0.0153 0.9999
vn 0.0003 -0.0390 0.9992
vn 0.0039 0.1636 0.9865
vn 0.0026 0.1726 0.9850
vn 0.0677 0.1647 0.9840
vn 0.1180 0.2962 0.9478
vn 0.0912 0.0139 0.9957
vn 0.0746 0.1013 0.9921
vn 0.1280 0.9574 0.2589
vn 0.0918 0.9901 0.1064
vn 0.1098 0.9883 0.1060
vn 0.1469 0.9887 0.0287
vn 0.1003 0.3451 0.9332
vn 0.1182 0.2962 0.9478
vn 0.0396 0.3070 -0.9509
vn 0.1142 0.5129 -0.8508
vn 0.1358 0.5087 -0.8502
vn 0.1113 0.5650 -0.8175
vn 0.0867 0.0914 -0.9920
vn 0.0664 0.0364 -0.9971
vn 0.0816 0.0337 -0.9961
vn 0.0938 0.0023 -0.9956
vn 0.0791 -0.0058 -0.9968
vn 0.0553 -0.0400 -0.9977
vn 0.1117 -0.0383 -0.9930
vn 0.0928 -0.0160 -0.9956
vn 0.0944 0.0287 -0.9951
vn 0.0740 0.0038 -0.9972
vn 0.0387 -0.1108 -0.9931
vn 0.0764 -0.0140 -0.9970
vn 0.0459 -0.0150 -0.9988
vn 0.0556 -0.0277 -0.9981
vn 0.0632 -0.0046 -0.9980
vn 0.0448 0.0661 -0.9968
vn -0.0011 0.0640 -0.9980
vn 0.0010 0.0731 -0.9973
vn 0.0019 0.1095 -0.9940
vn 0.0005 0.1187 -0.9929
vn 0.0020 0.1243 -0.9922
vn 0.0009 0.1187 -0.9929
vn 0.0074 0.3111 -0.9504
vn 0.0058 0.3032 -0.9529
vn 0.0078 0.3031 -0.9529
vn 0.0048 0.3233 -0.9463
vn 0.0073 0.3233 -0.9463
vn 0.0157 0.9461 0.3236
vn 0.0167 0.9435 0.3309
vn 0.0168 0.9435 0.3309
vn 0.0179 0.9462 0.3231
vn 0.0205 0.9462 0.3230
vn 0.0205 0.9461 0.3231
vn 0.0009 0.1656 0.9862
vn 0.0020 0.1572 0.9876
vn 0.0032 0.1572 0.9876
vn 0.0026 0.1542 0.9880
vn 0.0027 0.1732 0.9849
vn 0.0051 0.1542 0.9880
vn 0.0026 0.1313 0.9913
vn 0.0018 0.1379 0.9904
vn 0.0017 0.1379 0.9904
vn 0.0021 0.1403 0.9901
vn 0.0023 0.1403 0.9901
vn -0.0017 -0.0538 0.9986
vn -0.0029 -0.0455 0.9990
vn -0.0010 -0.0456 0.9990
vn -0.0014 -0.0478 0.9989
vn -0.0019 -0.0475 0.9989
vn -0.0019 -0.0478 0.9989
vn -0.0018 -0.0881 0.9961
vn -0.0019 -0.0878 0.9961
vn -0.0025 -0.0878 0.9961
vn -0.0029 -0.0897 0.9960
vn -0.0014 -0.0908 0.9959
vn -0.0015 -0.0897 0.9960
vn -0.0027 -0.0966 0.9953
vn -0.0026 -0.0973 0.9952
vn -0.0014 -0.0973 0.9952
vn -0.0015 -0.0983 0.9952
vn -0.0019 -0.0968 0.9953
vn -0.0017 -0.0983 0.9952
vn -0.0020 -0.1250 0.9922
vn -0.0023 -0.1221 0.9925
vn -0.0024 -0.1221 0.9925
vn -0.0025 -0.1227 0.9924
vn -0.0025 -0.1212 0.9926
vn -0.0024 -0.1227 0.9924
vn -0.0032 -0.1539 0.9881
vn -0.0020 -0.1661 0.9861
vn -0.0034 -0.1661 0.9861
vn -0.0033 -0.1651 0.9863
vn -0.0035 -0.1566 0.9877
vn -0.0026 -0.1651 0.9863
vn -0.0167 -0.9362 -0.3510
vn -0.0187 -0.9445 -0.3280
vn -0.0154 -0.9445 -0.3281
vn -0.0132 -0.9541 -0.2993
vn -0.0158 -0.9556 -0.2942
vn -0.0153 -0.9540 -0.2993
vn -0.0029 -0.1484 -0.9889
vn -0.0026 -0.1459 -0.9893
vn -0.0022 -0.1459 -0.9893
vn -0.0026 -0.1428 -0.9897
vn -0.0023 -0.1413 -0.9900
vn -0.0015 -0.1043 -0.9945
vn -0.0013 -0.1031 -0.9947
vn -0.0014 -0.1031 -0.9947
vn -0.0015 -0.1027 -0.9947
vn -0.0016 -0.1097 -0.9940
vn -0.0005 -0.1027 -0.9947
vn -0.0012 -0.0908 -0.9959
vn -0.0015 -0.0928 -0.9957
vn -0.0013 -0.0928 -0.9957
vn -0.0012 -0.0931 -0.9957
vn -0.0019 -0.0927 -0.9957
vn -0.0020 -0.0931 -0.9957
vn -0.0018 -0.1234 -0.9924
vn -0.0043 -0.1371 -0.9906
vn -0.0016 -0.1371 -0.9906
vn -0.0025 -0.1309 -0.9914
vn -0.0057 -0.1477 -0.9890
vn -0.0026 -0.1309 -0.9914
vn 0.0012 0.0609 -0.9981
vn 0.0020 0.0663 -0.9978
vn 0.0018 0.0663 -0.9978
vn -0.0021 0.0977 -0.9952
vn 0.0010 0.0788 -0.9969
vn 0.0040 0.0979 -0.9952
vn 0.0030 0.1455 -0.9893
vn 0.0034 0.1486 -0.9889
vn 0.0024 0.1485 -0.9889
vn 0.0022 0.1499 -0.9887
vn 0.0027 0.1534 -0.9882
vn 0.0021 0.1499 -0.9887
vn 0.0048 0.2885 -0.9575
vn 0.0044 0.2856 -0.9583
vn 0.0042 0.2856 -0.9583
vn 0.0048 0.2801 -0.9599
vn 0.0013 0.2670 -0.9637
vn 0.0032 0.2801 -0.9600
vn 0.0196 0.9832 0.1815
vn 0.0132 0.9923 0.1228
vn 0.0069 0.9924 0.1228
vn 0.0072 0.9927 0.1208
vn 0.0111 0.9902 0.1390
vn 0.0091 0.9926 0.1208
vn -0.0030 0.2330 0.9725
vn 0.0018 0.1947 0.9809
vn 0.0017 0.1947 0.9809
vn 0.0029 0.2025 0.9793
vn 0.0027 0.2174 0.9761
vn 0.0047 0.2026 0.9792
vn 0.0013 0.1477 0.9890
vn 0.0025 0.1385 0.9904
vn 0.0007 0.1384 0.9904
vn 0.0021 0.1471 0.9891
vn 0.0008 0.1490 0.9888
vn 0.0010 0.1471 0.9891
vn -0.0003 -0.0090 1.0000
vn 0.0004 -0.0131 0.9999
vn -0.0028 -0.0133 0.9999
vn 0.0001 0.0046 1.0000
vn -0.0026 0.0316 0.9995
vn 0.0017 0.0047 1.0000
vn -0.0031 -0.1152 0.9933
vn 0.0009 -0.1368 0.9906
vn 0.0011 -0.1368 0.9906
vn -0.0018 -0.1535 0.9882
vn 0.0006 -0.1420 0.9899
vn 0.0028 -0.1533 0.9882
vn 0.0009 -0.1046 0.9945
vn 0.0013 -0.1065 0.9943
vn 0.0014 -0.1065 0.9943
vn 0.0003 -0.1135 0.9935
vn 0.0012 -0.1193 0.9929
vn 0.0001 -0.1135 0.9935
vn 0.0016 -0.1313 0.9913
vn 0.0013 -0.1294 0.9916
vn 0.0017 -0.1294 0.9916
vn 0.0013 -0.1325 0.9912
vn 0.0010 -0.1316 0.9913
vn 0.0012 -0.1325 0.9912
vn 0.0019 -0.1482 0.9890
vn 0.0017 -0.1467 0.9892
vn 0.0019 -0.1467 0.9892
vn 0.0014 -0.1508 0.9886
vn 0.0037 -0.1624 0.9867
vn 0.0016 -0.1508 0.9886
vn 0.0196 -0.9840 -0.1772
vn 0.0171 -0.9892 -0.1456
vn 0.0196 -0.9892 -0.1456
vn 0.0216 -0.9923 -0.1223
vn 0.0254 -0.9976 -0.0649
vn 0.0302 -0.9920 -0.1226
vn 0.0033 -0.1457 -0.9893
vn 0.0023 -0.1524 -0.9883
vn 0.0028 -0.1523 -0.9883
vn 0.0050 -0.1631 -0.9866
vn 0.0060 -0.1731 -0.9849
vn 0.0074 -0.1628 -0.9866
vn 0.0025 -0.1380 -0.9904
vn 0.0018 -0.1426 -0.9898
vn 0.0046 -0.1423 -0.9898
vn 0.0050 -0.1442 -0.9895
vn 0.0067 -0.1489 -0.9888
vn 0.0074 -0.1439 -0.9896
vn 0.0039 -0.1188 -0.9929
vn 0.0014 -0.1347 -0.9909
vn 0.0035 -0.1345 -0.9909
vn 0.0066 -0.1477 -0.9890
vn 0.0148 -0.1453 -0.9893
vn 0.0147 -0.1463 -0.9891
vn 0.0043 -0.1543 -0.9880
vn 0.0062 -0.1419 -0.9899
vn 0.0096 -0.1414 -0.9899
vn 0.0163 -0.1627 -0.9865
vn 0.0324 -0.0898 -0.9954
vn 0.0284 -0.1597 -0.9868
vn -0.0135 0.1497 -0.9886
vn -0.0100 0.1776 -0.9840
vn -0.0169 0.1764 -0.9842
vn 0.0098 0.0950 -0.9954
vn 0.0075 0.0477 -0.9988
vn 0.0075 0.0946 -0.9955
vn -0.0123 0.1333 -0.9910
vn -0.0097 0.1608 -0.9869
vn -0.0149 0.1598 -0.9870
vn -0.0045 0.1277 -0.9918
vn 0.0083 0.1140 -0.9934
vn 0.0078 0.1301 -0.9915
vn -0.0281 0.2663 -0.9635
vn -0.0183 0.4306 -0.9024
vn -0.0191 0.4305 -0.9024
vn -0.0493 0.5432 -0.8381
vn -0.0799 0.9945 -0.0680
vn -0.0758 0.9964 -0.0381
vn -0.0831 0.9958 -0.0381
vn -0.0879 0.9961 0.0037
vn -0.0176 0.2526 -0.9674
vn -0.0158 0.2682 -0.9632
vn -0.0068 0.1279 -0.9918
vn -0.0059 0.1341 -0.9909
vn -0.0048 0.1338 -0.9910
vn -0.0022 0.1512 -0.9885
vn 0.0026 -0.1799 -0.9837
vn 0.0069 -0.1540 -0.9880
vn 0.0014 -0.1245 -0.9922
vn 0.0022 -0.1189 -0.9929
vn 0.0020 -0.1365 -0.9906
vn 0.0018 -0.1381 -0.9904
vn 0.0034 -0.1433 -0.9897
vn 0.0031 -0.1457 -0.9893
vn 0.0098 -0.9819 -0.1891
vn 0.0088 -0.9842 -0.1770
vn 0.0015 -0.1491 0.9888
vn 0.0013 -0.1482 0.9890
vn 0.0014 -0.1274 0.9919
vn 0.0020 -0.1312 0.9914
vn 0.0009 -0.1094 0.9940
vn 0.0001 -0.1046 0.9945
vn -0.0002 -0.1159 0.9933
vn -0.0004 -0.1150 0.9934
vn 0.0011 -0.0110 0.9999
vn 0.0008 -0.0090 1.0000
vn 0.0013 0.1442 0.9895
vn 0.0009 0.1477 0.9890
vn 0.0100 0.1786 0.9839
vn 0.0034 0.2334 0.9724
vn 0.0177 0.9813 0.1919
vn 0.0166 0.9833 0.1815
vn 0.0058 0.3182 -0.9480
vn 0.0015 0.2883 -0.9575
vn 0.0031 0.1509 -0.9885
vn 0.0023 0.1455 -0.9894
vn -0.0018 0.0365 -0.9993
vn 0.0021 0.0609 -0.9981
vn -0.0021 -0.1271 -0.9919
vn -0.0015 -0.1234 -0.9924
vn -0.0011 -0.0927 -0.9957
vn -0.0008 -0.0908 -0.9959
vn -0.0020 -0.1081 -0.9941
vn -0.0014 -0.1043 -0.9945
vn -0.0032 -0.1472 -0.9891
vn -0.0034 -0.1484 -0.9889
vn -0.0235 -0.9411 -0.3373
vn -0.0223 -0.9361 -0.3511
vn -0.0030 -0.1532 0.9882
vn -0.0029 -0.1539 0.9881
vn -0.0031 -0.1192 0.9929
vn -0.0024 -0.1250 0.9922
vn -0.0021 -0.0976 0.9952
vn -0.0022 -0.0966 0.9953
vn -0.0035 -0.0756 0.9971
vn -0.0013 -0.0881 0.9961
vn -0.0013 -0.0336 0.9994
vn 0.0017 -0.0538 0.9986
vn 0.0017 0.1378 0.9905
vn 0.0030 0.1637 0.9865
vn 0.0027 0.1656 0.9862
vn 0.0139 0.9653 0.2606
vn 0.0232 0.9459 0.3236
vn -0.0255 0.3681 0.9294
vn -0.0242 0.4515 0.8919
vn -0.0648 0.8011 0.5951
vn 0.0181 0.4583 0.8886
vn 0.0066 0.1257 0.9920
vn 0.0078 0.1214 0.9926
vn 0.0215 0.1246 0.9920
vn 0.0047 0.3541 0.9352
vn 0.0235 0.0413 0.9989
vn 0.0252 0.0238 0.9994
vn 0.0415 -0.0913 0.9950
vn 0.0390 -0.0532 0.9978
vn 0.8395 0.5304 0.1183
vn 0.9531 0.2889 -0.0898
vn 0.9354 0.2371 -0.2623
vn 0.9927 0.0017 0.1209
vn 0.0956 0.9943 -0.0466
vn 0.2017 0.9609 -0.1898
vn 0.2039 0.8722 -0.4446
vn 0.3490 0.9186 -0.1853
vn -0.7343 0.6592 -0.1621
vn -0.6715 0.6922 -0.2644
vn -0.6730 0.7035 -0.2285
vn -0.6461 0.7391 -0.1906
vn -0.9835 -0.0451 -0.1753
vn -0.9801 -0.1436 0.1369
vn -0.9816 -0.1513 0.1165
vn -0.9685 -0.2444 0.0478
vn -0.9955 0.0554 0.0774
vn -0.9771 0.0212 0.2117
vn -0.9995 -0.0261 -0.0170
vn -0.9965 0.0405 0.0727
vn -0.9754 -0.0237 0.2192
vn -0.9778 -0.0192 0.2087
vn -0.9946 -0.0067 -0.1035
vn -0.9995 0.0200 -0.0233
vn -0.9894 -0.0177 0.1441
vn -0.9967 0.0164 0.0798
vn -0.9928 0.0622 -0.1025
vn -0.9999 0.0102 -0.0079
vn -0.9968 0.0244 -0.0760
vn -0.9878 0.0452 0.1492
vn -0.9987 0.0502 0.0031
vn -0.9775 0.1701 -0.1249
vn -0.9906 0.1359 -0.0130
vn -0.9901 0.1329 -0.0456
vn -0.9779 0.0082 0.2087
vn -0.8915 0.0609 0.4490
vn -0.8957 -0.2383 0.3755
vn -0.9881 -0.0095 0.1537
vn -0.6093 -0.0566 0.7909
vn -0.4373 0.0422 0.8983
vn -0.4377 0.0185 0.8989
vn -0.2731 -0.0999 0.9568
vn -0.0355 -0.0107 0.9993
vn -0.0292 -0.0065 0.9996
vn -0.0291 0.0077 0.9995
vn -0.0165 -0.0036 0.9999
vn -0.0435 0.2014 0.9785
vn -0.0545 0.2140 0.9753
vn 0.0075 0.2095 0.9778
vn 0.0193 0.2318 0.9726
vn 0.0274 0.0033 0.9996
vn 0.0406 -0.0159 0.9990
vn -0.0033 0.7269 0.6867
vn -0.0036 0.7273 0.6863
vn -0.0242 0.7264 0.6868
vn -0.0307 0.7077 0.7058
vn -0.0206 0.1943 0.9807
vn -0.0327 0.2292 0.9728
vn -0.0291 0.9275 0.3726
vn -0.0224 0.9164 0.3995
vn -0.0093 0.9171 0.3985
vn -0.0105 0.9140 0.4056
vn -0.0046 0.7108 0.7034
vn -0.0043 0.7100 0.7042
vn -0.0111 0.8914 -0.4531
vn -0.0065 0.9045 -0.4265
vn -0.0004 0.9045 -0.4265
vn -0.0083 0.9247 -0.3805
vn -0.0013 0.9084 0.4181
vn -0.0036 0.9140 0.4056
vn 0.0001 0.6836 -0.7299
vn 0.0033 0.6964 -0.7177
vn -0.0082 0.6962 -0.7178
vn -0.0078 0.6946 -0.7194
vn -0.0060 0.9381 -0.3462
vn -0.0125 0.9247 -0.3804
vn -0.0104 0.0879 -0.9961
vn 0.0019 0.1509 -0.9885
vn 0.0246 0.1502 -0.9884
vn -0.0031 0.2688 -0.9632
vn -0.0020 0.6839 -0.7296
vn 0.0008 0.6943 -0.7197
vn 0.0262 -0.0253 -0.9993
vn 0.0527 0.0926 -0.9943
vn -0.0605 0.0849 -0.9945
vn -0.0333 -0.0292 -0.9990
vn -0.0344 0.1016 -0.9942
vn 0.0050 0.2686 -0.9632
vn -0.0597 -0.1253 -0.9903
vn -0.0263 0.0213 -0.9994
vn 0.0015 0.0214 -0.9998
vn -0.0092 0.0766 -0.9970
vn -0.0104 -0.0638 -0.9979
vn -0.0029 -0.0312 -0.9995
vn 0.0011 -0.1387 -0.9903
vn -0.0020 -0.1533 -0.9882
vn -0.0096 -0.1529 -0.9882
vn -0.0031 -0.1933 -0.9811
vn 0.0012 0.0084 -1.0000
vn 0.0171 0.0769 -0.9969
vn -0.0222 -0.7262 -0.6871
vn -0.0214 -0.7234 -0.6901
vn -0.0349 -0.7224 -0.6906
vn -0.0205 -0.7856 -0.6184
vn -0.0028 -0.3738 -0.9275
vn 0.0409 -0.1972 -0.9795
vn -0.0449 -0.9401 -0.3380
vn -0.0689 -0.9764 -0.2046
vn -0.0358 -0.9782 -0.2045
vn -0.0130 -0.9912 -0.1320
vn -0.0275 -0.8462 -0.5321
vn 0.0016 -0.7867 -0.6173
vn -0.0275 -0.9656 0.2587
vn -0.0152 -0.9766 0.2147
vn -0.1473 -0.9641 0.2209
vn -0.1530 -0.9664 0.2065
vn -0.1578 -0.9863 -0.0485
vn -0.1294 -0.9826 -0.1336
vn -0.8597 -0.4296 0.2763
vn -0.8481 -0.4381 0.2979
vn -0.8631 -0.4699 -0.1852
vn -0.8896 -0.4393 -0.1250
vn -0.9454 0.1055 0.3082
vn -0.9459 0.1065 0.3065
vn -0.9537 0.0809 -0.2896
vn -0.9685 0.1293 -0.2127
vn -0.6219 0.0998 -0.7767
vn -0.6981 0.0459 -0.7145
vn -0.9121 0.2974 -0.2821
vn -0.9217 0.2880 -0.2597
vn -0.6387 0.1944 -0.7445
vn -0.6140 0.1565 -0.7737
vn -0.9039 0.3060 0.2989
vn -0.9343 0.2726 0.2299
vn -0.7703 0.6028 0.2081
vn -0.7621 0.6245 0.1709
vn -0.7626 0.6134 -0.2053
vn -0.7717 0.5855 -0.2484
vn -0.0700 0.9727 -0.2212
vn -0.0767 0.9685 -0.2370
vn -0.0715 0.9864 0.1478
vn -0.0680 0.9879 0.1395
vn 0.0395 0.9561 -0.2903
vn 0.0650 0.9736 -0.2188
vn 0.0514 0.9889 0.1391
vn 0.0446 0.9862 0.1592
vn 0.0399 0.9642 0.2623
vn 0.0200 0.9871 0.1585
vn 0.0406 0.8399 0.5412
vn 0.0683 0.7848 0.6159
vn 0.0513 0.7865 0.6154
vn 0.0396 0.7505 0.6596
vn 0.0202 0.7316 0.6815
vn 0.0154 0.7511 0.6600
vn 0.0433 0.3406 0.9392
vn 0.0674 0.2119 0.9750
vn 0.0110 0.2143 0.9767
vn 0.0023 0.1777 0.9841
vn 0.0033 0.1539 0.9881
vn -0.0013 0.1779 0.9840
vn 0.0034 -0.0160 0.9999
vn 0.0169 -0.0872 0.9961
vn -0.0094 -0.0854 0.9963
vn -0.0007 -0.0491 0.9988
vn -0.0673 0.1266 0.9897
vn -0.0313 -0.0458 0.9985
vn -0.0089 0.1028 0.9947
vn 0.0001 0.0605 0.9982
vn -0.0221 0.0608 0.9979
vn -0.0709 -0.1519 0.9858
vn 0.0203 0.0015 0.9998
vn 0.0520 -0.1495 0.9874
vn -0.0256 -0.1399 0.9898
vn -0.0124 -0.2082 0.9780
vn 0.0131 -0.2081 0.9780
vn 0.0156 -0.1975 0.9802
vn -0.0054 -0.1597 0.9872
vn 0.0013 -0.1976 0.9803
vn 0.0029 -0.7287 0.6848
vn -0.0029 -0.7059 0.7083
vn -0.0153 -0.7061 0.7079
vn -0.0197 -0.7213 0.6924
vn 0.0014 -0.7279 0.6857
vn -0.0001 -0.7214 0.6925
vn -0.0211 -0.8967 0.4420
vn -0.0133 -0.9182 0.3959
vn -0.0048 -0.9182 0.3960
vn -0.0054 -0.9197 0.3927
vn -0.0083 -0.9480 0.3181
vn -0.0188 -0.9193 0.3931
vn -0.0118 -0.9368 -0.3496
vn -0.0000 -0.9072 -0.4208
vn -0.0132 -0.9069 -0.4212
vn -0.0152 -0.9013 -0.4330
vn 0.0004 -0.7082 -0.7060
vn 0.0061 -0.6866 -0.7270
vn -0.0029 -0.6863 -0.7273
vn -0.0101 -0.6542 -0.7563
vn 0.0089 -0.0837 -0.9964
vn -0.0023 -0.1384 -0.9904
vn 0.0120 -0.1389 -0.9902
vn 0.0078 -0.1180 -0.9930
vn -0.0027 0.0765 -0.9971
vn 0.0047 0.1086 -0.9941
vn -0.0106 0.1085 -0.9940
vn 0.0127 0.0063 -0.9999
vn -0.0475 0.0075 -0.9988
vn -0.0470 0.0089 -0.9989
vn -0.0118 -0.1357 -0.9907
vn -0.0004 -0.0850 -0.9964
vn -0.0179 -0.0850 -0.9962
vn -0.0476 0.0023 -0.9989
vn 0.0142 -0.0161 -0.9998
vn 0.0272 0.0026 -0.9996
vn -0.0229 0.1746 -0.9844
vn -0.0306 0.1457 -0.9889
vn 0.0096 0.1475 -0.9890
vn 0.0129 0.1407 -0.9900
vn -0.0468 0.1667 -0.9849
vn -0.0634 0.1499 -0.9867
vn 0.0110 0.7018 -0.7123
vn -0.0072 0.6693 -0.7430
vn -0.0791 0.6690 -0.7390
vn -0.0352 0.6229 -0.7815
vn -0.0048 0.8905 -0.4549
vn 0.0004 0.8971 -0.4419
vn -0.1048 0.8926 -0.4385
vn -0.0801 0.8742 -0.4789
vn -0.0350 0.7001 -0.7132
vn -0.0287 0.6817 -0.7311
vn -0.0291 0.8903 -0.4544
vn -0.0292 0.8900 -0.4550
vn -0.0024 0.1768 -0.9842
vn 0.0093 0.1245 -0.9922
vn -0.0022 0.6836 -0.7299
vn -0.0022 0.6837 -0.7298
vn 0.0059 -0.1361 -0.9907
vn 0.0025 -0.1212 -0.9926
vn 0.0028 0.0880 -0.9961
vn 0.0098 0.1245 -0.9922
vn 0.0054 0.0763 -0.9971
vn 0.0252 -0.0118 -0.9996
vn 0.0253 -0.0253 -0.9994
vn 0.0043 -0.1212 -0.9926
vn 0.0044 -0.0836 -0.9965
vn -0.0163 -0.1806 -0.9834
vn 0.0059 -0.1796 -0.9837
vn 0.0238 -0.2600 -0.9653
vn 0.0258 -0.1234 -0.9920
vn 0.0529 -0.0134 -0.9985
vn 0.0005 -0.7121 -0.7020
vn -0.0070 -0.7383 -0.6745
vn -0.0061 -0.7383 -0.6745
vn -0.0154 -0.7006 -0.7134
vn -0.0006 -0.1385 -0.9904
vn -0.0307 -0.2596 -0.9652
vn -0.0108 -0.9437 -0.3305
vn -0.0107 -0.9436 -0.3311
vn -0.0184 -0.9433 -0.3314
vn -0.0237 -0.9316 -0.3626
vn -0.0199 -0.7264 -0.6870
vn -0.0125 -0.7008 -0.7132
vn -0.0188 -0.9093 0.4157
vn -0.0189 -0.9088 0.4168
vn -0.0254 -0.9085 0.4171
vn -0.0312 -0.9223 0.3852
vn -0.0311 -0.9407 -0.3379
vn -0.0266 -0.9315 -0.3627
vn -0.0215 -0.7230 0.6905
vn -0.0212 -0.7246 0.6889
vn -0.0124 -0.7253 0.6884
vn -0.0231 -0.7556 0.6546
vn -0.0414 -0.9651 0.2586
vn -0.0585 -0.9207 0.3859
vn 0.0199 -0.2236 0.9745
vn 0.0411 -0.3759 0.9258
vn -0.0303 -0.3712 0.9281
vn -0.0095 -0.3092 0.9510
vn 0.0050 -0.7890 0.6144
vn -0.0122 -0.7560 0.6545
vn 0.0601 0.0202 0.9980
vn 0.0913 -0.1584 0.9831
vn -0.0813 -0.1374 0.9872
vn -0.0394 -0.0413 0.9984
vn -0.0760 0.1677 0.9829
vn -0.0188 0.0116 0.9998
vn -0.1889 0.0499 0.9807
vn -0.2007 0.0389 0.9789
vn -0.2036 -0.0231 0.9788
vn -0.2047 -0.0215 0.9786
vn -0.6853 0.1543 0.7117
vn -0.6214 0.1933 0.7592
vn -0.6382 0.0598 0.7676
vn -0.6409 0.0631 0.7650
vn 0.0981 -0.0210 0.9950
vn 0.0656 0.1502 0.9865
vn 0.0056 0.1028 0.9947
vn 0.0205 0.0230 0.9995
vn -0.0131 -0.2202 0.9754
vn 0.0003 -0.1572 0.9876
vn -0.0027 -0.1416 0.9899
vn -0.0171 -0.7233 0.6903
vn -0.0103 -0.6996 0.7145
vn -0.0110 -0.7285 0.6849
vn -0.0184 -0.6992 0.7146
vn -0.0129 -0.9093 0.4159
vn -0.0119 -0.9068 0.4213
vn -0.0122 -0.8967 0.4425
vn -0.0083 -0.9069 0.4212
vn -0.0106 -0.9437 -0.3305
vn -0.0144 -0.9359 -0.3518
vn -0.0182 -0.9368 -0.3495
vn -0.0178 -0.9359 -0.3517
vn -0.0155 -0.7132 -0.7008
vn -0.0171 -0.7074 -0.7066
vn 0.0122 -0.2472 0.9689
vn 0.0109 -0.2403 0.9706
vn -0.0058 -0.2395 0.9709
vn 0.0110 -0.1594 0.9872
vn -0.0087 -0.7277 0.6858
vn -0.0090 -0.7287 0.6848
vn -0.0038 0.1145 0.9934
vn -0.0031 0.1113 0.9938
vn 0.0323 0.1101 0.9934
vn 0.0056 0.0022 1.0000
vn 0.0293 -0.1360 0.9903
vn -0.0053 0.0135 0.9999
vn 0.0279 0.0147 0.9995
vn 0.0554 0.1327 0.9896
vn 0.0283 0.1247 0.9918
vn -0.0002 0.2528 0.9675
vn -0.0061 0.2527 0.9675
vn -0.0295 0.1540 0.9876
vn -0.0017 0.6977 0.7164
vn -0.0061 0.7141 0.7001
vn 0.0037 0.7143 0.6999
vn 0.0090 0.7318 0.6815
vn 0.0214 0.3439 0.9388
vn 0.0046 0.3145 0.9493
vn 0.0106 0.9201 0.3916
vn 0.0022 0.9397 0.3421
vn 0.0070 0.9396 0.3421
vn 0.0215 0.9647 0.2625
vn 0.0121 0.9084 -0.4180
vn 0.0128 0.9099 -0.4146
vn 0.0392 0.9091 -0.4148
vn 0.0167 0.9569 -0.2900
vn 0.0337 0.6812 -0.7314
vn 0.0432 0.7127 -0.7001
vn 0.0608 0.7112 -0.7004
vn 0.0434 0.7564 -0.6527
vn -0.0091 0.9281 0.3723
vn 0.0105 0.9477 0.3191
vn -0.6153 0.1970 0.7633
vn -0.6881 0.2485 0.6818
vn 0.0342 -0.1445 0.9889
vn 0.0342 -0.1518 0.9878
vn 0.0886 -0.1046 -0.9906
vn 0.0708 -0.0663 -0.9953
vn 0.0687 -0.1183 -0.9906
vn 0.0637 -0.1105 -0.9918
vn 0.1369 -0.9858 -0.0969
vn 0.1353 -0.9857 -0.1006
vn 0.0982 -0.3429 -0.9342
vn 0.1277 -0.2953 -0.9468
vn 0.3265 -0.3330 -0.8846
vn 0.4070 -0.4088 -0.8169
vn 0.4433 -0.0674 -0.8938
vn 0.4957 -0.0091 -0.8685
vn 0.9033 -0.3335 -0.2701
vn 0.9097 -0.3799 -0.1678
vn 0.9648 0.1276 -0.2300
vn 0.9591 0.0894 -0.2686
vn 0.6340 -0.0073 -0.7733
vn 0.6113 -0.0309 -0.7908
vn 0.9857 -0.0630 -0.1560
vn 0.9812 -0.0784 -0.1764
vn 0.9916 -0.0690 -0.1092
vn 0.9852 -0.0069 -0.1712
vn 0.9645 -0.2142 -0.1546
vn 0.9947 -0.1020 0.0140
vn 0.9879 -0.0755 -0.1357
vn 0.9832 -0.0311 -0.1797
vn 0.6865 0.7253 -0.0517
vn 0.6362 0.7642 0.1056
vn 0.6190 0.7797 -0.0943
vn 0.6231 0.7769 -0.0902
vn 0.9994 -0.0334 -0.0067
vn 0.9678 0.1607 -0.1937
vn 0.9298 -0.2869 -0.2306
vn 0.9675 -0.2242 -0.1170
vn 0.9984 -0.0312 0.0481
vn 0.9998 0.0198 -0.0082
vn 0.9925 -0.0551 -0.1095
vn 0.9974 -0.0249 -0.0679
vn 0.9998 -0.0143 0.0111
vn 0.9983 -0.0349 0.0477
vn 0.9365 -0.2511 0.2447
vn 0.9913 -0.1256 -0.0396
vn 0.8851 0.4367 0.1606
vn 0.8574 0.4873 0.1654
vn 0.9451 -0.2882 -0.1537
vn 0.9717 -0.2135 -0.1010
vn 0.8560 0.5165 -0.0233
vn 0.8651 0.5013 -0.0179
vn 0.9456 -0.3245 0.0226
vn 0.9488 -0.3149 0.0242
vn 0.8685 0.4253 -0.2545
vn 0.9261 0.3410 -0.1614
vn 0.9354 -0.2971 0.1917
vn 0.9392 -0.2865 0.1895
vn 0.4538 0.8176 0.3545
vn 0.3286 0.8401 0.4316
vn 0.3146 0.9476 -0.0551
vn 0.3164 0.9471 -0.0543
vn -0.5028 0.7552 0.4206
vn -0.3231 0.8650 0.3839
vn -0.3086 0.9500 -0.0479
vn -0.3073 0.9504 -0.0475
vn -0.7281 0.6844 -0.0392
vn -0.7013 0.7122 -0.0304
vn -0.7713 0.5742 0.2747
vn -0.7261 0.6316 0.2717
vn -0.9980 -0.0023 -0.0635
vn -0.9809 0.1636 -0.1055
vn -0.7630 0.5517 -0.3370
vn -0.7039 0.5923 -0.3921
vn -0.9985 -0.0530 0.0106
vn -0.9999 0.0093 -0.0064
vn -0.9766 0.1192 -0.1787
vn -0.9936 0.0049 -0.1124
vn -0.9873 0.0383 -0.1544
vn -0.6743 0.2186 -0.7054
vn -0.6769 -0.3361 0.6549
vn -0.7479 -0.2701 0.6064
vn -0.9344 0.1801 -0.3074
vn -0.9883 0.1510 -0.0196
vn -0.5828 -0.5345 0.6121
vn -0.6745 -0.5205 0.5237
vn -0.7473 -0.1844 0.6384
vn -0.8543 -0.1039 0.5093
vn -0.7963 0.1436 -0.5876
vn -0.9341 0.1838 -0.3060
vn -0.2373 0.0462 0.9703
vn -0.2287 0.0428 0.9726
vn -0.9023 0.0272 0.4303
vn -0.8456 0.0659 0.5298
vn -0.2480 -0.2525 0.9353
vn -0.2457 -0.2519 0.9360
vn -0.2210 0.3551 0.9083
vn -0.1837 0.3377 0.9232
vn -0.8374 0.2400 0.4911
vn -0.9027 0.1630 0.3982
vn -0.1668 0.5712 0.8037
vn -0.0776 0.5236 0.8485
vn -0.7869 0.3736 0.4912
vn -0.8310 0.3152 0.4584
vn -0.7783 0.4729 0.4131
vn -0.7547 0.4763 0.4513
vn -0.9850 -0.0470 -0.1658
vn -0.9902 0.0770 -0.1163
vn -0.9899 -0.1379 0.0322
vn -0.9255 -0.1478 -0.3486
vn -0.1794 -0.4497 0.8750
vn -0.2522 -0.4706 0.8455
vn -0.9996 -0.0038 0.0278
vn -0.9983 -0.0546 0.0212
vn 0.9168 0.2097 -0.3398
vn 0.9893 0.1171 -0.0875
vn 0.9931 -0.1140 -0.0273
vn 0.9942 -0.1042 -0.0273
vn 0.7990 0.5636 0.2098
vn 0.7721 0.5904 0.2352
vn 0.9922 -0.1039 -0.0696
vn 0.9934 -0.0981 -0.0595
vn -0.9940 -0.0440 -0.0998
vn -0.9889 -0.1008 -0.1090
vn 0.7996 0.5994 -0.0361
vn 0.8404 0.5419 -0.0107
vn 0.0549 0.9976 -0.0433
vn 0.0446 0.9982 -0.0394
vn 0.0540 0.9004 -0.4318
vn 0.1062 0.9070 -0.4075
vn -0.6688 0.6737 -0.3143
vn -0.7524 0.6144 -0.2376
vn -0.6681 0.5813 -0.4645
vn -0.6296 0.6212 -0.4667
vn -0.9968 -0.0222 0.0773
vn -0.9951 -0.0301 0.0942
vn -0.6420 0.4996 -0.5816
vn -0.5847 0.5532 -0.5934
vn -0.9969 0.0039 0.0784
vn -0.9954 0.0003 0.0955
vn -0.6054 0.3781 -0.7004
vn -0.5655 0.4093 -0.7160
vn -0.9280 -0.1263 0.3504
vn -0.9893 -0.1453 0.0147
vn -0.5869 0.1879 -0.7875
vn -0.6376 0.1556 -0.7545
vn -0.9452 -0.0481 0.3230
vn -0.9228 -0.0326 0.3838
vn -0.6515 0.0114 -0.7585
vn -0.7250 -0.0256 -0.6883
vn -0.8693 0.0507 0.4917
vn -0.9437 -0.0708 0.3231
vn 0.9270 0.0734 0.3679
vn 0.9663 0.1166 0.2295
vn -0.9643 0.0819 0.2517
vn -0.8686 0.2184 0.4449
vn -0.9746 0.0448 -0.2194
vn -0.9873 0.1588 -0.0065
vn -0.9973 0.0197 -0.0710
vn -0.9760 -0.0360 -0.2147
vn -0.9960 0.0200 -0.0876
vn -0.9976 0.0560 0.0399
vn -0.5675 -0.0512 -0.8218
vn -0.4813 -0.1476 -0.8640
vn -0.0359 -0.7460 0.6649
vn -0.0426 -0.7247 0.6877
vn 0.0008 0.2835 -0.9590
vn 0.0092 0.2510 -0.9679
vn -0.2154 0.0537 -0.9750
vn -0.1977 0.0701 -0.9777
vn -0.9872 -0.1498 0.0555
vn -0.9706 -0.2075 -0.1216
vn -0.5273 0.8060 0.2690
vn -0.5970 0.7961 0.0989
vn -0.1932 -0.9789 0.0660
vn -0.2296 -0.9665 0.1149
vn -0.4479 -0.7612 0.4691
vn -0.6528 -0.7446 0.1391
vn 0.2656 -0.9430 0.2007
vn 0.3923 -0.8483 0.3557
vn 0.4010 -0.7552 0.5186
vn 0.5867 -0.3613 0.7247
vn 0.1509 0.2409 0.9587
vn 0.9862 -0.0434 0.1597
vn -0.9870 0.1606 0.0023
vn -0.9872 0.1594 0.0006
vn -0.8911 0.4505 -0.0544
vn 0.5655 -0.8246 0.0146
vn -0.1058 -0.9937 -0.0364
vn -0.1914 -0.9792 0.0665
vn 0.8480 -0.0449 0.5281
vn 0.5475 0.8289 -0.1147
vn 0.9222 0.0576 0.3824
vn 0.9843 -0.1030 -0.1432
vn -0.5511 -0.7859 -0.2804
vn -0.5236 -0.7803 -0.3421
vn 0.0001 1.0000 -0.0070
vn 0.0984 0.9866 -0.1300
vn -0.1518 0.9871 0.0515
vn -0.0040 0.9904 -0.1382
vn -0.8915 0.1993 -0.4068
vn -0.9985 0.0132 -0.0539
vn -0.8484 0.2412 0.4712
vn -0.9948 -0.0737 -0.0702
vn -0.9354 -0.2816 -0.2139
vn -0.8540 0.1474 0.4990
vn -0.6873 -0.1896 -0.7012
vn -0.9120 -0.2929 -0.2872
vn -0.9799 -0.0245 0.1978
vn -0.9091 -0.0152 0.4162
vn -0.9799 -0.0294 0.1974
vn 0.7629 -0.0621 -0.6435
vn 0.6245 -0.1475 -0.7670
vn -0.3292 -0.7200 -0.6110
vn 0.8274 0.0332 0.5606
vn 0.8905 0.0681 0.4499
vn 0.9079 -0.2205 -0.3566
vn 0.8372 -0.2604 -0.4809
vn 0.7164 -0.6878 0.1173
vn -0.9464 0.1733 -0.2726
vn -0.7963 0.0169 -0.6046
vn -0.9021 -0.2641 0.3414
vn -0.8732 -0.4659 -0.1429
vn -0.8291 -0.2962 -0.4741
vn -0.9789 0.1479 0.1411
vn -0.7212 -0.1453 0.6773
vn 0.9067 0.0537 -0.4183
vn 0.9285 0.1130 -0.3537
vn 0.9312 0.0975 0.3512
vn 0.9509 0.0412 0.3068
vn 0.7465 -0.1782 0.6411
vn -0.4198 -0.5680 -0.7080
vn 0.4316 0.6526 0.6228
vn -0.4002 -0.6704 -0.6248
vn -0.2932 -0.7874 -0.5422
vn -0.2857 -0.8097 -0.5127
vn -0.0362 -0.6930 -0.7200
vn -0.6346 -0.3330 -0.6974
vn 0.2193 -0.5570 -0.8011
vn 0.0186 -0.7459 -0.6658
vn 0.0187 -0.7461 -0.6656
vn -0.0873 -0.6703 -0.7370
vn -0.0417 -0.8182 -0.5734
vn 0.1577 -0.8955 -0.4163
vn 0.1396 -0.8321 -0.5368
vn 0.4497 0.6024 0.6595
vn 0.4497 0.6026 0.6593
vn 0.4500 0.6024 0.6593
vn 0.4499 0.6025 0.6592
vn 0.2178 0.5881 0.7790
vn 0.4768 0.2628 0.8388
vn -0.6974 -0.5936 -0.4016
vn -0.6492 -0.5889 -0.4814
vn -0.6445 -0.6242 -0.4416
vn -0.6446 -0.6244 -0.4412
vn -0.6447 -0.6240 -0.4415
vn -0.6448 -0.6241 -0.4413
vn -0.6447 -0.6243 -0.4412
vn -0.6446 -0.6243 -0.4414
vn -0.6449 -0.6241 -0.4411
vn -0.5102 -0.4407 -0.7385
vn -0.3390 -0.4870 -0.8049
vn -0.6267 -0.7061 0.3297
vn -0.8478 -0.5161 -0.1219
vn -0.6450 -0.6239 -0.4413
vn -0.6448 -0.6239 -0.4415
vn -0.6452 -0.6239 -0.4410
vn -0.4475 -0.3293 -0.8315
vn -0.8032 -0.3756 -0.4625
vn -0.0564 0.3233 -0.9446
vn -0.7804 0.0245 -0.6248
vn -0.4436 0.4357 -0.7832
vn -0.3670 0.4299 -0.8249
vn -0.1937 -0.9792 -0.0600
vn 0.5726 0.7399 0.3530
vn 0.1666 0.7804 0.6027
vn 0.4497 0.6025 0.6594
vn 0.4498 0.6024 0.6593
vn 0.4496 0.6026 0.6593
vn 0.4080 0.6355 0.6555
vn -0.2420 0.6851 -0.6871
vn 0.4499 0.6023 0.6595
vn -0.2220 0.3804 -0.8978
vn -0.5755 -0.8150 0.0677
vn -0.2797 -0.9224 -0.2663
vn -0.6907 0.2582 -0.6755
vn -0.8935 -0.4301 -0.1289
vn -0.4442 -0.6930 -0.5678
vn -0.3459 -0.4944 -0.7975
vn -0.7271 -0.6859 0.0283
vn -0.8624 -0.2930 -0.4128
vn -0.3714 0.4257 -0.8251
vn -0.5270 -0.2531 -0.8113
vn -0.5771 -0.3264 -0.7486
vn -0.4440 -0.6946 -0.5661
vn 0.4680 -0.3829 -0.7964
vn 0.0671 -0.4640 -0.8833
vn 0.5849 -0.4291 -0.6883
vn -0.3683 -0.6632 -0.6515
vn -0.3286 -0.7260 -0.6041
vn 0.4848 -0.0921 -0.8698
vn -0.7859 0.2387 -0.5704
vn -0.6449 -0.6239 -0.4414
vt 0.388083 0.001614
vt 0.643930 0.281215
vt 0.455300 0.253689
vt 0.353061 0.004714
vt 0.447636 0.274816
vt 0.458877 0.000683
vt 0.539547 0.311041
vt 0.446931 0.291659
vt 0.262699 0.752990
vt 0.538071 0.163548
vt 0.523131 0.100344
vt 0.631600 0.586653
vt 0.332909 0.000682
vt 0.469409 0.597813
vt 0.365804 0.586647
vt 0.503212 0.347764
vt 0.635920 0.065763
vt 0.207760 0.754715
vt 0.531537 0.125605
vt 0.649959 0.099308
vt 0.476742 0.612225
vt 0.628221 0.476974
vt 0.524303 0.228109
vt 0.596788 0.652017
vt 0.538675 0.218851
vt 0.489529 0.329215
vt 0.555239 0.206530
vt 0.459256 0.271080
vt 0.406587 0.625266
vt 0.560367 0.188408
vt 0.505246 0.300742
vt 0.603791 0.206092
vt 0.520301 0.295602
vt 0.643380 0.118425
vt 0.504548 0.639475
vt 0.497410 0.275349
vt 0.534935 0.291037
vt 0.626989 0.001087
vt 0.558125 0.161839
vt 0.559883 0.176765
vt 0.557650 0.180621
vt 0.013262 0.289317
vt 0.613634 0.396887
vt 0.501694 0.209738
vt 0.256654 0.004834
vt 0.475083 0.544788
vt 0.334852 0.511934
vt 0.469634 0.552190
vt 0.331487 0.750887
vt 0.264064 0.007718
vt 0.330167 0.744920
vt 0.271135 0.004559
vt 0.374924 0.478215
vt 0.322560 0.000818
vt 0.264064 0.752638
vt 0.523928 0.109536
vt 0.529072 0.158387
vt 0.499031 0.150476
vt 0.625307 0.252103
vt 0.515479 0.143009
vt 0.354303 0.524782
vt 0.569229 0.322562
vt 0.504408 0.148121
vt 0.566606 0.336386
vt 0.561933 0.352444
vt 0.556925 0.358441
vt 0.484680 0.179037
vt 0.488167 0.171531
vt 0.494272 0.157716
vt 0.490215 0.162230
vt 0.637003 0.649661
vt 0.512601 0.622088
vt 0.601310 0.069276
vt 0.638745 0.204589
vt 0.389483 0.276780
vt 0.014042 0.278392
vt 0.619548 0.528992
vt 0.643373 0.049066
vt 0.552950 0.320552
vt 0.459656 0.285248
vt 0.433108 0.005915
vt 0.510319 0.109261
vt 0.646659 0.212892
vt 0.016600 0.002865
vt 0.397922 0.001346
vt 0.648861 0.280620
vt 0.001509 0.001472
vt 0.549836 0.619261
vt 0.646506 0.290265
vt 0.001113 0.012185
vt 0.640459 0.253276
vt 0.640297 0.288321
vt 0.388118 0.010416
vt 0.646971 0.252990
vt 0.381199 0.009872
vt 0.640297 0.276721
vt 0.381744 0.000683
vt 0.544900 0.610804
vt 0.645767 0.273231
vt 0.550015 0.611156
vt 0.459871 0.255989
vt 0.549779 0.580111
vt 0.447754 0.001191
vt 0.453944 0.262086
vt 0.549839 0.588375
vt 0.449119 0.257288
vt 0.360381 0.002751
vt 0.544036 0.589473
vt 0.454014 0.246296
vt 0.353314 0.012499
vt 0.447540 0.011005
vt 0.460716 0.246606
vt 0.361422 0.011385
vt 0.439639 0.274054
vt 0.452720 0.289420
vt 0.452388 0.295926
vt 0.440238 0.267032
vt 0.458391 0.008774
vt 0.446462 0.267012
vt 0.346028 0.268710
vt 0.450510 0.008670
vt 0.450321 0.002365
vt 0.345463 0.275237
vt 0.531135 0.313079
vt 0.529546 0.309541
vt 0.622417 0.015685
vt 0.536320 0.305938
vt 0.540056 0.303232
vt 0.626989 0.014065
vt 0.481968 0.632969
vt 0.544054 0.307660
vt 0.445169 0.285617
vt 0.481894 0.627051
vt 0.451765 0.284851
vt 0.482386 0.619643
vt 0.537282 0.171248
vt 0.255445 0.753564
vt 0.255326 0.747609
vt 0.332031 0.006754
vt 0.262293 0.746937
vt 0.631600 0.593830
vt 0.543816 0.167177
vt 0.541808 0.173343
vt 0.517678 0.109309
vt 0.452001 0.279682
vt 0.477217 0.619079
vt 0.517269 0.101957
vt 0.637390 0.587736
vt 0.477121 0.627062
vt 0.636487 0.592963
vt 0.544909 0.162636
vt 0.477394 0.633523
vt 0.324154 0.006941
vt 0.265031 0.746542
vt 0.355379 0.582671
vt 0.506712 0.336723
vt 0.379276 0.277908
vt 0.356368 0.578948
vt 0.378783 0.274327
vt 0.388118 0.274738
vt 0.365737 0.581922
vt 0.476742 0.598852
vt 0.369098 0.593317
vt 0.637814 0.073004
vt 0.597394 0.642575
vt 0.641871 0.073990
vt 0.475135 0.602893
vt 0.498823 0.344790
vt 0.468660 0.602567
vt 0.372207 0.582455
vt 0.002699 0.277056
vt 0.372977 0.587018
vt 0.002645 0.281708
vt 0.372890 0.592309
vt 0.633376 0.072422
vt 0.001662 0.286963
vt 0.536460 0.124439
vt 0.519514 0.214294
vt 0.640549 0.067936
vt 0.628552 0.071184
vt 0.007005 0.287785
vt 0.629457 0.066080
vt 0.005868 0.292771
vt 0.629836 0.060078
vt 0.004805 0.299142
vt 0.635564 0.058863
vt 0.210394 0.748226
vt 0.649038 0.113842
vt 0.631162 0.491175
vt 0.374342 0.506787
vt 0.377540 0.507411
vt 0.488865 0.363720
vt 0.645375 0.114110
vt 0.476275 0.615441
vt 0.645173 0.099968
vt 0.484485 0.350262
vt 0.467459 0.616205
vt 0.485853 0.340025
vt 0.467323 0.612177
vt 0.489806 0.340792
vt 0.494104 0.342379
vt 0.467616 0.607676
vt 0.597933 0.646998
vt 0.475153 0.607411
vt 0.543605 0.221758
vt 0.533488 0.228376
vt 0.531301 0.224374
vt 0.605018 0.652017
vt 0.534084 0.214120
vt 0.540479 0.204129
vt 0.546007 0.206791
vt 0.527949 0.220162
vt 0.604413 0.646765
vt 0.493917 0.330499
vt 0.634097 0.476849
vt 0.524130 0.232361
vt 0.509960 0.233257
vt 0.635361 0.490990
vt 0.481605 0.339846
vt 0.485032 0.326954
vt 0.555570 0.188046
vt 0.566294 0.178357
vt 0.565184 0.192095
vt 0.412774 0.628178
vt 0.493730 0.311214
vt 0.489881 0.307961
vt 0.502712 0.295174
vt 0.596550 0.204660
vt 0.523544 0.300676
vt 0.514820 0.307768
vt 0.508739 0.305919
vt 0.527946 0.292532
vt 0.619455 0.000682
vt 0.619765 0.005607
vt 0.530034 0.297109
vt 0.518015 0.291511
vt 0.603230 0.190994
vt 0.526664 0.288179
vt 0.651061 0.117027
vt 0.559558 0.167981
vt 0.554821 0.166545
vt 0.649939 0.121701
vt 0.643842 0.122046
vt 0.625821 0.004811
vt 0.506217 0.630786
vt 0.494665 0.267052
vt 0.511236 0.630735
vt 0.557610 0.151900
vt 0.511073 0.639980
vt 0.562104 0.160014
vt 0.492250 0.276629
vt 0.535293 0.286956
vt 0.490263 0.267809
vt 0.544287 0.287876
vt 0.553210 0.178253
vt 0.554388 0.173166
vt 0.564631 0.168023
vt 0.011132 0.293805
vt 0.320487 0.753658
vt 0.618351 0.394596
vt 0.012963 0.283547
vt 0.622247 0.534836
vt 0.017922 0.284541
vt 0.626856 0.533495
vt 0.638727 0.637838
vt 0.601310 0.057518
vt 0.019125 0.288486
vt 0.496905 0.206258
vt 0.596874 0.057538
vt 0.617429 0.536825
vt 0.007575 0.282664
vt 0.475360 0.541552
vt 0.259104 0.002611
vt 0.252004 0.015696
vt 0.475499 0.556371
vt 0.249815 0.014187
vt 0.248068 0.012522
vt 0.473497 0.556057
vt 0.334457 0.509562
vt 0.332435 0.748436
vt 0.374341 0.508776
vt 0.262487 0.004475
vt 0.335655 0.509746
vt 0.260759 0.003526
vt 0.261463 0.003948
vt 0.335655 0.512516
vt 0.468884 0.552895
vt 0.335715 0.521394
vt 0.261377 0.000850
vt 0.330530 0.750567
vt 0.469440 0.551237
vt 0.331440 0.748083
vt 0.375582 0.508964
vt 0.329352 0.748206
vt 0.264921 0.004473
vt 0.469634 0.548859
vt 0.267071 0.018267
vt 0.264719 0.018490
vt 0.329731 0.734192
vt 0.332229 0.734207
vt 0.262699 0.018710
vt 0.376736 0.521888
vt 0.374342 0.489509
vt 0.277832 0.013715
vt 0.275632 0.015333
vt 0.374342 0.474968
vt 0.268437 0.002610
vt 0.474101 0.539492
vt 0.375669 0.472871
vt 0.335541 0.522758
vt 0.267516 0.000711
vt 0.260002 0.000701
vt 0.376194 0.475120
vt 0.473843 0.541617
vt 0.376277 0.489405
vt 0.279370 0.012249
vt 0.471513 0.556079
vt 0.270592 0.747027
vt 0.523492 0.162841
vt 0.270469 0.752813
vt 0.618351 0.353509
vt 0.523637 0.155821
vt 0.522585 0.116113
vt 0.456959 0.278145
vt 0.635882 0.048512
vt 0.517674 0.115256
vt 0.613228 0.353058
vt 0.519903 0.161116
vt 0.490579 0.149947
vt 0.500606 0.143721
vt 0.503918 0.153589
vt 0.499807 0.159967
vt 0.518050 0.146478
vt 0.565028 0.321603
vt 0.516160 0.124862
vt 0.636415 0.038995
vt 0.523928 0.126272
vt 0.513601 0.151505
vt 0.508564 0.149659
vt 0.621219 0.254436
vt 0.513258 0.140778
vt 0.522411 0.137340
vt 0.619053 0.245088
vt 0.623156 0.244579
vt 0.356063 0.516753
vt 0.360811 0.516627
vt 0.572519 0.313723
vt 0.360811 0.526177
vt 0.574289 0.323129
vt 0.510954 0.135921
vt 0.560743 0.335066
vt 0.563414 0.327714
vt 0.643373 0.038745
vt 0.568743 0.330548
vt 0.559763 0.347474
vt 0.555602 0.344080
vt 0.565287 0.355852
vt 0.557037 0.363676
vt 0.482412 0.187385
vt 0.477178 0.186489
vt 0.481249 0.174771
vt 0.490756 0.176979
vt 0.487566 0.188574
vt 0.496104 0.166199
vt 0.514826 0.615644
vt 0.644170 0.647754
vt 0.523675 0.374276
vt 0.516619 0.615152
vt 0.524337 0.378450
vt 0.516725 0.624172
vt 0.515502 0.379814
vt 0.639140 0.642597
vt 0.600034 0.062551
vt 0.522238 0.368891
vt 0.644170 0.642241
vt 0.389996 0.268537
vt 0.013171 0.270135
vt 0.490770 0.642858
vt 0.483751 0.642175
vt 0.395310 0.268843
vt 0.395263 0.275797
vt 0.621716 0.522122
vt 0.525408 0.360854
vt 0.626377 0.522932
vt 0.625801 0.528807
vt 0.520054 0.363518
vt 0.643218 0.636614
vt 0.614462 0.533485
vt 0.007868 0.277525
vt 0.007822 0.270008
vt 0.574041 0.332951
vt 0.516663 0.120771
vt 0.636612 0.043193
vt 0.558552 0.324104
vt 0.643324 0.043527
vt 0.555893 0.332093
vt 0.468461 0.288246
vt 0.551392 0.330118
vt 0.459049 0.289848
vt 0.433108 0.276116
vt 0.466459 0.292109
vt 0.514795 0.104043
vt 0.526774 0.242995
vt 0.432665 0.013754
vt 0.425215 0.012366
vt 0.512155 0.115215
vt 0.426698 0.003870
vt 0.562132 0.588529
vt 0.505806 0.116709
vt 0.505273 0.108382
vt 0.435139 0.001022
vt 0.509169 0.100344
vt 0.434787 0.011060
vt 0.533373 0.242348
vt 0.642242 0.215250
vt 0.012107 0.001161
vt 0.560459 0.620002
vt 0.561250 0.611372
vt 0.640110 0.206643
vt 0.405273 0.000682
vt 0.647032 0.205787
vt 0.398082 0.010552
vt 0.018313 0.012081
vt 0.012673 0.012092
vt 0.405508 0.010282
vt 0.406111 0.025811
vt 0.398988 0.025389
vt 0.019125 0.026907
vt 0.646941 0.197381
vt 0.514795 0.123827
vt 0.416022 0.002126
vt 0.415270 0.010965
vt 0.414694 0.026379
vt 0.413482 0.052570
vt 0.405153 0.052155
vt 0.423517 0.027036
vt 0.422089 0.052802
vt 0.421174 0.079947
vt 0.412634 0.079404
vt 0.525927 0.254961
vt 0.430747 0.027610
vt 0.429484 0.052910
vt 0.452038 0.476836
vt 0.526655 0.275965
vt 0.428913 0.080122
vt 0.454360 0.454829
vt 0.455912 0.433036
vt 0.429363 0.106495
vt 0.420960 0.106718
vt 0.445169 0.475521
vt 0.434822 0.049899
vt 0.533373 0.274545
vt 0.447186 0.453418
vt 0.434862 0.077050
vt 0.448691 0.431940
vt 0.435058 0.103153
vt 0.435264 0.127997
vt 0.449982 0.411388
vt 0.457146 0.412725
vt 0.429921 0.131045
vt 0.440869 0.077132
vt 0.441290 0.103050
vt 0.441503 0.128003
vt 0.441690 0.153753
vt 0.435408 0.153767
vt 0.451446 0.390114
vt 0.457173 0.161947
vt 0.447419 0.103093
vt 0.447754 0.128106
vt 0.456700 0.138574
vt 0.447684 0.153796
vt 0.456547 0.114658
vt 0.456925 0.089851
vt 0.447347 0.180370
vt 0.441327 0.180551
vt 0.354111 0.129969
vt 0.449399 0.138557
vt 0.449119 0.114798
vt 0.353183 0.155491
vt 0.449226 0.089832
vt 0.351672 0.182141
vt 0.350349 0.210206
vt 0.449328 0.063689
vt 0.457184 0.063733
vt 0.446963 0.208423
vt 0.361308 0.155874
vt 0.359971 0.182429
vt 0.358821 0.210467
vt 0.357370 0.238142
vt 0.348501 0.237188
vt 0.450048 0.038462
vt 0.369379 0.182785
vt 0.368478 0.210652
vt 0.367389 0.238377
vt 0.367115 0.258156
vt 0.356083 0.257816
vt 0.377517 0.211031
vt 0.377290 0.238614
vt 0.377775 0.257658
vt 0.378394 0.268171
vt 0.366999 0.268086
vt 0.385670 0.238304
vt 0.365106 0.550692
vt 0.386302 0.257232
vt 0.364415 0.566903
vt 0.387033 0.267968
vt 0.364803 0.576024
vt 0.001899 0.258807
vt 0.371828 0.567085
vt 0.371919 0.576359
vt 0.002263 0.269808
vt 0.007556 0.258813
vt 0.001848 0.239531
vt 0.372151 0.550670
vt 0.007154 0.239239
vt 0.390855 0.238204
vt 0.012476 0.239785
vt 0.369540 0.280763
vt 0.012933 0.258950
vt 0.390103 0.257355
vt 0.491032 0.651468
vt 0.362488 0.279855
vt 0.396270 0.238662
vt 0.483751 0.650918
vt 0.395485 0.257610
vt 0.404917 0.239040
vt 0.404134 0.258173
vt 0.403631 0.269113
vt 0.403414 0.275427
vt 0.621421 0.514833
vt 0.414231 0.258959
vt 0.414176 0.268797
vt 0.414171 0.275245
vt 0.620005 0.505942
vt 0.625602 0.506073
vt 0.539777 0.346833
vt 0.532383 0.355000
vt 0.626856 0.515259
vt 0.424845 0.269483
vt 0.618850 0.497195
vt 0.472110 0.296352
vt 0.424966 0.275508
vt 0.624045 0.496725
vt 0.475499 0.292287
vt 0.547143 0.338541
vt 0.551212 0.341387
vt 0.543893 0.350562
vt 0.548076 0.353812
vt 0.539340 0.363272
vt 0.536128 0.359008
vt 0.530887 0.370487
vt 0.528228 0.365716
vt 0.532920 0.374703
vt 0.542798 0.367533
vt 0.534720 0.379213
vt 0.524882 0.382770
vt 0.545826 0.372928
vt 0.525282 0.387362
vt 0.461545 0.525393
vt 0.461017 0.538020
vt 0.512646 0.387503
vt 0.513861 0.383616
vt 0.536360 0.383993
vt 0.459909 0.514272
vt 0.464499 0.513441
vt 0.371828 0.348854
vt 0.465958 0.525368
vt 0.371389 0.360735
vt 0.372334 0.358908
vt 0.456550 0.502320
vt 0.548224 0.377966
vt 0.461322 0.500933
vt 0.371524 0.336406
vt 0.375779 0.336824
vt 0.575883 0.140499
vt 0.375959 0.349033
vt 0.573646 0.153020
vt 0.451023 0.489972
vt 0.560415 0.368846
vt 0.371389 0.321493
vt 0.456105 0.488165
vt 0.580144 0.128007
vt 0.375754 0.322502
vt 0.471552 0.170294
vt 0.584224 0.131061
vt 0.475297 0.172362
vt 0.580346 0.142306
vt 0.472106 0.185486
vt 0.371537 0.307105
vt 0.497477 0.556013
vt 0.449599 0.478201
vt 0.477606 0.156980
vt 0.376055 0.307875
vt 0.481055 0.160435
vt 0.485381 0.164851
vt 0.376228 0.293030
vt 0.487264 0.145122
vt 0.371577 0.292174
vt 0.501603 0.543765
vt 0.371474 0.279855
vt 0.609081 0.074735
vt 0.503121 0.530823
vt 0.376181 0.280888
vt 0.613609 0.075371
vt 0.498276 0.136886
vt 0.608691 0.062886
vt 0.502914 0.518707
vt 0.612839 0.063480
vt 0.509408 0.131242
vt 0.609766 0.050436
vt 0.613097 0.076736
vt 0.501331 0.506211
vt 0.613609 0.051075
vt 0.521524 0.128007
vt 0.608705 0.077090
vt 0.521946 0.132391
vt 0.536885 0.128035
vt 0.608691 0.090919
vt 0.535862 0.132482
vt 0.534758 0.137217
vt 0.618271 0.232843
vt 0.622821 0.233141
vt 0.497410 0.243355
vt 0.354637 0.505755
vt 0.551162 0.138762
vt 0.620679 0.219711
vt 0.509239 0.618578
vt 0.548415 0.142821
vt 0.625307 0.221006
vt 0.504548 0.619516
vt 0.494344 0.255359
vt 0.489555 0.255239
vt 0.556370 0.292254
vt 0.492958 0.242348
vt 0.359269 0.504583
vt 0.567358 0.302239
vt 0.571227 0.299377
vt 0.493189 0.493896
vt 0.496958 0.507335
vt 0.577383 0.312239
vt 0.559000 0.288049
vt 0.561233 0.284364
vt 0.613140 0.109163
vt 0.574622 0.296838
vt 0.613241 0.090876
vt 0.496887 0.491584
vt 0.545464 0.283076
vt 0.612875 0.123855
vt 0.546396 0.279107
vt 0.613097 0.488315
vt 0.608691 0.123902
vt 0.609192 0.488002
vt 0.584559 0.278145
vt 0.564576 0.146513
vt 0.553603 0.135199
vt 0.608721 0.109088
vt 0.535100 0.282366
vt 0.611651 0.499526
vt 0.534933 0.278145
vt 0.607515 0.499135
vt 0.588225 0.288893
vt 0.583975 0.290173
vt 0.566572 0.158148
vt 0.580733 0.280318
vt 0.561279 0.149032
vt 0.611111 0.510095
vt 0.524416 0.279262
vt 0.590541 0.299401
vt 0.606715 0.509858
vt 0.585973 0.299676
vt 0.569818 0.167303
vt 0.591841 0.311374
vt 0.606711 0.521909
vt 0.586959 0.311207
vt 0.571704 0.178780
vt 0.590906 0.326541
vt 0.512601 0.573053
vt 0.608153 0.536825
vt 0.585975 0.325434
vt 0.570482 0.193630
vt 0.585311 0.343387
vt 0.508828 0.491584
vt 0.512853 0.593611
vt 0.580733 0.341649
vt 0.504486 0.493920
vt 0.563037 0.211659
vt 0.558949 0.209505
vt 0.412002 0.643694
vt 0.515000 0.507688
vt 0.512601 0.613787
vt 0.482806 0.571279
vt 0.550188 0.227169
vt 0.510834 0.509205
vt 0.546730 0.223976
vt 0.535734 0.231845
vt 0.406587 0.642315
vt 0.460173 0.271513
vt 0.555136 0.207260
vt 0.538224 0.235696
vt 0.513364 0.522406
vt 0.513822 0.536023
vt 0.525203 0.240565
vt 0.524822 0.236413
vt 0.517688 0.521683
vt 0.480630 0.586269
vt 0.517979 0.536306
vt 0.480562 0.601198
vt 0.375407 0.424763
vt 0.376135 0.409205
vt 0.515228 0.553714
vt 0.511256 0.552460
vt 0.508530 0.240983
vt 0.484682 0.586346
vt 0.371389 0.424299
vt 0.484236 0.601071
vt 0.487048 0.617714
vt 0.448214 0.570208
vt 0.372310 0.408995
vt 0.476864 0.352743
vt 0.488264 0.600453
vt 0.490876 0.616054
vt 0.445169 0.567369
vt 0.482774 0.367956
vt 0.456122 0.553783
vt 0.496734 0.381792
vt 0.372514 0.388031
vt 0.459974 0.555636
vt 0.580514 0.195116
vt 0.508016 0.571688
vt 0.376421 0.388025
vt 0.375766 0.370892
vt 0.574675 0.178463
vt 0.578825 0.177274
vt 0.478059 0.220616
vt 0.584224 0.193129
vt 0.504486 0.569411
vt 0.489950 0.233254
vt 0.465239 0.538883
vt 0.371897 0.371108
vt 0.375284 0.360412
vt 0.376228 0.359047
vt 0.573069 0.165002
vt 0.577492 0.164765
vt 0.473218 0.209014
vt 0.578058 0.153745
vt 0.471552 0.197864
vt 0.476518 0.197848
vt 0.477535 0.207597
vt 0.481801 0.206331
vt 0.635108 0.197302
vt 0.484305 0.214766
vt 0.633816 0.206008
vt 0.481121 0.217771
vt 0.481019 0.197943
vt 0.485913 0.198112
vt 0.486188 0.204969
vt 0.594052 0.067929
vt 0.638241 0.197913
vt 0.491731 0.198177
vt 0.491596 0.204596
vt 0.594879 0.062539
vt 0.493260 0.189899
vt 0.499477 0.191786
vt 0.497741 0.199573
vt 0.496814 0.179830
vt 0.502795 0.182683
vt 0.508281 0.185360
vt 0.611452 0.374947
vt 0.611788 0.382439
vt 0.504826 0.193956
vt 0.501493 0.169467
vt 0.507169 0.172621
vt 0.512691 0.175345
vt 0.611634 0.366053
vt 0.510961 0.165006
vt 0.612274 0.358773
vt 0.516363 0.167387
vt 0.277502 0.753416
vt 0.617536 0.359216
vt 0.617084 0.366485
vt 0.286417 0.753816
vt 0.616902 0.374936
vt 0.297093 0.753735
vt 0.306293 0.753503
vt 0.616917 0.382182
vt 0.286775 0.747596
vt 0.296890 0.747763
vt 0.305880 0.747718
vt 0.313338 0.747726
vt 0.314104 0.753386
vt 0.617021 0.388453
vt 0.296683 0.739930
vt 0.305048 0.739915
vt 0.311568 0.739634
vt 0.310003 0.725752
vt 0.315932 0.725587
vt 0.008079 0.321564
vt 0.317332 0.739286
vt 0.009774 0.307975
vt 0.010580 0.299631
vt 0.319285 0.747753
vt 0.303803 0.726142
vt 0.303941 0.705520
vt 0.310120 0.705589
vt 0.296259 0.726405
vt 0.296660 0.705397
vt 0.297302 0.683611
vt 0.304667 0.683774
vt 0.288035 0.726142
vt 0.288820 0.705201
vt 0.289348 0.683409
vt 0.289963 0.661279
vt 0.297966 0.661476
vt 0.281909 0.704929
vt 0.282415 0.683192
vt 0.283069 0.661116
vt 0.283675 0.638779
vt 0.290475 0.638999
vt 0.275998 0.682996
vt 0.276604 0.660946
vt 0.277270 0.638603
vt 0.277852 0.617035
vt 0.284143 0.617222
vt 0.270871 0.660772
vt 0.325828 0.092879
vt 0.271514 0.638454
vt 0.325960 0.115202
vt 0.272141 0.616884
vt 0.326031 0.136778
vt 0.326009 0.158035
vt 0.272722 0.595633
vt 0.278460 0.595772
vt 0.330812 0.115201
vt 0.254338 0.638752
vt 0.330841 0.136787
vt 0.253795 0.617168
vt 0.331044 0.158042
vt 0.253382 0.595909
vt 0.253016 0.575037
vt 0.330933 0.178909
vt 0.325981 0.178931
vt 0.273382 0.574745
vt 0.247752 0.617294
vt 0.247286 0.596063
vt 0.246892 0.575183
vt 0.246610 0.554172
vt 0.252672 0.554050
vt 0.330972 0.199890
vt 0.241099 0.596190
vt 0.240629 0.575316
vt 0.240198 0.554267
vt 0.240012 0.532538
vt 0.246399 0.532442
vt 0.233529 0.575443
vt 0.233096 0.554346
vt 0.232846 0.532672
vt 0.232732 0.511029
vt 0.239835 0.510955
vt 0.225117 0.554471
vt 0.224772 0.532812
vt 0.224633 0.511118
vt 0.224697 0.489198
vt 0.232706 0.489202
vt 0.217724 0.532935
vt 0.217481 0.511167
vt 0.217633 0.489201
vt 0.217611 0.467871
vt 0.224618 0.467811
vt 0.211430 0.511184
vt 0.211491 0.489248
vt 0.211541 0.467926
vt 0.211296 0.446675
vt 0.217461 0.446615
vt 0.205868 0.489293
vt 0.003445 0.558049
vt 0.205831 0.467989
vt 0.003313 0.579322
vt 0.205599 0.446723
vt 0.003258 0.600569
vt 0.003192 0.622319
vt 0.205403 0.424952
vt 0.211110 0.424929
vt 0.006786 0.579300
vt 0.320579 0.467720
vt 0.006654 0.600564
vt 0.320881 0.446441
vt 0.006443 0.622268
vt 0.321195 0.424721
vt 0.321112 0.402425
vt 0.006369 0.644526
vt 0.003083 0.644589
vt 0.205456 0.402645
vt 0.314672 0.446359
vt 0.314954 0.424746
vt 0.314942 0.402458
vt 0.314791 0.380907
vt 0.320994 0.380908
vt 0.006278 0.666005
vt 0.308662 0.424748
vt 0.308627 0.402508
vt 0.308572 0.380901
vt 0.308517 0.359211
vt 0.314806 0.359167
vt 0.301159 0.402582
vt 0.301133 0.380914
vt 0.301036 0.359229
vt 0.300932 0.337351
vt 0.308264 0.337224
vt 0.293096 0.380942
vt 0.293188 0.359224
vt 0.293241 0.337442
vt 0.293112 0.315797
vt 0.300845 0.315638
vt 0.286645 0.359245
vt 0.286721 0.337509
vt 0.286545 0.315949
vt 0.286384 0.294662
vt 0.292926 0.294643
vt 0.280653 0.337550
vt 0.280433 0.316050
vt 0.280273 0.294679
vt 0.280204 0.273633
vt 0.286221 0.273505
vt 0.274727 0.316128
vt 0.327227 0.437336
vt 0.274526 0.294684
vt 0.327333 0.458748
vt 0.274541 0.273741
vt 0.327492 0.479669
vt 0.327372 0.500403
vt 0.274283 0.252975
vt 0.279979 0.252869
vt 0.332239 0.458796
vt 0.252241 0.294887
vt 0.332214 0.479639
vt 0.252394 0.274016
vt 0.332339 0.500362
vt 0.252889 0.253247
vt 0.253257 0.232171
vt 0.332372 0.521400
vt 0.327504 0.521395
vt 0.274000 0.231947
vt 0.246517 0.273952
vt 0.246921 0.253221
vt 0.247322 0.232087
vt 0.247769 0.211314
vt 0.253564 0.211482
vt 0.332428 0.542053
vt 0.240649 0.253172
vt 0.241083 0.232040
vt 0.241763 0.211137
vt 0.242332 0.190683
vt 0.248319 0.190830
vt 0.234513 0.231996
vt 0.235348 0.210945
vt 0.235965 0.190500
vt 0.236426 0.170189
vt 0.242803 0.170379
vt 0.227639 0.210736
vt 0.228353 0.190256
vt 0.229222 0.169947
vt 0.230064 0.149724
vt 0.237094 0.149979
vt 0.221665 0.190045
vt 0.222595 0.169708
vt 0.223544 0.149468
vt 0.224662 0.129300
vt 0.231025 0.129581
vt 0.216764 0.169487
vt 0.217625 0.149226
vt 0.218682 0.128998
vt 0.219817 0.108870
vt 0.225722 0.109329
vt 0.211989 0.148990
vt 0.002035 0.897511
vt 0.213046 0.128704
vt 0.001952 0.917709
vt 0.214238 0.108444
vt 0.001887 0.937874
vt 0.001755 0.958428
vt 0.215671 0.087781
vt 0.221173 0.088434
vt 0.004970 0.917673
vt 0.314194 0.128494
vt 0.004854 0.937835
vt 0.313046 0.108240
vt 0.004868 0.958433
vt 0.311612 0.087534
vt 0.308083 0.066384
vt 0.004835 0.979359
vt 0.001563 0.979408
vt 0.219238 0.066574
vt 0.307297 0.108605
vt 0.305983 0.088254
vt 0.302955 0.067732
vt 0.296938 0.048014
vt 0.472661 0.596248
vt 0.301213 0.046023
vt 0.004847 0.999317
vt 0.300212 0.088940
vt 0.297579 0.069104
vt 0.292435 0.050022
vt 0.284727 0.032096
vt 0.288314 0.029773
vt 0.291722 0.070416
vt 0.287604 0.051876
vt 0.281310 0.033852
vt 0.273654 0.016310
vt 0.282660 0.052968
vt 0.277997 0.034963
vt 0.271635 0.017119
vt 0.266718 0.003564
vt 0.267628 0.003049
vt 0.274102 0.035736
vt 0.269544 0.017840
vt 0.265807 0.004043
vt 0.468641 0.549073
vt 0.468334 0.551634
vt 0.334277 0.521394
vt 0.266057 0.000924
vt 0.334381 0.522004
vt 0.266677 0.000683
vt 0.335673 0.521927
vt 0.260835 0.000682
vt 0.259988 0.003043
vt 0.257851 0.018109
vt 0.255903 0.017444
vt 0.253927 0.016612
vt 0.249512 0.035217
vt 0.246192 0.034100
vt 0.242951 0.032494
vt 0.239765 0.052090
vt 0.235042 0.050204
vt 0.230586 0.048257
vt 0.239294 0.030172
vt 0.475499 0.596213
vt 0.226207 0.046282
vt 0.001645 0.999292
vt 0.236177 0.028067
vt 0.473897 0.575615
vt 0.471034 0.575659
vt 0.291449 0.027670
vt 0.224425 0.067991
vt 0.229709 0.069382
vt 0.226995 0.089109
vt 0.235476 0.070649
vt 0.233186 0.089766
vt 0.231964 0.109736
vt 0.239582 0.090341
vt 0.238380 0.110090
vt 0.237595 0.129863
vt 0.244529 0.110373
vt 0.243787 0.130108
vt 0.243315 0.150150
vt 0.249666 0.130326
vt 0.249310 0.150297
vt 0.248820 0.170553
vt 0.332691 0.602972
vt 0.255066 0.150429
vt 0.254545 0.170760
vt 0.332616 0.582687
vt 0.332511 0.562546
vt 0.254090 0.190943
vt 0.272829 0.170537
vt 0.327902 0.582686
vt 0.327581 0.562520
vt 0.273263 0.190746
vt 0.273738 0.211242
vt 0.327643 0.542066
vt 0.278899 0.190643
vt 0.279360 0.211097
vt 0.279721 0.231858
vt 0.285224 0.210951
vt 0.285733 0.231749
vt 0.285992 0.252774
vt 0.292053 0.231616
vt 0.292453 0.252656
vt 0.292718 0.273354
vt 0.300010 0.252455
vt 0.300438 0.273189
vt 0.300659 0.294559
vt 0.307514 0.273082
vt 0.307855 0.294394
vt 0.308087 0.315529
vt 0.313900 0.294228
vt 0.314213 0.315459
vt 0.314495 0.337094
vt 0.005860 0.731357
vt 0.320335 0.315421
vt 0.320591 0.336950
vt 0.005988 0.709874
vt 0.006166 0.687773
vt 0.320953 0.359105
vt 0.206076 0.337174
vt 0.002795 0.709929
vt 0.002884 0.687795
vt 0.205637 0.359365
vt 0.205581 0.381189
vt 0.002963 0.666007
vt 0.211355 0.359449
vt 0.211307 0.381248
vt 0.211177 0.402624
vt 0.217481 0.381303
vt 0.217388 0.402608
vt 0.217337 0.424925
vt 0.224649 0.402651
vt 0.224507 0.424928
vt 0.224563 0.446512
vt 0.232648 0.424896
vt 0.232483 0.446375
vt 0.232538 0.467745
vt 0.239423 0.446239
vt 0.239546 0.467691
vt 0.239752 0.489189
vt 0.245830 0.467648
vt 0.246030 0.489160
vt 0.246197 0.510890
vt 0.331416 0.264789
vt 0.252020 0.489111
vt 0.252197 0.510828
vt 0.331223 0.243088
vt 0.331021 0.221559
vt 0.252483 0.532367
vt 0.274291 0.510589
vt 0.326523 0.243060
vt 0.326320 0.221566
vt 0.274089 0.532096
vt 0.273706 0.553772
vt 0.326171 0.199896
vt 0.279740 0.532155
vt 0.279477 0.553880
vt 0.279096 0.574832
vt 0.285692 0.554007
vt 0.285256 0.574908
vt 0.284611 0.595895
vt 0.291938 0.574966
vt 0.291316 0.596021
vt 0.290908 0.617418
vt 0.299120 0.596166
vt 0.298743 0.617641
vt 0.298371 0.639244
vt 0.306036 0.617848
vt 0.305696 0.639459
vt 0.305245 0.661660
vt 0.311885 0.639633
vt 0.311351 0.661821
vt 0.310809 0.683897
vt 0.007726 0.385144
vt 0.317571 0.662001
vt 0.317002 0.684032
vt 0.007843 0.363115
vt 0.007971 0.341446
vt 0.316390 0.705701
vt 0.209043 0.684312
vt 0.004281 0.363147
vt 0.004444 0.341493
vt 0.209695 0.705964
vt 0.209843 0.725799
vt 0.004647 0.321679
vt 0.215141 0.705826
vt 0.215061 0.725859
vt 0.633732 0.050436
vt 0.212787 0.739916
vt 0.208299 0.739620
vt 0.628552 0.052207
vt 0.004871 0.307964
vt 0.221103 0.726221
vt 0.219228 0.740318
vt 0.217975 0.748494
vt 0.227364 0.740434
vt 0.226850 0.748476
vt 0.531914 0.109714
vt 0.226723 0.754404
vt 0.217309 0.754640
vt 0.532255 0.117750
vt 0.528990 0.199144
vt 0.537267 0.109647
vt 0.537246 0.117483
vt 0.524430 0.207271
vt 0.534842 0.201636
vt 0.529202 0.210179
vt 0.523616 0.216267
vt 0.603273 0.641383
vt 0.644587 0.068525
vt 0.533866 0.189889
vt 0.537093 0.100746
vt 0.539541 0.192730
vt 0.545098 0.195849
vt 0.544281 0.183313
vt 0.550218 0.185755
vt 0.460173 0.263451
vt 0.551000 0.200489
vt 0.547328 0.175881
vt 0.549056 0.170171
vt 0.538561 0.180694
vt 0.534073 0.178508
vt 0.247536 0.754263
vt 0.529557 0.187656
vt 0.531537 0.100504
vt 0.237330 0.754387
vt 0.237245 0.748458
vt 0.247147 0.748099
vt 0.246303 0.740125
vt 0.253868 0.739054
vt 0.237126 0.740421
vt 0.236768 0.726378
vt 0.244507 0.725589
vt 0.228230 0.726583
vt 0.228059 0.705613
vt 0.236190 0.705445
vt 0.221120 0.705726
vt 0.220619 0.684026
vt 0.227557 0.683862
vt 0.214639 0.684170
vt 0.214106 0.662193
vt 0.220135 0.662079
vt 0.208512 0.662308
vt 0.004217 0.385148
vt 0.004054 0.407395
vt 0.208018 0.640053
vt 0.213534 0.639875
vt 0.007574 0.407363
vt 0.318175 0.639782
vt 0.318585 0.618115
vt 0.007461 0.429019
vt 0.004016 0.429059
vt 0.207646 0.618378
vt 0.312267 0.617990
vt 0.312685 0.596467
vt 0.319056 0.596624
vt 0.007357 0.450504
vt 0.306410 0.596310
vt 0.306822 0.575163
vt 0.313062 0.575322
vt 0.299616 0.575044
vt 0.300078 0.554316
vt 0.307292 0.554410
vt 0.292380 0.554161
vt 0.292652 0.532335
vt 0.300515 0.532448
vt 0.285971 0.532237
vt 0.286141 0.510778
vt 0.292797 0.510868
vt 0.279942 0.510681
vt 0.280133 0.488893
vt 0.286316 0.488934
vt 0.274360 0.488847
vt 0.326506 0.264782
vt 0.326602 0.286222
vt 0.274537 0.467393
vt 0.280338 0.467493
vt 0.331466 0.286274
vt 0.251789 0.467614
vt 0.251647 0.446062
vt 0.331722 0.307808
vt 0.326751 0.307797
vt 0.274796 0.445806
vt 0.245643 0.446141
vt 0.245529 0.424756
vt 0.251416 0.424726
vt 0.331571 0.329134
vt 0.239472 0.424823
vt 0.239667 0.402842
vt 0.245675 0.402935
vt 0.232832 0.402736
vt 0.232911 0.381356
vt 0.239795 0.381349
vt 0.224778 0.381336
vt 0.224843 0.359582
vt 0.232983 0.359598
vt 0.217516 0.359526
vt 0.217953 0.337300
vt 0.224999 0.337427
vt 0.211747 0.337228
vt 0.212230 0.315688
vt 0.218226 0.315732
vt 0.206500 0.315672
vt 0.002614 0.731376
vt 0.002581 0.752747
vt 0.206917 0.294246
vt 0.212661 0.294398
vt 0.005767 0.752668
vt 0.319929 0.294057
vt 0.319419 0.272954
vt 0.005675 0.773712
vt 0.002450 0.773727
vt 0.207398 0.273208
vt 0.313452 0.273010
vt 0.312940 0.251997
vt 0.318873 0.251773
vt 0.005523 0.794831
vt 0.307030 0.252214
vt 0.306159 0.231215
vt 0.312029 0.231022
vt 0.299384 0.231427
vt 0.298678 0.210588
vt 0.305452 0.210409
vt 0.291440 0.210772
vt 0.290853 0.190363
vt 0.298066 0.190131
vt 0.284721 0.190511
vt 0.284236 0.170238
vt 0.290301 0.170077
vt 0.278383 0.170380
vt 0.277850 0.150161
vt 0.283769 0.150048
vt 0.272200 0.150250
vt 0.327863 0.602924
vt 0.328167 0.622783
vt 0.271757 0.130348
vt 0.277379 0.130164
vt 0.332785 0.622816
vt 0.255261 0.130555
vt 0.256033 0.110820
vt 0.332763 0.642496
vt 0.328110 0.642496
vt 0.270904 0.110575
vt 0.250433 0.110608
vt 0.251389 0.091116
vt 0.256947 0.091406
vt 0.332909 0.661846
vt 0.245606 0.090780
vt 0.247225 0.072134
vt 0.252717 0.072469
vt 0.241596 0.071619
vt 0.244791 0.053308
vt 0.249936 0.053852
vt 0.253735 0.036000
vt 0.257589 0.036432
vt 0.254795 0.054303
vt 0.332540 0.716218
vt 0.260976 0.036795
vt 0.259459 0.054655
vt 0.332709 0.698445
vt 0.332858 0.680465
vt 0.258050 0.072718
vt 0.328529 0.698517
vt 0.268246 0.054372
vt 0.328458 0.680487
vt 0.269383 0.072474
vt 0.270220 0.091159
vt 0.328385 0.661860
vt 0.274555 0.072207
vt 0.275717 0.090865
vt 0.276616 0.110354
vt 0.281572 0.090531
vt 0.282570 0.110089
vt 0.283314 0.129976
vt 0.288675 0.109788
vt 0.289350 0.129756
vt 0.289902 0.149902
vt 0.295877 0.129491
vt 0.296632 0.149687
vt 0.297405 0.169844
vt 0.303171 0.149403
vt 0.304101 0.169564
vt 0.304872 0.189903
vt 0.309971 0.169292
vt 0.310794 0.189691
vt 0.311361 0.210248
vt 0.316701 0.189474
vt 0.005278 0.856920
vt 0.317306 0.210090
vt 0.005387 0.836368
vt 0.005479 0.815659
vt 0.317951 0.230864
vt 0.002288 0.836409
vt 0.209543 0.210317
vt 0.002362 0.815663
vt 0.208886 0.231130
vt 0.207954 0.252066
vt 0.002403 0.794808
vt 0.214489 0.231345
vt 0.213613 0.252342
vt 0.213142 0.273290
vt 0.219503 0.252613
vt 0.219052 0.273394
vt 0.218611 0.294530
vt 0.225838 0.273530
vt 0.225484 0.294643
vt 0.225174 0.315842
vt 0.233281 0.294703
vt 0.233066 0.316025
vt 0.232992 0.337564
vt 0.239945 0.316188
vt 0.239775 0.337682
vt 0.239840 0.359564
vt 0.245988 0.337764
vt 0.245896 0.359519
vt 0.245841 0.381327
vt 0.251698 0.359482
vt 0.332097 0.394294
vt 0.251750 0.381296
vt 0.332068 0.372501
vt 0.331779 0.350805
vt 0.251612 0.403023
vt 0.327045 0.372517
vt 0.274738 0.381015
vt 0.327004 0.350784
vt 0.275033 0.402784
vt 0.275077 0.424480
vt 0.326763 0.329114
vt 0.280546 0.402735
vt 0.280688 0.424518
vt 0.280524 0.445861
vt 0.286750 0.424574
vt 0.286683 0.445928
vt 0.286508 0.467562
vt 0.293302 0.446032
vt 0.293131 0.467585
vt 0.292894 0.488977
vt 0.300982 0.467606
vt 0.300691 0.489003
vt 0.300762 0.510946
vt 0.308080 0.489007
vt 0.308133 0.510970
vt 0.307843 0.532582
vt 0.314275 0.510964
vt 0.314032 0.532718
vt 0.313498 0.554443
vt 0.320257 0.532844
vt 0.007031 0.514255
vt 0.319798 0.554484
vt 0.007132 0.492622
vt 0.007279 0.471626
vt 0.319374 0.575489
vt 0.003743 0.492656
vt 0.206481 0.554750
vt 0.003828 0.471598
vt 0.206866 0.575818
vt 0.207259 0.596895
vt 0.003918 0.450531
vt 0.212559 0.575746
vt 0.212932 0.596756
vt 0.213271 0.618252
vt 0.219032 0.596603
vt 0.219370 0.618111
vt 0.219721 0.639663
vt 0.226370 0.617901
vt 0.226707 0.639469
vt 0.227049 0.661912
vt 0.234773 0.639280
vt 0.235169 0.661652
vt 0.235628 0.683655
vt 0.242423 0.661408
vt 0.243007 0.683448
vt 0.243546 0.705213
vt 0.249392 0.683286
vt 0.249980 0.704934
vt 0.251067 0.724697
vt 0.256171 0.704662
vt 0.330366 0.049277
vt 0.257056 0.724149
vt 0.330207 0.029770
vt 0.331285 0.015784
vt 0.260005 0.738007
vt 0.269153 0.723863
vt 0.325362 0.029777
vt 0.325017 0.015769
vt 0.266834 0.737781
vt 0.274555 0.724402
vt 0.272250 0.738490
vt 0.280875 0.725322
vt 0.278919 0.739331
vt 0.277943 0.747529
vt 0.287157 0.739892
vt 0.275519 0.704629
vt 0.269682 0.704364
vt 0.325505 0.049279
vt 0.270282 0.682831
vt 0.325713 0.070816
vt 0.330470 0.070816
vt 0.255563 0.683128
vt 0.330670 0.092896
vt 0.254986 0.661050
vt 0.248791 0.661216
vt 0.248225 0.638931
vt 0.241948 0.639101
vt 0.241573 0.617442
vt 0.234412 0.617642
vt 0.234022 0.596318
vt 0.226027 0.596459
vt 0.225540 0.575568
vt 0.218568 0.575667
vt 0.218161 0.554584
vt 0.212136 0.554667
vt 0.211593 0.533044
vt 0.205996 0.533131
vt 0.003729 0.514269
vt 0.205830 0.511187
vt 0.003606 0.536190
vt 0.006943 0.536133
vt 0.320498 0.510947
vt 0.006870 0.558006
vt 0.320540 0.489044
vt 0.314308 0.489021
vt 0.314380 0.467668
vt 0.308243 0.467635
vt 0.308473 0.446271
vt 0.301090 0.446158
vt 0.301163 0.424708
vt 0.293252 0.424641
vt 0.293151 0.402652
vt 0.286625 0.402697
vt 0.286542 0.380963
vt 0.280475 0.380991
vt 0.280560 0.359247
vt 0.274848 0.359234
vt 0.327115 0.394280
vt 0.275059 0.337576
vt 0.327152 0.415926
vt 0.331835 0.415927
vt 0.251823 0.337822
vt 0.332164 0.437342
vt 0.252132 0.316369
vt 0.246188 0.316295
vt 0.246353 0.294801
vt 0.240124 0.294731
vt 0.240370 0.273859
vt 0.233583 0.273712
vt 0.233928 0.253066
vt 0.226289 0.252869
vt 0.226951 0.231858
vt 0.220278 0.231613
vt 0.220976 0.210575
vt 0.215137 0.210452
vt 0.215837 0.189865
vt 0.210192 0.189705
vt 0.002218 0.856955
vt 0.211114 0.169282
vt 0.002106 0.877297
vt 0.005164 0.877294
vt 0.315876 0.169025
vt 0.005074 0.897445
vt 0.315077 0.148800
vt 0.309191 0.149106
vt 0.308360 0.128857
vt 0.302285 0.129198
vt 0.301336 0.109001
vt 0.295104 0.109404
vt 0.294038 0.089582
vt 0.287619 0.090127
vt 0.285599 0.071334
vt 0.280021 0.071847
vt 0.277480 0.053535
vt 0.272664 0.054012
vt 0.269904 0.036195
vt 0.266578 0.036543
vt 0.329099 0.716247
vt 0.374341 0.522300
vt 0.260443 0.018459
vt 0.550075 0.164871
vt 0.477403 0.639160
vt 0.648318 0.126398
vt 0.482386 0.638277
vt 0.643380 0.126465
vt 0.625740 0.009113
vt 0.620717 0.010683
vt 0.532934 0.301635
vt 0.526747 0.305085
vt 0.646073 0.556422
vt 0.521421 0.315549
vt 0.518250 0.311646
vt 0.513574 0.325929
vt 0.645834 0.567351
vt 0.366606 0.278490
vt 0.509633 0.322503
vt 0.505659 0.319186
vt 0.501806 0.316383
vt 0.502417 0.334511
vt 0.498262 0.332547
vt 0.651051 0.557575
vt 0.354345 0.274691
vt 0.524021 0.318675
vt 0.651217 0.567351
vt 0.366799 0.274209
vt 0.355043 0.268618
vt 0.450214 0.019515
vt 0.346833 0.257124
vt 0.458130 0.019869
vt 0.446645 0.255145
vt 0.446563 0.234892
vt 0.457679 0.039013
vt 0.440493 0.254998
vt 0.440797 0.234429
vt 0.440929 0.208361
vt 0.435296 0.234851
vt 0.456444 0.322951
vt 0.435079 0.208416
vt 0.455141 0.344885
vt 0.453354 0.367903
vt 0.435084 0.180513
vt 0.462366 0.346171
vt 0.431112 0.211553
vt 0.461045 0.369094
vt 0.430542 0.183765
vt 0.430186 0.156600
vt 0.458944 0.391630
vt 0.422796 0.183890
vt 0.422139 0.156512
vt 0.421577 0.130989
vt 0.413288 0.156864
vt 0.413012 0.131482
vt 0.412606 0.106454
vt 0.404403 0.131726
vt 0.404807 0.106557
vt 0.404615 0.079559
vt 0.396809 0.106143
vt 0.362479 0.383924
vt 0.397241 0.079342
vt 0.362316 0.404793
vt 0.362176 0.426031
vt 0.018547 0.053299
vt 0.397943 0.051771
vt 0.369626 0.405116
vt 0.013216 0.080655
vt 0.369287 0.426376
vt 0.013304 0.053066
vt 0.013437 0.026648
vt 0.007364 0.053019
vt 0.007108 0.026598
vt 0.006829 0.011989
vt 0.386505 0.456317
vt 0.001017 0.026509
vt 0.640459 0.241307
vt 0.006829 0.000682
vt 0.555191 0.620198
vt 0.555648 0.611386
vt 0.549713 0.600014
vt 0.556084 0.599833
vt 0.640110 0.197302
vt 0.562132 0.599906
vt 0.508358 0.126170
vt 0.556200 0.588057
vt 0.500097 0.116613
vt 0.556328 0.579159
vt 0.499447 0.107138
vt 0.441207 0.000682
vt 0.441062 0.010959
vt 0.440874 0.024907
vt 0.434473 0.024837
vt 0.532887 0.253898
vt 0.447667 0.024791
vt 0.459740 0.234026
vt 0.459059 0.211105
vt 0.446941 0.049997
vt 0.440620 0.049938
vt 0.452331 0.234059
vt 0.354706 0.026173
vt 0.451845 0.210921
vt 0.355209 0.051816
vt 0.355335 0.078964
vt 0.450678 0.185952
vt 0.458116 0.185998
vt 0.447017 0.077201
vt 0.362399 0.025678
vt 0.362907 0.051942
vt 0.363145 0.078982
vt 0.362848 0.105353
vt 0.354912 0.105074
vt 0.449920 0.161767
vt 0.371841 0.051974
vt 0.372039 0.078933
vt 0.371081 0.105091
vt 0.370561 0.131008
vt 0.362114 0.130380
vt 0.380297 0.079265
vt 0.379220 0.105339
vt 0.378869 0.131460
vt 0.378648 0.156534
vt 0.369975 0.156451
vt 0.387133 0.105262
vt 0.379820 0.523691
vt 0.386735 0.131795
vt 0.490876 0.640317
vt 0.379274 0.545929
vt 0.386128 0.156888
vt 0.490876 0.619079
vt 0.593206 0.264160
vt 0.593206 0.286362
vt 0.570936 0.639478
vt 0.386078 0.183348
vt 0.378404 0.182960
vt 0.483751 0.640810
vt 0.386489 0.546022
vt 0.000682 0.133632
vt 0.483891 0.619485
vt 0.600319 0.264555
vt 0.000894 0.158978
vt 0.600447 0.286530
vt 0.563797 0.639945
vt 0.000892 0.185268
vt 0.563797 0.616612
vt 0.001361 0.212889
vt 0.372977 0.528565
vt 0.570992 0.616075
vt 0.385490 0.211083
vt 0.365706 0.528086
vt 0.006620 0.159296
vt 0.006692 0.185375
vt 0.006915 0.212841
vt 0.012741 0.185269
vt 0.369892 0.323613
vt 0.012565 0.212947
vt 0.369568 0.301711
vt 0.396254 0.183919
vt 0.362247 0.323178
vt 0.362176 0.301178
vt 0.396539 0.211564
vt 0.404384 0.184013
vt 0.404767 0.211659
vt 0.413709 0.184040
vt 0.414206 0.211524
vt 0.414312 0.239217
vt 0.423057 0.211564
vt 0.423688 0.239124
vt 0.424539 0.258803
vt 0.432018 0.238429
vt 0.463422 0.323828
vt 0.432935 0.258453
vt 0.465032 0.306744
vt 0.433018 0.270047
vt 0.465692 0.297250
vt 0.457760 0.305717
vt 0.434760 0.255109
vt 0.434578 0.267042
vt 0.458627 0.295783
vt 0.404337 0.156615
vt 0.396208 0.156966
vt 0.362876 0.344119
vt 0.362851 0.364026
vt 0.396159 0.131795
vt 0.012595 0.159097
vt 0.370024 0.343894
vt 0.369962 0.363995
vt 0.012848 0.133469
vt 0.013204 0.107380
vt 0.369801 0.384480
vt 0.006680 0.133621
vt 0.006960 0.107178
vt 0.007160 0.080533
vt 0.387056 0.523833
vt 0.000983 0.106957
vt 0.001339 0.080731
vt 0.387468 0.501885
vt 0.387632 0.478667
vt 0.001651 0.053109
vt 0.387646 0.079250
vt 0.380214 0.502057
vt 0.380666 0.478877
vt 0.387905 0.051660
vt 0.379274 0.456474
vt 0.387142 0.024775
vt 0.647639 0.240748
vt 0.380575 0.051907
vt 0.380178 0.024871
vt 0.371311 0.025269
vt 0.371565 0.010236
vt 0.371318 0.001458
vt 0.544215 0.600393
vt 0.612662 0.388750
vt 0.502479 0.201285
vt 0.514751 0.159037
vt 0.505353 0.162444
vt 0.509246 0.156820
vt 0.518699 0.153493
vt 0.522952 0.121247
vt 0.494334 0.226858
vt 0.634389 0.220925
vt 0.632380 0.506422
vt 0.492147 0.229953
vt 0.509422 0.237273
vt 0.638745 0.220729
vt 0.628221 0.505244
vt 0.512601 0.638136
vt 0.374349 0.491397
vt 0.516275 0.638521
vt 0.377540 0.490874
vt 0.500814 0.375190
vt 0.498872 0.378417
vt 0.641638 0.114998
vt 0.485803 0.365604
vt 0.641638 0.099979
vt 0.481075 0.351304
vt 0.477008 0.339178
vt 0.488758 0.586907
vt 0.477001 0.323822
vt 0.516597 0.613143
vt 0.486976 0.571724
vt 0.490876 0.573261
vt 0.480690 0.325256
vt 0.485953 0.305416
vt 0.517124 0.593326
vt 0.517268 0.573343
vt 0.613097 0.536258
vt 0.499621 0.290818
vt 0.611443 0.521572
vt 0.513335 0.282875
vt 0.515604 0.287132
vt 0.598462 0.190994
vt 0.525487 0.283691
vt 0.498272 0.518482
vt 0.579368 0.323287
vt 0.498409 0.529727
vt 0.579368 0.334672
vt 0.496849 0.541913
vt 0.576409 0.347371
vt 0.569939 0.344947
vt 0.493189 0.553154
vt 0.445169 0.480830
vt 0.569385 0.359640
vt 0.552463 0.358046
vt 0.498684 0.314057
vt 0.343654 0.432942
vt 0.434895 0.276401
vt 0.343658 0.432729
vt 0.434760 0.276343
vt 0.435017 0.276443
vt 0.343673 0.433033
vt 0.377641 0.357031
vt 0.343663 0.424243
vt 0.377593 0.357178
vt 0.343676 0.424344
vt 0.343714 0.424120
vt 0.434889 0.276503
vt 0.343723 0.433127
vt 0.377716 0.357107
vt 0.377709 0.357305
vt 0.343833 0.432720
vt 0.343888 0.432789
vt 0.343879 0.432573
vt 0.343963 0.432635
vt 0.343790 0.432509
vt 0.434616 0.276273
vt 0.343675 0.432582
vt 0.343713 0.432453
vt 0.434473 0.276214
vt 0.343464 0.423612
vt 0.434610 0.276399
vt 0.434473 0.276349
vt 0.343610 0.423719
vt 0.343635 0.423603
vt 0.434609 0.276545
vt 0.343781 0.423811
vt 0.434473 0.276499
vt 0.343726 0.423691
vt 0.434604 0.276689
vt 0.344004 0.423781
vt 0.434473 0.276780
vt 0.344050 0.423611
vt 0.434473 0.276649
vt 0.343935 0.423699
vt 0.343866 0.423607
vt 0.343977 0.423522
vt 0.343788 0.423513
vt 0.343904 0.423432
vt 0.343649 0.423368
vt 0.343827 0.423337
vt 0.343728 0.423215
vt 0.377593 0.352288
vt 0.377660 0.352264
vt 0.377593 0.352181
vt 0.343464 0.423312
vt 0.343616 0.423470
vt 0.343464 0.423482
vt 0.343464 0.423733
vt 0.343608 0.423843
vt 0.343755 0.432643
vt 0.343464 0.423855
vt 0.343622 0.423956
vt 0.343464 0.423976
vt 0.343669 0.424058
vt 0.343464 0.424104
vt 0.343607 0.424166
vt 0.343809 0.424043
vt 0.434855 0.276568
vt 0.343764 0.432879
vt 0.434747 0.276595
vt 0.343806 0.423993
vt 0.434754 0.276460
vt 0.343718 0.432793
vt 0.343779 0.423927
vt 0.434716 0.276665
vt 0.343878 0.423873
s 0
usemtl tripo_mat_70a7822e-cdfa-4229-982a-4a6ecc22366a
f 1/2/1 38/86/1 39/89/1
f 1/2/2 39/89/2 40/92/2
f 1/1/3 40/93/3 41/95/3
f 1/1/4 41/95/4 42/97/4
f 1/2/5 42/96/5 43/99/5
f 1/2/6 43/99/6 38/86/6
f 2/3/7 44/101/7 45/104/7
f 2/3/8 45/104/8 46/106/8
f 2/3/9 47/109/9 48/112/9
f 2/3/10 48/112/10 44/101/10
f 2/4/11 46/107/11 49/113/11
f 2/4/12 49/113/12 47/110/12
f 3/5/13 50/114/13 51/117/13
f 3/5/14 51/117/14 52/119/14
f 3/6/15 52/118/15 53/121/15
f 3/6/16 53/121/16 54/122/16
f 3/7/17 54/124/17 55/125/17
f 3/7/18 55/125/18 56/127/18
f 3/7/19 56/127/19 57/128/19
f 3/7/20 57/128/20 58/131/20
f 3/8/21 58/132/21 59/134/21
f 3/8/22 59/134/22 50/115/22
f 4/9/23 60/137/23 61/138/23
f 4/9/24 61/138/24 62/140/24
f 4/10/25 63/142/25 64/143/25
f 4/10/26 64/143/26 60/136/26
f 4/11/27 22/56/27 65/144/27
f 4/11/28 65/144/28 66/147/28
f 4/12/29 66/148/29 67/150/29
f 4/12/30 67/150/30 63/141/30
f 4/13/31 62/139/31 68/153/31
f 4/13/32 68/153/32 22/54/32
f 5/15/33 69/155/33 70/158/33
f 5/15/34 70/158/34 71/161/34
f 5/14/35 72/162/35 73/167/35
f 5/14/36 73/167/36 74/169/36
f 5/15/37 71/161/37 75/170/37
f 5/15/38 75/170/38 76/172/38
f 5/15/39 76/172/39 77/174/39
f 5/15/40 77/174/40 72/163/40
f 6/17/41 78/179/41 72/164/41
f 6/17/42 72/164/42 77/175/42
f 6/17/43 77/175/43 79/180/43
f 6/17/44 79/180/44 80/182/44
f 6/17/45 80/182/45 81/184/45
f 6/17/46 81/184/46 82/186/46
f 7/20/47 83/188/47 84/193/47
f 7/20/48 84/193/48 85/195/48
f 7/21/49 85/194/49 86/197/49
f 7/21/50 86/197/50 87/199/50
f 7/21/51 87/199/51 88/202/51
f 7/21/52 88/202/52 89/204/52
f 8/25/53 90/205/53 91/206/53
f 8/25/54 91/206/54 92/207/54
f 8/25/55 93/209/55 94/210/55
f 8/25/56 94/210/56 95/211/56
f 8/25/57 92/207/57 96/212/57
f 8/25/58 96/212/58 93/209/58
f 9/26/59 97/214/59 87/200/59
f 9/26/60 87/200/60 86/198/60
f 7/22/61 98/215/61 99/218/61
f 7/22/62 99/218/62 83/189/62
f 7/23/63 92/207/63 91/206/63
f 7/23/64 91/206/64 98/216/64
f 7/24/65 89/203/65 96/213/65
f 7/24/66 96/213/66 92/208/66
f 9/26/67 86/198/67 100/219/67
f 9/26/68 100/219/68 101/220/68
f 11/30/69 102/221/69 16/41/69
f 11/30/70 16/41/70 15/40/70
f 11/30/71 15/40/71 103/222/71
f 11/30/72 103/222/72 104/223/72
f 12/31/73 105/225/73 106/226/73
f 12/31/74 106/226/74 107/227/74
f 13/33/75 108/229/75 109/230/75
f 13/33/76 109/230/76 110/231/76
f 13/33/77 111/232/77 112/235/77
f 13/33/78 112/235/78 108/229/78
f 13/33/79 113/236/79 114/238/79
f 13/33/80 114/238/80 111/232/80
f 14/34/81 115/239/81 116/242/81
f 14/34/82 116/242/82 117/243/82
f 14/35/83 118/245/83 119/247/83
f 14/35/84 119/247/84 120/249/84
f 14/36/85 121/251/85 122/253/85
f 14/36/86 122/253/86 118/246/86
f 14/37/87 111/232/87 114/238/87
f 14/37/88 114/238/88 121/252/88
f 14/38/89 117/244/89 112/234/89
f 14/38/90 112/234/90 111/233/90
f 16/41/91 123/255/91 124/256/91
f 16/41/92 124/256/92 15/40/92
f 15/40/93 124/256/93 116/241/93
f 15/40/94 116/241/94 115/240/94
f 15/40/95 115/240/95 125/257/95
f 15/40/96 125/257/96 103/222/96
f 14/39/97 120/250/97 125/257/97
f 14/39/98 125/257/98 115/240/98
f 17/42/99 126/258/99 80/183/99
f 17/42/100 80/183/100 79/181/100
f 17/42/101 127/261/101 128/263/101
f 17/42/102 128/263/102 129/267/102
f 17/42/103 79/181/103 130/271/103
f 17/42/104 130/271/104 127/261/104
f 22/55/129 68/154/129 150/318/129
f 22/55/130 150/318/130 151/320/130
f 22/56/131 152/323/131 153/326/131
f 22/56/132 153/326/132 65/144/132
f 22/57/133 151/319/133 154/328/133
f 22/57/134 154/328/134 152/322/134
f 23/58/135 31/69/135 155/329/135
f 23/58/136 155/329/136 156/330/136
f 23/58/137 157/331/137 158/332/137
f 23/58/138 158/332/138 31/69/138
f 24/60/139 159/333/139 160/338/139
f 24/60/140 160/338/140 161/339/140
f 24/59/141 162/340/141 163/343/141
f 24/59/142 163/343/142 164/344/142
f 24/60/143 161/339/143 25/63/143
f 24/60/144 25/63/144 162/341/144
f 24/61/145 164/345/145 165/346/145
f 24/61/146 165/346/146 166/348/146
f 25/63/147 156/330/147 167/350/147
f 25/63/148 167/350/148 162/341/148
f 26/64/149 168/351/149 169/352/149
f 26/64/150 169/352/150 170/354/150
f 26/64/151 171/355/151 172/356/151
f 26/64/152 172/356/152 168/351/152
f 27/65/153 173/357/153 174/358/153
f 27/65/154 174/358/154 28/66/154
f 29/67/155 175/359/155 176/360/155
f 29/67/156 176/360/156 177/361/156
f 178/362/157 179/363/157 175/359/157
f 178/362/158 175/359/158 29/67/158
f 29/67/159 177/361/159 30/68/159
f 29/67/160 30/68/160 178/362/160
f 30/68/161 32/70/161 180/364/161
f 30/68/162 180/364/162 178/362/162
f 33/72/163 181/365/163 182/368/163
f 33/72/164 182/368/164 183/370/164
f 33/71/165 184/372/165 185/375/165
f 33/71/166 185/375/166 181/366/166
f 34/75/167 186/376/167 187/380/167
f 34/75/168 187/380/168 188/381/168
f 34/77/169 188/382/169 189/384/169
f 34/77/170 189/384/170 190/385/170
f 34/76/171 191/389/171 192/390/171
f 34/76/172 192/390/172 186/377/172
f 34/77/173 127/262/173 130/270/173
f 34/77/174 130/270/174 191/388/174
f 34/77/175 190/385/175 128/264/175
f 34/77/176 128/264/176 127/262/176
f 24/62/177 166/349/177 193/391/177
f 24/62/178 193/391/178 170/354/178
f 24/62/179 170/354/179 169/352/179
f 24/62/180 169/352/180 159/334/180
f 35/80/181 59/134/181 65/145/181
f 35/80/182 65/145/182 153/324/182
f 35/78/183 153/325/183 194/393/183
f 35/78/184 194/393/184 195/395/184
f 35/79/185 195/394/185 196/396/185
f 35/79/186 196/396/186 197/398/186
f 35/80/187 198/399/187 50/115/187
f 35/80/188 50/115/188 59/134/188
f 35/80/189 197/397/189 199/401/189
f 35/80/190 199/401/190 198/399/190
f 36/81/191 200/404/191 201/405/191
f 36/81/192 201/405/192 202/407/192
f 36/82/193 202/406/193 203/409/193
f 36/82/194 203/409/194 204/410/194
f 36/82/195 204/410/195 205/412/195
f 36/82/196 205/412/196 200/402/196
f 37/83/197 206/415/197 207/419/197
f 37/83/198 207/419/198 208/421/198
f 37/84/199 209/423/199 210/424/199
f 37/84/200 210/424/200 206/416/200
f 37/85/201 208/420/201 211/425/201
f 37/85/202 211/425/202 209/422/202
f 211/425/203 212/426/203 213/427/203
f 211/425/204 213/427/204 209/422/204
f 211/425/205 208/420/205 214/431/205
f 211/425/206 214/431/206 215/432/206
f 211/425/207 215/432/207 216/433/207
f 211/425/208 216/433/208 212/426/208
f 216/433/209 217/434/209 218/435/209
f 216/433/210 218/435/210 212/426/210
f 216/433/211 215/432/211 201/405/211
f 216/433/212 201/405/212 219/436/212
f 216/433/213 219/436/213 220/437/213
f 216/433/214 220/437/214 217/434/214
f 220/437/215 221/438/215 222/439/215
f 220/437/216 222/439/216 217/434/216
f 220/437/217 219/436/217 223/441/217
f 220/437/218 223/441/218 224/442/218
f 220/437/219 224/442/219 225/445/219
f 220/437/220 225/445/220 221/438/220
f 225/445/221 226/448/221 227/449/221
f 225/445/222 227/449/222 221/438/222
f 225/446/223 224/443/223 228/450/223
f 225/446/224 228/450/224 229/453/224
f 225/446/225 229/453/225 230/455/225
f 225/446/226 230/455/226 226/447/226
f 230/455/227 231/458/227 232/459/227
f 230/455/228 232/459/228 226/447/228
f 230/456/229 229/454/229 233/461/229
f 230/456/230 233/461/230 234/462/230
f 230/456/231 234/462/231 235/463/231
f 230/456/232 235/463/232 231/457/232
f 235/463/233 236/464/233 237/465/233
f 235/463/234 237/465/234 231/457/234
f 235/463/235 234/462/235 238/468/235
f 235/463/236 238/468/236 239/469/236
f 235/463/237 239/469/237 240/471/237
f 235/463/238 240/471/238 236/464/238
f 240/471/239 241/474/239 242/475/239
f 240/471/240 242/475/240 236/464/240
f 240/472/241 239/470/241 243/477/241
f 240/472/242 243/477/242 244/478/242
f 240/472/243 244/478/243 245/480/243
f 240/472/244 245/480/244 241/473/244
f 245/480/245 246/483/245 247/484/245
f 245/480/246 247/484/246 241/473/246
f 245/481/247 244/479/247 248/486/247
f 245/481/248 248/486/248 249/487/248
f 245/481/249 249/487/249 250/488/249
f 245/481/250 250/488/250 246/482/250
f 250/488/251 251/489/251 252/490/251
f 250/488/252 252/490/252 246/482/252
f 250/488/253 249/487/253 253/492/253
f 250/488/254 253/492/254 254/493/254
f 250/488/255 254/493/255 255/494/255
f 250/488/256 255/494/256 251/489/256
f 255/494/257 256/495/257 257/496/257
f 255/494/258 257/496/258 251/489/258
f 255/494/259 254/493/259 258/497/259
f 255/494/260 258/497/260 259/498/260
f 255/494/261 259/498/261 260/499/261
f 255/494/262 260/499/262 256/495/262
f 260/499/263 261/500/263 262/501/263
f 260/499/264 262/501/264 256/495/264
f 260/499/265 259/498/265 263/502/265
f 260/499/266 263/502/266 264/504/266
f 260/499/267 264/504/267 265/506/267
f 260/499/268 265/506/268 261/500/268
f 265/506/269 71/160/269 70/159/269
f 265/506/270 70/159/270 261/500/270
f 265/507/271 264/505/271 266/509/271
f 265/507/272 266/509/272 267/510/272
f 265/507/273 267/510/273 75/170/273
f 265/507/274 75/170/274 71/161/274
f 267/511/275 266/508/275 268/512/275
f 267/511/276 268/512/276 192/390/276
f 267/511/277 192/390/277 191/389/277
f 267/511/278 191/389/278 75/171/278
f 268/512/279 266/508/279 269/513/279
f 268/512/280 269/513/280 270/515/280
f 268/512/281 270/515/281 271/517/281
f 268/512/282 271/517/282 272/519/282
f 268/512/283 272/519/283 186/377/283
f 268/512/284 186/377/284 192/390/284
f 272/520/285 271/516/285 273/523/285
f 272/520/286 273/523/286 274/525/286
f 272/521/287 274/524/287 187/379/287
f 272/521/288 187/379/288 186/378/288
f 274/525/289 273/523/289 275/526/289
f 274/525/290 275/526/290 276/527/290
f 274/525/291 276/527/291 277/528/291
f 274/525/292 277/528/292 187/380/292
f 277/528/293 278/529/293 188/381/293
f 277/528/294 188/381/294 187/380/294
f 277/528/295 276/527/295 279/531/295
f 277/528/296 279/531/296 280/532/296
f 277/528/297 280/532/297 281/533/297
f 277/528/298 281/533/298 278/529/298
f 281/534/299 282/535/299 283/538/299
f 281/534/300 283/538/300 278/530/300
f 281/533/301 280/532/301 284/539/301
f 281/533/302 284/539/302 285/542/302
f 281/534/303 285/540/303 286/543/303
f 281/534/304 286/543/304 282/535/304
f 286/545/305 287/546/305 288/547/305
f 286/545/306 288/547/306 282/536/306
f 286/544/307 285/541/307 199/401/307
f 286/544/308 199/401/308 197/397/308
f 286/545/309 197/398/309 196/396/309
f 286/545/310 196/396/310 287/546/310
f 288/547/311 289/548/311 290/549/311
f 288/547/312 290/549/312 291/550/312
f 288/547/313 291/550/313 283/537/313
f 288/547/314 283/537/314 282/536/314
f 288/547/315 287/546/315 172/356/315
f 288/547/316 172/356/316 289/548/316
f 291/550/317 290/549/317 292/551/317
f 291/550/318 292/551/318 293/552/318
f 291/550/319 293/552/319 189/383/319
f 291/550/320 189/383/320 283/537/320
f 293/552/321 292/551/321 181/367/321
f 293/552/322 181/367/322 185/374/322
f 293/552/323 185/374/323 190/386/323
f 293/552/324 190/386/324 189/383/324
f 292/551/325 294/553/325 182/369/325
f 292/551/326 182/369/326 181/367/326
f 292/551/327 290/549/327 295/554/327
f 292/551/328 295/554/328 294/553/328
f 294/553/329 296/555/329 297/556/329
f 294/553/330 297/556/330 182/369/330
f 294/553/331 295/554/331 298/557/331
f 294/553/332 298/557/332 296/555/332
f 297/556/333 299/558/333 300/561/333
f 297/556/334 300/561/334 301/562/334
f 297/556/335 301/562/335 183/371/335
f 297/556/336 183/371/336 182/369/336
f 297/556/337 296/555/337 302/563/337
f 297/556/338 302/563/338 299/558/338
f 302/564/339 303/565/339 304/567/339
f 302/564/340 304/567/340 299/559/340
f 302/563/341 296/555/341 298/557/341
f 302/563/342 298/557/342 305/571/342
f 302/564/343 305/570/343 306/572/343
f 302/564/344 306/572/344 303/565/344
f 306/573/345 307/574/345 308/576/345
f 306/573/346 308/576/346 303/566/346
f 306/572/347 305/570/347 309/578/347
f 306/572/348 309/578/348 310/581/348
f 306/573/349 310/580/349 311/583/349
f 306/573/350 311/583/350 307/574/350
f 311/582/351 312/585/351 313/587/351
f 311/582/352 313/587/352 307/575/352
f 311/583/353 310/580/353 314/589/353
f 311/583/354 314/589/354 315/593/354
f 311/584/355 315/592/355 316/594/355
f 311/584/356 316/594/356 312/586/356
f 316/594/357 317/595/357 177/361/357
f 316/594/358 177/361/358 312/586/358
f 316/594/359 315/592/359 318/597/359
f 316/594/360 318/597/360 155/329/360
f 316/594/361 155/329/361 31/69/361
f 316/594/362 31/69/362 317/595/362
f 318/596/363 315/593/363 314/589/363
f 318/596/364 314/589/364 319/598/364
f 318/596/365 319/598/365 320/600/365
f 318/596/366 320/600/366 321/603/366
f 318/597/367 321/605/367 156/330/367
f 318/597/368 156/330/368 155/329/368
f 321/604/369 320/601/369 322/606/369
f 321/604/370 322/606/370 323/608/370
f 321/605/371 323/609/371 167/350/371
f 321/605/372 167/350/372 156/330/372
f 323/608/373 322/606/373 324/610/373
f 323/608/374 324/610/374 325/613/374
f 323/609/375 325/614/375 326/616/375
f 323/609/376 326/616/376 167/350/376
f 326/616/377 163/342/377 162/341/377
f 326/616/378 162/341/378 167/350/378
f 326/616/379 325/614/379 327/617/379
f 326/616/380 327/617/380 328/619/380
f 326/616/381 328/619/381 329/620/381
f 326/616/382 329/620/382 163/342/382
f 329/621/383 330/622/383 164/344/383
f 329/621/384 164/344/384 163/343/384
f 329/620/385 328/619/385 331/625/385
f 329/620/386 331/625/386 332/628/386
f 329/621/387 332/626/387 333/629/387
f 329/621/388 333/629/388 330/622/388
f 333/631/389 334/632/389 335/634/389
f 333/631/390 335/634/390 330/623/390
f 333/630/391 332/627/391 119/247/391
f 333/630/392 119/247/392 118/245/392
f 333/631/393 118/246/393 122/253/393
f 333/631/394 122/253/394 334/632/394
f 335/636/395 336/637/395 337/640/395
f 335/636/396 337/640/396 165/347/396
f 335/635/397 165/346/397 164/345/397
f 335/635/398 164/345/398 330/624/398
f 335/636/399 334/633/399 338/641/399
f 335/636/400 338/641/400 336/637/400
f 338/641/401 339/642/401 340/644/401
f 338/641/402 340/644/402 336/637/402
f 338/641/403 334/633/403 122/254/403
f 338/641/404 122/254/404 341/647/404
f 338/641/405 341/647/405 342/649/405
f 338/641/406 342/649/406 339/642/406
f 342/648/407 343/651/407 344/656/407
f 342/648/408 344/656/408 339/643/408
f 342/649/409 341/647/409 345/657/409
f 342/649/410 345/657/410 346/659/410
f 342/650/411 346/658/411 347/660/411
f 342/650/412 347/660/412 343/652/412
f 347/661/413 348/662/413 349/664/413
f 347/661/414 349/664/414 343/653/414
f 347/660/415 346/658/415 350/666/415
f 347/660/416 350/666/416 351/669/416
f 347/661/417 351/668/417 352/670/417
f 347/661/418 352/670/418 348/662/418
f 352/671/419 125/257/419 120/250/419
f 352/671/420 120/250/420 348/663/420
f 352/670/421 351/668/421 353/672/421
f 352/670/422 353/672/422 354/674/422
f 352/671/423 354/675/423 103/222/423
f 352/671/424 103/222/424 125/257/424
f 354/674/425 353/672/425 355/676/425
f 354/674/426 355/676/426 356/679/426
f 354/675/427 356/680/427 104/223/427
f 354/675/428 104/223/428 103/222/428
f 356/679/429 355/676/429 357/681/429
f 356/679/430 357/681/430 358/684/430
f 356/680/431 358/686/431 359/687/431
f 356/680/432 359/687/432 104/223/432
f 358/685/433 357/682/433 360/689/433
f 358/685/434 360/689/434 361/693/434
f 358/686/435 361/692/435 362/694/435
f 358/686/436 362/694/436 359/687/436
f 362/694/437 363/695/437 91/206/437
f 362/694/438 91/206/438 90/205/438
f 362/694/439 90/205/439 364/698/439
f 362/694/440 364/698/440 359/687/440
f 362/694/441 361/692/441 365/699/441
f 362/694/442 365/699/442 363/695/442
f 365/699/443 366/702/443 367/703/443
f 365/699/444 367/703/444 363/695/444
f 365/700/445 361/693/445 360/689/445
f 365/700/446 360/689/446 368/704/446
f 365/700/447 368/704/447 369/706/447
f 365/700/448 369/706/448 366/701/448
f 369/706/449 370/710/449 371/711/449
f 369/706/450 371/711/450 366/701/450
f 369/707/451 368/705/451 372/713/451
f 369/707/452 372/713/452 373/715/452
f 369/708/453 373/714/453 374/718/453
f 369/708/454 374/718/454 370/709/454
f 374/716/455 373/715/455 375/720/455
f 374/716/456 375/720/456 376/721/456
f 374/717/457 376/722/457 377/724/457
f 374/717/458 377/724/458 378/727/458
f 374/718/459 378/726/459 379/730/459
f 374/718/460 379/730/460 370/709/460
f 379/728/461 380/732/461 381/733/461
f 379/728/462 381/733/462 382/735/462
f 379/729/463 382/736/463 371/711/463
f 379/729/464 371/711/464 370/710/464
f 379/730/465 378/726/465 383/739/465
f 379/730/466 383/739/466 380/731/466
f 383/738/467 378/727/467 377/724/467
f 383/738/468 377/724/468 300/560/468
f 383/738/469 300/560/469 299/559/469
f 383/738/470 299/559/470 304/567/470
f 383/739/471 304/568/471 384/740/471
f 383/739/472 384/740/472 380/731/472
f 384/742/473 385/743/473 381/733/473
f 384/742/474 381/733/474 380/732/474
f 384/741/475 304/569/475 303/566/475
f 384/741/476 303/566/476 308/576/476
f 384/742/477 308/577/477 386/745/477
f 384/742/478 386/745/478 385/743/478
f 386/746/479 387/747/479 388/748/479
f 386/746/480 388/748/480 385/744/480
f 386/745/481 308/577/481 307/575/481
f 386/745/482 307/575/482 313/587/482
f 386/746/483 313/588/483 176/360/483
f 386/746/484 176/360/484 387/747/484
f 388/748/485 389/749/485 390/751/485
f 388/748/486 390/751/486 391/753/486
f 388/748/487 391/753/487 381/734/487
f 388/748/488 381/734/488 385/744/488
f 388/748/489 387/747/489 392/754/489
f 388/748/490 392/754/490 389/749/490
f 392/754/491 393/755/491 394/756/491
f 392/754/492 394/756/492 389/749/492
f 392/754/493 387/747/493 176/360/493
f 392/754/494 176/360/494 175/359/494
f 392/754/495 175/359/495 179/363/495
f 392/754/496 179/363/496 393/755/496
f 393/755/497 395/759/497 396/760/497
f 393/755/498 396/760/498 394/756/498
f 393/755/499 179/363/499 397/762/499
f 393/755/500 397/762/500 395/759/500
f 397/762/501 398/763/501 399/764/501
f 397/762/502 399/764/502 395/759/502
f 397/762/503 179/363/503 178/362/503
f 397/762/504 178/362/504 400/765/504
f 397/762/505 400/765/505 401/766/505
f 397/762/506 401/766/506 398/763/506
f 401/766/507 402/767/507 403/770/507
f 401/766/508 403/770/508 398/763/508
f 401/766/509 400/765/509 404/771/509
f 401/766/510 404/771/510 405/772/510
f 401/766/511 405/772/511 406/773/511
f 401/766/512 406/773/512 402/767/512
f 406/773/513 405/772/513 407/775/513
f 406/773/514 407/775/514 408/777/514
f 406/774/515 408/776/515 409/779/515
f 406/774/516 409/779/516 410/780/516
f 406/774/517 410/780/517 411/782/517
f 406/774/518 411/782/518 402/768/518
f 411/782/519 412/785/519 403/769/519
f 411/782/520 403/769/520 402/768/520
f 411/783/521 410/781/521 413/786/521
f 411/783/522 413/786/522 414/787/522
f 411/783/523 414/787/523 415/788/523
f 411/783/524 415/788/524 412/784/524
f 415/788/525 416/789/525 417/790/525
f 415/788/526 417/790/526 412/784/526
f 415/788/527 414/787/527 418/792/527
f 415/788/528 418/792/528 419/793/528
f 415/788/529 419/793/529 420/794/529
f 415/788/530 420/794/530 416/789/530
f 420/794/533 423/798/533 424/801/533
f 420/794/534 424/801/534 416/789/534
f 711/1165/977 710/1162/977 82/186/977
f 711/1165/978 82/186/978 81/184/978
f 711/1166/979 81/185/979 424/800/979
f 711/1166/980 424/800/980 423/799/980
f 710/1163/983 713/1168/983 714/1169/983
f 710/1163/984 714/1169/984 82/187/984
f 714/1169/985 713/1168/985 715/1170/985
f 714/1169/986 715/1170/986 716/1171/986
f 714/1169/987 716/1171/987 717/1173/987
f 714/1169/988 717/1173/988 718/1174/988
f 714/1169/989 718/1174/989 6/18/989
f 714/1169/990 6/18/990 82/187/990
f 718/1175/991 717/1172/991 719/1177/991
f 718/1175/992 719/1177/992 720/1178/992
f 718/1175/993 720/1178/993 78/177/993
f 718/1175/994 78/177/994 6/19/994
f 720/1179/995 719/1176/995 721/1180/995
f 720/1179/996 721/1180/996 722/1181/996
f 720/1179/997 722/1181/997 723/1182/997
f 720/1179/998 723/1182/998 78/178/998
f 723/1182/999 722/1181/999 93/209/999
f 723/1182/1000 93/209/1000 96/212/1000
f 723/1183/1001 96/213/1001 89/203/1001
f 723/1183/1002 89/203/1002 73/165/1002
f 723/1184/1003 73/166/1003 72/164/1003
f 723/1184/1004 72/164/1004 78/179/1004
f 722/1181/1005 721/1180/1005 94/210/1005
f 722/1181/1006 94/210/1006 93/209/1006
f 721/1180/1007 719/1176/1007 724/1185/1007
f 721/1180/1008 724/1185/1008 725/1187/1008
f 721/1180/1009 725/1187/1009 726/1188/1009
f 721/1180/1010 726/1188/1010 94/210/1010
f 726/1188/1011 725/1187/1011 727/1189/1011
f 726/1188/1012 727/1189/1012 728/1190/1012
f 726/1188/1013 728/1190/1013 102/221/1013
f 726/1188/1014 102/221/1014 729/1192/1014
f 726/1188/1015 729/1192/1015 95/211/1015
f 726/1188/1016 95/211/1016 94/210/1016
f 728/1190/1017 727/1189/1017 730/1193/1017
f 728/1190/1018 730/1193/1018 123/255/1018
f 728/1190/1019 123/255/1019 16/41/1019
f 728/1190/1020 16/41/1020 102/221/1020
f 730/1193/1021 64/143/1021 63/142/1021
f 730/1193/1022 63/142/1022 731/1194/1022
f 730/1193/1023 731/1194/1023 124/256/1023
f 730/1193/1024 124/256/1024 123/255/1024
f 730/1193/1025 727/1189/1025 732/1195/1025
f 730/1193/1026 732/1195/1026 64/143/1026
f 732/1195/1027 733/1196/1027 60/136/1027
f 732/1195/1028 60/136/1028 64/143/1028
f 732/1195/1029 727/1189/1029 725/1187/1029
f 732/1195/1030 725/1187/1030 724/1185/1030
f 732/1195/1031 724/1185/1031 734/1198/1031
f 732/1195/1032 734/1198/1032 733/1196/1032
f 734/1200/1033 735/1201/1033 736/1202/1033
f 734/1200/1034 736/1202/1034 733/1197/1034
f 734/1199/1035 724/1186/1035 719/1177/1035
f 734/1199/1036 719/1177/1036 717/1172/1036
f 734/1200/1037 717/1173/1037 716/1171/1037
f 734/1200/1038 716/1171/1038 735/1201/1038
f 736/1202/1039 737/1203/1039 738/1204/1039
f 736/1202/1040 738/1204/1040 61/138/1040
f 736/1202/1041 61/138/1041 60/137/1041
f 736/1202/1042 60/137/1042 733/1197/1042
f 736/1202/1043 735/1201/1043 739/1205/1043
f 736/1202/1044 739/1205/1044 737/1203/1044
f 739/1205/1047 735/1201/1047 716/1171/1047
f 739/1205/1048 716/1171/1048 715/1170/1048
f 939/1455/1435 941/1459/1435 68/153/1435
f 939/1455/1436 68/153/1436 62/139/1436
f 939/1456/1437 62/140/1437 61/138/1437
f 939/1456/1438 61/138/1438 738/1204/1438
f 941/1460/1441 943/1462/1441 150/318/1441
f 941/1460/1442 150/318/1442 68/154/1442
f 943/1462/1445 945/1464/1445 946/1465/1445
f 943/1462/1446 946/1465/1446 150/318/1446
f 946/1465/1447 945/1464/1447 947/1466/1447
f 946/1465/1448 947/1466/1448 413/786/1448
f 946/1465/1449 413/786/1449 410/781/1449
f 946/1465/1450 410/781/1450 409/778/1450
f 946/1465/1451 409/778/1451 151/320/1451
f 946/1465/1452 151/320/1452 150/318/1452
f 947/1466/1455 418/792/1455 414/787/1455
f 947/1466/1456 414/787/1456 413/786/1456
f 731/1194/1737 63/142/1737 67/151/1737
f 731/1194/1738 67/151/1738 1015/1552/1738
f 731/1194/1739 1015/1552/1739 116/241/1739
f 731/1194/1740 116/241/1740 124/256/1740
f 1015/1553/1741 67/152/1741 57/130/1741
f 1015/1553/1742 57/130/1742 1016/1555/1742
f 1015/1554/1743 1016/1556/1743 117/243/1743
f 1015/1554/1744 117/243/1744 116/242/1744
f 1016/1557/1745 57/129/1745 56/126/1745
f 1016/1557/1746 56/126/1746 1017/1558/1746
f 1016/1557/1747 1017/1558/1747 112/234/1747
f 1016/1557/1748 112/234/1748 117/244/1748
f 1017/1559/1749 56/127/1749 55/125/1749
f 1017/1559/1750 55/125/1750 1018/1560/1750
f 1017/1559/1751 1018/1560/1751 108/229/1751
f 1017/1559/1752 108/229/1752 112/235/1752
f 1018/1560/1753 55/125/1753 1019/1562/1753
f 1018/1560/1754 1019/1562/1754 1020/1563/1754
f 1018/1560/1755 1020/1563/1755 109/230/1755
f 1018/1560/1756 109/230/1756 108/229/1756
f 1020/1563/1757 1019/1562/1757 1021/1564/1757
f 1020/1563/1758 1021/1564/1758 1022/1567/1758
f 1020/1563/1759 1022/1567/1759 1023/1568/1759
f 1020/1563/1760 1023/1568/1760 109/230/1760
f 1023/1568/1761 1024/1569/1761 110/231/1761
f 1023/1568/1762 110/231/1762 109/230/1762
f 1023/1568/1763 1022/1567/1763 1025/1570/1763
f 1023/1568/1764 1025/1570/1764 1026/1571/1764
f 1023/1568/1765 1026/1571/1765 97/214/1765
f 1023/1568/1766 97/214/1766 1024/1569/1766
f 1026/1571/1767 1025/1570/1767 74/168/1767
f 1026/1571/1768 74/168/1768 88/201/1768
f 1026/1571/1769 88/201/1769 87/200/1769
f 1026/1571/1770 87/200/1770 97/214/1770
f 1025/1570/1771 1022/1567/1771 1021/1564/1771
f 1025/1570/1772 1021/1564/1772 69/156/1772
f 1025/1570/1773 69/156/1773 5/16/1773
f 1025/1570/1774 5/16/1774 74/168/1774
f 1021/1565/1775 1019/1561/1775 1027/1572/1775
f 1021/1565/1776 1027/1572/1776 1028/1575/1776
f 1021/1566/1777 1028/1576/1777 70/159/1777
f 1021/1566/1778 70/159/1778 69/157/1778
f 1028/1576/1779 1027/1573/1779 1029/1577/1779
f 1028/1576/1780 1029/1577/1780 262/501/1780
f 1028/1576/1781 262/501/1781 261/500/1781
f 1028/1576/1782 261/500/1782 70/159/1782
f 1029/1577/1783 1027/1573/1783 54/123/1783
f 1029/1577/1784 54/123/1784 53/120/1784
f 1029/1577/1785 53/120/1785 1030/1579/1785
f 1029/1577/1786 1030/1579/1786 257/496/1786
f 1029/1577/1787 257/496/1787 256/495/1787
f 1029/1577/1788 256/495/1788 262/501/1788
f 1030/1578/1789 53/121/1789 52/118/1789
f 1030/1578/1790 52/118/1790 1031/1580/1790
f 1030/1578/1791 1031/1580/1791 1032/1583/1791
f 1030/1578/1792 1032/1583/1792 252/491/1792
f 1030/1579/1793 252/490/1793 251/489/1793
f 1030/1579/1794 251/489/1794 257/496/1794
f 1032/1582/1795 1031/1581/1795 1033/1584/1795
f 1032/1582/1796 1033/1584/1796 1034/1585/1796
f 1032/1582/1797 1034/1585/1797 1035/1586/1797
f 1032/1582/1798 1035/1586/1798 247/485/1798
f 1032/1583/1799 247/484/1799 246/483/1799
f 1032/1583/1800 246/483/1800 252/491/1800
f 1035/1586/1801 1034/1585/1801 1036/1587/1801
f 1035/1586/1802 1036/1587/1802 1037/1589/1802
f 1035/1586/1803 1037/1589/1803 1038/1592/1803
f 1035/1586/1804 1038/1592/1804 242/475/1804
f 1035/1586/1805 242/475/1805 241/474/1805
f 1035/1586/1806 241/474/1806 247/485/1806
f 1038/1591/1807 1037/1590/1807 1039/1593/1807
f 1038/1591/1808 1039/1593/1808 1040/1595/1808
f 1038/1591/1809 1040/1595/1809 1041/1598/1809
f 1038/1591/1810 1041/1598/1810 237/466/1810
f 1038/1592/1811 237/465/1811 236/464/1811
f 1038/1592/1812 236/464/1812 242/475/1812
f 1041/1597/1813 1040/1596/1813 1042/1599/1813
f 1041/1597/1814 1042/1599/1814 1043/1600/1814
f 1041/1597/1815 1043/1600/1815 1044/1601/1815
f 1041/1597/1816 1044/1601/1816 232/460/1816
f 1041/1598/1817 232/459/1817 231/458/1817
f 1041/1598/1818 231/458/1818 237/466/1818
f 1044/1601/1819 1043/1600/1819 1045/1602/1819
f 1044/1601/1820 1045/1602/1820 1046/1603/1820
f 1044/1601/1821 1046/1603/1821 1047/1604/1821
f 1044/1601/1822 1047/1604/1822 227/449/1822
f 1044/1601/1823 227/449/1823 226/448/1823
f 1044/1601/1824 226/448/1824 232/460/1824
f 1047/1604/1825 1046/1603/1825 1048/1605/1825
f 1047/1604/1826 1048/1605/1826 1049/1606/1826
f 1047/1604/1827 1049/1606/1827 1050/1607/1827
f 1047/1604/1828 1050/1607/1828 222/439/1828
f 1047/1604/1829 222/439/1829 221/438/1829
f 1047/1604/1830 221/438/1830 227/449/1830
f 1050/1607/1831 1049/1606/1831 1051/1608/1831
f 1050/1607/1832 1051/1608/1832 1052/1610/1832
f 1050/1607/1833 1052/1610/1833 1053/1614/1833
f 1050/1607/1834 1053/1614/1834 218/435/1834
f 1050/1607/1835 218/435/1835 217/434/1835
f 1050/1607/1836 217/434/1836 222/439/1836
f 1053/1612/1837 1052/1611/1837 1054/1615/1837
f 1053/1612/1838 1054/1615/1838 1055/1617/1838
f 1053/1613/1839 1055/1618/1839 1056/1619/1839
f 1053/1613/1840 1056/1619/1840 213/428/1840
f 1053/1614/1841 213/427/1841 212/426/1841
f 1053/1614/1842 212/426/1842 218/435/1842
f 1056/1619/1843 1055/1618/1843 1057/1620/1843
f 1056/1619/1844 1057/1620/1844 1058/1621/1844
f 1056/1619/1845 1058/1621/1845 1059/1622/1845
f 1056/1619/1846 1059/1622/1846 210/424/1846
f 1056/1619/1847 210/424/1847 209/423/1847
f 1056/1619/1848 209/423/1848 213/428/1848
f 1059/1622/1849 1058/1621/1849 1060/1624/1849
f 1059/1622/1850 1060/1624/1850 39/90/1850
f 1059/1622/1851 39/90/1851 38/87/1851
f 1059/1622/1852 38/87/1852 1061/1626/1852
f 1059/1622/1853 1061/1626/1853 206/416/1853
f 1059/1622/1854 206/416/1854 210/424/1854
f 1061/1627/1855 38/88/1855 43/100/1855
f 1061/1627/1856 43/100/1856 1062/1628/1856
f 1061/1627/1857 1062/1628/1857 207/418/1857
f 1061/1627/1858 207/418/1858 206/417/1858
f 1062/1628/1859 43/100/1859 1063/1629/1859
f 1062/1628/1860 1063/1629/1860 1064/1630/1860
f 1062/1628/1861 1064/1630/1861 1065/1632/1861
f 1062/1628/1862 1065/1632/1862 207/418/1862
f 1065/1631/1863 214/429/1863 208/421/1863
f 1065/1631/1864 208/421/1864 207/419/1864
f 1065/1632/1865 1064/1630/1865 1066/1634/1865
f 1065/1632/1866 1066/1634/1866 203/408/1866
f 1065/1633/1867 203/409/1867 202/406/1867
f 1065/1633/1868 202/406/1868 214/430/1868
f 1066/1634/1869 1064/1630/1869 1063/1629/1869
f 1066/1634/1870 1063/1629/1870 45/105/1870
f 1066/1634/1871 45/105/1871 44/102/1871
f 1066/1634/1872 44/102/1872 1067/1636/1872
f 1066/1635/1873 1067/1637/1873 204/410/1873
f 1066/1635/1874 204/410/1874 203/409/1874
f 1067/1638/1875 1068/1639/1875 205/413/1875
f 1067/1638/1876 205/413/1876 204/411/1876
f 1067/1638/1877 44/103/1877 48/111/1877
f 1067/1638/1878 48/111/1878 1068/1639/1878
f 1068/1639/1879 1069/1640/1879 1070/1641/1879
f 1068/1639/1880 1070/1641/1880 205/413/1880
f 1068/1639/1881 48/111/1881 1071/1643/1881
f 1068/1639/1882 1071/1643/1882 1069/1640/1882
f 1071/1643/1883 1072/1646/1883 1073/1647/1883
f 1071/1643/1884 1073/1647/1884 1069/1640/1884
f 1071/1644/1885 48/112/1885 47/109/1885
f 1071/1644/1886 47/109/1886 1074/1648/1886
f 1071/1644/1887 1074/1648/1887 1075/1650/1887
f 1071/1644/1888 1075/1650/1888 1072/1645/1888
f 1075/1650/1889 1076/1653/1889 1077/1654/1889
f 1075/1650/1890 1077/1654/1890 1072/1645/1890
f 1075/1651/1891 1074/1649/1891 1078/1656/1891
f 1075/1651/1892 1078/1656/1892 1079/1657/1892
f 1075/1651/1893 1079/1657/1893 1080/1658/1893
f 1075/1651/1894 1080/1658/1894 1076/1652/1894
f 1080/1658/1895 1081/1659/1895 1082/1660/1895
f 1080/1658/1896 1082/1660/1896 1076/1652/1896
f 1080/1658/1897 1079/1657/1897 1083/1662/1897
f 1080/1658/1898 1083/1662/1898 1084/1663/1898
f 1080/1658/1899 1084/1663/1899 1085/1664/1899
f 1080/1658/1900 1085/1664/1900 1081/1659/1900
f 1085/1664/1901 1086/1665/1901 1087/1666/1901
f 1085/1664/1902 1087/1666/1902 1081/1659/1902
f 1085/1664/1903 1084/1663/1903 1088/1667/1903
f 1085/1664/1904 1088/1667/1904 1089/1668/1904
f 1085/1664/1905 1089/1668/1905 1090/1669/1905
f 1085/1664/1906 1090/1669/1906 1086/1665/1906
f 1090/1669/1907 1091/1670/1907 1092/1671/1907
f 1090/1669/1908 1092/1671/1908 1086/1665/1908
f 1090/1669/1909 1089/1668/1909 1093/1672/1909
f 1090/1669/1910 1093/1672/1910 1094/1674/1910
f 1090/1669/1911 1094/1674/1911 1095/1677/1911
f 1090/1669/1912 1095/1677/1912 1091/1670/1912
f 1095/1677/1913 1096/1682/1913 1097/1683/1913
f 1095/1677/1914 1097/1683/1914 1091/1670/1914
f 1095/1678/1915 1094/1675/1915 1098/1684/1915
f 1095/1678/1916 1098/1684/1916 1099/1687/1916
f 1095/1679/1917 1099/1688/1917 1100/1690/1917
f 1095/1679/1918 1100/1690/1918 1096/1680/1918
f 1100/1691/1919 1101/1693/1919 1102/1696/1919
f 1100/1691/1920 1102/1696/1920 1096/1681/1920
f 1100/1692/1921 1099/1689/1921 1103/1699/1921
f 1100/1692/1922 1103/1699/1922 1104/1700/1922
f 1100/1692/1923 1104/1700/1923 1105/1701/1923
f 1100/1692/1924 1105/1701/1924 1101/1694/1924
f 1105/1701/1925 270/515/1925 269/513/1925
f 1105/1701/1926 269/513/1926 1101/1694/1926
f 1105/1701/1927 1104/1700/1927 1106/1702/1927
f 1105/1701/1928 1106/1702/1928 1107/1704/1928
f 1105/1701/1929 1107/1704/1929 271/517/1929
f 1105/1701/1930 271/517/1930 270/515/1930
f 1107/1705/1931 1106/1703/1931 1108/1707/1931
f 1107/1705/1932 1108/1707/1932 1109/1708/1932
f 1107/1705/1933 1109/1708/1933 273/522/1933
f 1107/1705/1934 273/522/1934 271/518/1934
f 1109/1709/1935 1108/1706/1935 1110/1710/1935
f 1109/1709/1936 1110/1710/1936 1111/1711/1936
f 1109/1709/1937 1111/1711/1937 275/526/1937
f 1109/1709/1938 275/526/1938 273/523/1938
f 1111/1711/1939 1110/1710/1939 1112/1712/1939
f 1111/1711/1940 1112/1712/1940 1113/1713/1940
f 1111/1711/1941 1113/1713/1941 1114/1714/1941
f 1111/1711/1942 1114/1714/1942 275/526/1942
f 1114/1714/1943 279/531/1943 276/527/1943
f 1114/1714/1944 276/527/1944 275/526/1944
f 1114/1714/1945 1113/1713/1945 1115/1715/1945
f 1114/1714/1946 1115/1715/1946 1116/1716/1946
f 1114/1714/1947 1116/1716/1947 1117/1717/1947
f 1114/1714/1948 1117/1717/1948 279/531/1948
f 1117/1717/1949 284/539/1949 280/532/1949
f 1117/1717/1950 280/532/1950 279/531/1950
f 1117/1717/1951 1116/1716/1951 1118/1718/1951
f 1117/1717/1952 1118/1718/1952 1119/1720/1952
f 1117/1717/1953 1119/1720/1953 1120/1722/1953
f 1117/1717/1954 1120/1722/1954 284/539/1954
f 1120/1722/1955 199/400/1955 285/542/1955
f 1120/1722/1956 285/542/1956 284/539/1956
f 1120/1723/1957 1119/1721/1957 1121/1724/1957
f 1120/1723/1958 1121/1724/1958 1122/1727/1958
f 1120/1723/1959 1122/1727/1959 198/399/1959
f 1120/1723/1960 198/399/1960 199/401/1960
f 1122/1726/1961 1121/1725/1961 1033/1584/1961
f 1122/1726/1962 1033/1584/1962 51/117/1962
f 1122/1727/1963 51/116/1963 50/115/1963
f 1122/1727/1964 50/115/1964 198/399/1964
f 1121/1724/1965 1119/1721/1965 1118/1719/1965
f 1121/1724/1966 1118/1719/1966 1036/1588/1966
f 1121/1725/1967 1036/1587/1967 1034/1585/1967
f 1121/1725/1968 1034/1585/1968 1033/1584/1968
f 1118/1718/1969 1116/1716/1969 1115/1715/1969
f 1118/1718/1970 1115/1715/1970 1039/1594/1970
f 1118/1719/1971 1039/1593/1971 1037/1590/1971
f 1118/1719/1972 1037/1590/1972 1036/1588/1972
f 1115/1715/1973 1113/1713/1973 1112/1712/1973
f 1115/1715/1974 1112/1712/1974 1042/1599/1974
f 1115/1715/1975 1042/1599/1975 1040/1596/1975
f 1115/1715/1976 1040/1596/1976 1039/1594/1976
f 1112/1712/1977 1110/1710/1977 1123/1728/1977
f 1112/1712/1978 1123/1728/1978 1045/1602/1978
f 1112/1712/1979 1045/1602/1979 1043/1600/1979
f 1112/1712/1980 1043/1600/1980 1042/1599/1980
f 1123/1728/1981 1110/1710/1981 1108/1706/1981
f 1123/1728/1982 1108/1706/1982 1124/1729/1982
f 1123/1728/1983 1124/1729/1983 1125/1732/1983
f 1123/1728/1984 1125/1732/1984 1048/1605/1984
f 1123/1728/1985 1048/1605/1985 1046/1603/1985
f 1123/1728/1986 1046/1603/1986 1045/1602/1986
f 1125/1731/1987 1124/1730/1987 1126/1734/1987
f 1125/1731/1988 1126/1734/1988 1127/1735/1988
f 1125/1731/1989 1127/1735/1989 1128/1738/1989
f 1125/1731/1990 1128/1738/1990 1051/1609/1990
f 1125/1732/1991 1051/1608/1991 1049/1606/1991
f 1125/1732/1992 1049/1606/1992 1048/1605/1992
f 1128/1737/1993 1127/1736/1993 1129/1739/1993
f 1128/1737/1994 1129/1739/1994 1130/1740/1994
f 1128/1737/1995 1130/1740/1995 1131/1741/1995
f 1128/1737/1996 1131/1741/1996 1054/1616/1996
f 1128/1738/1997 1054/1615/1997 1052/1611/1997
f 1128/1738/1998 1052/1611/1998 1051/1609/1998
f 1131/1741/1999 1130/1740/1999 1132/1743/1999
f 1131/1741/2000 1132/1743/2000 1133/1744/2000
f 1131/1741/2001 1133/1744/2001 1134/1747/2001
f 1131/1741/2002 1134/1747/2002 1057/1620/2002
f 1131/1741/2003 1057/1620/2003 1055/1618/2003
f 1131/1741/2004 1055/1618/2004 1054/1616/2004
f 1134/1746/2005 1133/1745/2005 1135/1749/2005
f 1134/1746/2006 1135/1749/2006 1136/1750/2006
f 1134/1746/2007 1136/1750/2007 1137/1752/2007
f 1134/1746/2008 1137/1752/2008 1060/1623/2008
f 1134/1747/2009 1060/1624/2009 1058/1621/2009
f 1134/1747/2010 1058/1621/2010 1057/1620/2010
f 1137/1753/2011 1136/1751/2011 1138/1755/2011
f 1137/1753/2012 1138/1755/2012 1139/1756/2012
f 1137/1753/2013 1139/1756/2013 41/95/2013
f 1137/1753/2014 41/95/2014 40/93/2014
f 1137/1754/2015 40/94/2015 39/91/2015
f 1137/1754/2016 39/91/2016 1060/1625/2016
f 1139/1756/2017 1138/1755/2017 1083/1662/2017
f 1139/1756/2018 1083/1662/2018 1140/1757/2018
f 1139/1756/2019 1140/1757/2019 1141/1758/2019
f 1139/1756/2020 1141/1758/2020 41/95/2020
f 1141/1758/2021 1140/1757/2021 1078/1656/2021
f 1141/1758/2022 1078/1656/2022 49/113/2022
f 1141/1758/2023 49/113/2023 46/107/2023
f 1141/1758/2024 46/107/2024 1142/1759/2024
f 1141/1758/2025 1142/1759/2025 42/97/2025
f 1141/1758/2026 42/97/2026 41/95/2026
f 1142/1760/2027 46/108/2027 45/105/2027
f 1142/1760/2028 45/105/2028 1063/1629/2028
f 1142/1760/2029 1063/1629/2029 43/100/2029
f 1142/1760/2030 43/100/2030 42/98/2030
f 1140/1757/2031 1083/1662/2031 1079/1657/2031
f 1140/1757/2032 1079/1657/2032 1078/1656/2032
f 1138/1755/2033 1088/1667/2033 1084/1663/2033
f 1138/1755/2034 1084/1663/2034 1083/1662/2034
f 1138/1755/2035 1136/1751/2035 1135/1748/2035
f 1138/1755/2036 1135/1748/2036 1088/1667/2036
f 1135/1748/2037 1093/1672/2037 1089/1668/2037
f 1135/1748/2036 1089/1668/2036 1088/1667/2036
f 1135/1749/2038 1133/1745/2038 1132/1742/2038
f 1135/1749/2039 1132/1742/2039 1093/1673/2039
f 1132/1742/2040 1098/1685/2040 1094/1676/2040
f 1132/1742/2041 1094/1676/2041 1093/1673/2041
f 1132/1743/2042 1130/1740/2042 1129/1739/2042
f 1132/1743/2043 1129/1739/2043 1098/1686/2043
f 1129/1739/2044 1103/1699/2044 1099/1689/2044
f 1129/1739/2045 1099/1689/2045 1098/1686/2045
f 1129/1739/2046 1127/1736/2046 1126/1733/2046
f 1129/1739/2047 1126/1733/2047 1103/1699/2047
f 1126/1733/2048 1106/1702/2048 1104/1700/2048
f 1126/1733/2049 1104/1700/2049 1103/1699/2049
f 1126/1734/2050 1124/1730/2050 1108/1707/2050
f 1126/1734/2051 1108/1707/2051 1106/1703/2051
f 1102/1697/2052 263/502/2052 259/498/2052
f 1102/1697/2053 259/498/2053 258/497/2053
f 1102/1697/2054 258/497/2054 1097/1683/2054
f 1102/1697/2055 1097/1683/2055 1096/1682/2055
f 1102/1698/2056 1101/1695/2056 269/514/2056
f 1102/1698/2057 269/514/2057 263/503/2057
f 1097/1683/2058 258/497/2058 254/493/2058
f 1097/1683/2059 254/493/2059 253/492/2059
f 1097/1683/2060 253/492/2060 1092/1671/2060
f 1097/1683/2061 1092/1671/2061 1091/1670/2061
f 1092/1671/2062 253/492/2062 249/487/2062
f 1092/1671/2063 249/487/2063 248/486/2063
f 1092/1671/2064 248/486/2064 1087/1666/2064
f 1092/1671/2065 1087/1666/2065 1086/1665/2065
f 1087/1666/2066 248/486/2066 244/479/2066
f 1087/1666/2067 244/479/2067 243/476/2067
f 1087/1666/2068 243/476/2068 1082/1660/2068
f 1087/1666/2069 1082/1660/2069 1081/1659/2069
f 1082/1661/2070 243/477/2070 239/470/2070
f 1082/1661/2071 239/470/2071 238/467/2071
f 1082/1661/2072 238/467/2072 1077/1654/2072
f 1082/1661/2073 1077/1654/2073 1076/1653/2073
f 1078/1656/2074 1074/1649/2074 47/110/2074
f 1078/1656/2075 47/110/2075 49/113/2075
f 1077/1655/2076 238/468/2076 234/462/2076
f 1077/1655/2077 234/462/2077 233/461/2077
f 1077/1655/2078 233/461/2078 1073/1647/2078
f 1077/1655/2079 1073/1647/2079 1072/1646/2079
f 1073/1647/2080 233/461/2080 229/454/2080
f 1073/1647/2081 229/454/2081 228/451/2081
f 1073/1647/2082 228/451/2082 1070/1641/2082
f 1073/1647/2083 1070/1641/2083 1069/1640/2083
f 1070/1642/2084 228/452/2084 224/444/2084
f 1070/1642/2085 224/444/2085 223/440/2085
f 1070/1642/2086 223/440/2086 200/403/2086
f 1070/1642/2087 200/403/2087 205/414/2087
f 1033/1584/2088 1031/1581/2088 52/119/2088
f 1033/1584/2089 52/119/2089 51/117/2089
f 1027/1574/2090 1019/1562/2090 55/125/2090
f 1027/1574/2091 55/125/2091 54/124/2091
f 424/800/2098 81/185/2098 80/183/2098
f 424/800/2099 80/183/2099 126/258/2099
f 424/801/2100 126/259/2100 417/790/2100
f 424/801/2101 417/790/2101 416/789/2101
f 417/791/2102 126/260/2102 17/43/2102
f 417/791/2103 17/43/2103 1143/1761/2103
f 417/791/2104 1143/1761/2104 403/769/2104
f 417/791/2105 403/769/2105 412/785/2105
f 1143/1762/2106 17/44/2106 129/268/2106
f 1143/1762/2107 129/268/2107 399/764/2107
f 1143/1762/2108 399/764/2108 398/763/2108
f 1143/1762/2109 398/763/2109 403/770/2109
f 409/779/2110 408/776/2110 154/327/2110
f 409/779/2111 154/327/2111 151/321/2111
f 408/777/2112 407/775/2112 1144/1763/2112
f 408/777/2113 1144/1763/2113 154/328/2113
f 1144/1763/2114 407/775/2114 1145/1764/2114
f 1144/1763/2115 1145/1764/2115 1146/1765/2115
f 1144/1763/2116 1146/1765/2116 160/338/2116
f 1144/1763/2117 160/338/2117 1147/1766/2117
f 1144/1763/2118 1147/1766/2118 152/322/2118
f 1144/1763/2119 152/322/2119 154/328/2119
f 1147/1767/2120 160/337/2120 159/335/2120
f 1147/1767/2121 159/335/2121 194/392/2121
f 1147/1767/2122 194/392/2122 153/326/2122
f 1147/1767/2123 153/326/2123 152/323/2123
f 1146/1765/2124 1145/1764/2124 158/332/2124
f 1146/1765/2125 158/332/2125 157/331/2125
f 1146/1765/2126 157/331/2126 161/339/2126
f 1146/1765/2127 161/339/2127 160/338/2127
f 1145/1764/2128 404/771/2128 180/364/2128
f 1145/1764/2129 180/364/2129 158/332/2129
f 1145/1764/2130 407/775/2130 405/772/2130
f 1145/1764/2131 405/772/2131 404/771/2131
f 404/771/2132 400/765/2132 178/362/2132
f 404/771/2133 178/362/2133 180/364/2133
f 399/764/2134 129/268/2134 396/760/2134
f 399/764/2135 396/760/2135 395/759/2135
f 391/753/2136 390/751/2136 1148/1768/2136
f 391/753/2137 1148/1768/2137 1149/1771/2137
f 391/753/2138 1149/1771/2138 382/737/2138
f 391/753/2139 382/737/2139 381/734/2139
f 1149/1771/2140 1148/1768/2140 99/217/2140
f 1149/1771/2141 99/217/2141 1150/1772/2141
f 1149/1771/2142 1150/1772/2142 371/712/2142
f 1149/1771/2143 371/712/2143 382/737/2143
f 1150/1772/2144 99/217/2144 98/216/2144
f 1150/1772/2145 98/216/2145 367/703/2145
f 1150/1772/2146 367/703/2146 366/702/2146
f 1150/1772/2147 366/702/2147 371/712/2147
f 1148/1769/2148 390/752/2148 33/74/2148
f 1148/1769/2149 33/74/2149 1151/1773/2149
f 1148/1770/2150 1151/1774/2150 83/189/2150
f 1148/1770/2151 83/189/2151 99/218/2151
f 1151/1775/2152 33/72/2152 183/370/2152
f 1151/1775/2153 183/370/2153 1152/1777/2153
f 1151/1776/2154 1152/1778/2154 84/191/2154
f 1151/1776/2155 84/191/2155 83/190/2155
f 1152/1779/2156 1153/1780/2156 1154/1782/2156
f 1152/1779/2157 1154/1782/2157 84/192/2157
f 1152/1779/2158 183/371/2158 301/562/2158
f 1152/1779/2159 301/562/2159 1153/1780/2159
f 1154/1782/2160 376/723/2160 375/719/2160
f 1154/1782/2161 375/719/2161 1155/1784/2161
f 1154/1781/2162 1155/1783/2162 85/195/2162
f 1154/1781/2163 85/195/2163 84/193/2163
f 1154/1782/2164 1153/1780/2164 377/725/2164
f 1154/1782/2165 377/725/2165 376/723/2165
f 1155/1784/2166 375/719/2166 1156/1785/2166
f 1155/1784/2167 1156/1785/2167 100/219/2167
f 1155/1784/2168 100/219/2168 86/198/2168
f 1155/1784/2169 86/198/2169 85/196/2169
f 1156/1786/2170 372/713/2170 1157/1789/2170
f 1156/1786/2171 1157/1789/2171 1158/1790/2171
f 1156/1785/2172 1158/1791/2172 101/220/2172
f 1156/1785/2173 101/220/2173 100/219/2173
f 1156/1786/2174 375/720/2174 373/715/2174
f 1156/1786/2175 373/715/2175 372/713/2175
f 1158/1791/2176 1157/1787/2176 1159/1792/2176
f 1158/1791/2177 1159/1792/2177 106/226/2177
f 1158/1791/2178 106/226/2178 105/225/2178
f 1158/1791/2179 105/225/2179 101/220/2179
f 1159/1793/2180 357/683/2180 355/677/2180
f 1159/1793/2181 355/677/2181 1160/1794/2181
f 1159/1792/2182 1160/1796/2182 107/227/2182
f 1159/1792/2183 107/227/2183 106/226/2183
f 1159/1793/2184 1157/1788/2184 360/690/2184
f 1159/1793/2185 360/690/2185 357/683/2185
f 1160/1795/2186 355/678/2186 353/673/2186
f 1160/1795/2187 353/673/2187 1161/1797/2187
f 1160/1796/2188 1161/1798/2188 1162/1799/2188
f 1160/1796/2189 1162/1799/2189 107/227/2189
f 1161/1797/2190 353/673/2190 351/669/2190
f 1161/1797/2191 351/669/2191 350/666/2191
f 1161/1798/2192 350/667/2192 1163/1801/2192
f 1161/1798/2193 1163/1801/2193 1162/1799/2193
f 1163/1801/2194 350/667/2194 346/659/2194
f 1163/1801/2195 346/659/2195 345/657/2195
f 1163/1801/2196 345/657/2196 121/252/2196
f 1163/1801/2197 121/252/2197 114/238/2197
f 1163/1801/2198 114/238/2198 113/236/2198
f 1163/1801/2199 113/236/2199 1162/1799/2199
f 1157/1789/2200 372/713/2200 368/705/2200
f 1157/1789/2201 368/705/2201 360/691/2201
f 1153/1780/2202 301/562/2202 300/561/2202
f 1153/1780/2203 300/561/2203 377/725/2203
f 367/703/2204 98/216/2204 91/206/2204
f 367/703/2205 91/206/2205 363/695/2205
f 349/665/2206 119/248/2206 332/628/2206
f 349/665/2207 332/628/2207 331/625/2207
f 349/665/2208 331/625/2208 344/655/2208
f 349/665/2209 344/655/2209 343/654/2209
f 349/665/2210 348/663/2210 120/250/2210
f 349/665/2211 120/250/2211 119/248/2211
f 345/657/2212 341/647/2212 122/254/2212
f 345/657/2213 122/254/2213 121/252/2213
f 344/655/2214 331/625/2214 328/619/2214
f 344/655/2215 328/619/2215 327/617/2215
f 344/656/2216 327/618/2216 340/645/2216
f 344/656/2217 340/645/2217 339/643/2217
f 340/645/2218 327/618/2218 325/615/2218
f 340/645/2219 325/615/2219 324/611/2219
f 340/646/2220 324/612/2220 337/639/2220
f 340/646/2221 337/639/2221 336/638/2221
f 337/639/2222 324/612/2222 322/607/2222
f 337/639/2223 322/607/2223 1164/1802/2223
f 337/640/2224 1164/1803/2224 166/349/2224
f 337/640/2225 166/349/2225 165/347/2225
f 1164/1802/2226 322/607/2226 320/602/2226
f 1164/1802/2227 320/602/2227 1165/1804/2227
f 1164/1803/2228 1165/1805/2228 193/391/2228
f 1164/1803/2229 193/391/2229 166/349/2229
f 1165/1804/2230 320/602/2230 319/599/2230
f 1165/1804/2231 319/599/2231 1166/1806/2231
f 1165/1805/2232 1166/1807/2232 1167/1808/2232
f 1165/1805/2233 1167/1808/2233 193/391/2233
f 1166/1806/2234 319/599/2234 314/590/2234
f 1166/1806/2235 314/590/2235 1168/1809/2235
f 1166/1807/2236 1168/1811/2236 173/357/2236
f 1166/1807/2237 173/357/2237 1167/1808/2237
f 1168/1810/2238 314/591/2238 310/581/2238
f 1168/1810/2239 310/581/2239 309/578/2239
f 1168/1811/2240 309/579/2240 174/358/2240
f 1168/1811/2241 174/358/2241 173/357/2241
f 313/588/2242 312/586/2242 177/361/2242
f 313/588/2243 177/361/2243 176/360/2243
f 309/579/2244 305/571/2244 298/557/2244
f 309/579/2245 298/557/2245 174/358/2245
f 290/549/2246 289/548/2246 1169/1812/2246
f 290/549/2247 1169/1812/2247 295/554/2247
f 289/548/2248 172/356/2248 171/355/2248
f 289/548/2249 171/355/2249 1169/1812/2249
f 287/546/2250 196/396/2250 168/351/2250
f 287/546/2251 168/351/2251 172/356/2251
f 283/538/2252 189/384/2252 188/382/2252
f 283/538/2253 188/382/2253 278/530/2253
f 269/514/2254 266/509/2254 264/505/2254
f 269/514/2255 264/505/2255 263/503/2255
f 223/441/2256 219/436/2256 201/405/2256
f 223/441/2257 201/405/2257 200/404/2257
f 215/432/2258 214/431/2258 202/407/2258
f 215/432/2259 202/407/2259 201/405/2259
f 196/396/2260 195/394/2260 169/352/2260
f 196/396/2261 169/352/2261 168/351/2261
f 195/395/2262 194/393/2262 159/336/2262
f 195/395/2263 159/336/2263 169/353/2263
f 191/389/2264 130/271/2264 76/173/2264
f 191/389/2265 76/173/2265 75/171/2265
f 190/387/2266 185/375/2266 184/372/2266
f 190/387/2267 184/372/2267 128/265/2267
f 396/761/2268 129/269/2268 128/266/2268
f 396/761/2269 128/266/2269 184/373/2269
f 394/757/2270 396/761/2270 184/373/2270
f 394/757/2271 184/373/2271 33/73/2271
f 394/758/2272 33/74/2272 390/752/2272
f 394/758/2273 390/752/2273 389/750/2273
f 174/358/2274 298/557/2274 295/554/2274
f 174/358/2275 295/554/2275 1169/1812/2275
f 28/66/2276 174/358/2276 1169/1812/2276
f 130/271/2278 79/181/2278 77/176/2278
f 130/271/2279 77/176/2279 76/173/2279
f 95/211/2280 729/1192/2280 10/27/2280
f 95/211/2281 10/27/2281 364/698/2281
f 95/211/2282 364/698/2282 90/205/2282
f 95/211/2283 90/205/2283 8/25/2283
f 89/204/2284 88/202/2284 74/169/2284
f 89/204/2285 74/169/2285 73/167/2285
f 67/152/2286 66/149/2286 58/133/2286
f 67/152/2287 58/133/2287 57/130/2287
f 66/149/2288 65/146/2288 59/135/2288
f 66/149/2289 59/135/2289 58/133/2289
f 9/26/2290 101/220/2290 105/225/2290
f 9/26/2291 105/225/2291 1170/1813/2291
f 105/225/2292 12/31/2292 110/231/2292
f 105/225/2293 110/231/2293 1170/1813/2293
f 12/31/2294 113/236/2294 13/33/2294
f 12/31/2295 13/33/2295 110/231/2295
f 12/32/2296 107/228/2296 1162/1800/2296
f 12/32/2297 1162/1800/2297 113/237/2297
f 110/231/2298 1024/1569/2298 1170/1813/2298
f 1024/1569/2299 97/214/2299 9/26/2299
f 1024/1569/2300 9/26/2300 1170/1813/2300
f 11/29/2301 104/224/2301 359/688/2301
f 11/29/2302 359/688/2302 364/696/2302
f 729/1191/2303 364/697/2303 10/28/2303
f 729/1192/2304 102/221/2304 11/30/2304
f 729/1192/2305 11/30/2305 364/698/2305
f 25/63/2306 161/339/2306 157/331/2306
f 25/63/2307 157/331/2307 23/58/2307
f 25/63/2308 23/58/2308 156/330/2308
f 27/65/2309 28/66/2309 1169/1812/2309
f 27/65/2310 1169/1812/2310 171/355/2310
f 193/391/2311 1167/1808/2311 26/64/2311
f 193/391/2312 26/64/2312 170/354/2312
f 1167/1808/2313 27/65/2313 171/355/2313
f 1167/1808/2314 171/355/2314 26/64/2314
f 1167/1808/2315 173/357/2315 27/65/2315
f 31/69/2316 158/332/2316 180/364/2316
f 31/69/2317 180/364/2317 32/70/2317
f 317/595/2318 32/70/2318 30/68/2318
f 317/595/2319 30/68/2319 177/361/2319
f 317/595/2320 31/69/2320 32/70/2320
f 1171/1814/2321 1172/1816/2321 1215/1881/2321
f 1173/1818/2322 1175/1825/2322 1171/1815/2322
f 1173/1819/2323 1171/1814/2323 1215/1881/2323
f 1173/1819/2324 1215/1881/2324 1213/1877/2324
f 1173/1819/2325 1213/1877/2325 1176/1826/2325
f 1173/1820/2326 1176/1827/2326 1177/1828/2326
f 1173/1820/2327 1177/1828/2327 1174/1822/2327
f 1213/1877/2328 1178/1829/2328 1179/1830/2328
f 1179/1830/2329 1178/1829/2329 1180/1831/2329
f 1179/1830/2330 1180/1831/2330 1181/1832/2330
f 1180/1831/2331 1178/1829/2331 1206/1868/2331
f 1180/1831/2332 1206/1868/2332 1182/1833/2332
f 1182/1833/2333 1206/1868/2333 1183/1835/2333
f 1182/1833/2334 1183/1835/2334 1184/1836/2334
f 1184/1837/2335 1183/1834/2335 1185/1839/2335
f 1184/1837/2336 1185/1839/2336 1186/1840/2336
f 1186/1840/2336 1185/1839/2336 1187/1843/2336
f 1186/1840/2337 1187/1843/2337 1188/1845/2337
f 1188/1845/2338 1187/1843/2338 1189/1847/2338
f 1188/1845/2339 1189/1847/2339 1191/1851/2339
f 1191/1851/2340 1189/1847/2340 1190/1849/2340
f 1190/1850/2341 1191/1852/2341 1192/1853/2341
f 1190/1850/2342 1192/1853/2342 1193/1854/2342
f 1193/1854/2343 1192/1853/2343 1194/1855/2343
f 1193/1854/2344 1194/1855/2344 1195/1856/2344
f 1195/1856/2345 1194/1855/2345 1196/1857/2345
f 1195/1856/2346 1196/1857/2346 1197/1858/2346
f 1197/1858/2347 1196/1857/2347 1198/1859/2347
f 1201/1862/2348 1200/1861/2348 1199/1860/2348
f 1202/1863/2349 1196/1857/2349 1203/1864/2349
f 1202/1863/2346 1203/1864/2346 1204/1865/2346
f 1204/1865/2350 1203/1864/2350 1186/1842/2350
f 1204/1865/2351 1186/1842/2351 1184/1838/2351
f 1184/1838/2352 1186/1841/2352 1205/1866/2352
f 1205/1866/2353 1186/1841/2353 1206/1867/2353
f 1205/1866/2354 1206/1867/2354 1207/1869/2354
f 1207/1869/2355 1206/1867/2355 1208/1870/2355
f 1207/1869/2356 1208/1870/2356 1209/1871/2356
f 1209/1871/2357 1208/1870/2357 1210/1872/2357
f 1209/1871/2358 1210/1872/2358 1211/1873/2358
f 1211/1873/2359 1210/1872/2359 1175/1824/2359
f 1211/1873/2360 1175/1824/2360 1212/1874/2360
f 1212/1874/2361 1175/1824/2361 1173/1821/2361
f 1175/1824/2362 1210/1872/2362 1214/1879/2362
f 1175/1824/2363 1214/1879/2363 1213/1875/2363
f 1213/1876/2364 1214/1878/2364 1215/1880/2364
f 1213/1876/2365 1215/1880/2365 1175/1825/2365
f 1215/1880/2366 1214/1878/2366 1187/1843/2366
f 1215/1880/2367 1187/1843/2367 1185/1839/2367
f 1215/1880/2336 1185/1839/2336 1183/1834/2336
f 1215/1880/2368 1183/1834/2368 1172/1817/2368
f 1215/1880/2369 1171/1815/2369 1175/1825/2369
f 1214/1878/2370 1217/1883/2370 1189/1847/2370
f 1214/1878/2371 1189/1847/2371 1187/1843/2371
f 1217/1884/2372 1214/1879/2372 1216/1882/2372
f 1217/1884/2373 1216/1882/2373 1187/1844/2373
f 1217/1884/2374 1187/1844/2374 1191/1852/2374
f 1217/1884/2375 1191/1852/2375 1189/1848/2375
f 1187/1844/2376 1206/1867/2376 1186/1841/2376
f 1186/1842/2377 1194/1855/2377 1192/1853/2377
f 1186/1842/2378 1192/1853/2378 1188/1846/2378
f 1187/1844/2379 1216/1882/2379 1208/1870/2379
f 1187/1844/2380 1208/1870/2380 1206/1867/2380
f 1216/1882/2381 1214/1879/2381 1210/1872/2381
f 1216/1882/2382 1210/1872/2382 1208/1870/2382
f 1186/1842/2383 1203/1864/2383 1196/1857/2383
f 1186/1842/2384 1196/1857/2384 1194/1855/2384
f 1183/1835/2385 1206/1868/2385 1215/1881/2385
f 1206/1868/2386 1178/1829/2386 1213/1877/2386
f 1206/1868/2387 1213/1877/2387 1215/1881/2387
f 1187/1844/2388 1188/1846/2388 1192/1853/2388
f 1187/1844/2389 1192/1853/2389 1191/1852/2389
f 1211/1873/2390 1212/1874/2390 1173/1821/2390
f 1211/1873/2391 1173/1821/2391 1174/1823/2391
f 1198/1859/2392 1196/1857/2392 1202/1863/2392
usemtl blade
f 18/45/105 131/273/105 132/274/105
f 18/45/106 132/274/106 133/276/106
f 18/46/107 133/275/107 134/278/107
f 18/46/108 134/278/108 148/314/108
f 18/46/109 148/314/109 147/308/109
f 18/46/110 147/308/110 131/272/110
f 19/47/111 135/279/111 136/283/111
f 19/47/112 136/283/112 137/286/112
f 19/48/113 137/287/113 599/1018/113
f 19/48/114 599/1018/114 138/291/114
f 19/49/115 138/290/115 139/292/115
f 19/49/116 139/292/116 135/280/116
f 20/50/117 140/295/117 141/297/117
f 20/50/118 141/297/118 142/298/118
f 20/51/119 142/299/119 143/300/119
f 20/51/120 143/300/120 139/292/120
f 20/51/121 139/292/121 138/290/121
f 20/51/122 138/290/122 140/294/122
f 21/52/123 144/304/123 145/305/123
f 21/52/124 145/305/124 146/307/124
f 21/53/125 146/306/125 147/309/125
f 21/53/126 147/309/126 148/313/126
f 21/53/127 148/313/127 149/315/127
f 21/53/128 149/315/128 144/303/128
f 420/794/531 421/795/531 422/796/531
f 420/794/532 422/796/532 423/798/532
f 420/794/535 419/793/535 425/802/535
f 420/794/536 425/802/536 421/795/536
f 425/802/537 426/803/537 427/804/537
f 425/802/538 427/804/538 421/795/538
f 425/802/539 419/793/539 418/792/539
f 425/802/540 418/792/540 428/805/540
f 425/802/541 428/805/541 429/806/541
f 425/802/542 429/806/542 426/803/542
f 429/806/543 430/807/543 431/808/543
f 429/806/544 431/808/544 426/803/544
f 429/806/545 428/805/545 432/809/545
f 429/806/546 432/809/546 433/810/546
f 429/806/547 433/810/547 434/811/547
f 429/806/548 434/811/548 430/807/548
f 434/811/549 435/812/549 436/813/549
f 434/811/550 436/813/550 430/807/550
f 434/811/551 433/810/551 437/814/551
f 434/811/552 437/814/552 438/815/552
f 434/811/553 438/815/553 439/816/553
f 434/811/554 439/816/554 435/812/554
f 439/816/555 440/817/555 441/818/555
f 439/816/556 441/818/556 435/812/556
f 439/816/557 438/815/557 442/819/557
f 439/816/558 442/819/558 443/820/558
f 439/816/559 443/820/559 444/821/559
f 439/816/560 444/821/560 440/817/560
f 444/821/561 445/822/561 446/823/561
f 444/821/562 446/823/562 440/817/562
f 444/821/563 443/820/563 447/824/563
f 444/821/564 447/824/564 448/826/564
f 444/821/565 448/826/565 449/828/565
f 444/821/566 449/828/566 445/822/566
f 449/828/567 450/831/567 451/832/567
f 449/828/568 451/832/568 445/822/568
f 449/829/569 448/827/569 452/833/569
f 449/829/570 452/833/570 453/835/570
f 449/829/571 453/835/571 454/837/571
f 449/829/572 454/837/572 450/830/572
f 454/837/573 455/840/573 456/841/573
f 454/837/574 456/841/574 450/830/574
f 454/838/575 453/836/575 457/843/575
f 454/838/576 457/843/576 458/844/576
f 454/838/577 458/844/577 459/845/577
f 454/838/578 459/845/578 455/839/578
f 459/845/579 460/846/579 461/847/579
f 459/845/580 461/847/580 455/839/580
f 459/845/581 458/844/581 462/849/581
f 459/845/582 462/849/582 463/850/582
f 459/845/583 463/850/583 464/851/583
f 459/845/584 464/851/584 460/846/584
f 464/851/585 465/852/585 466/853/585
f 464/851/586 466/853/586 460/846/586
f 464/851/587 463/850/587 467/854/587
f 464/851/588 467/854/588 468/855/588
f 464/851/589 468/855/589 469/856/589
f 464/851/590 469/856/590 465/852/590
f 469/856/591 470/857/591 471/858/591
f 469/856/592 471/858/592 465/852/592
f 469/856/593 468/855/593 472/859/593
f 469/856/594 472/859/594 473/860/594
f 469/856/594 473/860/594 474/861/594
f 469/856/595 474/861/595 470/857/595
f 474/861/596 475/862/596 476/863/596
f 474/861/597 476/863/597 470/857/597
f 474/861/598 473/860/598 477/864/598
f 474/861/599 477/864/599 478/865/599
f 474/861/600 478/865/600 479/866/600
f 474/861/601 479/866/601 475/862/601
f 479/866/602 480/867/602 481/868/602
f 479/866/603 481/868/603 475/862/603
f 479/866/604 478/865/604 482/869/604
f 479/866/605 482/869/605 483/870/605
f 479/866/606 483/870/606 484/871/606
f 479/866/607 484/871/607 480/867/607
f 484/871/608 485/872/608 486/873/608
f 484/871/609 486/873/609 480/867/609
f 484/871/610 483/870/610 487/874/610
f 484/871/611 487/874/611 488/876/611
f 484/871/612 488/876/612 489/878/612
f 484/871/613 489/878/613 485/872/613
f 489/878/614 490/881/614 491/882/614
f 489/878/615 491/882/615 485/872/615
f 489/879/616 488/877/616 492/883/616
f 489/879/617 492/883/617 493/885/617
f 489/879/618 493/885/618 494/887/618
f 489/879/619 494/887/619 490/880/619
f 494/887/620 495/890/620 496/891/620
f 494/887/621 496/891/621 490/880/621
f 494/888/622 493/886/622 497/893/622
f 494/888/623 497/893/623 498/894/623
f 494/888/624 498/894/624 499/895/624
f 494/888/625 499/895/625 495/889/625
f 499/895/626 500/896/626 501/897/626
f 499/895/627 501/897/627 495/889/627
f 499/895/628 498/894/628 502/899/628
f 499/895/629 502/899/629 503/900/629
f 499/895/630 503/900/630 504/901/630
f 499/895/631 504/901/631 500/896/631
f 504/901/632 505/902/632 506/903/632
f 504/901/633 506/903/633 500/896/633
f 504/901/634 503/900/634 507/904/634
f 504/901/635 507/904/635 508/905/635
f 504/901/636 508/905/636 509/906/636
f 504/901/637 509/906/637 505/902/637
f 509/906/638 510/907/638 511/908/638
f 509/906/639 511/908/639 505/902/639
f 509/906/640 508/905/640 512/909/640
f 509/906/641 512/909/641 513/910/641
f 509/906/642 513/910/642 514/911/642
f 509/906/643 514/911/643 510/907/643
f 514/911/644 515/912/644 516/913/644
f 514/911/645 516/913/645 510/907/645
f 514/911/646 513/910/646 517/914/646
f 514/911/647 517/914/647 518/915/647
f 514/911/648 518/915/648 519/916/648
f 514/911/649 519/916/649 515/912/649
f 519/916/650 520/917/650 521/918/650
f 519/916/651 521/918/651 515/912/651
f 519/916/652 518/915/652 522/919/652
f 519/916/653 522/919/653 523/920/653
f 519/916/654 523/920/654 524/921/654
f 519/916/655 524/921/655 520/917/655
f 524/921/656 525/922/656 526/923/656
f 524/921/657 526/923/657 520/917/657
f 524/921/658 523/920/658 527/924/658
f 524/921/659 527/924/659 528/926/659
f 524/921/660 528/926/660 529/928/660
f 524/921/661 529/928/661 525/922/661
f 529/928/662 530/931/662 531/932/662
f 529/928/663 531/932/663 525/922/663
f 529/929/664 528/927/664 532/933/664
f 529/929/665 532/933/665 533/935/665
f 529/929/666 533/935/666 534/937/666
f 529/929/667 534/937/667 530/930/667
f 534/937/668 535/940/668 536/941/668
f 534/937/669 536/941/669 530/930/669
f 534/938/670 533/936/670 537/943/670
f 534/938/671 537/943/671 538/944/671
f 534/938/671 538/944/671 539/945/671
f 534/938/672 539/945/672 535/939/672
f 539/945/673 540/946/673 541/947/673
f 539/945/674 541/947/674 535/939/674
f 539/945/675 538/944/675 542/949/675
f 539/945/676 542/949/676 543/950/676
f 539/945/676 543/950/676 544/951/676
f 539/945/677 544/951/677 540/946/677
f 544/951/678 545/952/678 546/953/678
f 544/951/679 546/953/679 540/946/679
f 544/951/680 543/950/680 547/954/680
f 544/951/681 547/954/681 548/955/681
f 544/951/682 548/955/682 549/956/682
f 544/951/683 549/956/683 545/952/683
f 549/956/684 550/957/684 551/958/684
f 549/956/685 551/958/685 545/952/685
f 549/956/686 548/955/686 552/959/686
f 549/956/687 552/959/687 553/960/687
f 549/956/688 553/960/688 554/961/688
f 549/956/689 554/961/689 550/957/689
f 554/961/690 555/962/690 556/963/690
f 554/961/691 556/963/691 550/957/691
f 554/961/692 553/960/692 557/964/692
f 554/961/693 557/964/693 558/965/693
f 554/961/694 558/965/694 559/966/694
f 554/961/695 559/966/695 555/962/695
f 559/966/696 560/967/696 561/968/696
f 559/966/697 561/968/697 555/962/697
f 559/966/698 558/965/698 562/969/698
f 559/966/699 562/969/699 563/970/699
f 559/966/700 563/970/700 564/971/700
f 559/966/701 564/971/701 560/967/701
f 564/971/702 565/972/702 566/973/702
f 564/971/703 566/973/703 560/967/703
f 564/971/704 563/970/704 567/974/704
f 564/971/705 567/974/705 568/976/705
f 564/971/706 568/976/706 569/978/706
f 564/971/707 569/978/707 565/972/707
f 569/978/708 570/981/708 571/982/708
f 569/978/707 571/982/707 565/972/707
f 569/979/709 568/977/709 572/983/709
f 569/979/710 572/983/710 573/985/710
f 569/979/711 573/985/711 574/987/711
f 569/979/712 574/987/712 570/980/712
f 574/987/713 575/990/713 576/991/713
f 574/987/714 576/991/714 570/980/714
f 574/988/715 573/986/715 577/993/715
f 574/988/716 577/993/716 578/994/716
f 574/988/717 578/994/717 579/995/717
f 574/988/718 579/995/718 575/989/718
f 579/995/719 580/996/719 581/998/719
f 579/995/720 581/998/720 575/989/720
f 579/995/721 578/994/721 582/1000/721
f 579/995/722 582/1000/722 583/1001/722
f 579/995/723 583/1001/723 584/1002/723
f 579/995/724 584/1002/724 580/996/724
f 584/1002/725 585/1003/725 586/1004/725
f 584/1002/726 586/1004/726 580/996/726
f 584/1002/727 583/1001/727 587/1005/727
f 584/1002/728 587/1005/728 588/1006/728
f 584/1002/729 588/1006/729 589/1007/729
f 584/1002/730 589/1007/730 585/1003/730
f 589/1007/731 590/1008/731 145/305/731
f 589/1007/732 145/305/732 585/1003/732
f 589/1007/733 588/1006/733 591/1009/733
f 589/1007/734 591/1009/734 592/1010/734
f 589/1007/735 592/1010/735 593/1011/735
f 589/1007/736 593/1011/736 590/1008/736
f 593/1011/737 594/1012/737 595/1013/737
f 593/1011/738 595/1013/738 590/1008/738
f 593/1011/739 592/1010/739 596/1014/739
f 593/1011/740 596/1014/740 597/1015/740
f 593/1011/741 597/1015/741 598/1016/741
f 593/1011/742 598/1016/742 594/1012/742
f 598/1016/743 599/1020/743 594/1012/743
f 598/1016/744 597/1015/744 141/297/744
f 598/1016/745 141/297/745 140/295/745
f 598/1017/746 140/296/746 138/291/746
f 598/1017/747 138/291/747 599/1018/747
f 599/1019/748 137/288/748 600/1023/748
f 599/1020/749 595/1013/749 594/1012/749
f 599/1021/750 600/1023/750 147/310/750
f 599/1022/751 147/311/751 146/307/751
f 599/1022/752 146/307/752 595/1013/752
f 600/1024/753 601/1025/753 131/273/753
f 600/1024/754 131/273/754 147/312/754
f 600/1024/755 137/289/755 136/284/755
f 600/1024/756 136/284/756 601/1025/756
f 136/284/757 602/1026/757 603/1027/757
f 136/284/758 603/1027/758 604/1028/758
f 136/284/759 604/1028/759 601/1025/759
f 604/1028/760 603/1027/760 605/1029/760
f 604/1028/761 605/1029/761 606/1030/761
f 604/1028/762 606/1030/762 607/1031/762
f 604/1028/763 607/1031/763 132/274/763
f 604/1028/764 132/274/764 131/273/764
f 604/1028/765 131/273/765 601/1025/765
f 607/1031/766 606/1030/766 608/1032/766
f 607/1031/767 608/1032/767 609/1033/767
f 607/1031/768 609/1033/768 610/1034/768
f 607/1031/769 610/1034/769 611/1035/769
f 607/1031/770 611/1035/770 133/276/770
f 607/1031/771 133/276/771 132/274/771
f 611/1035/772 610/1034/772 612/1037/772
f 611/1035/773 612/1037/773 613/1039/773
f 611/1035/774 613/1039/774 134/277/774
f 611/1035/775 134/277/775 133/276/775
f 613/1040/776 612/1036/776 581/997/776
f 613/1040/777 581/997/777 614/1041/777
f 613/1040/778 614/1041/778 149/317/778
f 613/1040/779 149/317/779 134/278/779
f 614/1042/780 581/998/780 580/996/780
f 614/1042/781 580/996/781 586/1004/781
f 614/1042/782 586/1004/782 144/304/782
f 614/1042/783 144/304/783 149/316/783
f 612/1037/784 610/1034/784 615/1043/784
f 612/1037/785 615/1043/785 576/992/785
f 612/1038/786 576/991/786 575/990/786
f 612/1038/787 575/990/787 581/999/787
f 615/1043/788 610/1034/788 609/1033/788
f 615/1043/789 609/1033/789 616/1044/789
f 615/1043/790 616/1044/790 617/1045/790
f 615/1043/791 617/1045/791 571/982/791
f 615/1043/792 571/982/792 570/981/792
f 615/1043/793 570/981/793 576/992/793
f 617/1045/794 616/1044/794 618/1046/794
f 617/1045/795 618/1046/795 619/1047/795
f 617/1045/796 619/1047/796 620/1048/796
f 617/1045/797 620/1048/797 566/973/797
f 617/1045/798 566/973/798 565/972/798
f 617/1045/799 565/972/799 571/982/799
f 620/1048/800 619/1047/800 621/1049/800
f 620/1048/801 621/1049/801 622/1050/801
f 620/1048/802 622/1050/802 623/1051/802
f 620/1048/803 623/1051/803 561/968/803
f 620/1048/804 561/968/804 560/967/804
f 620/1048/805 560/967/805 566/973/805
f 623/1051/806 622/1050/806 624/1052/806
f 623/1051/807 624/1052/807 625/1053/807
f 623/1051/808 625/1053/808 626/1054/808
f 623/1051/809 626/1054/809 556/963/809
f 623/1051/810 556/963/810 555/962/810
f 623/1051/811 555/962/811 561/968/811
f 626/1054/812 625/1053/812 627/1055/812
f 626/1054/813 627/1055/813 628/1056/813
f 626/1054/814 628/1056/814 629/1057/814
f 626/1054/815 629/1057/815 551/958/815
f 626/1054/816 551/958/816 550/957/816
f 626/1054/817 550/957/817 556/963/817
f 629/1057/818 628/1056/818 630/1059/818
f 629/1057/819 630/1059/819 631/1060/819
f 629/1057/820 631/1060/820 632/1063/820
f 629/1057/820 632/1063/820 546/953/820
f 629/1057/821 546/953/821 545/952/821
f 629/1057/822 545/952/822 551/958/822
f 632/1062/823 631/1061/823 633/1065/823
f 632/1062/824 633/1065/824 634/1066/824
f 632/1062/825 634/1066/825 635/1069/825
f 632/1062/826 635/1069/826 541/948/826
f 632/1063/827 541/947/827 540/946/827
f 632/1063/828 540/946/828 546/953/828
f 635/1068/829 634/1067/829 636/1070/829
f 635/1068/830 636/1070/830 637/1071/830
f 635/1068/831 637/1071/831 638/1072/831
f 635/1068/832 638/1072/832 536/942/832
f 635/1069/833 536/941/833 535/940/833
f 635/1069/834 535/940/834 541/948/834
f 638/1072/835 637/1071/835 639/1073/835
f 638/1072/836 639/1073/836 640/1074/836
f 638/1072/837 640/1074/837 641/1075/837
f 638/1072/838 641/1075/838 531/932/838
f 638/1072/839 531/932/839 530/931/839
f 638/1072/840 530/931/840 536/942/840
f 641/1075/841 640/1074/841 642/1076/841
f 641/1075/842 642/1076/842 643/1077/842
f 641/1075/843 643/1077/843 644/1078/843
f 641/1075/844 644/1078/844 526/923/844
f 641/1075/845 526/923/845 525/922/845
f 641/1075/846 525/922/846 531/932/846
f 644/1078/847 643/1077/847 645/1079/847
f 644/1078/848 645/1079/848 646/1080/848
f 644/1078/849 646/1080/849 647/1081/849
f 644/1078/850 647/1081/850 521/918/850
f 644/1078/851 521/918/851 520/917/851
f 644/1078/852 520/917/852 526/923/852
f 647/1081/853 646/1080/853 648/1082/853
f 647/1081/854 648/1082/854 649/1083/854
f 647/1081/855 649/1083/855 650/1084/855
f 647/1081/856 650/1084/856 516/913/856
f 647/1081/857 516/913/857 515/912/857
f 647/1081/858 515/912/858 521/918/858
f 650/1084/859 649/1083/859 651/1085/859
f 650/1084/859 651/1085/859 652/1086/859
f 650/1084/860 652/1086/860 653/1087/860
f 650/1084/861 653/1087/861 511/908/861
f 650/1084/862 511/908/862 510/907/862
f 650/1084/863 510/907/863 516/913/863
f 653/1087/864 652/1086/864 654/1089/864
f 653/1087/865 654/1089/865 655/1090/865
f 653/1087/866 655/1090/866 656/1093/866
f 653/1087/867 656/1093/867 506/903/867
f 653/1087/868 506/903/868 505/902/868
f 653/1087/869 505/902/869 511/908/869
f 656/1092/870 655/1091/870 657/1095/870
f 656/1092/871 657/1095/871 658/1096/871
f 656/1092/872 658/1096/872 659/1099/872
f 656/1092/873 659/1099/873 501/898/873
f 656/1093/874 501/897/874 500/896/874
f 656/1093/875 500/896/875 506/903/875
f 659/1098/876 658/1097/876 660/1100/876
f 659/1098/877 660/1100/877 661/1101/877
f 659/1098/878 661/1101/878 662/1102/878
f 659/1098/879 662/1102/879 496/892/879
f 659/1099/880 496/891/880 495/890/880
f 659/1099/881 495/890/881 501/898/881
f 662/1102/882 661/1101/882 663/1103/882
f 662/1102/883 663/1103/883 664/1104/883
f 662/1102/884 664/1104/884 665/1105/884
f 662/1102/885 665/1105/885 491/882/885
f 662/1102/886 491/882/886 490/881/886
f 662/1102/887 490/881/887 496/892/887
f 665/1105/888 664/1104/888 666/1106/888
f 665/1105/889 666/1106/889 667/1107/889
f 665/1105/890 667/1107/890 668/1108/890
f 665/1105/891 668/1108/891 486/873/891
f 665/1105/892 486/873/892 485/872/892
f 665/1105/893 485/872/893 491/882/893
f 668/1108/894 667/1107/894 669/1109/894
f 668/1108/895 669/1109/895 670/1110/895
f 668/1108/896 670/1110/896 671/1111/896
f 668/1108/897 671/1111/897 481/868/897
f 668/1108/898 481/868/898 480/867/898
f 668/1108/899 480/867/899 486/873/899
f 671/1111/900 670/1110/900 672/1112/900
f 671/1111/901 672/1112/901 673/1113/901
f 671/1111/902 673/1113/902 674/1114/902
f 671/1111/903 674/1114/903 476/863/903
f 671/1111/904 476/863/904 475/862/904
f 671/1111/905 475/862/905 481/868/905
f 674/1114/906 673/1113/906 675/1115/906
f 674/1114/907 675/1115/907 676/1116/907
f 674/1114/908 676/1116/908 677/1117/908
f 674/1114/909 677/1117/909 471/858/909
f 674/1114/910 471/858/910 470/857/910
f 674/1114/911 470/857/911 476/863/911
f 677/1117/912 676/1116/912 678/1119/912
f 677/1117/913 678/1119/913 679/1120/913
f 677/1117/914 679/1120/914 680/1123/914
f 677/1117/915 680/1123/915 466/853/915
f 677/1117/916 466/853/916 465/852/916
f 677/1117/917 465/852/917 471/858/917
f 680/1122/918 679/1121/918 681/1125/918
f 680/1122/919 681/1125/919 682/1126/919
f 680/1122/920 682/1126/920 683/1129/920
f 680/1122/921 683/1129/921 461/848/921
f 680/1123/922 461/847/922 460/846/922
f 680/1123/923 460/846/923 466/853/923
f 683/1128/924 682/1127/924 684/1130/924
f 683/1128/925 684/1130/925 685/1131/925
f 683/1128/926 685/1131/926 686/1132/926
f 683/1128/927 686/1132/927 456/842/927
f 683/1129/928 456/841/928 455/840/928
f 683/1129/929 455/840/929 461/848/929
f 686/1132/930 685/1131/930 687/1133/930
f 686/1132/931 687/1133/931 688/1134/931
f 686/1132/932 688/1134/932 689/1135/932
f 686/1132/933 689/1135/933 451/832/933
f 686/1132/934 451/832/934 450/831/934
f 686/1132/935 450/831/935 456/842/935
f 689/1135/936 688/1134/936 690/1136/936
f 689/1135/937 690/1136/937 691/1137/937
f 689/1135/938 691/1137/938 692/1138/938
f 689/1135/939 692/1138/939 446/823/939
f 689/1135/940 446/823/940 445/822/940
f 689/1135/941 445/822/941 451/832/941
f 692/1138/942 691/1137/942 693/1139/942
f 692/1138/943 693/1139/943 694/1140/943
f 692/1138/944 694/1140/944 695/1141/944
f 692/1138/945 695/1141/945 441/818/945
f 692/1138/946 441/818/946 440/817/946
f 692/1138/947 440/817/947 446/823/947
f 695/1141/948 694/1140/948 696/1142/948
f 695/1141/949 696/1142/949 697/1143/949
f 695/1141/950 697/1143/950 698/1144/950
f 695/1141/951 698/1144/951 436/813/951
f 695/1141/952 436/813/952 435/812/952
f 695/1141/953 435/812/953 441/818/953
f 698/1144/954 697/1143/954 699/1145/954
f 698/1144/955 699/1145/955 700/1146/955
f 698/1144/955 700/1146/955 701/1147/955
f 698/1144/956 701/1147/956 431/808/956
f 698/1144/957 431/808/957 430/807/957
f 698/1144/958 430/807/958 436/813/958
f 701/1147/959 700/1146/959 702/1149/959
f 701/1147/960 702/1149/960 703/1150/960
f 701/1147/961 703/1150/961 704/1153/961
f 701/1147/962 704/1153/962 427/804/962
f 701/1147/963 427/804/963 426/803/963
f 701/1147/964 426/803/964 431/808/964
f 704/1152/965 703/1151/965 705/1155/965
f 704/1152/966 705/1155/966 706/1156/966
f 704/1152/967 706/1156/967 707/1159/967
f 704/1152/968 707/1159/968 422/797/968
f 704/1153/969 422/796/969 421/795/969
f 704/1153/970 421/795/970 427/804/970
f 707/1158/971 706/1157/971 708/1160/971
f 707/1158/972 708/1160/972 709/1161/972
f 707/1158/973 709/1161/973 710/1163/973
f 707/1158/974 710/1163/974 711/1164/974
f 707/1159/975 711/1166/975 423/799/975
f 707/1159/976 423/799/976 422/797/976
f 710/1163/981 709/1161/981 712/1167/981
f 710/1163/982 712/1167/982 713/1168/982
f 739/1205/1045 740/1206/1045 741/1207/1045
f 739/1205/1046 741/1207/1046 737/1203/1046
f 739/1205/1049 715/1170/1049 742/1208/1049
f 739/1205/1050 742/1208/1050 740/1206/1050
f 742/1208/1051 743/1209/1051 744/1210/1051
f 742/1208/1052 744/1210/1052 740/1206/1052
f 742/1208/1053 715/1170/1053 713/1168/1053
f 742/1208/1054 713/1168/1054 712/1167/1054
f 742/1208/1055 712/1167/1055 745/1211/1055
f 742/1208/1056 745/1211/1056 743/1209/1056
f 745/1211/1057 746/1212/1057 747/1213/1057
f 745/1211/1058 747/1213/1058 743/1209/1058
f 745/1211/1059 712/1167/1059 709/1161/1059
f 745/1211/1060 709/1161/1060 708/1160/1060
f 745/1211/1061 708/1160/1061 748/1214/1061
f 745/1211/1062 748/1214/1062 746/1212/1062
f 748/1214/1063 749/1215/1063 750/1216/1063
f 748/1214/1064 750/1216/1064 746/1212/1064
f 748/1214/1065 708/1160/1065 706/1157/1065
f 748/1214/1066 706/1157/1066 705/1154/1066
f 748/1214/1067 705/1154/1067 751/1217/1067
f 748/1214/1068 751/1217/1068 749/1215/1068
f 751/1217/1069 752/1220/1069 753/1221/1069
f 751/1217/1070 753/1221/1070 749/1215/1070
f 751/1218/1071 705/1155/1071 703/1151/1071
f 751/1218/1072 703/1151/1072 702/1148/1072
f 751/1218/1073 702/1148/1073 754/1222/1073
f 751/1218/1074 754/1222/1074 752/1219/1074
f 754/1222/1075 755/1225/1075 756/1226/1075
f 754/1222/1076 756/1226/1076 752/1219/1076
f 754/1223/1077 702/1149/1077 700/1146/1077
f 754/1223/1078 700/1146/1078 699/1145/1078
f 754/1223/1078 699/1145/1078 757/1228/1078
f 754/1223/1079 757/1228/1079 755/1224/1079
f 757/1228/1080 758/1229/1080 759/1230/1080
f 757/1228/1081 759/1230/1081 755/1224/1081
f 757/1228/1082 699/1145/1082 697/1143/1082
f 757/1228/1083 697/1143/1083 696/1142/1083
f 757/1228/1084 696/1142/1084 760/1232/1084
f 757/1228/1085 760/1232/1085 758/1229/1085
f 760/1232/1086 761/1233/1086 762/1234/1086
f 760/1232/1087 762/1234/1087 758/1229/1087
f 760/1232/1088 696/1142/1088 694/1140/1088
f 760/1232/1089 694/1140/1089 693/1139/1089
f 760/1232/1090 693/1139/1090 763/1235/1090
f 760/1232/1091 763/1235/1091 761/1233/1091
f 763/1235/1092 764/1236/1092 765/1237/1092
f 763/1235/1093 765/1237/1093 761/1233/1093
f 763/1235/1094 693/1139/1094 691/1137/1094
f 763/1235/1095 691/1137/1095 690/1136/1095
f 763/1235/1096 690/1136/1096 766/1238/1096
f 763/1235/1097 766/1238/1097 764/1236/1097
f 766/1238/1098 767/1239/1098 768/1240/1098
f 766/1238/1099 768/1240/1099 764/1236/1099
f 766/1238/1100 690/1136/1100 688/1134/1100
f 766/1238/1101 688/1134/1101 687/1133/1101
f 766/1238/1102 687/1133/1102 769/1241/1102
f 766/1238/1103 769/1241/1103 767/1239/1103
f 769/1241/1104 770/1242/1104 771/1243/1104
f 769/1241/1105 771/1243/1105 767/1239/1105
f 769/1241/1106 687/1133/1106 685/1131/1106
f 769/1241/1107 685/1131/1107 684/1130/1107
f 769/1241/1107 684/1130/1107 772/1244/1107
f 769/1241/1108 772/1244/1108 770/1242/1108
f 772/1244/1109 773/1245/1109 774/1246/1109
f 772/1244/1110 774/1246/1110 770/1242/1110
f 772/1244/1111 684/1130/1111 682/1127/1111
f 772/1244/1112 682/1127/1112 681/1124/1112
f 772/1244/1113 681/1124/1113 775/1247/1113
f 772/1244/1114 775/1247/1114 773/1245/1114
f 775/1247/1115 776/1250/1115 777/1251/1115
f 775/1247/1116 777/1251/1116 773/1245/1116
f 775/1248/1117 681/1125/1117 679/1121/1117
f 775/1248/1118 679/1121/1118 678/1118/1118
f 775/1248/1119 678/1118/1119 778/1252/1119
f 775/1248/1120 778/1252/1120 776/1249/1120
f 778/1252/1121 779/1255/1121 780/1256/1121
f 778/1252/1122 780/1256/1122 776/1249/1122
f 778/1253/1123 678/1119/1123 676/1116/1123
f 778/1253/1124 676/1116/1124 675/1115/1124
f 778/1253/1125 675/1115/1125 781/1258/1125
f 778/1253/1126 781/1258/1126 779/1254/1126
f 781/1258/1127 782/1259/1127 783/1260/1127
f 781/1258/1128 783/1260/1128 779/1254/1128
f 781/1258/1129 675/1115/1129 673/1113/1129
f 781/1258/1130 673/1113/1130 672/1112/1130
f 781/1258/1131 672/1112/1131 784/1262/1131
f 781/1258/1132 784/1262/1132 782/1259/1132
f 784/1262/1133 785/1263/1133 786/1264/1133
f 784/1262/1134 786/1264/1134 782/1259/1134
f 784/1262/1135 672/1112/1135 670/1110/1135
f 784/1262/1136 670/1110/1136 669/1109/1136
f 784/1262/1137 669/1109/1137 787/1265/1137
f 784/1262/1138 787/1265/1138 785/1263/1138
f 787/1265/1139 788/1266/1139 789/1267/1139
f 787/1265/1138 789/1267/1138 785/1263/1138
f 787/1265/1140 669/1109/1140 667/1107/1140
f 787/1265/1141 667/1107/1141 666/1106/1141
f 787/1265/1141 666/1106/1141 790/1268/1141
f 787/1265/1142 790/1268/1142 788/1266/1142
f 790/1268/1143 791/1269/1143 792/1270/1143
f 790/1268/1144 792/1270/1144 788/1266/1144
f 790/1268/888 666/1106/888 664/1104/888
f 790/1268/1145 664/1104/1145 663/1103/1145
f 790/1268/1146 663/1103/1146 793/1271/1146
f 790/1268/1147 793/1271/1147 791/1269/1147
f 793/1271/1148 794/1272/1148 795/1273/1148
f 793/1271/1149 795/1273/1149 791/1269/1149
f 793/1271/1150 663/1103/1150 661/1101/1150
f 793/1271/1151 661/1101/1151 660/1100/1151
f 793/1271/1152 660/1100/1152 796/1274/1152
f 793/1271/1153 796/1274/1153 794/1272/1153
f 796/1274/1154 797/1275/1154 798/1276/1154
f 796/1274/1155 798/1276/1155 794/1272/1155
f 796/1274/1156 660/1100/1156 658/1097/1156
f 796/1274/1157 658/1097/1157 657/1094/1157
f 796/1274/1158 657/1094/1158 799/1277/1158
f 796/1274/1159 799/1277/1159 797/1275/1159
f 799/1277/1160 800/1280/1160 801/1281/1160
f 799/1277/1161 801/1281/1161 797/1275/1161
f 799/1278/1162 657/1095/1162 655/1091/1162
f 799/1278/1163 655/1091/1163 654/1088/1163
f 799/1278/1164 654/1088/1164 802/1282/1164
f 799/1278/1164 802/1282/1164 800/1279/1164
f 802/1282/1165 803/1285/1165 804/1286/1165
f 802/1282/1166 804/1286/1166 800/1279/1166
f 802/1283/1167 654/1089/1167 652/1086/1167
f 802/1283/1168 652/1086/1168 651/1085/1168
f 802/1283/1169 651/1085/1169 805/1288/1169
f 802/1283/1170 805/1288/1170 803/1284/1170
f 805/1288/1171 806/1289/1171 807/1290/1171
f 805/1288/1172 807/1290/1172 803/1284/1172
f 805/1288/1173 651/1085/1173 649/1083/1173
f 805/1288/1174 649/1083/1174 648/1082/1174
f 805/1288/1175 648/1082/1175 808/1292/1175
f 805/1288/1176 808/1292/1176 806/1289/1176
f 808/1292/1177 809/1293/1177 810/1294/1177
f 808/1292/1178 810/1294/1178 806/1289/1178
f 808/1292/1179 648/1082/1179 646/1080/1179
f 808/1292/1180 646/1080/1180 645/1079/1180
f 808/1292/1181 645/1079/1181 811/1295/1181
f 808/1292/1182 811/1295/1182 809/1293/1182
f 811/1295/1183 812/1296/1183 813/1297/1183
f 811/1295/1184 813/1297/1184 809/1293/1184
f 811/1295/1185 645/1079/1185 643/1077/1185
f 811/1295/1186 643/1077/1186 642/1076/1186
f 811/1295/1187 642/1076/1187 814/1298/1187
f 811/1295/1188 814/1298/1188 812/1296/1188
f 814/1298/1189 815/1299/1189 816/1300/1189
f 814/1298/1188 816/1300/1188 812/1296/1188
f 814/1298/1190 642/1076/1190 640/1074/1190
f 814/1298/1191 640/1074/1191 639/1073/1191
f 814/1298/1192 639/1073/1192 817/1301/1192
f 814/1298/1193 817/1301/1193 815/1299/1193
f 817/1301/1194 818/1302/1194 819/1303/1194
f 817/1301/1195 819/1303/1195 815/1299/1195
f 817/1301/1196 639/1073/1196 637/1071/1196
f 817/1301/1197 637/1071/1197 636/1070/1197
f 817/1301/1198 636/1070/1198 820/1304/1198
f 817/1301/1199 820/1304/1199 818/1302/1199
f 820/1304/1200 821/1305/1200 822/1306/1200
f 820/1304/1201 822/1306/1201 818/1302/1201
f 820/1304/1202 636/1070/1202 634/1067/1202
f 820/1304/1203 634/1067/1203 633/1064/1203
f 820/1304/1204 633/1064/1204 823/1307/1204
f 820/1304/1205 823/1307/1205 821/1305/1205
f 823/1307/1206 824/1310/1206 825/1311/1206
f 823/1307/1207 825/1311/1207 821/1305/1207
f 823/1308/1208 633/1065/1208 631/1061/1208
f 823/1308/1209 631/1061/1209 630/1058/1209
f 823/1308/1210 630/1058/1210 826/1312/1210
f 823/1308/1211 826/1312/1211 824/1309/1211
f 826/1312/1212 827/1315/1212 828/1316/1212
f 826/1312/1213 828/1316/1213 824/1309/1213
f 826/1313/1214 630/1059/1214 628/1056/1214
f 826/1313/1215 628/1056/1215 627/1055/1215
f 826/1313/1216 627/1055/1216 829/1318/1216
f 826/1313/1217 829/1318/1217 827/1314/1217
f 829/1318/1218 830/1319/1218 831/1320/1218
f 829/1318/1219 831/1320/1219 827/1314/1219
f 829/1318/1220 627/1055/1220 625/1053/1220
f 829/1318/1221 625/1053/1221 624/1052/1221
f 829/1318/1222 624/1052/1222 832/1322/1222
f 829/1318/1223 832/1322/1223 830/1319/1223
f 832/1322/1224 833/1323/1224 834/1324/1224
f 832/1322/1225 834/1324/1225 830/1319/1225
f 832/1322/1226 624/1052/1226 622/1050/1226
f 832/1322/1227 622/1050/1227 621/1049/1227
f 832/1322/1228 621/1049/1228 835/1325/1228
f 832/1322/1229 835/1325/1229 833/1323/1229
f 835/1325/1230 836/1326/1230 837/1327/1230
f 835/1325/1231 837/1327/1231 833/1323/1231
f 835/1325/1232 621/1049/1232 619/1047/1232
f 835/1325/1233 619/1047/1233 618/1046/1233
f 835/1325/1234 618/1046/1234 608/1032/1234
f 835/1325/1235 608/1032/1235 836/1326/1235
f 837/1327/1236 838/1328/1236 839/1329/1236
f 837/1327/1237 839/1329/1237 840/1330/1237
f 837/1327/1238 840/1330/1238 834/1324/1238
f 837/1327/1239 834/1324/1239 833/1323/1239
f 837/1327/1240 836/1326/1240 605/1029/1240
f 837/1327/1241 605/1029/1241 838/1328/1241
f 840/1330/1242 839/1329/1242 841/1332/1242
f 840/1330/1243 841/1332/1243 842/1333/1243
f 840/1330/1244 842/1333/1244 843/1336/1244
f 840/1330/1245 843/1336/1245 834/1324/1245
f 843/1335/1246 842/1334/1246 844/1337/1246
f 843/1335/1247 844/1337/1247 845/1339/1247
f 843/1335/1248 845/1339/1248 846/1342/1248
f 843/1335/1249 846/1342/1249 831/1321/1249
f 843/1336/1250 831/1320/1250 830/1319/1250
f 843/1336/1251 830/1319/1251 834/1324/1251
f 846/1341/1252 845/1340/1252 847/1343/1252
f 846/1341/1253 847/1343/1253 848/1344/1253
f 846/1341/1254 848/1344/1254 849/1345/1254
f 846/1341/1255 849/1345/1255 828/1317/1255
f 846/1342/1256 828/1316/1256 827/1315/1256
f 846/1342/1257 827/1315/1257 831/1321/1257
f 849/1345/1258 848/1344/1258 850/1346/1258
f 849/1345/1259 850/1346/1259 851/1347/1259
f 849/1345/1260 851/1347/1260 852/1348/1260
f 849/1345/1261 852/1348/1261 825/1311/1261
f 849/1345/1262 825/1311/1262 824/1310/1262
f 849/1345/1263 824/1310/1263 828/1317/1263
f 852/1348/1264 851/1347/1264 853/1349/1264
f 852/1348/1265 853/1349/1265 854/1350/1265
f 852/1348/1266 854/1350/1266 855/1351/1266
f 852/1348/1267 855/1351/1267 822/1306/1267
f 852/1348/1268 822/1306/1268 821/1305/1268
f 852/1348/1269 821/1305/1269 825/1311/1269
f 855/1351/1270 854/1350/1270 856/1352/1270
f 855/1351/1271 856/1352/1271 857/1353/1271
f 855/1351/1272 857/1353/1272 858/1354/1272
f 855/1351/1273 858/1354/1273 819/1303/1273
f 855/1351/1274 819/1303/1274 818/1302/1274
f 855/1351/1275 818/1302/1275 822/1306/1275
f 858/1354/1276 857/1353/1276 859/1355/1276
f 858/1354/1277 859/1355/1277 860/1356/1277
f 858/1354/1278 860/1356/1278 861/1357/1278
f 858/1354/1279 861/1357/1279 816/1300/1279
f 858/1354/1280 816/1300/1280 815/1299/1280
f 858/1354/1281 815/1299/1281 819/1303/1281
f 861/1357/1282 860/1356/1282 862/1358/1282
f 861/1357/1283 862/1358/1283 863/1359/1283
f 861/1357/1284 863/1359/1284 864/1360/1284
f 861/1357/1285 864/1360/1285 813/1297/1285
f 861/1357/1286 813/1297/1286 812/1296/1286
f 861/1357/1287 812/1296/1287 816/1300/1287
f 864/1360/1288 863/1359/1288 865/1361/1288
f 864/1360/1289 865/1361/1289 866/1363/1289
f 864/1360/1290 866/1363/1290 867/1366/1290
f 864/1360/1291 867/1366/1291 810/1294/1291
f 864/1360/1292 810/1294/1292 809/1293/1292
f 864/1360/1293 809/1293/1293 813/1297/1293
f 867/1365/1294 866/1364/1294 868/1367/1294
f 867/1365/1295 868/1367/1295 869/1369/1295
f 867/1365/1296 869/1369/1296 870/1372/1296
f 867/1365/1297 870/1372/1297 807/1291/1297
f 867/1366/1298 807/1290/1298 806/1289/1298
f 867/1366/867 806/1289/867 810/1294/867
f 870/1371/1299 869/1370/1299 871/1373/1299
f 870/1371/1300 871/1373/1300 872/1374/1300
f 870/1371/1301 872/1374/1301 873/1375/1301
f 870/1371/1302 873/1375/1302 804/1287/1302
f 870/1372/1303 804/1286/1303 803/1285/1303
f 870/1372/1304 803/1285/1304 807/1291/1304
f 873/1375/1305 872/1374/1305 874/1376/1305
f 873/1375/1306 874/1376/1306 875/1377/1306
f 873/1375/1307 875/1377/1307 876/1378/1307
f 873/1375/1308 876/1378/1308 801/1281/1308
f 873/1375/1309 801/1281/1309 800/1280/1309
f 873/1375/1310 800/1280/1310 804/1287/1310
f 876/1378/1311 875/1377/1311 877/1379/1311
f 876/1378/1312 877/1379/1312 878/1380/1312
f 876/1378/1313 878/1380/1313 879/1381/1313
f 876/1378/1314 879/1381/1314 798/1276/1314
f 876/1378/1315 798/1276/1315 797/1275/1315
f 876/1378/1316 797/1275/1316 801/1281/1316
f 879/1381/1317 878/1380/1317 880/1382/1317
f 879/1381/1318 880/1382/1318 881/1383/1318
f 879/1381/1319 881/1383/1319 882/1384/1319
f 879/1381/1320 882/1384/1320 795/1273/1320
f 879/1381/1321 795/1273/1321 794/1272/1321
f 879/1381/1322 794/1272/1322 798/1276/1322
f 882/1384/1323 881/1383/1323 883/1385/1323
f 882/1384/1324 883/1385/1324 884/1386/1324
f 882/1384/1324 884/1386/1324 885/1387/1324
f 882/1384/1325 885/1387/1325 792/1270/1325
f 882/1384/1326 792/1270/1326 791/1269/1326
f 882/1384/1327 791/1269/1327 795/1273/1327
f 885/1387/1328 884/1386/1328 886/1388/1328
f 885/1387/1329 886/1388/1329 887/1389/1329
f 885/1387/1329 887/1389/1329 888/1390/1329
f 885/1387/1330 888/1390/1330 789/1267/1330
f 885/1387/1331 789/1267/1331 788/1266/1331
f 885/1387/1332 788/1266/1332 792/1270/1332
f 888/1390/1333 887/1389/1333 889/1391/1333
f 888/1390/1334 889/1391/1334 890/1393/1334
f 888/1390/1335 890/1393/1335 891/1396/1335
f 888/1390/1336 891/1396/1336 786/1264/1336
f 888/1390/1337 786/1264/1337 785/1263/1337
f 888/1390/1338 785/1263/1338 789/1267/1338
f 891/1395/1339 890/1394/1339 892/1397/1339
f 891/1395/1340 892/1397/1340 893/1399/1340
f 891/1395/1341 893/1399/1341 894/1402/1341
f 891/1395/1342 894/1402/1342 783/1261/1342
f 891/1396/1343 783/1260/1343 782/1259/1343
f 891/1396/1344 782/1259/1344 786/1264/1344
f 894/1401/1345 893/1400/1345 895/1403/1345
f 894/1401/1346 895/1403/1346 896/1404/1346
f 894/1401/1347 896/1404/1347 897/1405/1347
f 894/1401/1348 897/1405/1348 780/1257/1348
f 894/1402/1349 780/1256/1349 779/1255/1349
f 894/1402/1350 779/1255/1350 783/1261/1350
f 897/1405/1351 896/1404/1351 898/1406/1351
f 897/1405/1352 898/1406/1352 899/1407/1352
f 897/1405/1353 899/1407/1353 900/1408/1353
f 897/1405/1354 900/1408/1354 777/1251/1354
f 897/1405/1355 777/1251/1355 776/1250/1355
f 897/1405/1356 776/1250/1356 780/1257/1356
f 900/1408/1357 899/1407/1357 901/1409/1357
f 900/1408/1357 901/1409/1357 902/1410/1357
f 900/1408/1358 902/1410/1358 903/1411/1358
f 900/1408/1359 903/1411/1359 774/1246/1359
f 900/1408/1360 774/1246/1360 773/1245/1360
f 900/1408/1354 773/1245/1354 777/1251/1354
f 903/1411/1361 902/1410/1361 904/1412/1361
f 903/1411/1362 904/1412/1362 905/1413/1362
f 903/1411/1363 905/1413/1363 906/1414/1363
f 903/1411/1364 906/1414/1364 771/1243/1364
f 903/1411/1365 771/1243/1365 770/1242/1365
f 903/1411/1366 770/1242/1366 774/1246/1366
f 906/1414/1367 905/1413/1367 907/1415/1367
f 906/1414/1368 907/1415/1368 908/1416/1368
f 906/1414/1369 908/1416/1369 909/1417/1369
f 906/1414/1370 909/1417/1370 768/1240/1370
f 906/1414/1371 768/1240/1371 767/1239/1371
f 906/1414/1372 767/1239/1372 771/1243/1372
f 909/1417/1373 908/1416/1373 910/1418/1373
f 909/1417/1374 910/1418/1374 911/1419/1374
f 909/1417/1375 911/1419/1375 912/1420/1375
f 909/1417/1376 912/1420/1376 765/1237/1376
f 909/1417/1377 765/1237/1377 764/1236/1377
f 909/1417/1378 764/1236/1378 768/1240/1378
f 912/1420/1379 911/1419/1379 913/1421/1379
f 912/1420/1380 913/1421/1380 914/1423/1380
f 912/1420/1381 914/1423/1381 915/1426/1381
f 912/1420/1382 915/1426/1382 762/1234/1382
f 912/1420/1383 762/1234/1383 761/1233/1383
f 912/1420/1384 761/1233/1384 765/1237/1384
f 915/1425/1385 914/1424/1385 916/1427/1385
f 915/1425/1386 916/1427/1386 917/1429/1386
f 915/1425/1387 917/1429/1387 918/1432/1387
f 915/1425/1388 918/1432/1388 759/1231/1388
f 915/1426/1389 759/1230/1389 758/1229/1389
f 915/1426/1390 758/1229/1390 762/1234/1390
f 918/1431/1391 917/1430/1391 919/1433/1391
f 918/1431/1392 919/1433/1392 920/1434/1392
f 918/1431/1393 920/1434/1393 921/1435/1393
f 918/1431/1394 921/1435/1394 756/1227/1394
f 918/1432/1395 756/1226/1395 755/1225/1395
f 918/1432/1396 755/1225/1396 759/1231/1396
f 921/1435/1397 920/1434/1397 922/1436/1397
f 921/1435/1398 922/1436/1398 923/1437/1398
f 921/1435/1399 923/1437/1399 924/1438/1399
f 921/1435/1400 924/1438/1400 753/1221/1400
f 921/1435/1401 753/1221/1401 752/1220/1401
f 921/1435/1402 752/1220/1402 756/1227/1402
f 924/1438/1403 923/1437/1403 925/1439/1403
f 924/1438/1404 925/1439/1404 926/1440/1404
f 924/1438/1405 926/1440/1405 927/1441/1405
f 924/1438/1406 927/1441/1406 750/1216/1406
f 924/1438/1407 750/1216/1407 749/1215/1407
f 924/1438/1408 749/1215/1408 753/1221/1408
f 927/1441/1409 926/1440/1409 928/1442/1409
f 927/1441/1410 928/1442/1410 929/1443/1410
f 927/1441/1411 929/1443/1411 930/1444/1411
f 927/1441/1412 930/1444/1412 747/1213/1412
f 927/1441/1413 747/1213/1413 746/1212/1413
f 927/1441/1414 746/1212/1414 750/1216/1414
f 930/1444/1415 929/1443/1415 931/1445/1415
f 930/1444/1416 931/1445/1416 932/1446/1416
f 930/1444/1417 932/1446/1417 933/1447/1417
f 930/1444/1418 933/1447/1418 744/1210/1418
f 930/1444/1419 744/1210/1419 743/1209/1419
f 930/1444/1420 743/1209/1420 747/1213/1420
f 933/1447/1421 932/1446/1421 934/1448/1421
f 933/1447/1422 934/1448/1422 935/1449/1422
f 933/1447/1423 935/1449/1423 936/1450/1423
f 933/1447/1424 936/1450/1424 741/1207/1424
f 933/1447/1425 741/1207/1425 740/1206/1425
f 933/1447/1426 740/1206/1426 744/1210/1426
f 936/1450/1427 935/1449/1427 937/1451/1427
f 936/1450/1428 937/1451/1428 938/1453/1428
f 936/1450/1429 938/1453/1429 939/1456/1429
f 936/1450/1430 939/1456/1430 738/1204/1430
f 936/1450/1431 738/1204/1431 737/1203/1431
f 936/1450/1432 737/1203/1432 741/1207/1432
f 939/1455/1433 938/1454/1433 940/1458/1433
f 939/1455/1434 940/1458/1434 941/1459/1434
f 941/1460/1439 940/1457/1439 942/1461/1439
f 941/1460/1440 942/1461/1440 943/1462/1440
f 943/1462/1443 942/1461/1443 944/1463/1443
f 943/1462/1444 944/1463/1444 945/1464/1444
f 947/1466/1453 432/809/1453 428/805/1453
f 947/1466/1454 428/805/1454 418/792/1454
f 947/1466/1457 945/1464/1457 944/1463/1457
f 947/1466/1458 944/1463/1458 432/809/1458
f 944/1463/1459 437/814/1459 433/810/1459
f 944/1463/1460 433/810/1460 432/809/1460
f 944/1463/1461 942/1461/1461 948/1467/1461
f 944/1463/1462 948/1467/1462 437/814/1462
f 948/1467/1463 442/819/1463 438/815/1463
f 948/1467/1464 438/815/1464 437/814/1464
f 948/1467/1465 942/1461/1465 940/1457/1465
f 948/1467/1466 940/1457/1466 949/1468/1466
f 948/1467/1467 949/1468/1467 950/1470/1467
f 948/1467/1468 950/1470/1468 442/819/1468
f 950/1470/563 447/824/563 443/820/563
f 950/1470/1469 443/820/1469 442/819/1469
f 950/1471/1470 949/1469/1470 937/1452/1470
f 950/1471/1471 937/1452/1471 951/1472/1471
f 950/1471/1472 951/1472/1472 952/1474/1472
f 950/1471/1473 952/1474/1473 447/825/1473
f 952/1474/1474 452/833/1474 448/827/1474
f 952/1474/1475 448/827/1475 447/825/1475
f 952/1475/1476 951/1473/1476 934/1448/1476
f 952/1475/1477 934/1448/1477 953/1476/1477
f 952/1475/1478 953/1476/1478 954/1477/1478
f 952/1475/1479 954/1477/1479 452/834/1479
f 954/1477/1480 457/843/1480 453/836/1480
f 954/1477/1481 453/836/1481 452/834/1481
f 954/1477/1482 953/1476/1482 931/1445/1482
f 954/1477/1483 931/1445/1483 955/1478/1483
f 954/1477/1484 955/1478/1484 956/1479/1484
f 954/1477/1485 956/1479/1485 457/843/1485
f 956/1479/581 462/849/581 458/844/581
f 956/1479/1486 458/844/1486 457/843/1486
f 956/1479/1487 955/1478/1487 928/1442/1487
f 956/1479/1488 928/1442/1488 957/1480/1488
f 956/1479/1489 957/1480/1489 958/1481/1489
f 956/1479/1490 958/1481/1490 462/849/1490
f 958/1481/1491 467/854/1491 463/850/1491
f 958/1481/1492 463/850/1492 462/849/1492
f 958/1481/1493 957/1480/1493 925/1439/1493
f 958/1481/1494 925/1439/1494 959/1482/1494
f 958/1481/1495 959/1482/1495 960/1483/1495
f 958/1481/1496 960/1483/1496 467/854/1496
f 960/1483/1497 472/859/1497 468/855/1497
f 960/1483/1498 468/855/1498 467/854/1498
f 960/1483/1499 959/1482/1499 922/1436/1499
f 960/1483/1500 922/1436/1500 961/1484/1500
f 960/1483/1501 961/1484/1501 962/1485/1501
f 960/1483/1502 962/1485/1502 472/859/1502
f 962/1485/1503 477/864/1503 473/860/1503
f 962/1485/1504 473/860/1504 472/859/1504
f 962/1485/1505 961/1484/1505 919/1433/1505
f 962/1485/1506 919/1433/1506 963/1486/1506
f 962/1485/1507 963/1486/1507 964/1487/1507
f 962/1485/1508 964/1487/1508 477/864/1508
f 964/1487/1509 482/869/1509 478/865/1509
f 964/1487/1510 478/865/1510 477/864/1510
f 964/1487/1511 963/1486/1511 916/1428/1511
f 964/1487/1512 916/1428/1512 965/1488/1512
f 964/1487/1513 965/1488/1513 966/1490/1513
f 964/1487/1514 966/1490/1514 482/869/1514
f 966/1490/1515 487/874/1515 483/870/1515
f 966/1490/1516 483/870/1516 482/869/1516
f 966/1491/1517 965/1489/1517 913/1422/1517
f 966/1491/1518 913/1422/1518 967/1492/1518
f 966/1491/1519 967/1492/1519 968/1494/1519
f 966/1491/1520 968/1494/1520 487/875/1520
f 968/1494/1521 492/883/1521 488/877/1521
f 968/1494/1522 488/877/1522 487/875/1522
f 968/1495/1523 967/1493/1523 910/1418/1523
f 968/1495/1524 910/1418/1524 969/1496/1524
f 968/1495/1525 969/1496/1525 970/1497/1525
f 968/1495/1526 970/1497/1526 492/884/1526
f 970/1497/1527 497/893/1527 493/886/1527
f 970/1497/1526 493/886/1526 492/884/1526
f 970/1497/1528 969/1496/1528 907/1415/1528
f 970/1497/1529 907/1415/1529 971/1498/1529
f 970/1497/1530 971/1498/1530 972/1499/1530
f 970/1497/1531 972/1499/1531 497/893/1531
f 972/1499/1532 502/899/1532 498/894/1532
f 972/1499/1533 498/894/1533 497/893/1533
f 972/1499/1534 971/1498/1534 904/1412/1534
f 972/1499/1535 904/1412/1535 973/1500/1535
f 972/1499/1536 973/1500/1536 974/1501/1536
f 972/1499/1537 974/1501/1537 502/899/1537
f 974/1501/1538 507/904/1538 503/900/1538
f 974/1501/1539 503/900/1539 502/899/1539
f 974/1501/1540 973/1500/1540 901/1409/1540
f 974/1501/1541 901/1409/1541 975/1502/1541
f 974/1501/1542 975/1502/1542 976/1503/1542
f 974/1501/1543 976/1503/1543 507/904/1543
f 976/1503/1544 512/909/1544 508/905/1544
f 976/1503/1545 508/905/1545 507/904/1545
f 976/1503/1546 975/1502/1546 898/1406/1546
f 976/1503/1547 898/1406/1547 977/1504/1547
f 976/1503/1548 977/1504/1548 978/1505/1548
f 976/1503/1549 978/1505/1549 512/909/1549
f 978/1505/1550 517/914/1550 513/910/1550
f 978/1505/1551 513/910/1551 512/909/1551
f 978/1505/1552 977/1504/1552 895/1403/1552
f 978/1505/1553 895/1403/1553 979/1506/1553
f 978/1505/1554 979/1506/1554 980/1507/1554
f 978/1505/1555 980/1507/1555 517/914/1555
f 980/1507/1556 522/919/1556 518/915/1556
f 980/1507/1557 518/915/1557 517/914/1557
f 980/1507/1558 979/1506/1558 892/1398/1558
f 980/1507/1559 892/1398/1559 981/1508/1559
f 980/1507/1560 981/1508/1560 982/1510/1560
f 980/1507/1561 982/1510/1561 522/919/1561
f 982/1510/1562 527/924/1562 523/920/1562
f 982/1510/1563 523/920/1563 522/919/1563
f 982/1511/1564 981/1509/1564 889/1392/1564
f 982/1511/1565 889/1392/1565 983/1512/1565
f 982/1511/1566 983/1512/1566 984/1514/1566
f 982/1511/1567 984/1514/1567 527/925/1567
f 984/1514/1568 532/933/1568 528/927/1568
f 984/1514/1569 528/927/1569 527/925/1569
f 984/1515/1570 983/1513/1570 886/1388/1570
f 984/1515/1571 886/1388/1571 985/1516/1571
f 984/1515/1572 985/1516/1572 986/1517/1572
f 984/1515/1573 986/1517/1573 532/934/1573
f 986/1517/1574 537/943/1574 533/936/1574
f 986/1517/1575 533/936/1575 532/934/1575
f 986/1517/1576 985/1516/1576 883/1385/1576
f 986/1517/1577 883/1385/1577 987/1518/1577
f 986/1517/1578 987/1518/1578 988/1519/1578
f 986/1517/1579 988/1519/1579 537/943/1579
f 988/1519/1580 542/949/1580 538/944/1580
f 988/1519/1581 538/944/1581 537/943/1581
f 988/1519/1582 987/1518/1582 880/1382/1582
f 988/1519/1583 880/1382/1583 989/1520/1583
f 988/1519/1584 989/1520/1584 990/1521/1584
f 988/1519/1585 990/1521/1585 542/949/1585
f 990/1521/1586 547/954/1586 543/950/1586
f 990/1521/1587 543/950/1587 542/949/1587
f 990/1521/1588 989/1520/1588 877/1379/1588
f 990/1521/1589 877/1379/1589 991/1522/1589
f 990/1521/1590 991/1522/1590 992/1523/1590
f 990/1521/1591 992/1523/1591 547/954/1591
f 992/1523/1592 552/959/1592 548/955/1592
f 992/1523/1593 548/955/1593 547/954/1593
f 992/1523/1594 991/1522/1594 874/1376/1594
f 992/1523/1595 874/1376/1595 993/1524/1595
f 992/1523/1596 993/1524/1596 994/1525/1596
f 992/1523/1597 994/1525/1597 552/959/1597
f 994/1525/1598 557/964/1598 553/960/1598
f 994/1525/1599 553/960/1599 552/959/1599
f 994/1525/1600 993/1524/1600 871/1373/1600
f 994/1525/1601 871/1373/1601 995/1526/1601
f 994/1525/1602 995/1526/1602 996/1527/1602
f 994/1525/1603 996/1527/1603 557/964/1603
f 996/1527/1604 562/969/1604 558/965/1604
f 996/1527/1605 558/965/1605 557/964/1605
f 996/1527/1606 995/1526/1606 868/1368/1606
f 996/1527/1607 868/1368/1607 997/1528/1607
f 996/1527/1608 997/1528/1608 998/1530/1608
f 996/1527/1609 998/1530/1609 562/969/1609
f 998/1530/1610 567/974/1610 563/970/1610
f 998/1530/1611 563/970/1611 562/969/1611
f 998/1531/1612 997/1529/1612 865/1362/1612
f 998/1531/1613 865/1362/1613 999/1532/1613
f 998/1531/1614 999/1532/1614 1000/1534/1614
f 998/1531/1615 1000/1534/1615 567/975/1615
f 1000/1534/1616 572/983/1616 568/977/1616
f 1000/1534/1617 568/977/1617 567/975/1617
f 1000/1535/1618 999/1533/1618 862/1358/1618
f 1000/1535/1619 862/1358/1619 1001/1536/1619
f 1000/1535/1620 1001/1536/1620 1002/1537/1620
f 1000/1535/1621 1002/1537/1621 572/984/1621
f 1002/1537/1622 577/993/1622 573/986/1622
f 1002/1537/1623 573/986/1623 572/984/1623
f 1002/1537/1624 1001/1536/1624 859/1355/1624
f 1002/1537/1625 859/1355/1625 1003/1538/1625
f 1002/1537/1626 1003/1538/1626 1004/1539/1626
f 1002/1537/1627 1004/1539/1627 577/993/1627
f 1004/1539/1628 582/1000/1628 578/994/1628
f 1004/1539/1629 578/994/1629 577/993/1629
f 1004/1539/1630 1003/1538/1630 856/1352/1630
f 1004/1539/1631 856/1352/1631 1005/1540/1631
f 1004/1539/1632 1005/1540/1632 1006/1541/1632
f 1004/1539/1633 1006/1541/1633 582/1000/1633
f 1006/1541/1634 587/1005/1634 583/1001/1634
f 1006/1541/1635 583/1001/1635 582/1000/1635
f 1006/1541/1636 1005/1540/1636 853/1349/1636
f 1006/1541/1637 853/1349/1637 1007/1542/1637
f 1006/1541/1638 1007/1542/1638 1008/1543/1638
f 1006/1541/1639 1008/1543/1639 587/1005/1639
f 1008/1543/1640 591/1009/1640 588/1006/1640
f 1008/1543/1641 588/1006/1641 587/1005/1641
f 1008/1543/1642 1007/1542/1642 850/1346/1642
f 1008/1543/1643 850/1346/1643 1009/1544/1643
f 1008/1543/1644 1009/1544/1644 1010/1545/1644
f 1008/1543/1645 1010/1545/1645 591/1009/1645
f 1010/1545/1646 596/1014/1646 592/1010/1646
f 1010/1545/1647 592/1010/1647 591/1009/1647
f 1010/1545/1648 1009/1544/1648 847/1343/1648
f 1010/1545/1649 847/1343/1649 1011/1546/1649
f 1010/1545/1650 1011/1546/1650 1012/1547/1650
f 1010/1545/1651 1012/1547/1651 596/1014/1651
f 1012/1547/1652 141/297/1652 597/1015/1652
f 1012/1547/1653 597/1015/1653 596/1014/1653
f 1012/1547/1654 1011/1546/1654 844/1338/1654
f 1012/1547/1655 844/1338/1655 1013/1548/1655
f 1012/1547/1656 1013/1548/1656 142/298/1656
f 1012/1547/1657 142/298/1657 141/297/1657
f 1013/1549/1658 844/1337/1658 842/1334/1658
f 1013/1549/1659 842/1334/1659 841/1331/1659
f 1013/1549/1660 841/1331/1660 143/300/1660
f 1013/1549/1661 143/300/1661 142/299/1661
f 1011/1546/1662 847/1343/1662 845/1340/1662
f 1011/1546/1663 845/1340/1663 844/1338/1663
f 1009/1544/1664 850/1346/1664 848/1344/1664
f 1009/1544/1665 848/1344/1665 847/1343/1665
f 1007/1542/1666 853/1349/1666 851/1347/1666
f 1007/1542/1667 851/1347/1667 850/1346/1667
f 1005/1540/1668 856/1352/1668 854/1350/1668
f 1005/1540/1669 854/1350/1669 853/1349/1669
f 1003/1538/1670 859/1355/1670 857/1353/1670
f 1003/1538/1671 857/1353/1671 856/1352/1671
f 1001/1536/1672 862/1358/1672 860/1356/1672
f 1001/1536/1673 860/1356/1673 859/1355/1673
f 999/1533/1674 865/1361/1674 863/1359/1674
f 999/1533/1675 863/1359/1675 862/1358/1675
f 997/1529/1676 868/1367/1676 866/1364/1676
f 997/1529/1677 866/1364/1677 865/1362/1677
f 995/1526/1678 871/1373/1678 869/1370/1678
f 995/1526/1679 869/1370/1679 868/1368/1679
f 993/1524/1680 874/1376/1680 872/1374/1680
f 993/1524/1681 872/1374/1681 871/1373/1681
f 991/1522/1682 877/1379/1682 875/1377/1682
f 991/1522/1683 875/1377/1683 874/1376/1683
f 989/1520/1684 880/1382/1684 878/1380/1684
f 989/1520/1685 878/1380/1685 877/1379/1685
f 987/1518/1686 883/1385/1686 881/1383/1686
f 987/1518/1687 881/1383/1687 880/1382/1687
f 985/1516/1688 886/1388/1688 884/1386/1688
f 985/1516/1689 884/1386/1689 883/1385/1689
f 983/1513/1690 889/1391/1690 887/1389/1690
f 983/1513/1691 887/1389/1691 886/1388/1691
f 981/1509/1692 892/1397/1692 890/1394/1692
f 981/1509/1693 890/1394/1693 889/1392/1693
f 979/1506/1694 895/1403/1694 893/1400/1694
f 979/1506/1695 893/1400/1695 892/1398/1695
f 977/1504/1696 898/1406/1696 896/1404/1696
f 977/1504/1697 896/1404/1697 895/1403/1697
f 975/1502/1698 901/1409/1698 899/1407/1698
f 975/1502/1699 899/1407/1699 898/1406/1699
f 973/1500/1700 904/1412/1700 902/1410/1700
f 973/1500/1701 902/1410/1701 901/1409/1701
f 971/1498/1702 907/1415/1702 905/1413/1702
f 971/1498/1703 905/1413/1703 904/1412/1703
f 969/1496/1704 910/1418/1704 908/1416/1704
f 969/1496/1705 908/1416/1705 907/1415/1705
f 967/1493/1706 913/1421/1706 911/1419/1706
f 967/1493/1707 911/1419/1707 910/1418/1707
f 965/1489/1708 916/1427/1708 914/1424/1708
f 965/1489/1709 914/1424/1709 913/1422/1709
f 963/1486/1710 919/1433/1710 917/1430/1710
f 963/1486/1711 917/1430/1711 916/1428/1711
f 961/1484/1712 922/1436/1712 920/1434/1712
f 961/1484/1713 920/1434/1713 919/1433/1713
f 959/1482/1714 925/1439/1714 923/1437/1714
f 959/1482/1715 923/1437/1715 922/1436/1715
f 957/1480/1716 928/1442/1716 926/1440/1716
f 957/1480/1717 926/1440/1717 925/1439/1717
f 955/1478/1718 931/1445/1718 929/1443/1718
f 955/1478/1719 929/1443/1719 928/1442/1719
f 953/1476/1720 934/1448/1720 932/1446/1720
f 953/1476/1482 932/1446/1482 931/1445/1482
f 951/1473/1721 937/1451/1721 935/1449/1721
f 951/1473/1722 935/1449/1722 934/1448/1722
f 949/1469/1723 940/1458/1723 938/1454/1723
f 949/1469/1724 938/1454/1724 937/1452/1724
f 841/1332/1725 839/1329/1725 1014/1551/1725
f 841/1332/1726 1014/1551/1726 143/301/1726
f 1014/1550/1727 135/281/1727 139/293/1727
f 1014/1550/1728 139/293/1728 143/302/1728
f 1014/1551/1729 839/1329/1729 838/1328/1729
f 1014/1551/1730 838/1328/1730 602/1026/1730
f 1014/1551/1731 602/1026/1731 136/285/1731
f 1014/1551/1732 136/285/1732 135/282/1732
f 838/1328/1733 605/1029/1733 603/1027/1733
f 838/1328/1734 603/1027/1734 602/1026/1734
f 836/1326/1735 608/1032/1735 606/1030/1735
f 836/1326/1736 606/1030/1736 605/1029/1736
f 618/1046/2092 616/1044/2092 609/1033/2092
f 618/1046/2093 609/1033/2093 608/1032/2093
f 595/1013/2094 146/307/2094 145/305/2094
f 595/1013/2095 145/305/2095 590/1008/2095
f 586/1004/2096 585/1003/2096 145/305/2096
f 586/1004/2097 145/305/2097 144/304/2097
f 149/317/2277 148/314/2277 134/278/2277
l 1218 1219
l 1219 1220
