# Blender 4.1.1
# www.blender.org
mtllib Sheild.mtl
o tripo_node_92614684-3a62-4684-b0bd-49c180afff26
v -0.591629 0.016709 0.666348
v -0.591629 0.016709 0.666348
v -0.591629 0.016709 0.666348
v -0.613539 0.015074 0.706247
v -0.613539 0.015074 0.706247
v -0.613539 0.015074 0.706247
v -0.563058 0.019096 0.660681
v -0.563058 0.019096 0.660681
v -0.329722 0.019389 0.852750
v -0.329722 0.019389 0.852750
v -0.643219 0.015700 0.366198
v -0.643219 0.015700 0.366198
v -0.653139 0.017233 0.373711
v -0.653139 0.017233 0.373711
v -0.446211 0.027592 0.579534
v -0.655676 0.027803 0.391790
v -0.655676 0.027803 0.391790
v -0.655676 0.027803 0.391790
v -0.627091 0.035153 0.328602
v -0.627091 0.035153 0.328602
v -0.546562 0.043115 0.642668
v -0.546562 0.043115 0.642668
v -0.635814 0.040447 0.709120
v -0.635814 0.040447 0.709120
v -0.635814 0.040447 0.709120
v -0.353099 0.032727 0.808026
v -0.353099 0.032727 0.808026
v -0.356096 0.028709 0.827973
v -0.356096 0.028709 0.827973
v -0.331935 0.038131 0.866786
v -0.331935 0.038131 0.866786
v -0.331935 0.038131 0.866786
v -0.030060 0.016258 0.930914
v -0.030060 0.016258 0.930914
v -0.030060 0.016258 0.930914
v -0.010862 0.020861 0.792337
v -0.010862 0.020861 0.792337
v -0.217902 -0.017441 0.247472
v -0.255933 -0.025514 0.249945
v -0.045786 -0.113852 0.193451
v -0.059767 -0.027858 0.445079
v -0.059767 -0.027858 0.445079
v -0.026053 -0.033066 0.456257
v -0.053529 -0.023317 0.389857
v -0.080204 -0.011549 0.510383
v -0.005009 -0.004362 0.955920
v -0.005009 -0.004362 0.955920
v 0.015809 -0.000046 0.876647
v 0.004054 -0.010990 0.978039
v 0.028630 0.005559 0.985301
v 0.028630 0.005559 0.985301
v 0.057899 0.014520 0.887179
v 0.057899 0.014520 0.887179
v 0.057899 0.014520 0.887179
v 0.009223 0.014281 0.927327
v 0.009223 0.014281 0.927327
v 0.045565 0.024571 0.858149
v 0.027235 0.030054 0.996527
v 0.027235 0.030054 0.996527
v 0.027235 0.030054 0.996527
v 0.027235 0.030054 0.996527
v 0.027235 0.030054 0.996527
v 0.028940 0.027397 0.991572
v 0.028940 0.027397 0.991572
v 0.022632 0.035991 1.001203
v 0.022632 0.035991 1.001203
v 0.022632 0.035991 1.001203
v 0.022632 0.035991 1.001203
v 0.632266 0.039391 0.708619
v 0.632266 0.039391 0.708619
v 0.632266 0.039391 0.708619
v 0.635566 0.040769 0.658753
v 0.635566 0.040769 0.658753
v 0.550515 0.039198 0.626880
v 0.550515 0.039198 0.626880
v 0.500775 0.036813 0.609075
v 0.595293 0.034031 0.717219
v 0.595293 0.034031 0.717219
v 0.595293 0.034031 0.717219
v 0.612621 0.012209 0.701895
v 0.612621 0.012209 0.701895
v 0.341841 0.028172 0.862903
v 0.341841 0.028172 0.862903
v 0.585286 0.016297 0.665873
v 0.585286 0.016297 0.665873
v 0.628498 0.019664 0.684094
v 0.628498 0.019664 0.684094
v 0.597991 0.023501 0.659256
v 0.550017 0.025476 0.658717
v 0.550017 0.025476 0.658717
v 0.550017 0.025476 0.658717
v 0.622999 0.024788 0.669459
v 0.574660 0.027217 0.697348
v 0.574660 0.027217 0.697348
v 0.375457 0.001138 0.305632
v 0.661097 0.037057 0.351155
v 0.661097 0.037057 0.351155
v 0.661097 0.037057 0.351155
v 0.658995 0.023037 0.363573
v 0.658995 0.023037 0.363573
v 0.658995 0.023037 0.363573
v 0.651390 0.029736 0.395254
v 0.651390 0.029736 0.395254
v 0.623324 0.026774 0.385836
v 0.623324 0.026774 0.385836
v 0.614024 0.032123 0.411692
v 0.614024 0.032123 0.411692
v 0.628616 0.026139 0.355409
v 0.628616 0.026139 0.355409
v 0.628616 0.026139 0.355409
v 0.625458 0.034055 0.343775
v 0.625458 0.034055 0.343775
v 0.625458 0.034055 0.343775
v 0.092345 -0.014611 0.484141
v 0.258846 -0.027073 0.203977
v 0.022048 -0.033075 0.457208
v -0.000974 -0.120481 0.228542
v 0.062387 -0.100745 0.182321
v 0.090116 -0.018000 -0.079652
v 0.612439 0.031681 0.099354
v 0.612439 0.031681 0.099354
v 0.612439 0.031681 0.099354
v 0.612439 0.031681 0.099354
v 0.617443 0.023818 0.088226
v 0.617443 0.023818 0.088226
v 0.617443 0.023818 0.088226
v 0.643449 0.025661 0.083713
v 0.643449 0.025661 0.083713
v 0.643449 0.025661 0.083713
v 0.644032 0.037681 0.094580
v 0.644032 0.037681 0.094580
v 0.644032 0.037681 0.094580
v 0.615290 0.035946 0.028775
v 0.615290 0.035946 0.028775
v 0.640628 0.035970 0.043606
v 0.640628 0.035970 0.043606
v 0.640628 0.035970 0.043606
v 0.593332 0.029380 0.023504
v 0.593332 0.029380 0.023504
v 0.593332 0.029380 0.023504
v 0.593332 0.029380 0.023504
v 0.641929 0.023571 0.055637
v 0.641929 0.023571 0.055637
v 0.641929 0.023571 0.055637
v 0.559248 0.021490 -0.203500
v 0.559248 0.021490 -0.203500
v 0.559248 0.021490 -0.203500
v 0.535737 0.026175 -0.228910
v 0.241171 0.024600 -0.527162
v 0.419039 0.025040 -0.394098
v 0.419039 0.025040 -0.394098
v 0.430102 0.035687 -0.372429
v 0.430102 0.035687 -0.372429
v 0.505913 0.033611 -0.238120
v 0.505913 0.033611 -0.238120
v 0.505913 0.033611 -0.238120
v 0.505913 0.033611 -0.238120
v 0.572661 0.039492 -0.183153
v 0.572661 0.039492 -0.183153
v 0.572661 0.039492 -0.183153
v 0.381646 0.036436 -0.415760
v 0.381646 0.036436 -0.415760
v 0.024505 0.030716 -0.634568
v 0.024505 0.030716 -0.634568
v 0.024505 0.030716 -0.634568
v 0.024505 0.030716 -0.634568
v 0.024505 0.030716 -0.634568
v 0.055338 0.014521 -0.531304
v 0.055338 0.014521 -0.531304
v 0.055338 0.014521 -0.531304
v 0.045987 0.028753 -0.508131
v 0.045987 0.028753 -0.508131
v 0.008069 0.013322 -0.635374
v 0.008069 0.013322 -0.635374
v 0.015431 0.023213 -0.613597
v 0.015431 0.023213 -0.613597
v 0.022449 0.025201 -0.625519
v 0.011635 0.021632 -0.443842
v 0.011635 0.021632 -0.443842
v 0.011635 0.021632 -0.443842
v 0.011635 0.021632 -0.443842
v 0.095737 -0.009378 -0.164917
v -0.005286 0.004354 -0.511995
v -0.004127 -0.010554 -0.451235
v -0.004127 -0.010554 -0.451235
v -0.004127 -0.010554 -0.451235
v -0.013568 -0.028103 -0.133115
v -0.005252 0.017524 -0.612907
v -0.005252 0.017524 -0.612907
v -0.124562 -0.016638 -0.100276
v -0.147046 0.012734 -0.309596
v -0.359842 -0.010087 0.184869
v 0.000949 -0.134433 0.171606
v -0.510843 0.032159 -0.222051
v -0.607559 0.030473 0.107643
v -0.607559 0.030473 0.107643
v -0.607559 0.030473 0.107643
v -0.607559 0.030473 0.107643
v -0.610646 0.032647 0.093380
v -0.610646 0.032647 0.093380
v -0.610646 0.032647 0.093380
v -0.635027 0.030910 0.044726
v -0.635027 0.030910 0.044726
v -0.649901 0.032440 0.082640
v -0.649901 0.032440 0.082640
v -0.649901 0.032440 0.082640
v -0.649901 0.032440 0.082640
v -0.649901 0.032440 0.082640
v -0.539772 0.021232 -0.198315
v -0.516519 0.028870 -0.192174
v -0.516519 0.028870 -0.192174
v -0.429465 0.032869 -0.380385
v -0.266800 0.034692 -0.491107
v -0.239883 0.025383 -0.529772
v -0.020931 0.028382 -0.434762
v -0.020931 0.028382 -0.434762
v -0.020931 0.028382 -0.434762
v -0.022458 0.029894 -0.607280
v -0.022458 0.029894 -0.607280
v -0.014078 0.018510 -0.640997
v -0.014078 0.018510 -0.640997
v -0.014078 0.018510 -0.640997
v -0.237816 0.110689 0.013499
v -0.234929 0.098971 0.005810
v -0.234929 0.098971 0.005810
v -0.234929 0.098971 0.005810
v -0.234929 0.098971 0.005810
v -0.189707 0.093957 0.021294
v -0.189707 0.093957 0.021294
v -0.189707 0.093957 0.021294
v -0.149698 0.048351 0.000901
v -0.149698 0.048351 0.000901
v -0.189725 0.096389 0.012135
v -0.189725 0.096389 0.012135
v -0.189725 0.096389 0.012135
v -0.206233 0.105263 0.002030
v -0.206233 0.105263 0.002030
v -0.206233 0.105263 0.002030
v -0.201647 0.118336 0.007809
v -0.201647 0.118336 0.007809
v -0.201647 0.118336 0.007809
v -0.188426 0.057475 -0.021902
v -0.188426 0.057475 -0.021902
v -0.211278 0.099547 -0.005839
v -0.211278 0.099547 -0.005839
v -0.211278 0.099547 -0.005839
v -0.229197 0.101953 -0.008141
v -0.229197 0.101953 -0.008141
v -0.229197 0.101953 -0.008141
v -0.242576 0.119165 -0.003879
v -0.242576 0.119165 -0.003879
v -0.242576 0.119165 -0.003879
v -0.187432 0.119983 0.033136
v -0.187432 0.119983 0.033136
v -0.187432 0.119983 0.033136
v -0.252917 0.120509 0.014162
v -0.252917 0.120509 0.014162
v -0.252917 0.120509 0.014162
v -0.252917 0.120509 0.014162
v -0.254780 0.122470 0.031406
v -0.254780 0.122470 0.031406
v -0.254780 0.122470 0.031406
v -0.258742 0.115453 0.026552
v -0.258742 0.115453 0.026552
v -0.258742 0.115453 0.026552
v -0.253502 0.093786 0.020756
v -0.253502 0.093786 0.020756
v -0.253502 0.093786 0.020756
v -0.256339 0.097213 0.015082
v -0.256339 0.097213 0.015082
v -0.256339 0.097213 0.015082
v -0.274475 0.049749 -0.004462
v -0.274475 0.049749 -0.004462
v -0.274475 0.049749 -0.004462
v -0.382072 0.051636 -0.253522
v 0.010139 0.057973 -0.525764
v 0.184070 0.057315 -0.019678
v 0.188789 0.054331 0.006126
v 0.188789 0.054331 0.006126
v 0.188789 0.054331 0.006126
v 0.267035 0.050712 0.000825
v 0.267035 0.050712 0.000825
v 0.267035 0.050712 0.000825
v 0.255275 0.114258 0.028010
v 0.255275 0.114258 0.028010
v 0.251098 0.096593 0.022017
v 0.251098 0.096593 0.022017
v 0.251098 0.096593 0.022017
v 0.252346 0.096078 0.012403
v 0.252346 0.096078 0.012403
v 0.252346 0.096078 0.012403
v 0.240240 0.101706 0.012006
v 0.240240 0.101706 0.012006
v 0.230370 0.101414 0.003604
v 0.230370 0.101414 0.003604
v 0.230370 0.101414 0.003604
v 0.230370 0.101414 0.003604
v 0.213392 0.098941 -0.006237
v 0.213392 0.098941 -0.006237
v 0.213392 0.098941 -0.006237
v 0.213392 0.098941 -0.006237
v 0.184426 0.119332 0.033433
v 0.184426 0.119332 0.033433
v 0.184426 0.119332 0.033433
v 0.184426 0.119332 0.033433
v 0.246617 0.119683 0.011077
v 0.246617 0.119683 0.011077
v 0.246617 0.119683 0.011077
v 0.246617 0.119683 0.011077
v 0.215310 0.121027 0.406943
v 0.215310 0.121027 0.406943
v 0.198918 0.108535 0.394531
v 0.198918 0.108535 0.394531
v 0.198918 0.108535 0.394531
v 0.198918 0.108535 0.394531
v 0.210441 0.093653 0.387264
v 0.210441 0.093653 0.387264
v 0.210441 0.093653 0.387264
v 0.210441 0.093653 0.387264
v 0.210441 0.093653 0.387264
v 0.210441 0.093653 0.387264
v 0.182565 0.057101 0.398138
v 0.182565 0.057101 0.398138
v 0.182565 0.057101 0.398138
v 0.236761 0.097963 0.387677
v 0.236761 0.097963 0.387677
v 0.236761 0.097963 0.387677
v 0.236761 0.097963 0.387677
v 0.248072 0.117670 0.393143
v 0.248072 0.117670 0.393143
v 0.234170 0.095725 0.392550
v 0.234170 0.095725 0.392550
v 0.234170 0.095725 0.392550
v 0.234170 0.095725 0.392550
v 0.277754 0.049069 0.391158
v 0.277754 0.049069 0.391158
v 0.277754 0.049069 0.391158
v 0.648451 0.062248 0.720595
v 0.648451 0.062248 0.720595
v 0.648451 0.062248 0.720595
v 0.648642 0.043882 0.720926
v 0.648642 0.043882 0.720926
v -0.013959 0.056189 0.864009
v -0.209542 0.134811 0.403660
v -0.245930 0.131054 0.394728
v -0.245930 0.131054 0.394728
v -0.194780 0.131481 0.382066
v -0.194780 0.131481 0.382066
v -0.194780 0.131481 0.382066
v -0.206844 0.140614 0.387740
v -0.206844 0.140614 0.387740
v -0.254203 0.129993 0.377751
v -0.254203 0.129993 0.377751
v -0.254203 0.129993 0.377751
v -0.254203 0.129993 0.377751
v -0.237478 0.100021 0.388769
v -0.237478 0.100021 0.388769
v -0.237478 0.100021 0.388769
v -0.237478 0.100021 0.388769
v -0.237478 0.100021 0.388769
v -0.264505 0.051409 0.373635
v -0.264505 0.051409 0.373635
v -0.292015 0.048529 0.393883
v -0.254270 0.115167 0.391331
v -0.254270 0.115167 0.391331
v -0.211420 0.097266 0.390435
v -0.211420 0.097266 0.390435
v -0.211420 0.097266 0.390435
v -0.211420 0.097266 0.390435
v -0.206692 0.097735 0.386211
v -0.206692 0.097735 0.386211
v -0.206692 0.097735 0.386211
v -0.194407 0.107091 0.394334
v -0.194407 0.107091 0.394334
v -0.194407 0.107091 0.394334
v -0.194407 0.107091 0.394334
v -0.100690 0.048118 0.597117
v -0.651026 0.045220 0.723736
v -0.651026 0.045220 0.723736
v -0.651026 0.045220 0.723736
v -0.647660 0.064766 0.719292
v -0.647660 0.064766 0.719292
v -0.647660 0.064766 0.719292
v -0.570464 0.017302 0.681084
v -0.570464 0.017302 0.681084
v -0.594101 0.009423 0.688066
v -0.594101 0.009423 0.688066
v -0.585346 0.019897 0.640102
v -0.585346 0.019897 0.640102
v -0.569799 0.016977 0.638236
v -0.569799 0.016977 0.638236
v -0.602580 0.023789 0.660743
v -0.602580 0.023789 0.660743
v -0.602580 0.023789 0.660743
v -0.597362 0.028906 0.641495
v -0.597362 0.028906 0.641495
v -0.596264 0.013026 0.703654
v -0.596264 0.013026 0.703654
v -0.599094 0.022535 0.713263
v -0.599094 0.022535 0.713263
v -0.617620 0.022301 0.710724
v -0.617620 0.022301 0.710724
v -0.617620 0.022301 0.710724
v -0.619037 0.012946 0.697760
v -0.619037 0.012946 0.697760
v -0.627624 0.022747 0.701600
v -0.627624 0.022747 0.701600
v -0.622874 0.014705 0.681268
v -0.622874 0.014705 0.681268
v -0.622874 0.014705 0.681268
v -0.618344 0.026478 0.664864
v -0.618344 0.026478 0.664864
v -0.618344 0.026478 0.664864
v -0.541711 0.018601 0.672382
v -0.541711 0.018601 0.672382
v -0.545623 0.019826 0.687893
v -0.545623 0.019826 0.687893
v -0.560092 0.025351 0.635165
v -0.560092 0.025351 0.635165
v -0.553352 0.027951 0.652300
v -0.538252 0.026406 0.661541
v -0.318340 0.035198 0.857664
v -0.318340 0.035198 0.857664
v -0.357458 0.025054 0.847667
v -0.357458 0.025054 0.847667
v -0.357458 0.025054 0.847667
v -0.357458 0.025054 0.847667
v -0.334140 0.019482 0.828938
v -0.334140 0.019482 0.828938
v -0.334140 0.019482 0.828938
v -0.306834 0.035400 0.845168
v -0.306834 0.035400 0.845168
v -0.306834 0.035400 0.845168
v -0.616197 0.029705 0.376849
v -0.616197 0.029705 0.376849
v -0.616197 0.029705 0.376849
v -0.633348 0.025460 0.392818
v -0.633348 0.025460 0.392818
v -0.644172 0.038899 0.325215
v -0.644172 0.038899 0.325215
v -0.501964 0.033493 0.563613
v -0.519953 0.032154 0.491516
v -0.486334 0.026550 0.490950
v -0.437213 0.016800 0.475281
v -0.402088 0.016532 0.550498
v -0.448463 0.032823 0.634396
v -0.499145 0.036825 0.611716
v -0.341119 0.015443 0.611918
v -0.370301 0.026121 0.652178
v -0.628068 0.036705 0.423682
v -0.644058 0.039876 0.426660
v -0.644058 0.039876 0.426660
v -0.660489 0.042423 0.427567
v -0.660489 0.042423 0.427567
v -0.672235 0.040152 0.380185
v -0.672235 0.040152 0.380185
v -0.610004 0.028427 0.314954
v -0.610004 0.028427 0.314954
v -0.603505 0.025569 0.363940
v -0.603505 0.025569 0.363940
v -0.549615 0.035690 0.647240
v -0.554649 0.034717 0.632571
v -0.554649 0.034717 0.632571
v -0.546106 0.043211 0.630388
v -0.546106 0.043211 0.630388
v -0.532382 0.042507 0.645008
v -0.532382 0.042507 0.645008
v -0.535725 0.035096 0.653950
v -0.529066 0.041508 0.630877
v -0.651501 0.043832 0.708489
v -0.651501 0.043832 0.708489
v -0.653125 0.044332 0.690540
v -0.653125 0.044332 0.690540
v -0.641701 0.040685 0.689489
v -0.641701 0.040685 0.689489
v -0.635841 0.033661 0.688397
v -0.630464 0.031486 0.704538
v -0.630464 0.031486 0.704538
v -0.619535 0.031356 0.714050
v -0.619535 0.031356 0.714050
v -0.621434 0.039266 0.718357
v -0.621434 0.039266 0.718357
v -0.621434 0.039266 0.718357
v -0.639035 0.044356 0.726614
v -0.639035 0.044356 0.726614
v -0.624979 0.044246 0.729599
v -0.624979 0.044246 0.729599
v -0.371856 0.036960 0.813591
v -0.371856 0.036960 0.813591
v -0.348281 0.025197 0.792535
v -0.348281 0.025197 0.792535
v -0.294687 0.025301 0.822749
v -0.294687 0.025301 0.822749
v -0.304171 0.032565 0.835914
v -0.304171 0.032565 0.835914
v -0.407657 0.031734 0.771295
v -0.402731 0.025030 0.757478
v -0.402731 0.025030 0.757478
v -0.402731 0.025030 0.757478
v -0.412864 0.036122 0.784044
v -0.380482 0.039983 0.825845
v -0.380482 0.039983 0.825845
v -0.380482 0.039983 0.825845
v -0.265206 0.040138 0.887272
v -0.271660 0.042556 0.899531
v -0.271660 0.042556 0.899531
v -0.274330 0.055089 0.902955
v -0.274330 0.055089 0.902955
v -0.332977 0.055079 0.874318
v -0.332977 0.055079 0.874318
v -0.384873 0.054178 0.842568
v -0.381744 0.042208 0.838893
v -0.381744 0.042208 0.838893
v -0.037764 0.008203 0.904641
v -0.037764 0.008203 0.904641
v -0.015723 0.010735 0.914200
v -0.007931 0.008948 0.941301
v -0.007931 0.008948 0.941301
v -0.056101 0.011144 0.918271
v -0.056101 0.011144 0.918271
v -0.058143 0.009426 0.897494
v -0.058143 0.009426 0.897494
v -0.028981 0.014349 0.958557
v -0.028981 0.014349 0.958557
v -0.051566 0.018285 0.940403
v -0.051566 0.018285 0.940403
v -0.010230 0.016426 0.809865
v -0.010230 0.016426 0.809865
v -0.010230 0.016426 0.809865
v -0.010230 0.016426 0.809865
v -0.028301 0.022265 0.831423
v -0.028301 0.022265 0.831423
v -0.039051 0.035446 0.827246
v -0.039051 0.035446 0.827246
v -0.048895 0.029011 0.787909
v -0.033656 0.019901 0.738407
v -0.000576 0.009258 0.740090
v -0.068861 0.034912 0.822320
v 0.041841 0.019734 0.735018
v 0.056809 0.028872 0.786019
v -0.241878 -0.026169 0.219266
v -0.217583 -0.021488 0.162401
v -0.200669 -0.019760 0.170192
v -0.190946 -0.019547 0.241914
v -0.168485 -0.022248 0.303293
v -0.186099 -0.021059 0.315249
v -0.246261 -0.014248 0.285546
v -0.218443 -0.018292 0.343585
v -0.287624 -0.021102 0.219264
v -0.266747 -0.025863 0.191451
v -0.290557 -0.009550 0.326062
v -0.306788 -0.008051 0.281286
v -0.327381 -0.006183 0.239018
v -0.038671 -0.117851 0.204992
v -0.069110 -0.093596 0.212940
v -0.068698 -0.096249 0.189089
v -0.035511 -0.121197 0.184299
v -0.026589 -0.128072 0.196479
v -0.059785 -0.100277 0.167264
v -0.037034 -0.024579 0.478881
v -0.037034 -0.024579 0.478881
v -0.053009 -0.013401 0.494388
v -0.053009 -0.013401 0.494388
v -0.074112 -0.018124 0.454416
v -0.074112 -0.018124 0.454416
v -0.090415 -0.020493 0.428846
v -0.090415 -0.020493 0.428846
v -0.068696 -0.035690 0.420429
v -0.068696 -0.035690 0.420429
v 0.010233 -0.024883 0.406165
v -0.081512 -0.022071 0.390835
v -0.053640 -0.023359 0.364214
v -0.053640 -0.023359 0.364214
v -0.053640 -0.023359 0.364214
v 0.007591 -0.022479 0.380447
v 0.007591 -0.022479 0.380447
v -0.116752 -0.023486 0.335305
v -0.110439 -0.027949 0.325889
v -0.110439 -0.027949 0.325889
v -0.110439 -0.027949 0.325889
v -0.130826 -0.022887 0.345307
v -0.091486 -0.007158 0.546462
v -0.132664 -0.009777 0.525829
v -0.099425 -0.014731 0.484003
v -0.055184 -0.006864 0.551064
v -0.055184 -0.006864 0.551064
v 0.010767 0.004303 0.947391
v 0.010767 0.004303 0.947391
v 0.010034 -0.007203 0.964069
v 0.010034 -0.007203 0.964069
v -0.013210 -0.005875 0.963296
v -0.013210 -0.005875 0.963296
v -0.013210 -0.005875 0.963296
v 0.023454 -0.000592 0.823893
v 0.023454 -0.000592 0.823893
v 0.004751 -0.005983 0.827021
v 0.004751 -0.005983 0.827021
v -0.012597 0.003707 0.812217
v -0.012597 0.003707 0.812217
v -0.012597 0.003707 0.812217
v -0.012597 0.003707 0.812217
v 0.020483 0.010809 0.821101
v 0.020483 0.010809 0.821101
v 0.000693 -0.003544 0.869386
v 0.011843 -0.003673 0.854346
v 0.029668 -0.000004 0.871421
v 0.039267 0.005199 0.891903
v 0.019203 0.004479 0.892403
v 0.000096 0.003857 0.893118
v 0.010869 -0.007263 0.989114
v 0.010869 -0.007263 0.989114
v -0.014144 -0.007365 0.984440
v -0.014144 -0.007365 0.984440
v -0.014144 -0.007365 0.984440
v 0.023696 -0.002204 0.975987
v 0.023696 -0.002204 0.975987
v 0.023696 -0.002204 0.975987
v 0.023696 -0.002204 0.975987
v 0.020224 0.003451 0.996371
v 0.020224 0.003451 0.996371
v 0.027422 0.007632 0.961972
v 0.027422 0.007632 0.961972
v 0.032991 0.014243 0.979439
v 0.027236 0.016874 0.995313
v 0.027236 0.016874 0.995313
v 0.027236 0.016874 0.995313
v 0.066032 0.019142 0.909018
v 0.066032 0.019142 0.909018
v 0.047423 0.010346 0.913833
v 0.047423 0.010346 0.913833
v 0.045893 -0.000654 0.866137
v 0.045893 -0.000654 0.866137
v 0.045893 -0.000654 0.866137
v 0.048377 0.011943 0.862821
v 0.048377 0.011943 0.862821
v 0.055282 0.025110 0.878533
v 0.055282 0.025110 0.878533
v 0.077820 0.030153 0.872982
v 0.085006 0.017991 0.883307
v 0.085006 0.017991 0.883307
v 0.092874 0.020763 0.899764
v 0.092874 0.020763 0.899764
v 0.027735 0.018568 0.952181
v 0.027735 0.018568 0.952181
v 0.027735 0.018568 0.952181
v 0.027735 0.018568 0.952181
v 0.028112 0.012288 0.918742
v 0.037741 0.020588 0.943860
v 0.037741 0.020588 0.943860
v 0.039195 0.021466 0.843429
v 0.039195 0.021466 0.843429
v 0.039883 0.038563 0.846960
v 0.039883 0.038563 0.846960
v 0.039883 0.038563 0.846960
v 0.049530 0.038260 0.868205
v 0.049530 0.038260 0.868205
v 0.049530 0.038260 0.868205
v 0.038322 0.004470 0.841977
v 0.038322 0.004470 0.841977
v 0.038322 0.004470 0.841977
v 0.011208 0.015088 1.008162
v 0.011208 0.015088 1.008162
v 0.011208 0.015088 1.008162
v -0.008893 0.031525 1.009798
v -0.008893 0.031525 1.009798
v -0.008893 0.031525 1.009798
v -0.025599 0.021962 0.999616
v -0.025599 0.021962 0.999616
v 0.044334 0.033586 0.983229
v 0.044334 0.033586 0.983229
v 0.044334 0.033586 0.983229
v 0.044334 0.033586 0.983229
v 0.032638 0.023831 0.972675
v 0.032638 0.023831 0.972675
v 0.037223 0.028871 0.968292
v 0.037223 0.028871 0.968292
v 0.037223 0.028871 0.968292
v 0.074591 0.039969 0.967172
v 0.074591 0.039969 0.967172
v 0.074021 0.041171 0.982139
v 0.074021 0.041171 0.982139
v 0.076606 0.046492 0.995540
v 0.076606 0.046492 0.995540
v 0.076606 0.046492 0.995540
v 0.024265 0.046128 1.019241
v 0.024265 0.046128 1.019241
v 0.052819 0.025889 0.961973
v 0.052819 0.025889 0.961973
v 0.635596 0.043218 0.723808
v 0.635596 0.043218 0.723808
v 0.619714 0.042295 0.725585
v 0.616784 0.034991 0.716572
v 0.650212 0.043570 0.709746
v 0.650212 0.043570 0.709746
v 0.650212 0.043570 0.709746
v 0.639941 0.040111 0.691182
v 0.639941 0.040111 0.691182
v 0.639941 0.040111 0.691182
v 0.651899 0.044000 0.693576
v 0.651899 0.044000 0.693576
v 0.627574 0.024534 0.703335
v 0.627574 0.024534 0.703335
v 0.634440 0.029760 0.688462
v 0.634440 0.029760 0.688462
v 0.614596 0.020864 0.710675
v 0.622379 0.037549 0.652560
v 0.622379 0.037549 0.652560
v 0.627022 0.039156 0.626151
v 0.640241 0.041602 0.625935
v 0.653288 0.044085 0.624615
v 0.653288 0.044085 0.624615
v 0.648426 0.043081 0.656927
v 0.648426 0.043081 0.656927
v 0.643890 0.042065 0.674852
v 0.643890 0.042065 0.674852
v 0.632789 0.036634 0.672715
v 0.632789 0.036634 0.672715
v 0.538022 0.042197 0.637918
v 0.538022 0.042197 0.637918
v 0.538154 0.040144 0.595628
v 0.554102 0.037130 0.589302
v 0.554102 0.037130 0.589302
v 0.555865 0.031802 0.633825
v 0.542482 0.035083 0.650892
v 0.542482 0.035083 0.650892
v 0.542482 0.035083 0.650892
v 0.560956 0.025438 0.585489
v 0.498110 0.039554 0.650007
v 0.422138 0.038584 0.691619
v 0.417950 0.035955 0.674186
v 0.409009 0.033115 0.660990
v 0.484148 0.033890 0.596602
v 0.535102 0.032874 0.508758
v 0.551027 0.037834 0.507965
v 0.551027 0.037834 0.507965
v 0.518944 0.032235 0.503967
v 0.601808 0.042461 0.730582
v 0.601808 0.042461 0.730582
v 0.576199 0.040318 0.725355
v 0.571190 0.037215 0.713664
v 0.571190 0.037215 0.713664
v 0.582125 0.028655 0.707347
v 0.582125 0.028655 0.707347
v 0.582125 0.028655 0.707347
v 0.581673 0.043100 0.738760
v 0.581673 0.043100 0.738760
v 0.585721 0.016729 0.700602
v 0.585721 0.016729 0.700602
v 0.585721 0.016729 0.700602
v 0.598090 0.017589 0.709992
v 0.598090 0.017589 0.709992
v 0.598090 0.017589 0.709992
v 0.620775 0.013115 0.694608
v 0.620775 0.013115 0.694608
v 0.620775 0.013115 0.694608
v 0.620775 0.013115 0.694608
v 0.603560 0.009255 0.697361
v 0.603560 0.009255 0.697361
v 0.612756 0.009121 0.684788
v 0.612756 0.009121 0.684788
v 0.296988 0.041526 0.881435
v 0.296988 0.041526 0.881435
v 0.290429 0.038659 0.865290
v 0.332376 0.015648 0.842883
v 0.350471 0.045293 0.866626
v 0.350471 0.045293 0.866626
v 0.303874 0.048744 0.890584
v 0.303874 0.048744 0.890584
v 0.392745 0.041356 0.827385
v 0.392745 0.041356 0.827385
v 0.399946 0.048378 0.834473
v 0.399946 0.048378 0.834473
v 0.383149 0.039005 0.815821
v 0.567619 0.016475 0.667424
v 0.571965 0.016127 0.653515
v 0.571965 0.016127 0.653515
v 0.585547 0.019406 0.650420
v 0.585547 0.019406 0.650420
v 0.598651 0.028845 0.648319
v 0.598651 0.028845 0.648319
v 0.577691 0.015890 0.680906
v 0.577691 0.015890 0.680906
v 0.564345 0.018108 0.680343
v 0.564345 0.018108 0.680343
v 0.600362 0.010629 0.675103
v 0.600362 0.010629 0.675103
v 0.591397 0.010277 0.688971
v 0.591397 0.010277 0.688971
v 0.608747 0.023059 0.662891
v 0.611302 0.034030 0.649225
v 0.611302 0.034030 0.649225
v 0.545054 0.017418 0.673506
v 0.565138 0.020507 0.633344
v 0.565138 0.020507 0.633344
v 0.577098 0.014492 0.631269
v 0.577098 0.014492 0.631269
v 0.577098 0.014492 0.631269
v 0.577098 0.014492 0.631269
v 0.565577 0.032262 0.699385
v 0.565577 0.032262 0.699385
v 0.565577 0.032262 0.699385
v 0.563238 0.024954 0.688981
v 0.563238 0.024954 0.688981
v 0.575034 0.020755 0.690302
v 0.575034 0.020755 0.690302
v 0.575034 0.020755 0.690302
v 0.356242 -0.002024 0.270277
v 0.406095 0.005376 0.254175
v 0.415839 0.007665 0.309579
v 0.358582 -0.000865 0.346102
v 0.321231 -0.006196 0.308460
v 0.407593 0.007230 0.373483
v 0.662658 0.040020 0.398403
v 0.662658 0.040020 0.398403
v 0.676913 0.045352 0.353127
v 0.676913 0.045352 0.353127
v 0.675652 0.046341 0.403225
v 0.675652 0.046341 0.403225
v 0.644938 0.019633 0.357798
v 0.644938 0.019633 0.357798
v 0.645117 0.037611 0.339670
v 0.645117 0.037611 0.339670
v 0.635978 0.025658 0.393752
v 0.654983 0.041327 0.450610
v 0.640652 0.039477 0.444773
v 0.625777 0.036332 0.433521
v 0.599580 0.024078 0.414219
v 0.599580 0.024078 0.414219
v 0.599580 0.024078 0.414219
v 0.607956 0.028176 0.345210
v 0.607956 0.028176 0.345210
v 0.607956 0.028176 0.345210
v 0.615788 0.031291 0.287789
v 0.615788 0.031291 0.287789
v 0.631019 0.036192 0.287964
v 0.647709 0.039283 0.291258
v 0.061661 -0.015755 0.473886
v 0.094801 -0.020399 0.427910
v 0.125016 -0.017869 0.454385
v 0.117318 -0.010069 0.523282
v 0.073688 -0.008475 0.535690
v 0.229515 -0.020783 0.211241
v 0.219216 -0.021740 0.150030
v 0.243407 -0.028920 0.135246
v 0.231348 -0.015822 0.283502
v 0.202139 -0.017758 0.278323
v 0.299447 -0.010671 0.146860
v 0.314264 -0.017649 0.183193
v 0.280480 -0.023157 0.218083
v 0.065085 -0.025346 0.402816
v 0.076801 -0.024075 0.413393
v 0.043650 -0.024368 0.466210
v 0.042589 -0.008389 0.536572
v 0.017812 -0.020148 0.539760
v -0.009963 -0.020396 0.540417
v -0.008198 -0.124937 0.221457
v -0.008198 -0.124937 0.221457
v 0.000408 -0.131609 0.213608
v 0.007713 -0.124300 0.222628
v -0.001345 -0.111283 0.241165
v -0.015881 -0.113188 0.236376
v -0.015881 -0.113188 0.236376
v 0.014945 -0.111733 0.238943
v 0.050821 -0.107522 0.169964
v 0.083282 -0.081313 0.149407
v 0.083282 -0.081313 0.149407
v 0.089240 -0.080466 0.176320
v 0.089240 -0.080466 0.176320
v 0.088448 -0.080974 0.203634
v 0.088448 -0.080974 0.203634
v 0.088448 -0.080974 0.203634
v 0.053325 -0.107963 0.197188
v 0.053325 -0.107963 0.197188
v 0.037755 -0.119804 0.185974
v 0.037755 -0.119804 0.185974
v 0.040493 -0.016766 -0.140466
v 0.040493 -0.016766 -0.140466
v 0.065827 -0.013315 -0.142304
v 0.065827 -0.013315 -0.142304
v 0.086099 -0.015435 -0.117457
v 0.086099 -0.015435 -0.117457
v 0.042017 -0.027958 -0.116896
v 0.042017 -0.027958 -0.116896
v 0.114701 -0.017127 -0.093239
v 0.162909 -0.019281 -0.053589
v 0.121204 -0.020298 -0.031756
v 0.048467 -0.026448 -0.068740
v 0.630939 0.036997 0.107727
v 0.630939 0.036997 0.107727
v 0.632459 0.037196 0.155768
v 0.617237 0.033015 0.156394
v 0.602077 0.024316 0.158566
v 0.602077 0.024316 0.158566
v 0.594426 0.021603 0.096595
v 0.594426 0.021603 0.096595
v 0.594426 0.021603 0.096595
v 0.594426 0.021603 0.096595
v 0.631754 0.023538 0.088621
v 0.631754 0.023538 0.088621
v 0.612366 0.025826 0.050169
v 0.612366 0.025826 0.050169
v 0.612366 0.025826 0.050169
v 0.578566 0.018632 0.018390
v 0.578566 0.018632 0.018390
v 0.629766 0.019914 0.052427
v 0.629766 0.019914 0.052427
v 0.655491 0.041990 0.043065
v 0.655491 0.041990 0.043065
v 0.661084 0.042475 0.095187
v 0.661084 0.042475 0.095187
v 0.626189 0.037268 0.033131
v 0.626189 0.037268 0.033131
v 0.603361 0.034990 -0.002109
v 0.603361 0.034990 -0.002109
v 0.615162 0.038373 -0.011253
v 0.548299 0.024588 -0.230702
v 0.548299 0.024588 -0.230702
v 0.560454 0.031333 -0.230877
v 0.560454 0.031333 -0.230877
v 0.560674 0.036912 -0.170848
v 0.560674 0.036912 -0.170848
v 0.560674 0.036912 -0.170848
v 0.540857 0.018575 -0.203202
v 0.540857 0.018575 -0.203202
v 0.540857 0.018575 -0.203202
v 0.505233 0.037161 -0.265946
v 0.508599 0.038873 -0.280123
v 0.508599 0.038873 -0.280123
v 0.246427 0.030071 -0.544570
v 0.246427 0.030071 -0.544570
v 0.309105 0.040846 -0.507025
v 0.309105 0.040846 -0.507025
v 0.301676 0.038519 -0.491327
v 0.459577 0.039472 -0.356883
v 0.459577 0.039472 -0.356883
v 0.426706 0.027449 -0.409753
v 0.426706 0.027449 -0.409753
v 0.474780 0.041677 -0.361177
v 0.474780 0.041677 -0.361177
v 0.375414 0.039647 -0.441797
v 0.375414 0.039647 -0.441797
v 0.433447 0.034178 -0.344841
v 0.367344 0.032053 -0.404789
v 0.367344 0.032053 -0.404789
v 0.545703 0.033926 -0.171843
v 0.545703 0.033926 -0.171843
v 0.532733 0.029720 -0.165706
v 0.532733 0.029720 -0.165706
v 0.490347 0.028259 -0.233970
v 0.490347 0.028259 -0.233970
v 0.571488 0.041384 -0.229927
v 0.571488 0.041384 -0.229927
v 0.571488 0.041384 -0.229927
v 0.595444 0.042754 -0.178572
v 0.595444 0.042754 -0.178572
v 0.012264 0.018931 -0.642996
v 0.012264 0.018931 -0.642996
v 0.012264 0.018931 -0.642996
v -0.024268 0.027857 -0.626377
v -0.024268 0.027857 -0.626377
v -0.024268 0.027857 -0.626377
v -0.024268 0.027857 -0.626377
v -0.040369 0.037511 -0.626181
v -0.040369 0.037511 -0.626181
v -0.039040 0.041119 -0.643477
v 0.025296 0.039693 -0.648741
v 0.025296 0.039693 -0.648741
v 0.102150 0.042148 -0.620890
v 0.102150 0.042148 -0.620890
v 0.100281 0.040007 -0.605996
v 0.100281 0.040007 -0.605996
v 0.039287 0.034828 -0.616571
v 0.039287 0.034828 -0.616571
v 0.059493 0.029725 -0.525536
v 0.059493 0.029725 -0.525536
v 0.059493 0.029725 -0.525536
v 0.049105 0.017838 -0.514036
v 0.049105 0.017838 -0.514036
v 0.042256 0.005684 -0.518517
v 0.042256 0.005684 -0.518517
v 0.086573 0.020880 -0.525309
v 0.086573 0.020880 -0.525309
v 0.085126 0.032950 -0.514981
v 0.085126 0.032950 -0.514981
v 0.050268 0.016689 -0.552828
v 0.050268 0.016689 -0.552828
v 0.086683 0.016910 -0.539214
v 0.086683 0.016910 -0.539214
v 0.057960 0.042599 -0.510209
v 0.057960 0.042599 -0.510209
v 0.048269 0.039144 -0.486849
v 0.048269 0.039144 -0.486849
v 0.036640 0.028135 -0.488049
v 0.036640 0.028135 -0.488049
v 0.036640 0.028135 -0.488049
v 0.039753 0.012557 -0.490378
v 0.039753 0.012557 -0.490378
v -0.012782 0.014255 -0.626631
v -0.012782 0.014255 -0.626631
v 0.041826 0.030687 -0.600978
v 0.041826 0.030687 -0.600978
v 0.043621 0.026336 -0.586051
v 0.043621 0.026336 -0.586051
v 0.013800 0.027370 -0.595189
v -0.006466 0.027756 -0.600085
v -0.006466 0.027756 -0.600085
v 0.031754 0.031669 -0.443900
v 0.031754 0.031669 -0.443900
v 0.018776 0.017611 -0.394156
v 0.018776 0.017611 -0.394156
v 0.000391 0.009819 -0.392501
v 0.000391 0.009819 -0.392501
v -0.022557 0.019513 -0.387883
v -0.007072 0.009387 -0.449639
v -0.007072 0.009387 -0.449639
v -0.007072 0.009387 -0.449639
v 0.015110 0.006252 -0.458602
v 0.015110 0.006252 -0.458602
v 0.100776 -0.002905 -0.206182
v 0.148385 -0.004674 -0.196656
v 0.121071 -0.011120 -0.148817
v 0.057483 -0.005084 -0.202749
v 0.010951 0.002698 -0.503212
v -0.008454 -0.002138 -0.485221
v -0.008454 -0.002138 -0.485221
v -0.025323 0.003037 -0.506543
v -0.025323 0.003037 -0.506543
v -0.005335 0.005414 -0.527747
v 0.018715 0.006613 -0.524124
v -0.029043 0.007977 -0.525560
v -0.029043 0.007977 -0.525560
v 0.010949 -0.006467 -0.469801
v 0.010949 -0.006467 -0.469801
v -0.028303 0.003717 -0.475242
v -0.028303 0.003717 -0.475242
v -0.028303 0.003717 -0.475242
v -0.028679 0.025314 -0.478044
v -0.028679 0.025314 -0.478044
v -0.028679 0.025314 -0.478044
v -0.010645 -0.019343 -0.192867
v 0.011706 -0.019961 -0.188765
v 0.011706 -0.019961 -0.188765
v -0.017664 -0.022325 -0.071903
v -0.041726 -0.033282 -0.091659
v -0.034690 -0.025396 -0.135116
v -0.030884 -0.016140 -0.192275
v -0.077289 -0.021754 -0.100238
v -0.094168 -0.019437 -0.072317
v -0.149915 -0.019654 -0.058794
v -0.196332 -0.014901 -0.098213
v -0.143751 -0.011335 -0.147037
v -0.070331 -0.013794 -0.137095
v -0.077156 -0.020842 -0.053790
v -0.101409 0.012082 -0.314682
v -0.102919 0.003351 -0.258089
v -0.164031 0.007703 -0.275164
v -0.171747 0.020318 -0.347436
v -0.115359 0.022341 -0.372582
v -0.212562 0.016642 -0.313638
v -0.389863 -0.004810 0.183551
v -0.380781 -0.000010 0.151596
v -0.343502 -0.010846 0.165754
v -0.346563 -0.011721 0.207617
v -0.386551 -0.001910 0.217711
v -0.316321 -0.017495 0.189405
v 0.007073 -0.136100 0.175823
v 0.001512 -0.141129 0.183022
v 0.001512 -0.141129 0.183022
v -0.004990 -0.136525 0.175957
v -0.004990 -0.136525 0.175957
v 0.000180 -0.127342 0.161304
v 0.010899 -0.127184 0.163320
v -0.010086 -0.127232 0.163039
v -0.010086 -0.127232 0.163039
v -0.463806 0.031501 -0.289075
v -0.459031 0.026115 -0.273919
v -0.459031 0.026115 -0.273919
v -0.517206 0.036285 -0.242980
v -0.472251 0.035218 -0.300203
v -0.552036 0.017354 -0.207345
v -0.552036 0.017354 -0.207345
v -0.545860 0.033950 -0.170649
v -0.593698 0.018579 0.109705
v -0.593698 0.018579 0.109705
v -0.599474 0.019202 0.178856
v -0.599474 0.019202 0.178856
v -0.611602 0.030106 0.178079
v -0.611602 0.030106 0.178079
v -0.625044 0.035109 0.178458
v -0.621786 0.035130 0.121411
v -0.621786 0.035130 0.121411
v -0.611878 0.022932 0.083851
v -0.611878 0.022932 0.083851
v -0.611878 0.022932 0.083851
v -0.631751 0.030926 0.094455
v -0.631751 0.030926 0.094455
v -0.631751 0.030926 0.094455
v -0.628658 0.015994 0.077720
v -0.628658 0.015994 0.077720
v -0.628658 0.015994 0.077720
v -0.642327 0.019156 0.073772
v -0.642327 0.019156 0.073772
v -0.642327 0.019156 0.073772
v -0.619864 0.032381 0.042070
v -0.644831 0.041089 0.031069
v -0.644831 0.041089 0.031069
v -0.652162 0.040945 0.124545
v -0.652162 0.040945 0.124545
v -0.668244 0.043562 0.124449
v -0.668244 0.043562 0.124449
v -0.664148 0.042803 0.075608
v -0.664148 0.042803 0.075608
v -0.657522 0.043917 0.021862
v -0.657522 0.043917 0.021862
v -0.636621 0.038457 0.124696
v -0.563999 0.037457 -0.168133
v -0.563999 0.037457 -0.168133
v -0.502042 0.018942 -0.192507
v -0.502042 0.018942 -0.192507
v -0.541950 0.022436 -0.114495
v -0.555069 0.029779 -0.115320
v -0.555069 0.029779 -0.115320
v -0.567695 0.033810 -0.114789
v -0.397624 0.035750 -0.412340
v -0.386900 0.034709 -0.399900
v -0.421430 0.034340 -0.361361
v -0.442257 0.037648 -0.383363
v -0.406050 0.037225 -0.422809
v -0.482130 0.037852 -0.312109
v -0.491497 0.040080 -0.322636
v -0.280519 0.037791 -0.499353
v -0.227914 0.032789 -0.517121
v -0.215799 0.029620 -0.504444
v -0.259698 0.029157 -0.475482
v -0.259698 0.029157 -0.475482
v -0.324656 0.032430 -0.441706
v -0.336006 0.035567 -0.451599
v -0.313589 0.027174 -0.433192
v -0.313589 0.027174 -0.433192
v -0.292050 0.039956 -0.510101
v -0.248110 0.029754 -0.544589
v -0.196315 0.040216 -0.567637
v -0.187245 0.038084 -0.556089
v -0.179742 0.035257 -0.545493
v -0.054796 0.036686 -0.469936
v -0.054796 0.036686 -0.469936
v -0.026919 0.024059 -0.582320
v -0.050756 0.023941 -0.576210
v -0.049489 0.028095 -0.595712
v -0.048396 0.034099 -0.612344
v -0.048396 0.034099 -0.612344
v -0.007460 0.022742 -0.582898
v -0.247019 0.096924 0.011180
v -0.247019 0.096924 0.011180
v -0.247019 0.096924 0.011180
v -0.249835 0.109017 0.016882
v -0.238099 0.118656 0.005942
v -0.238099 0.118656 0.005942
v -0.238099 0.118656 0.005942
v -0.232031 0.107584 -0.003363
v -0.232031 0.107584 -0.003363
v -0.232031 0.107584 -0.003363
v -0.232031 0.107584 -0.003363
v -0.231309 0.090794 0.019572
v -0.231309 0.090794 0.019572
v -0.231309 0.090794 0.019572
v -0.243477 0.091447 0.019044
v -0.243477 0.091447 0.019044
v -0.243477 0.091447 0.019044
v -0.218800 0.094319 0.002385
v -0.218800 0.094319 0.002385
v -0.218800 0.094319 0.002385
v -0.218800 0.094319 0.002385
v -0.216754 0.089978 0.019161
v -0.216754 0.089978 0.019161
v -0.187215 0.104740 0.026255
v -0.187215 0.104740 0.026255
v -0.201078 0.103712 0.026984
v -0.201972 0.090963 0.019459
v -0.201972 0.090963 0.019459
v -0.202502 0.093293 0.007131
v -0.202502 0.093293 0.007131
v -0.202502 0.093293 0.007131
v -0.189479 0.104903 0.015414
v -0.189479 0.104903 0.015414
v -0.144174 0.048315 -0.032333
v -0.181287 0.063985 -0.005830
v -0.181287 0.063985 -0.005830
v -0.181287 0.063985 -0.005830
v -0.190993 0.053834 0.008977
v -0.190993 0.053834 0.008977
v -0.175102 0.049179 0.045496
v -0.123626 0.048146 0.047403
v -0.195597 0.063929 -0.002569
v -0.195597 0.063929 -0.002569
v -0.193291 0.113823 -0.010836
v -0.193291 0.113823 -0.010836
v -0.189893 0.121455 -0.000576
v -0.189893 0.121455 -0.000576
v -0.189893 0.121455 -0.000576
v -0.194926 0.101572 -0.013706
v -0.194926 0.101572 -0.013706
v -0.194926 0.101572 -0.013706
v -0.190075 0.117099 0.016593
v -0.190075 0.117099 0.016593
v -0.190075 0.117099 0.016593
v -0.182978 0.126397 0.011736
v -0.182978 0.126397 0.011736
v -0.182978 0.126397 0.011736
v -0.182978 0.126397 0.011736
v -0.197443 0.072882 -0.017477
v -0.197443 0.072882 -0.017477
v -0.182625 0.075503 -0.008845
v -0.182625 0.075503 -0.008845
v -0.182625 0.075503 -0.008845
v -0.233133 0.058492 -0.020843
v -0.233133 0.058492 -0.020843
v -0.233133 0.058492 -0.020843
v -0.226145 0.072464 -0.018386
v -0.220013 0.090498 -0.010599
v -0.220013 0.090498 -0.010599
v -0.220013 0.090498 -0.010599
v -0.220013 0.090498 -0.010599
v -0.197297 0.088880 -0.011083
v -0.197297 0.088880 -0.011083
v -0.240870 0.112966 -0.010571
v -0.240870 0.112966 -0.010571
v -0.240870 0.112966 -0.010571
v -0.241498 0.103407 -0.013834
v -0.241471 0.090862 -0.011663
v -0.241471 0.090862 -0.011663
v -0.254037 0.120623 -0.003339
v -0.254037 0.120623 -0.003339
v -0.254037 0.120623 -0.003339
v -0.256343 0.115555 -0.012937
v -0.256343 0.115555 -0.012937
v -0.256343 0.115555 -0.012937
v -0.256343 0.115555 -0.012937
v -0.181425 0.132466 0.029911
v -0.181425 0.132466 0.029911
v -0.181691 0.135708 0.054295
v -0.181691 0.135708 0.054295
v -0.185065 0.126407 0.056456
v -0.185065 0.126407 0.056456
v -0.201209 0.118013 0.035212
v -0.201209 0.118013 0.035212
v -0.200431 0.124224 0.057249
v -0.243365 0.133938 0.011746
v -0.243365 0.133938 0.011746
v -0.243421 0.130181 -0.005901
v -0.243421 0.130181 -0.005901
v -0.243421 0.130181 -0.005901
v -0.261819 0.130906 0.029639
v -0.261819 0.130906 0.029639
v -0.261819 0.130906 0.029639
v -0.245159 0.135455 0.029386
v -0.245159 0.135455 0.029386
v -0.259353 0.106739 0.021079
v -0.259353 0.106739 0.021079
v -0.259353 0.106739 0.021079
v -0.240935 0.117945 0.034920
v -0.240935 0.117945 0.034920
v -0.242473 0.124094 0.057292
v -0.257851 0.126493 0.056332
v -0.257851 0.126493 0.056332
v -0.257851 0.126493 0.056332
v -0.253993 0.104704 0.026304
v -0.253993 0.104704 0.026304
v -0.253993 0.104704 0.026304
v -0.241685 0.103635 0.026458
v -0.241685 0.103635 0.026458
v -0.259997 0.136022 0.054355
v -0.259997 0.136022 0.054355
v -0.259997 0.136022 0.054355
v -0.297657 0.048374 0.045260
v -0.252000 0.052179 0.044229
v -0.246317 0.054368 0.008614
v -0.246317 0.054368 0.008614
v -0.246317 0.054368 0.008614
v -0.243698 0.065761 -0.002742
v -0.243698 0.065761 -0.002742
v -0.262022 0.067950 -0.008328
v -0.262022 0.067950 -0.008328
v -0.410895 0.058467 -0.272048
v -0.428990 0.053035 -0.220820
v -0.379730 0.048442 -0.212760
v -0.323047 0.048321 -0.213025
v -0.341983 0.048449 -0.266074
v -0.367703 0.052210 -0.306809
v -0.017820 0.057241 -0.520281
v 0.003405 0.058008 -0.484283
v 0.037354 0.056149 -0.507192
v 0.013288 0.067029 -0.548558
v -0.025714 0.068192 -0.548126
v 0.060260 0.065397 -0.533265
v 0.193368 0.061783 -0.015520
v 0.193368 0.061783 -0.015520
v 0.193368 0.061783 -0.015520
v 0.220776 0.057826 -0.026280
v 0.220776 0.057826 -0.026280
v 0.206697 0.055760 -0.051852
v 0.158427 0.048893 -0.036131
v 0.153765 0.048427 0.008547
v 0.189943 0.071974 -0.005273
v 0.189943 0.071974 -0.005273
v 0.194448 0.071426 -0.016793
v 0.194448 0.071426 -0.016793
v 0.228156 0.055931 0.010490
v 0.228156 0.055931 0.010490
v 0.224224 0.067934 -0.003391
v 0.149891 0.048336 0.064330
v 0.194536 0.051697 0.051555
v 0.330830 0.048572 -0.007834
v 0.324816 0.048485 -0.049606
v 0.263737 0.053172 -0.032129
v 0.263737 0.053172 -0.032129
v 0.263737 0.053172 -0.032129
v 0.236673 0.052374 0.046686
v 0.280252 0.048587 0.044976
v 0.251804 0.071461 -0.004948
v 0.251804 0.071461 -0.004948
v 0.196829 0.090779 0.018360
v 0.196829 0.090779 0.018360
v 0.195531 0.101195 0.025729
v 0.195531 0.101195 0.025729
v 0.195531 0.101195 0.025729
v 0.186988 0.105482 0.026657
v 0.186988 0.105482 0.026657
v 0.186988 0.105482 0.026657
v 0.191673 0.101704 0.012973
v 0.191673 0.101704 0.012973
v 0.254622 0.125557 0.044137
v 0.254622 0.125557 0.044137
v 0.254622 0.125557 0.044137
v 0.238101 0.122497 0.046241
v 0.238101 0.122497 0.046241
v 0.238735 0.111850 0.030203
v 0.258758 0.127820 0.024433
v 0.258758 0.127820 0.024433
v 0.258758 0.127820 0.024433
v 0.258643 0.135326 0.040151
v 0.258643 0.135326 0.040151
v 0.250617 0.109901 0.017321
v 0.250617 0.109901 0.017321
v 0.250617 0.109901 0.017321
v 0.239421 0.094404 0.021661
v 0.239421 0.094404 0.021661
v 0.240153 0.090161 0.011203
v 0.240153 0.090161 0.011203
v 0.240153 0.090161 0.011203
v 0.226128 0.088991 0.012138
v 0.226128 0.088991 0.012138
v 0.226128 0.088991 0.012138
v 0.244750 0.113500 -0.010307
v 0.244750 0.113500 -0.010307
v 0.244750 0.113500 -0.010307
v 0.187130 0.112412 -0.011846
v 0.187130 0.112412 -0.011846
v 0.189624 0.100916 -0.013726
v 0.189624 0.100916 -0.013726
v 0.189624 0.100916 -0.013726
v 0.219243 0.094909 -0.011134
v 0.219243 0.094909 -0.011134
v 0.219243 0.094909 -0.011134
v 0.203499 0.098051 0.003065
v 0.203499 0.098051 0.003065
v 0.203499 0.098051 0.003065
v 0.203499 0.098051 0.003065
v 0.201156 0.116570 0.003150
v 0.201156 0.116570 0.003150
v 0.201156 0.116570 0.003150
v 0.201156 0.116570 0.003150
v 0.195468 0.116880 0.032790
v 0.195468 0.116880 0.032790
v 0.180834 0.127348 0.054446
v 0.180834 0.127348 0.054446
v 0.188253 0.136881 0.055705
v 0.188253 0.136881 0.055705
v 0.188510 0.135331 0.031451
v 0.188510 0.135331 0.031451
v 0.189534 0.118771 0.016735
v 0.189534 0.118771 0.016735
v 0.189534 0.118771 0.016735
v 0.186474 0.132897 0.011342
v 0.186474 0.132897 0.011342
v 0.186474 0.132897 0.011342
v 0.194704 0.125716 0.052122
v 0.239224 0.132731 0.001928
v 0.239224 0.132731 0.001928
v 0.239224 0.132731 0.001928
v 0.241665 0.134792 0.020559
v 0.241665 0.134792 0.020559
v 0.228081 0.112655 0.399394
v 0.228081 0.112655 0.399394
v 0.228081 0.112655 0.399394
v 0.239749 0.125935 0.404098
v 0.239749 0.125935 0.404098
v 0.239749 0.125935 0.404098
v 0.239749 0.125935 0.404098
v 0.216770 0.134902 0.406272
v 0.216770 0.134902 0.406272
v 0.216770 0.134902 0.406272
v 0.216770 0.134902 0.406272
v 0.199233 0.131305 0.398764
v 0.199233 0.131305 0.398764
v 0.199233 0.131305 0.398764
v 0.206726 0.117082 0.400669
v 0.206726 0.117082 0.400669
v 0.216527 0.107122 0.395254
v 0.216527 0.107122 0.395254
v 0.208895 0.101180 0.389986
v 0.208895 0.101180 0.389986
v 0.208895 0.101180 0.389986
v 0.208895 0.101180 0.389986
v 0.187724 0.124913 0.388233
v 0.187724 0.124913 0.388233
v 0.187724 0.124913 0.388233
v 0.203794 0.093665 0.395687
v 0.203794 0.093665 0.395687
v 0.203794 0.093665 0.395687
v 0.203794 0.093665 0.395687
v 0.203794 0.093665 0.395687
v 0.198470 0.104568 0.381278
v 0.198470 0.104568 0.381278
v 0.227940 0.059166 0.398619
v 0.227940 0.059166 0.398619
v 0.227940 0.059166 0.398619
v 0.227944 0.076364 0.397553
v 0.227944 0.076364 0.397553
v 0.195769 0.074075 0.397672
v 0.195769 0.074075 0.397672
v 0.195769 0.074075 0.397672
v 0.186156 0.052215 0.433524
v 0.232396 0.052570 0.419694
v 0.232396 0.052570 0.419694
v 0.171775 0.049183 0.359447
v 0.121908 0.048090 0.366617
v 0.132018 0.047994 0.407832
v 0.137787 0.048165 0.451744
v 0.244942 0.105959 0.380076
v 0.244942 0.105959 0.380076
v 0.244942 0.105959 0.380076
v 0.262936 0.111790 0.386033
v 0.262936 0.111790 0.386033
v 0.260100 0.097825 0.393617
v 0.260100 0.097825 0.393617
v 0.260100 0.097825 0.393617
v 0.262772 0.125794 0.376736
v 0.262772 0.125794 0.376736
v 0.262772 0.125794 0.376736
v 0.248187 0.132282 0.380679
v 0.248187 0.132282 0.380679
v 0.234205 0.141157 0.386913
v 0.234205 0.141157 0.386913
v 0.259080 0.080961 0.396434
v 0.259080 0.080961 0.396434
v 0.259080 0.080961 0.396434
v 0.240607 0.054661 0.374672
v 0.240607 0.054661 0.374672
v 0.236239 0.066626 0.385200
v 0.261976 0.064931 0.394249
v 0.261976 0.064931 0.394249
v 0.261976 0.064931 0.394249
v 0.295084 0.048333 0.342018
v 0.247976 0.052746 0.348154
v 0.246900 0.052660 0.462240
v 0.299212 0.048488 0.443850
v 0.636975 0.065195 0.723202
v 0.636975 0.065195 0.723202
v 0.638393 0.057168 0.729853
v 0.652266 0.056228 0.723556
v 0.652266 0.056228 0.723556
v 0.647303 0.066255 0.710294
v 0.647303 0.066255 0.710294
v 0.633455 0.070065 0.710309
v 0.654429 0.058094 0.710200
v 0.654429 0.058094 0.710200
v 0.656858 0.050232 0.710005
v 0.656858 0.050232 0.710005
v 0.653702 0.048856 0.724910
v 0.653702 0.048856 0.724910
v 0.653702 0.048856 0.724910
v 0.638312 0.048679 0.731995
v 0.638312 0.048679 0.731995
v -0.014989 0.059431 0.882976
v 0.015823 0.059289 0.882239
v 0.007720 0.056804 0.857864
v -0.044203 0.054210 0.848708
v -0.056675 0.058753 0.871908
v -0.022311 0.056027 0.822484
v -0.202155 0.132508 0.396027
v -0.202155 0.132508 0.396027
v -0.202155 0.132508 0.396027
v -0.216820 0.141686 0.395466
v -0.216820 0.141686 0.395466
v -0.217067 0.125846 0.409474
v -0.217067 0.125846 0.409474
v -0.217067 0.125846 0.409474
v -0.207708 0.119086 0.403153
v -0.207708 0.119086 0.403153
v -0.207708 0.119086 0.403153
v -0.228093 0.137186 0.404504
v -0.228093 0.137186 0.404504
v -0.228093 0.137186 0.404504
v -0.240217 0.118333 0.400773
v -0.240217 0.118333 0.400773
v -0.236420 0.139827 0.388510
v -0.236420 0.139827 0.388510
v -0.236420 0.139827 0.388510
v -0.200058 0.115315 0.395716
v -0.200058 0.115315 0.395716
v -0.200058 0.115315 0.395716
v -0.200058 0.115315 0.395716
v -0.183643 0.124522 0.380350
v -0.183643 0.124522 0.380350
v -0.183643 0.124522 0.380350
v -0.192742 0.134599 0.363199
v -0.206934 0.140705 0.362591
v -0.206160 0.140841 0.376583
v -0.180706 0.131200 0.363769
v -0.180706 0.131200 0.363769
v -0.222126 0.143900 0.379717
v -0.240929 0.137999 0.369165
v -0.240929 0.137999 0.369165
v -0.257941 0.120120 0.367475
v -0.257941 0.120120 0.367475
v -0.257941 0.120120 0.367475
v -0.258774 0.108774 0.378631
v -0.258774 0.108774 0.378631
v -0.258774 0.108774 0.378631
v -0.259590 0.094938 0.384402
v -0.259590 0.094938 0.384402
v -0.259590 0.094938 0.384402
v -0.243414 0.108399 0.377083
v -0.235414 0.084854 0.385445
v -0.258939 0.079836 0.385765
v -0.258939 0.079836 0.385765
v -0.236556 0.054731 0.375317
v -0.236556 0.054731 0.375317
v -0.246578 0.052715 0.347141
v -0.301575 0.048217 0.346122
v -0.259165 0.062966 0.386353
v -0.259165 0.062966 0.386353
v -0.259165 0.062966 0.386353
v -0.234674 0.068341 0.385373
v -0.318258 0.048480 0.447433
v -0.264522 0.051169 0.460254
v -0.249723 0.052355 0.415188
v -0.243686 0.060350 0.398149
v -0.243686 0.060350 0.398149
v -0.243686 0.060350 0.398149
v -0.241510 0.093170 0.395805
v -0.241510 0.093170 0.395805
v -0.213858 0.084902 0.396798
v -0.213858 0.084902 0.396798
v -0.191146 0.084403 0.396948
v -0.191146 0.084403 0.396948
v -0.213411 0.103713 0.392238
v -0.213411 0.103713 0.392238
v -0.213411 0.103713 0.392238
v -0.213411 0.103713 0.392238
v -0.203343 0.076778 0.385251
v -0.192358 0.113243 0.373025
v -0.108831 0.048265 0.503315
v -0.165449 0.049093 0.490040
v -0.169212 0.048272 0.564919
v -0.193246 0.048028 0.641890
v -0.146851 0.048206 0.680771
v -0.056086 0.048219 0.675450
v -0.010232 0.048189 0.641672
v -0.038289 0.048024 0.571683
v -0.054909 0.048205 0.500995
v -0.653125 0.052888 0.725325
v -0.653125 0.052888 0.725325
v -0.653125 0.052888 0.725325
v -0.657091 0.051852 0.708240
v -0.657091 0.051852 0.708240
v -0.640343 0.052126 0.731435
v -0.640343 0.052126 0.731435
v -0.637596 0.067241 0.721139
v -0.637596 0.067241 0.721139
v -0.633342 0.070431 0.706571
v -0.646374 0.067645 0.707136
v -0.646374 0.067645 0.707136
v -0.653397 0.060232 0.707867
v -0.650983 0.058937 0.723203
v -0.650983 0.058937 0.723203
v -0.650983 0.058937 0.723203
v -0.639379 0.059873 0.728065
v -0.639379 0.059873 0.728065
v -0.626229 0.052988 0.734686
v -0.626229 0.052988 0.734686
v -0.624898 0.062439 0.729503
v -0.624898 0.062439 0.729503
v -0.622032 0.069219 0.719460
v -0.622032 0.069219 0.719460
v -0.609374 0.064726 0.731331
v -0.609374 0.064726 0.731331
v -0.605446 0.070052 0.719246
v -0.600359 0.071284 0.704907
v -0.617999 0.071105 0.705639
v -0.594767 0.071674 0.688677
v -0.612523 0.071592 0.689305
v -0.627631 0.071152 0.689742
v -0.605737 0.071753 0.669364
v -0.621383 0.071541 0.670235
v -0.635555 0.070692 0.671100
v -0.641131 0.069715 0.690186
v -0.641131 0.069715 0.690186
v -0.647909 0.066995 0.671359
v -0.647909 0.066995 0.671359
v -0.651230 0.063583 0.690735
v -0.651230 0.063583 0.690735
v -0.655353 0.056973 0.671258
v -0.655353 0.056973 0.671258
v -0.656714 0.053756 0.690901
v -0.656714 0.053756 0.690901
v -0.655438 0.045668 0.670508
v -0.655438 0.045668 0.670508
v -0.655438 0.045668 0.670508
v -0.655438 0.045668 0.670508
v -0.653059 0.061625 0.643200
v -0.653059 0.061625 0.643200
v -0.657586 0.050187 0.643100
v -0.657586 0.050187 0.643100
v -0.648899 0.043173 0.642721
v -0.648899 0.043173 0.642721
v -0.645188 0.042384 0.669484
v -0.645188 0.042384 0.669484
v -0.645188 0.042384 0.669484
v -0.645188 0.042384 0.669484
v -0.636223 0.040936 0.642758
v -0.636223 0.040936 0.642758
v -0.634557 0.039594 0.668712
v -0.634557 0.039594 0.668712
v -0.624230 0.038304 0.642505
v -0.624230 0.038304 0.642505
v -0.626399 0.032398 0.667587
v -0.631797 0.024410 0.686851
v -0.611607 0.034659 0.641854
v -0.611607 0.034659 0.641854
v -0.627705 0.038592 0.602196
v -0.614464 0.034334 0.602282
v -0.599655 0.030215 0.602323
v -0.599655 0.030215 0.602323
v -0.620779 0.037377 0.546871
v -0.606250 0.033135 0.546889
v -0.606250 0.033135 0.546889
v -0.593052 0.025883 0.547598
v -0.587794 0.022039 0.602591
v -0.587794 0.022039 0.602591
v -0.582365 0.015801 0.548786
v -0.582365 0.015801 0.548786
v -0.575371 0.014808 0.602787
v -0.575371 0.014808 0.602787
v -0.575371 0.014808 0.602787
v -0.575371 0.014808 0.602787
v -0.569012 0.018794 0.550013
v -0.569012 0.018794 0.550013
v -0.569012 0.018794 0.550013
v -0.564014 0.021257 0.603024
v -0.564014 0.021257 0.603024
v -0.564014 0.021257 0.603024
v -0.559651 0.030526 0.551454
v -0.559651 0.030526 0.551454
v -0.556089 0.033308 0.602937
v -0.556089 0.033308 0.602937
v -0.544352 0.041118 0.603049
v -0.544352 0.041118 0.603049
v -0.547581 0.038988 0.552757
v -0.547581 0.038988 0.552757
v -0.529673 0.036641 0.556077
v -0.526051 0.039400 0.605147
v -0.566444 0.026157 0.487928
v -0.566444 0.026157 0.487928
v -0.556490 0.037810 0.489822
v -0.556490 0.037810 0.489822
v -0.556490 0.037810 0.489822
v -0.540889 0.035511 0.490588
v -0.565588 0.034953 0.422804
v -0.565588 0.034953 0.422804
v -0.550484 0.035846 0.422547
v -0.532125 0.032424 0.420672
v -0.506592 0.027461 0.417163
v -0.557610 0.036396 0.356997
v -0.539970 0.032970 0.354747
v -0.516998 0.028252 0.351669
v -0.474726 0.019354 0.344453
v -0.459684 0.017817 0.406900
v -0.542928 0.032872 0.289800
v -0.521654 0.028370 0.285200
v -0.484793 0.020494 0.279753
v -0.428742 0.009513 0.271574
v -0.416696 0.008193 0.330285
v -0.525676 0.028162 0.226396
v -0.490668 0.020334 0.222656
v -0.435926 0.009268 0.220809
v -0.375698 0.000713 0.258399
v -0.493484 0.014545 0.184644
v -0.438345 0.003599 0.183321
v -0.487782 0.021110 0.137023
v -0.431872 0.009851 0.142876
v -0.470940 0.019024 0.069859
v -0.415876 0.008107 0.086749
v -0.363206 -0.000801 0.108739
v -0.319368 -0.007283 0.137144
v -0.391017 0.005231 0.027719
v -0.338859 -0.003537 0.058203
v -0.291659 -0.009725 0.094626
v -0.259222 -0.021726 0.122716
v -0.290471 -0.021138 0.163943
v -0.305153 -0.007300 0.004521
v -0.261159 -0.013139 0.040814
v -0.225520 -0.018079 0.071273
v -0.203870 -0.019918 0.088440
v -0.237278 -0.028958 0.144329
v -0.215001 -0.017227 -0.010244
v -0.182444 -0.020398 0.024194
v -0.166780 -0.021634 0.040208
v -0.154624 -0.022318 0.052294
v -0.187875 -0.020868 0.098821
v -0.131773 -0.021498 -0.020353
v -0.121788 -0.021934 -0.000038
v -0.113721 -0.022409 0.014390
v -0.107190 -0.022905 0.024918
v -0.145151 -0.022868 0.061317
v -0.070504 -0.021204 -0.030674
v -0.066130 -0.021437 -0.015184
v -0.062017 -0.021862 -0.000532
v -0.057812 -0.023967 0.011266
v -0.057812 -0.023967 0.011266
v -0.100728 -0.025559 0.034627
v -0.100728 -0.025559 0.034627
v -0.100728 -0.025559 0.034627
v -0.010070 -0.020649 -0.032118
v -0.009859 -0.021095 -0.012963
v -0.008377 -0.022613 0.000810
v -0.008377 -0.022613 0.000810
v -0.007362 -0.032000 0.009255
v -0.054714 -0.032980 0.019132
v -0.054714 -0.032980 0.019132
v 0.050095 -0.021051 -0.009916
v 0.047525 -0.022337 0.005087
v 0.047525 -0.022337 0.005087
v 0.044635 -0.031353 0.014956
v 0.042032 -0.040477 0.023433
v 0.042032 -0.040477 0.023433
v -0.006290 -0.040484 0.017857
v -0.006290 -0.040484 0.017857
v 0.098252 -0.023758 0.027001
v 0.098252 -0.023758 0.027001
v 0.092006 -0.032103 0.036038
v 0.086076 -0.040874 0.044818
v 0.077819 -0.047595 0.057313
v 0.037699 -0.047384 0.038998
v 0.037699 -0.047384 0.038998
v 0.129112 -0.031759 0.069481
v 0.122714 -0.040061 0.075684
v 0.110790 -0.047080 0.086216
v 0.098288 -0.061581 0.097537
v 0.067816 -0.061094 0.070415
v 0.147550 -0.039597 0.116830
v 0.147550 -0.039597 0.116830
v 0.132351 -0.047585 0.124005
v 0.132351 -0.047585 0.124005
v 0.118793 -0.060951 0.131126
v 0.118793 -0.060951 0.131126
v 0.068918 -0.080751 0.126790
v 0.145235 -0.047226 0.164999
v 0.145235 -0.047226 0.164999
v 0.127762 -0.061464 0.168583
v 0.127762 -0.061464 0.168583
v 0.145816 -0.047509 0.208668
v 0.145816 -0.047509 0.208668
v 0.145816 -0.047509 0.208668
v 0.126469 -0.062334 0.206744
v 0.126469 -0.062334 0.206744
v 0.126469 -0.062334 0.206744
v 0.133734 -0.048530 0.249840
v 0.133734 -0.048530 0.249840
v 0.115886 -0.062191 0.242280
v 0.115886 -0.062191 0.242280
v 0.080482 -0.082031 0.227407
v 0.080482 -0.082031 0.227407
v 0.047192 -0.109830 0.211980
v 0.096529 -0.061875 0.273623
v 0.066573 -0.083286 0.248400
v 0.039404 -0.110796 0.223955
v 0.024473 -0.126755 0.208463
v 0.030749 -0.124995 0.198683
v 0.030749 -0.124995 0.198683
v 0.047739 -0.084795 0.264415
v 0.028264 -0.111497 0.233190
v 0.017036 -0.126249 0.216345
v 0.008895 -0.134811 0.206901
v 0.016063 -0.135126 0.199103
v 0.016063 -0.135126 0.199103
v 0.009008 -0.140791 0.190373
v 0.009008 -0.140791 0.190373
v 0.009008 -0.140791 0.190373
v 0.014549 -0.135291 0.180869
v 0.022149 -0.132035 0.188743
v 0.022149 -0.132035 0.188743
v 0.001531 -0.140874 0.199474
v 0.001531 -0.140874 0.199474
v -0.006384 -0.141587 0.190705
v -0.006384 -0.141587 0.190705
v -0.007059 -0.135641 0.206334
v -0.007059 -0.135641 0.206334
v -0.007059 -0.135641 0.206334
v -0.013551 -0.136432 0.198463
v -0.013551 -0.136432 0.198463
v -0.019562 -0.133359 0.188228
v -0.012497 -0.136212 0.180988
v -0.012497 -0.136212 0.180988
v -0.015369 -0.127725 0.214437
v -0.015369 -0.127725 0.214437
v -0.015369 -0.127725 0.214437
v -0.021330 -0.128999 0.206336
v -0.026388 -0.115349 0.227657
v -0.026388 -0.115349 0.227657
v -0.034209 -0.117227 0.216390
v -0.047429 -0.090650 0.253898
v -0.047429 -0.090650 0.253898
v -0.061608 -0.091602 0.235347
v -0.073838 -0.062197 0.286623
v -0.073838 -0.062197 0.286623
v -0.096524 -0.063225 0.256806
v -0.096524 -0.063225 0.256806
v -0.108503 -0.064880 0.220848
v -0.108503 -0.064880 0.220848
v -0.118916 -0.051368 0.270108
v -0.118916 -0.051368 0.270108
v -0.133778 -0.052453 0.226511
v -0.133778 -0.052453 0.226511
v -0.134743 -0.054083 0.178632
v -0.108311 -0.066955 0.183217
v -0.125231 -0.055815 0.135068
v -0.125231 -0.055815 0.135068
v -0.096047 -0.070680 0.149785
v -0.096047 -0.070680 0.149785
v -0.103928 -0.057872 0.099088
v -0.103928 -0.057872 0.099088
v -0.076939 -0.074259 0.124592
v -0.076939 -0.074259 0.124592
v -0.047266 -0.104044 0.152269
v -0.027631 -0.124228 0.174310
v -0.053810 -0.076938 0.106716
v -0.053810 -0.076938 0.106716
v -0.033338 -0.106964 0.142824
v -0.033338 -0.106964 0.142824
v -0.019765 -0.126030 0.167668
v -0.019765 -0.126030 0.167668
v -0.017668 -0.109046 0.138083
v -0.017668 -0.109046 0.138083
v -0.029880 -0.077918 0.096171
v -0.029880 -0.077918 0.096171
v -0.002657 -0.078279 0.092496
v -0.002657 -0.078279 0.092496
v -0.001321 -0.110161 0.137092
v 0.023649 -0.079271 0.096373
v 0.015003 -0.110750 0.139669
v 0.048117 -0.080227 0.108211
v 0.029220 -0.110555 0.146268
v 0.019845 -0.126662 0.168283
v 0.041102 -0.109569 0.156345
v 0.028356 -0.124665 0.175916
v 0.033247 -0.059494 0.057395
v -0.004681 -0.059197 0.052245
v -0.004681 -0.059197 0.052245
v -0.005610 -0.047053 0.033258
v -0.005610 -0.047053 0.033258
v -0.041193 -0.059127 0.058849
v -0.041193 -0.059127 0.058849
v -0.046665 -0.047220 0.041160
v -0.046665 -0.047220 0.041160
v -0.051696 -0.040451 0.026656
v -0.051696 -0.040451 0.026656
v -0.083631 -0.047453 0.060732
v -0.083631 -0.047453 0.060732
v -0.091617 -0.041661 0.048762
v -0.091617 -0.041661 0.048762
v -0.096597 -0.034331 0.041030
v -0.096597 -0.034331 0.041030
v -0.096597 -0.034331 0.041030
v -0.122970 -0.042191 0.081563
v -0.122970 -0.042191 0.081563
v -0.130885 -0.034819 0.074351
v -0.136311 -0.025303 0.069107
v -0.136311 -0.025303 0.069107
v -0.156114 -0.032368 0.116935
v -0.162622 -0.023764 0.112080
v -0.162622 -0.023764 0.112080
v -0.174840 -0.022097 0.105159
v -0.182964 -0.020485 0.170934
v -0.182964 -0.020485 0.170934
v -0.171603 -0.026142 0.172012
v -0.171603 -0.026142 0.172012
v -0.174553 -0.021748 0.239404
v -0.174553 -0.021748 0.239404
v -0.165058 -0.032315 0.235778
v -0.144124 -0.029792 0.286519
v -0.144124 -0.029792 0.286519
v -0.153711 -0.023149 0.293150
v -0.153711 -0.023149 0.293150
v -0.166386 -0.037257 0.173765
v -0.152265 -0.044960 0.176054
v -0.153801 -0.042349 0.231997
v -0.149587 -0.040508 0.121735
v -0.149587 -0.040508 0.121735
v -0.137897 -0.046366 0.128208
v -0.137897 -0.046366 0.128208
v -0.113179 -0.047450 0.090432
v -0.113179 -0.047450 0.090432
v -0.074386 -0.058585 0.075044
v -0.074386 -0.058585 0.075044
v -0.133738 -0.041756 0.279696
v -0.133738 -0.041756 0.279696
v -0.090916 -0.049006 0.305869
v -0.103411 -0.039776 0.319201
v -0.103411 -0.039776 0.319201
v -0.103411 -0.039776 0.319201
v -0.048112 -0.046939 0.334074
v -0.048112 -0.046939 0.334074
v -0.053165 -0.038036 0.352394
v -0.053165 -0.038036 0.352394
v -0.053165 -0.038036 0.352394
v 0.002045 -0.045816 0.344256
v 0.002045 -0.045816 0.344256
v 0.005010 -0.036188 0.363684
v 0.005010 -0.036188 0.363684
v 0.045681 -0.046478 0.335408
v 0.045681 -0.046478 0.335408
v 0.051377 -0.038800 0.352080
v 0.051377 -0.038800 0.352080
v 0.055668 -0.022727 0.362480
v 0.055668 -0.022727 0.362480
v 0.091853 -0.039599 0.328687
v 0.097653 -0.029470 0.335784
v 0.097653 -0.029470 0.335784
v 0.104650 -0.023519 0.345737
v 0.104650 -0.023519 0.345737
v 0.058325 -0.022417 0.379513
v 0.111555 -0.023181 0.358951
v 0.140160 -0.023201 0.309735
v 0.140160 -0.023201 0.309735
v 0.151181 -0.022814 0.318795
v 0.164783 -0.022125 0.330844
v 0.121623 -0.021867 0.371523
v 0.182208 -0.020917 0.346960
v 0.139178 -0.022112 0.389202
v 0.214060 -0.018095 0.378156
v 0.171625 -0.019998 0.420250
v 0.255313 -0.013415 0.417433
v 0.215448 -0.015106 0.461659
v 0.169098 -0.013181 0.496929
v 0.261718 -0.007847 0.505781
v 0.211799 -0.006250 0.544018
v 0.156026 -0.002760 0.574002
v 0.251893 0.002583 0.592418
v 0.192468 0.005841 0.624472
v 0.135748 0.008168 0.649647
v 0.104790 -0.000929 0.592418
v 0.078702 0.009438 0.667031
v 0.057943 0.000090 0.604267
v 0.029865 0.008644 0.673938
v 0.023522 -0.006988 0.610048
v 0.000522 0.000269 0.676591
v -0.002852 -0.009804 0.612197
v -0.027381 0.008529 0.675484
v -0.028150 -0.004833 0.612018
v -0.030249 -0.018472 0.549309
v -0.030249 -0.018472 0.549309
v -0.063434 0.000834 0.609218
v -0.074845 0.009980 0.670785
v -0.133048 0.009017 0.655252
v -0.111104 -0.000005 0.598222
v -0.190615 0.006964 0.631597
v -0.164103 -0.002082 0.577869
v -0.247536 0.003935 0.601622
v -0.211852 -0.005481 0.549258
v -0.169327 -0.013052 0.498489
v -0.124264 -0.017803 0.455659
v -0.254824 -0.007844 0.513920
v -0.203944 -0.015507 0.466631
v -0.151956 -0.020223 0.426096
v -0.109646 -0.021935 0.401803
v -0.237020 -0.014497 0.428004
v -0.185777 -0.019783 0.388152
v -0.149618 -0.022283 0.359831
v -0.266506 -0.013205 0.380619
v -0.291821 -0.007132 0.470305
v -0.321152 -0.005647 0.417295
v -0.343479 -0.002570 0.360690
v -0.378902 0.005331 0.449666
v -0.400853 0.006707 0.388253
v -0.360443 -0.000926 0.309921
v -0.346908 0.003110 0.511378
v -0.300277 0.002899 0.563138
v -0.278694 0.014922 0.654634
v -0.218827 0.017446 0.685303
v -0.241591 0.027292 0.729457
v -0.302961 0.025622 0.698189
v -0.253459 0.032954 0.753186
v -0.314682 0.031277 0.721088
v -0.379533 0.032248 0.680739
v -0.322383 0.034937 0.736648
v -0.385153 0.036266 0.698700
v -0.449233 0.032992 0.663116
v -0.389342 0.038903 0.712364
v -0.389342 0.038903 0.712364
v -0.452174 0.038648 0.677595
v -0.452174 0.038648 0.677595
v -0.504613 0.040455 0.654019
v -0.504613 0.040455 0.654019
v -0.501582 0.039101 0.636798
v -0.453305 0.031892 0.690158
v -0.505863 0.033177 0.665092
v -0.454539 0.020920 0.700985
v -0.454539 0.020920 0.700985
v -0.506687 0.023126 0.674902
v -0.457467 0.015277 0.714030
v -0.457467 0.015277 0.714030
v -0.457467 0.015277 0.714030
v -0.457467 0.015277 0.714030
v -0.507990 0.016994 0.687837
v -0.507990 0.016994 0.687837
v -0.459254 0.023304 0.725459
v -0.459254 0.023304 0.725459
v -0.509005 0.022527 0.700663
v -0.509005 0.022527 0.700663
v -0.461998 0.032308 0.737682
v -0.510543 0.031956 0.713191
v -0.510543 0.031956 0.713191
v -0.548685 0.030577 0.696946
v -0.548685 0.030577 0.696946
v -0.513355 0.037092 0.727067
v -0.552771 0.035676 0.710270
v -0.552771 0.035676 0.710270
v -0.579924 0.029917 0.706011
v -0.579924 0.029917 0.706011
v -0.576232 0.022875 0.693911
v -0.556392 0.039329 0.724423
v -0.583912 0.037772 0.716736
v -0.583912 0.037772 0.716736
v -0.602621 0.033178 0.717613
v -0.602621 0.033178 0.717613
v -0.587495 0.041606 0.728854
v -0.587495 0.041606 0.728854
v -0.605857 0.040763 0.723915
v -0.605857 0.040763 0.723915
v -0.591118 0.045105 0.740317
v -0.591118 0.045105 0.740317
v -0.609500 0.044452 0.734226
v -0.609500 0.044452 0.734226
v -0.591371 0.056255 0.741691
v -0.591371 0.056255 0.741691
v -0.610986 0.054420 0.737822
v -0.610986 0.054420 0.737822
v -0.588962 0.066770 0.733680
v -0.588962 0.066770 0.733680
v -0.561357 0.058725 0.748633
v -0.561357 0.058725 0.748633
v -0.561357 0.058725 0.748633
v -0.557612 0.068259 0.739081
v -0.557612 0.068259 0.739081
v -0.552415 0.070705 0.725696
v -0.584674 0.070345 0.720575
v -0.546320 0.071574 0.711035
v -0.579151 0.071444 0.705671
v -0.539336 0.071673 0.695562
v -0.572832 0.071665 0.689318
v -0.530679 0.070786 0.677247
v -0.566053 0.071121 0.670514
v -0.588471 0.071545 0.669133
v -0.559373 0.066071 0.642024
v -0.581671 0.070901 0.640866
v -0.599413 0.071839 0.642001
v -0.574454 0.070040 0.593509
v -0.592383 0.071585 0.594738
v -0.607876 0.071958 0.595918
v -0.614884 0.071850 0.643145
v -0.622698 0.071729 0.597080
v -0.629433 0.071261 0.643484
v -0.636871 0.070688 0.598176
v -0.642834 0.069424 0.643395
v -0.642834 0.069424 0.643395
v -0.650250 0.066580 0.599347
v -0.650250 0.066580 0.599347
v -0.631423 0.071490 0.543663
v -0.646244 0.069635 0.545351
v -0.646244 0.069635 0.545351
v -0.658138 0.061593 0.546866
v -0.658138 0.061593 0.546866
v -0.657841 0.055350 0.600475
v -0.657841 0.055350 0.600475
v -0.662197 0.048545 0.547858
v -0.662197 0.048545 0.547858
v -0.662197 0.048545 0.547858
v -0.654386 0.044263 0.601413
v -0.654386 0.044263 0.601413
v -0.654386 0.044263 0.601413
v -0.650116 0.042380 0.547530
v -0.650116 0.042380 0.547530
v -0.641164 0.041497 0.601959
v -0.635518 0.039121 0.547046
v -0.661530 0.043575 0.489248
v -0.661530 0.043575 0.489248
v -0.647356 0.040795 0.485438
v -0.632216 0.038090 0.482824
v -0.617283 0.035196 0.481171
v -0.617283 0.035196 0.481171
v -0.612646 0.032058 0.420559
v -0.612646 0.032058 0.420559
v -0.602781 0.029837 0.481376
v -0.602781 0.029837 0.481376
v -0.598352 0.022959 0.420520
v -0.591259 0.018877 0.484731
v -0.591259 0.018877 0.484731
v -0.577532 0.015265 0.486498
v -0.577532 0.015265 0.486498
v -0.577532 0.015265 0.486498
v -0.586135 0.013932 0.422381
v -0.586135 0.013932 0.422381
v -0.586135 0.013932 0.422381
v -0.573369 0.021790 0.422402
v -0.573369 0.021790 0.422402
v -0.573369 0.021790 0.422402
v -0.593867 0.014280 0.362712
v -0.593867 0.014280 0.362712
v -0.579965 0.019007 0.360955
v -0.579965 0.019007 0.360955
v -0.570775 0.032175 0.359174
v -0.570775 0.032175 0.359174
v -0.599618 0.016909 0.305853
v -0.599618 0.016909 0.305853
v -0.584899 0.017188 0.301482
v -0.584899 0.017188 0.301482
v -0.584899 0.017188 0.301482
v -0.574554 0.028231 0.297774
v -0.574554 0.028231 0.297774
v -0.574554 0.028231 0.297774
v -0.561002 0.035769 0.293633
v -0.587500 0.016070 0.241249
v -0.587500 0.016070 0.241249
v -0.576326 0.025479 0.238940
v -0.576326 0.025479 0.238940
v -0.564284 0.031510 0.235294
v -0.564284 0.031510 0.235294
v -0.547853 0.031614 0.230620
v -0.574821 0.026223 0.181343
v -0.563131 0.035547 0.182651
v -0.563131 0.035547 0.182651
v -0.549589 0.028953 0.183864
v -0.528559 0.021761 0.185824
v -0.557670 0.036204 0.119804
v -0.557670 0.036204 0.119804
v -0.542576 0.032995 0.125137
v -0.522746 0.028766 0.130772
v -0.531459 0.031972 0.051408
v -0.510178 0.027498 0.057848
v -0.511490 0.030094 -0.020377
v -0.487588 0.025376 -0.012915
v -0.444993 0.016093 0.003078
v -0.457203 0.023062 -0.083608
v -0.410788 0.012554 -0.062658
v -0.356496 0.001078 -0.031785
v -0.369838 0.008662 -0.125234
v -0.312984 -0.003691 -0.088715
v -0.257300 -0.012190 -0.048192
v -0.263639 -0.005574 -0.140837
v -0.325224 0.007428 -0.181548
v -0.281978 0.008510 -0.230267
v -0.217976 -0.003591 -0.188560
v -0.246724 0.012468 -0.272915
v -0.187066 0.001830 -0.232859
v -0.117573 -0.004187 -0.205087
v -0.055727 0.002113 -0.255782
v -0.061371 -0.006081 -0.192902
v -0.027179 -0.004679 -0.256638
v -0.053904 0.011953 -0.320945
v -0.023082 0.008056 -0.324273
v -0.004026 0.001270 -0.329084
v -0.007956 -0.009603 -0.258038
v 0.014072 0.003238 -0.330839
v 0.014072 0.003238 -0.330839
v 0.011846 -0.008870 -0.260012
v 0.011846 -0.008870 -0.260012
v 0.034777 0.013604 -0.330938
v 0.034777 0.013604 -0.330938
v 0.028804 0.000284 -0.262575
v 0.028804 0.000284 -0.262575
v 0.031053 -0.014252 -0.196866
v 0.031053 -0.014252 -0.196866
v 0.061938 0.005047 -0.266685
v 0.070374 0.014206 -0.332724
v 0.128843 0.015105 -0.328036
v 0.111864 0.004617 -0.266029
v 0.196951 0.014545 -0.308380
v 0.170970 0.004433 -0.253784
v 0.263892 0.014906 -0.276852
v 0.230071 0.003020 -0.226627
v 0.196609 -0.006411 -0.174694
v 0.157845 -0.013353 -0.127154
v 0.288249 0.001954 -0.188551
v 0.247372 -0.007524 -0.140582
v 0.204804 -0.014655 -0.093946
v 0.296815 -0.005642 -0.097813
v 0.251992 -0.012435 -0.052689
v 0.211023 -0.017600 -0.008953
v 0.174956 -0.021015 0.028141
v 0.293921 -0.008668 -0.004684
v 0.249631 -0.014662 0.039588
v 0.212387 -0.018817 0.080790
v 0.192246 -0.020527 0.094842
v 0.158293 -0.022229 0.044894
v 0.277447 -0.011235 0.090414
v 0.326673 -0.005066 0.047060
v 0.352493 -0.002315 0.101909
v 0.379101 0.003427 0.011381
v 0.409681 0.007245 0.071263
v 0.432943 0.010263 0.132440
v 0.373661 -0.000488 0.151051
v 0.447081 0.006793 0.173635
v 0.386355 -0.005332 0.183521
v 0.323651 -0.014548 0.210257
v 0.276150 -0.014884 0.245890
v 0.395902 -0.000972 0.213749
v 0.337873 -0.005028 0.237344
v 0.293107 -0.009636 0.271457
v 0.454899 0.007803 0.206495
v 0.461540 0.015293 0.250119
v 0.507903 0.020045 0.208848
v 0.511003 0.025656 0.254476
v 0.513225 0.027063 0.325545
v 0.468562 0.017605 0.317650
v 0.507020 0.027252 0.407457
v 0.460815 0.017545 0.393935
v 0.488487 0.026983 0.491495
v 0.440845 0.016878 0.469261
v 0.385209 0.005083 0.438162
v 0.334125 -0.003487 0.401981
v 0.406515 0.015324 0.539541
v 0.352948 0.002653 0.499740
v 0.301999 -0.006973 0.458705
v 0.290096 -0.009189 0.362866
v 0.307854 0.002374 0.551135
v 0.352521 0.014919 0.597142
v 0.289846 0.013294 0.642121
v 0.390031 0.026865 0.638427
v 0.321010 0.024958 0.684777
v 0.255977 0.026154 0.718803
v 0.227671 0.016018 0.675276
v 0.195588 0.027655 0.746613
v 0.167990 0.018245 0.702314
v 0.129776 0.028635 0.769777
v 0.103862 0.019489 0.723792
v 0.211856 0.031703 0.771135
v 0.151256 0.034138 0.795656
v 0.086916 0.033266 0.815070
v 0.224987 0.031200 0.786865
v 0.164981 0.037640 0.811715
v 0.102432 0.034505 0.835181
v 0.174638 0.040345 0.825290
v 0.174638 0.040345 0.825290
v 0.112198 0.041311 0.848814
v 0.112198 0.041311 0.848814
v 0.070304 0.041901 0.860344
v 0.070304 0.041901 0.860344
v 0.061934 0.038787 0.843434
v 0.054229 0.035390 0.825144
v 0.021340 0.026374 0.823871
v 0.021340 0.026374 0.823871
v 0.119706 0.030431 0.858119
v 0.181695 0.030542 0.834396
v 0.188618 0.018206 0.843839
v 0.188618 0.018206 0.843839
v 0.127816 0.017987 0.868147
v 0.127816 0.017987 0.868147
v 0.197252 0.013202 0.856096
v 0.197252 0.013202 0.856096
v 0.137055 0.017142 0.882155
v 0.137055 0.017142 0.882155
v 0.204556 0.023963 0.864851
v 0.145509 0.028256 0.892152
v 0.145509 0.028256 0.892152
v 0.098825 0.031204 0.914748
v 0.098825 0.031204 0.914748
v 0.154646 0.034265 0.904545
v 0.154646 0.034265 0.904545
v 0.105713 0.036560 0.931281
v 0.072564 0.037180 0.948614
v 0.072564 0.037180 0.948614
v 0.069632 0.031449 0.928419
v 0.069632 0.031449 0.928419
v 0.053909 0.018438 0.938295
v 0.053909 0.018438 0.938295
v 0.112759 0.039290 0.944906
v 0.163319 0.038288 0.916992
v 0.173127 0.040330 0.928945
v 0.120732 0.041215 0.957835
v 0.182157 0.042532 0.940883
v 0.182157 0.042532 0.940883
v 0.130583 0.043802 0.968489
v 0.130583 0.043802 0.968489
v 0.130583 0.043802 0.968489
v 0.186961 0.053446 0.944625
v 0.186961 0.053446 0.944625
v 0.133693 0.056310 0.967726
v 0.133693 0.056310 0.967726
v 0.077747 0.059764 0.990922
v 0.077747 0.059764 0.990922
v 0.131658 0.067189 0.958255
v 0.131658 0.067189 0.958255
v 0.077168 0.068285 0.979469
v 0.077168 0.068285 0.979469
v 0.019952 0.069992 0.998240
v 0.021796 0.063095 1.013819
v 0.021796 0.063095 1.013819
v -0.035286 0.069866 0.992991
v -0.036925 0.063453 1.006489
v -0.036925 0.063453 1.006489
v -0.036925 0.063453 1.006489
v -0.038786 0.051283 1.012844
v -0.038786 0.051283 1.012844
v -0.038786 0.051283 1.012844
v -0.040982 0.039284 0.998961
v -0.040982 0.039284 0.998961
v -0.040982 0.039284 0.998961
v -0.096097 0.061567 0.981235
v -0.096097 0.061567 0.981235
v -0.096682 0.049899 0.987359
v -0.096682 0.049899 0.987359
v -0.096682 0.049899 0.987359
v -0.091755 0.042510 0.979537
v -0.091755 0.042510 0.979537
v -0.086686 0.040793 0.966866
v -0.047460 0.035332 0.989005
v -0.047460 0.035332 0.989005
v -0.047460 0.035332 0.989005
v -0.151255 0.046537 0.961295
v -0.151255 0.046537 0.961295
v -0.143245 0.041393 0.951746
v -0.133972 0.039403 0.940067
v -0.125749 0.037340 0.927560
v -0.081799 0.038996 0.953681
v -0.081799 0.038996 0.953681
v -0.201835 0.040670 0.920354
v -0.192812 0.038492 0.908254
v -0.184386 0.035102 0.896527
v -0.176573 0.029968 0.883776
v -0.176573 0.029968 0.883776
v -0.118627 0.033103 0.914220
v -0.255244 0.036554 0.876261
v -0.247876 0.034355 0.867485
v -0.237879 0.027353 0.853412
v -0.237879 0.027353 0.853412
v -0.237879 0.027353 0.853412
v -0.232001 0.014875 0.846055
v -0.232001 0.014875 0.846055
v -0.232001 0.014875 0.846055
v -0.169152 0.020095 0.874133
v -0.169152 0.020095 0.874133
v -0.169152 0.020095 0.874133
v -0.169152 0.020095 0.874133
v -0.288800 0.013417 0.815299
v -0.288800 0.013417 0.815299
v -0.281285 0.015946 0.803082
v -0.281285 0.015946 0.803082
v -0.224118 0.015314 0.834079
v -0.224118 0.015314 0.834079
v -0.344182 0.015574 0.781971
v -0.344182 0.015574 0.781971
v -0.337927 0.017377 0.769842
v -0.337927 0.017377 0.769842
v -0.333323 0.028369 0.760172
v -0.275480 0.027113 0.793378
v -0.400674 0.013723 0.747290
v -0.400674 0.013723 0.747290
v -0.400674 0.013723 0.747290
v -0.396252 0.018373 0.734254
v -0.396252 0.018373 0.734254
v -0.392714 0.030453 0.723730
v -0.328817 0.037539 0.750297
v -0.328817 0.037539 0.750297
v -0.262049 0.036714 0.769692
v -0.269929 0.037243 0.784282
v -0.269929 0.037243 0.784282
v -0.202310 0.036525 0.799649
v -0.210872 0.036874 0.814642
v -0.210872 0.036874 0.814642
v -0.216848 0.025773 0.823726
v -0.146977 0.036834 0.841473
v -0.146977 0.036834 0.841473
v -0.153484 0.023515 0.851680
v -0.161309 0.014075 0.863841
v -0.161309 0.014075 0.863841
v -0.161309 0.014075 0.863841
v -0.100752 0.020884 0.874068
v -0.100752 0.020884 0.874068
v -0.108211 0.015143 0.889059
v -0.108211 0.015143 0.889059
v -0.108211 0.015143 0.889059
v -0.114287 0.026605 0.900370
v -0.114287 0.026605 0.900370
v -0.075195 0.019008 0.905532
v -0.075195 0.019008 0.905532
v -0.075195 0.019008 0.905532
v -0.075612 0.030975 0.921969
v -0.075612 0.030975 0.921969
v -0.075612 0.030975 0.921969
v -0.076918 0.036314 0.939659
v -0.076918 0.036314 0.939659
v -0.052334 0.024583 0.959051
v -0.052334 0.024583 0.959051
v -0.051115 0.030285 0.974971
v -0.051115 0.030285 0.974971
v -0.051115 0.030285 0.974971
v -0.033450 0.015769 0.980417
v -0.033450 0.015769 0.980417
v -0.033450 0.015769 0.980417
v -0.033450 0.015769 0.980417
v -0.006314 0.001343 1.002612
v -0.006314 0.001343 1.002612
v -0.006314 0.001343 1.002612
v -0.071905 0.018182 0.888490
v -0.071905 0.018182 0.888490
v -0.071905 0.018182 0.888490
v -0.066728 0.031943 0.874490
v -0.066728 0.031943 0.874490
v -0.066728 0.031943 0.874490
v -0.053707 0.016808 0.875593
v -0.093457 0.035484 0.863224
v -0.093457 0.035484 0.863224
v -0.083459 0.038682 0.844826
v -0.056176 0.040337 0.852868
v -0.056176 0.040337 0.852868
v -0.137240 0.038589 0.826294
v -0.125083 0.034773 0.807072
v -0.193020 0.033633 0.782186
v -0.180051 0.028663 0.756597
v -0.112158 0.029137 0.777099
v -0.091269 0.020230 0.730343
v -0.158049 0.019384 0.711195
v -0.044996 0.020804 0.855198
v -0.044996 0.020804 0.855198
v -0.028762 0.001739 0.830206
v -0.028762 0.001739 0.830206
v -0.043367 -0.000707 0.853721
v -0.043367 -0.000707 0.853721
v -0.043367 -0.000707 0.853721
v -0.040629 0.002002 0.880744
v -0.040629 0.002002 0.880744
v -0.020914 -0.001953 0.861753
v -0.020614 0.002976 0.887059
v -0.010401 -0.004942 0.840188
v 0.027319 -0.004961 0.845216
v 0.027319 -0.004961 0.845216
v -0.209600 0.043500 0.931657
v -0.209600 0.043500 0.931657
v -0.151766 0.059386 0.957445
v -0.151766 0.059386 0.957445
v -0.151766 0.059386 0.957445
v -0.211682 0.056625 0.931534
v -0.211682 0.056625 0.931534
v -0.148913 0.068426 0.947125
v -0.148913 0.068426 0.947125
v -0.209243 0.067748 0.921676
v -0.209243 0.067748 0.921676
v -0.269863 0.067171 0.894356
v -0.269863 0.067171 0.894356
v -0.205082 0.070711 0.907790
v -0.264520 0.070598 0.880875
v -0.320592 0.070409 0.853447
v -0.328353 0.066340 0.866628
v -0.328353 0.066340 0.866628
v -0.328353 0.066340 0.866628
v -0.372214 0.070324 0.822924
v -0.380729 0.066126 0.835291
v -0.380729 0.066126 0.835291
v -0.419439 0.070039 0.794620
v -0.426603 0.065181 0.806903
v -0.426603 0.065181 0.806903
v -0.430680 0.053085 0.813858
v -0.428067 0.042254 0.809367
v -0.428067 0.042254 0.809367
v -0.474857 0.064049 0.782901
v -0.474857 0.064049 0.782901
v -0.479133 0.051522 0.788656
v -0.479133 0.051522 0.788656
v -0.476410 0.042242 0.779962
v -0.476410 0.042242 0.779962
v -0.471053 0.040029 0.765517
v -0.420413 0.039625 0.796652
v -0.523855 0.048380 0.766782
v -0.523855 0.048380 0.766782
v -0.520981 0.042274 0.755593
v -0.516975 0.039670 0.741244
v -0.466200 0.037185 0.751402
v -0.560345 0.042063 0.738312
v -0.563111 0.046264 0.750311
v -0.563111 0.046264 0.750311
v -0.520224 0.061368 0.762641
v -0.520224 0.061368 0.762641
v -0.467699 0.069652 0.770881
v -0.513847 0.068984 0.751876
v -0.459899 0.071262 0.757306
v -0.506538 0.070949 0.738718
v -0.452032 0.071723 0.743394
v -0.498862 0.071651 0.724628
v -0.443362 0.071397 0.728775
v -0.490888 0.071564 0.709690
v -0.429990 0.066317 0.707402
v -0.480795 0.069675 0.690383
v -0.410074 0.056728 0.676502
v -0.465264 0.057799 0.658607
v -0.518973 0.057632 0.647122
v -0.443293 0.048461 0.609033
v -0.503850 0.049158 0.598428
v -0.550339 0.056892 0.593271
v -0.488824 0.049040 0.543076
v -0.537349 0.058667 0.538214
v -0.565696 0.065503 0.537544
v -0.525872 0.048780 0.485398
v -0.555072 0.052021 0.484027
v -0.573155 0.067385 0.482597
v -0.583373 0.070633 0.538354
v -0.592968 0.071267 0.484431
v -0.600069 0.071778 0.540120
v -0.611000 0.071962 0.486184
v -0.616003 0.071956 0.541927
v -0.627535 0.071929 0.487574
v -0.608541 0.071825 0.430494
v -0.626158 0.072023 0.431433
v -0.643114 0.071530 0.432410
v -0.643657 0.070875 0.488797
v -0.659110 0.069597 0.433044
v -0.659110 0.069597 0.433044
v -0.658688 0.067243 0.489966
v -0.658688 0.067243 0.489966
v -0.671373 0.059823 0.433371
v -0.671373 0.059823 0.433371
v -0.667045 0.055004 0.490401
v -0.667045 0.055004 0.490401
v -0.673358 0.045473 0.432211
v -0.673358 0.045473 0.432211
v -0.673358 0.045473 0.432211
v -0.673358 0.045473 0.432211
v -0.673573 0.063289 0.377267
v -0.673573 0.063289 0.377267
v -0.679557 0.050401 0.378062
v -0.679557 0.050401 0.378062
v -0.674556 0.064570 0.316563
v -0.674556 0.064570 0.316563
v -0.681003 0.051988 0.317491
v -0.681003 0.051988 0.317491
v -0.672838 0.043465 0.320816
v -0.672838 0.043465 0.320816
v -0.681353 0.053155 0.251168
v -0.681353 0.053155 0.251168
v -0.673843 0.041504 0.253439
v -0.673843 0.041504 0.253439
v -0.658581 0.035844 0.254659
v -0.656451 0.040955 0.324600
v -0.656451 0.040955 0.324600
v -0.642737 0.036285 0.253700
v -0.656269 0.041130 0.181695
v -0.640405 0.038722 0.180367
v -0.627027 0.034800 0.251918
v -0.612385 0.029611 0.249844
v -0.612385 0.029611 0.249844
v -0.601555 0.018879 0.243721
v -0.601555 0.018879 0.243721
v -0.586112 0.015844 0.180617
v -0.586112 0.015844 0.180617
v -0.579594 0.015767 0.112310
v -0.579594 0.015767 0.112310
v -0.579594 0.015767 0.112310
v -0.569279 0.027684 0.115411
v -0.569279 0.027684 0.115411
v -0.569279 0.027684 0.115411
v -0.568260 0.017371 0.041390
v -0.568260 0.017371 0.041390
v -0.568260 0.017371 0.041390
v -0.559176 0.028240 0.043572
v -0.559176 0.028240 0.043572
v -0.559176 0.028240 0.043572
v -0.547903 0.035105 0.046676
v -0.540938 0.028030 -0.029063
v -0.540938 0.028030 -0.029063
v -0.527822 0.031985 -0.025233
v -0.512717 0.030492 -0.104944
v -0.512717 0.030492 -0.104944
v -0.500174 0.032198 -0.100153
v -0.481523 0.028433 -0.092897
v -0.458017 0.030318 -0.173161
v -0.442598 0.028221 -0.165040
v -0.418041 0.021367 -0.152366
v -0.396790 0.027005 -0.230768
v -0.372582 0.020354 -0.215060
v -0.348801 0.027091 -0.284735
v -0.327186 0.020829 -0.266279
v -0.304840 0.029433 -0.328590
v -0.286105 0.023641 -0.309559
v -0.258735 0.031951 -0.370037
v -0.243241 0.026546 -0.350261
v -0.210224 0.034153 -0.406511
v -0.195484 0.028964 -0.385318
v -0.153918 0.036276 -0.439673
v -0.136556 0.030938 -0.414721
v -0.098392 0.035852 -0.460986
v -0.076166 0.030488 -0.428358
v -0.061214 0.022331 -0.383899
v -0.168817 0.039957 -0.456762
v -0.116155 0.040299 -0.481216
v -0.077295 0.039465 -0.494592
v -0.129212 0.037131 -0.496378
v -0.129212 0.037131 -0.496378
v -0.087158 0.034937 -0.512356
v -0.087158 0.034937 -0.512356
v -0.061724 0.031801 -0.523626
v -0.061724 0.031801 -0.523626
v -0.061724 0.031801 -0.523626
v -0.049806 0.041647 -0.501133
v -0.049806 0.041647 -0.501133
v -0.049806 0.041647 -0.501133
v -0.050900 0.015174 -0.520712
v -0.050900 0.015174 -0.520712
v -0.044341 0.014345 -0.501792
v -0.044341 0.014345 -0.501792
v -0.066720 0.019725 -0.533451
v -0.066720 0.019725 -0.533451
v -0.066720 0.019725 -0.533451
v -0.049761 0.012940 -0.540814
v -0.049761 0.012940 -0.540814
v -0.029188 0.013249 -0.544568
v -0.049928 0.018067 -0.557972
v -0.028952 0.018497 -0.563445
v -0.007796 0.014875 -0.565886
v -0.006465 0.009488 -0.546828
v 0.018677 0.016162 -0.562131
v 0.020657 0.011475 -0.542537
v 0.015679 0.021430 -0.579938
v 0.046617 0.021792 -0.570229
v 0.046617 0.021792 -0.570229
v 0.087314 0.026260 -0.551123
v 0.091814 0.032765 -0.563814
v 0.091814 0.032765 -0.563814
v 0.162170 0.030294 -0.533324
v 0.162170 0.030294 -0.533324
v 0.151687 0.022643 -0.524620
v 0.096158 0.036512 -0.577229
v 0.168396 0.034533 -0.545220
v 0.098430 0.038989 -0.591276
v 0.169144 0.037801 -0.561215
v 0.176209 0.039803 -0.573058
v 0.176209 0.039803 -0.573058
v 0.144822 0.014719 -0.513899
v 0.144822 0.014719 -0.513899
v 0.232022 0.030449 -0.497084
v 0.232022 0.030449 -0.497084
v 0.221467 0.022268 -0.488515
v 0.213930 0.013732 -0.479281
v 0.213930 0.013732 -0.479281
v 0.206875 0.020356 -0.468047
v 0.206875 0.020356 -0.468047
v 0.139862 0.021755 -0.502432
v 0.139862 0.021755 -0.502432
v 0.285534 0.025029 -0.449285
v 0.279644 0.015418 -0.440341
v 0.279644 0.015418 -0.440341
v 0.272467 0.016420 -0.428802
v 0.272467 0.016420 -0.428802
v 0.272467 0.016420 -0.428802
v 0.266719 0.026898 -0.420408
v 0.266719 0.026898 -0.420408
v 0.266719 0.026898 -0.420408
v 0.202590 0.032360 -0.460507
v 0.202590 0.032360 -0.460507
v 0.351467 0.017503 -0.386117
v 0.351467 0.017503 -0.386117
v 0.342015 0.013218 -0.375742
v 0.342015 0.013218 -0.375742
v 0.342015 0.013218 -0.375742
v 0.342015 0.013218 -0.375742
v 0.333336 0.023919 -0.366512
v 0.333336 0.023919 -0.366512
v 0.327487 0.036049 -0.358956
v 0.327487 0.036049 -0.358956
v 0.258452 0.033826 -0.408246
v 0.258452 0.033826 -0.408246
v 0.411589 0.013896 -0.312571
v 0.411589 0.013896 -0.312571
v 0.400543 0.017381 -0.303258
v 0.400543 0.017381 -0.303258
v 0.393746 0.029197 -0.297571
v 0.393746 0.029197 -0.297571
v 0.383903 0.032384 -0.289141
v 0.317897 0.033684 -0.347573
v 0.464118 0.014982 -0.229898
v 0.464118 0.014982 -0.229898
v 0.464118 0.014982 -0.229898
v 0.454264 0.024696 -0.224028
v 0.454264 0.024696 -0.224028
v 0.446559 0.032984 -0.219064
v 0.446559 0.032984 -0.219064
v 0.432772 0.030560 -0.209242
v 0.370592 0.029070 -0.276432
v 0.502021 0.019663 -0.147705
v 0.502021 0.019663 -0.147705
v 0.494491 0.030162 -0.143841
v 0.494491 0.030162 -0.143841
v 0.481475 0.031200 -0.136424
v 0.464159 0.027847 -0.126667
v 0.416803 0.026798 -0.198540
v 0.530771 0.029266 -0.063758
v 0.530771 0.029266 -0.063758
v 0.518478 0.033385 -0.058769
v 0.518478 0.033385 -0.058769
v 0.500123 0.029639 -0.050717
v 0.476368 0.024442 -0.040284
v 0.438303 0.021927 -0.112172
v 0.544451 0.034802 0.021674
v 0.544451 0.034802 0.021674
v 0.526580 0.031461 0.027365
v 0.503934 0.026753 0.034876
v 0.464052 0.018088 0.049138
v 0.431093 0.014147 -0.018973
v 0.543818 0.033425 0.104400
v 0.523665 0.029218 0.110578
v 0.489967 0.021878 0.118894
v 0.535358 0.028842 0.172092
v 0.503197 0.021302 0.173636
v 0.538850 0.027034 0.211528
v 0.553578 0.034432 0.168387
v 0.557288 0.034233 0.213523
v 0.555301 0.033854 0.265123
v 0.538167 0.031092 0.259919
v 0.552823 0.035356 0.335320
v 0.536524 0.032014 0.331092
v 0.546438 0.035099 0.417358
v 0.530320 0.031956 0.413453
v 0.567198 0.037067 0.338263
v 0.567198 0.037067 0.338263
v 0.559671 0.037386 0.418883
v 0.559671 0.037386 0.418883
v 0.575257 0.025060 0.340763
v 0.568984 0.028490 0.419690
v 0.561039 0.032169 0.506061
v 0.561039 0.032169 0.506061
v 0.578178 0.017474 0.419899
v 0.578178 0.017474 0.419899
v 0.569142 0.020910 0.505165
v 0.569142 0.020910 0.505165
v 0.590595 0.014400 0.419415
v 0.590595 0.014400 0.419415
v 0.590595 0.014400 0.419415
v 0.580837 0.014302 0.504141
v 0.580837 0.014302 0.504141
v 0.580837 0.014302 0.504141
v 0.580837 0.014302 0.504141
v 0.571112 0.016327 0.583005
v 0.571112 0.016327 0.583005
v 0.591711 0.021124 0.501571
v 0.591711 0.021124 0.501571
v 0.591711 0.021124 0.501571
v 0.591711 0.021124 0.501571
v 0.583810 0.016752 0.580775
v 0.583810 0.016752 0.580775
v 0.601778 0.029923 0.501131
v 0.601778 0.029923 0.501131
v 0.592502 0.027149 0.578932
v 0.592502 0.027149 0.578932
v 0.587525 0.022583 0.628860
v 0.587525 0.022583 0.628860
v 0.587525 0.022583 0.628860
v 0.587525 0.022583 0.628860
v 0.605676 0.033309 0.578726
v 0.600744 0.031289 0.626936
v 0.600744 0.031289 0.626936
v 0.619533 0.037357 0.578661
v 0.614144 0.035814 0.625916
v 0.633488 0.040153 0.578079
v 0.629217 0.038673 0.509903
v 0.643698 0.040983 0.513597
v 0.657935 0.043473 0.516993
v 0.657935 0.043473 0.516993
v 0.657935 0.043473 0.516993
v 0.647776 0.042311 0.577168
v 0.647776 0.042311 0.577168
v 0.664289 0.054004 0.518566
v 0.664289 0.054004 0.518566
v 0.660259 0.047240 0.576603
v 0.660259 0.047240 0.576603
v 0.660259 0.047240 0.576603
v 0.656554 0.066516 0.518819
v 0.656554 0.066516 0.518819
v 0.656578 0.060361 0.575396
v 0.656578 0.060361 0.575396
v 0.657419 0.054251 0.623615
v 0.657817 0.049495 0.656438
v 0.657817 0.049495 0.656438
v 0.645386 0.069473 0.574097
v 0.645386 0.069473 0.574097
v 0.650317 0.065484 0.623159
v 0.650317 0.065484 0.623159
v 0.653626 0.060462 0.656282
v 0.653626 0.060462 0.656282
v 0.655793 0.056045 0.677809
v 0.654971 0.045579 0.676809
v 0.654971 0.045579 0.676809
v 0.637529 0.070483 0.622997
v 0.643993 0.069007 0.656584
v 0.643993 0.069007 0.656584
v 0.648880 0.066025 0.678167
v 0.648880 0.066025 0.678167
v 0.652009 0.062468 0.694959
v 0.652009 0.062468 0.694959
v 0.656963 0.052558 0.694597
v 0.630578 0.071140 0.656425
v 0.636669 0.070453 0.677889
v 0.641991 0.069394 0.694989
v 0.622116 0.071483 0.677171
v 0.628294 0.071069 0.694858
v 0.605777 0.071802 0.676574
v 0.612137 0.071622 0.694474
v 0.616921 0.070901 0.709839
v 0.620728 0.068048 0.723313
v 0.620728 0.068048 0.723313
v 0.593251 0.071712 0.694271
v 0.598685 0.071157 0.709877
v 0.603135 0.069249 0.724138
v 0.603135 0.069249 0.724138
v 0.605829 0.061682 0.734655
v 0.605829 0.061682 0.734655
v 0.622820 0.059426 0.732187
v 0.574979 0.071279 0.711617
v 0.579534 0.069826 0.726387
v 0.582679 0.064015 0.738496
v 0.582679 0.064015 0.738496
v 0.584385 0.052656 0.744982
v 0.584385 0.052656 0.744982
v 0.606315 0.050538 0.739754
v 0.606315 0.050538 0.739754
v 0.542096 0.070228 0.733456
v 0.547475 0.066526 0.746268
v 0.547475 0.066526 0.746268
v 0.551550 0.054862 0.753741
v 0.551550 0.054862 0.753741
v 0.552549 0.043745 0.750522
v 0.552549 0.043745 0.750522
v 0.552549 0.043745 0.750522
v 0.500566 0.068287 0.761685
v 0.500566 0.068287 0.761685
v 0.506775 0.058284 0.771102
v 0.509383 0.045033 0.771815
v 0.509383 0.045033 0.771815
v 0.505804 0.041599 0.758510
v 0.550028 0.041308 0.736546
v 0.454777 0.061109 0.795686
v 0.454777 0.061109 0.795686
v 0.456921 0.047945 0.800445
v 0.456921 0.047945 0.800445
v 0.456921 0.047945 0.800445
v 0.451007 0.041460 0.790432
v 0.451007 0.041460 0.790432
v 0.443985 0.039174 0.777027
v 0.502171 0.039178 0.744053
v 0.499064 0.036153 0.729911
v 0.545344 0.034855 0.708582
v 0.545344 0.034855 0.708582
v 0.547638 0.038656 0.722710
v 0.438777 0.036155 0.763767
v 0.435217 0.031452 0.749702
v 0.435217 0.031452 0.749702
v 0.496618 0.031253 0.716206
v 0.496618 0.031253 0.716206
v 0.377277 0.035561 0.802117
v 0.373044 0.031098 0.788567
v 0.373044 0.031098 0.788567
v 0.369165 0.022451 0.775352
v 0.432141 0.022387 0.737985
v 0.328820 0.025329 0.824682
v 0.323673 0.029251 0.815424
v 0.323673 0.029251 0.815424
v 0.316841 0.020898 0.806041
v 0.310156 0.012836 0.797140
v 0.310156 0.012836 0.797140
v 0.365509 0.013606 0.764453
v 0.365509 0.013606 0.764453
v 0.273995 0.030445 0.843590
v 0.273995 0.030445 0.843590
v 0.264498 0.021635 0.835371
v 0.256224 0.012822 0.826815
v 0.256224 0.012822 0.826815
v 0.248111 0.018893 0.816077
v 0.248111 0.018893 0.816077
v 0.302684 0.019297 0.787019
v 0.302684 0.019297 0.787019
v 0.302684 0.019297 0.787019
v 0.296689 0.030708 0.778718
v 0.296689 0.030708 0.778718
v 0.296689 0.030708 0.778718
v 0.356721 0.030149 0.744101
v 0.356721 0.030149 0.744101
v 0.360549 0.019696 0.752842
v 0.360549 0.019696 0.752842
v 0.240833 0.031014 0.807303
v 0.240833 0.031014 0.807303
v 0.233196 0.039642 0.799010
v 0.233196 0.039642 0.799010
v 0.289007 0.037889 0.768196
v 0.279590 0.035343 0.755415
v 0.343685 0.033727 0.719112
v 0.350967 0.036068 0.732799
v 0.424558 0.032198 0.705155
v 0.424558 0.032198 0.705155
v 0.424558 0.032198 0.705155
v 0.496424 0.033114 0.668955
v 0.496424 0.033114 0.668955
v 0.495646 0.022569 0.680041
v 0.495646 0.022569 0.680041
v 0.426329 0.021107 0.714862
v 0.426329 0.021107 0.714862
v 0.426329 0.021107 0.714862
v 0.495412 0.016234 0.692329
v 0.495412 0.016234 0.692329
v 0.429381 0.014701 0.726702
v 0.429381 0.014701 0.726702
v 0.495447 0.021902 0.704208
v 0.495447 0.021902 0.704208
v 0.542774 0.019543 0.686531
v 0.542774 0.019543 0.686531
v 0.542968 0.029495 0.695789
v 0.542968 0.029495 0.695789
v 0.334765 0.030280 0.704303
v 0.269793 0.031615 0.740506
v 0.212533 0.032006 0.875204
v 0.212533 0.032006 0.875204
v 0.283172 0.035288 0.853712
v 0.222344 0.036350 0.886677
v 0.231162 0.039199 0.898367
v 0.239942 0.041780 0.911205
v 0.239942 0.041780 0.911205
v 0.245737 0.051523 0.918338
v 0.245737 0.051523 0.918338
v 0.300691 0.062399 0.885195
v 0.300691 0.062399 0.885195
v 0.243434 0.064064 0.911286
v 0.243434 0.064064 0.911286
v 0.185943 0.065528 0.936425
v 0.185943 0.065528 0.936425
v 0.239270 0.069844 0.898005
v 0.182293 0.070259 0.923023
v 0.127871 0.070508 0.945149
v 0.178033 0.071478 0.908743
v 0.123688 0.071605 0.931256
v 0.071266 0.071692 0.951056
v 0.074353 0.070786 0.965440
v 0.018807 0.072011 0.965280
v 0.018867 0.071380 0.981556
v -0.029438 0.071979 0.962340
v -0.032342 0.071283 0.977696
v -0.083790 0.071805 0.943496
v -0.088445 0.071001 0.957102
v -0.093167 0.068963 0.970529
v -0.144434 0.070889 0.933826
v -0.139561 0.071754 0.920151
v -0.200713 0.071694 0.893332
v -0.134492 0.071975 0.906140
v -0.196257 0.071843 0.878592
v -0.253041 0.071765 0.850841
v -0.258859 0.071627 0.866304
v -0.304162 0.071799 0.825749
v -0.312364 0.071600 0.839729
v -0.353882 0.071831 0.796615
v -0.363336 0.071482 0.809931
v -0.403663 0.071967 0.767036
v -0.411648 0.071413 0.781252
v -0.343077 0.071038 0.782394
v -0.396014 0.071233 0.752409
v -0.329794 0.062314 0.761006
v -0.382821 0.064101 0.732324
v -0.309771 0.052596 0.725827
v -0.359182 0.057676 0.701167
v -0.277314 0.048670 0.674570
v -0.329696 0.048660 0.650237
v -0.383927 0.048465 0.627512
v -0.301847 0.048323 0.589663
v -0.359799 0.048326 0.569925
v -0.424550 0.048319 0.554099
v -0.339643 0.048368 0.509403
v -0.408725 0.048346 0.495920
v -0.478061 0.048545 0.487817
v -0.396229 0.048586 0.438734
v -0.471121 0.048616 0.432315
v -0.521287 0.048523 0.431446
v -0.464961 0.048576 0.378790
v -0.520562 0.048354 0.376231
v -0.551182 0.048458 0.375517
v -0.549313 0.049074 0.431165
v -0.572307 0.059856 0.375105
v -0.570193 0.061581 0.430389
v -0.591061 0.070155 0.374872
v -0.589338 0.070495 0.430193
v -0.610052 0.071729 0.374927
v -0.596907 0.070453 0.316516
v -0.614561 0.071753 0.315732
v -0.630361 0.072188 0.315484
v -0.627997 0.072192 0.375196
v -0.645824 0.071744 0.315544
v -0.644254 0.071723 0.375760
v -0.661090 0.070409 0.315938
v -0.660120 0.070201 0.376510
v -0.660120 0.070201 0.376510
v -0.645606 0.071842 0.252316
v -0.660828 0.070658 0.251924
v -0.674586 0.065601 0.251460
v -0.674586 0.065601 0.251460
v -0.657596 0.070842 0.188745
v -0.672111 0.066513 0.186843
v -0.672111 0.066513 0.186843
v -0.679634 0.053610 0.185162
v -0.679634 0.053610 0.185162
v -0.667013 0.066977 0.128394
v -0.667013 0.066977 0.128394
v -0.675118 0.054534 0.126392
v -0.675118 0.054534 0.126392
v -0.671901 0.043489 0.183915
v -0.671901 0.043489 0.183915
v -0.661503 0.067201 0.074382
v -0.661503 0.067201 0.074382
v -0.669673 0.055166 0.074021
v -0.669673 0.055166 0.074021
v -0.654259 0.066405 0.017154
v -0.654259 0.066405 0.017154
v -0.662019 0.054603 0.017641
v -0.662019 0.054603 0.017641
v -0.642327 0.063678 -0.051370
v -0.642327 0.063678 -0.051370
v -0.648516 0.051780 -0.052562
v -0.648516 0.051780 -0.052562
v -0.640906 0.042641 -0.048714
v -0.640906 0.042641 -0.048714
v -0.626789 0.047848 -0.121891
v -0.626789 0.047848 -0.121891
v -0.626789 0.047848 -0.121891
v -0.626789 0.047848 -0.121891
v -0.614855 0.042067 -0.120232
v -0.614855 0.042067 -0.120232
v -0.600402 0.040046 -0.117913
v -0.627313 0.040363 -0.043109
v -0.586083 0.037881 -0.115720
v -0.613480 0.038983 -0.038881
v -0.600659 0.036443 -0.035965
v -0.587869 0.032562 -0.035662
v -0.587869 0.032562 -0.035662
v -0.604192 0.031868 0.039434
v -0.594444 0.027791 0.041899
v -0.594444 0.027791 0.041899
v -0.574619 0.026255 -0.033960
v -0.574619 0.026255 -0.033960
v -0.563158 0.015968 -0.033892
v -0.563158 0.015968 -0.033892
v -0.581832 0.017597 0.039470
v -0.581832 0.017597 0.039470
v -0.531736 0.013523 -0.111692
v -0.531736 0.013523 -0.111692
v -0.531736 0.013523 -0.111692
v -0.521125 0.018805 -0.108007
v -0.521125 0.018805 -0.108007
v -0.550373 0.017753 -0.031423
v -0.550373 0.017753 -0.031423
v -0.490294 0.013537 -0.189948
v -0.490294 0.013537 -0.189948
v -0.490294 0.013537 -0.189948
v -0.480509 0.021282 -0.185399
v -0.471423 0.030237 -0.180647
v -0.471423 0.030237 -0.180647
v -0.440181 0.014333 -0.261894
v -0.440181 0.014333 -0.261894
v -0.432160 0.022737 -0.256289
v -0.423645 0.032559 -0.250034
v -0.423645 0.032559 -0.250034
v -0.411387 0.030860 -0.240917
v -0.383394 0.022704 -0.314120
v -0.374625 0.028264 -0.305966
v -0.374625 0.028264 -0.305966
v -0.362964 0.028796 -0.296073
v -0.329765 0.035342 -0.353201
v -0.329765 0.035342 -0.353201
v -0.318708 0.033442 -0.342265
v -0.280595 0.037414 -0.397413
v -0.280595 0.037414 -0.397413
v -0.269998 0.035826 -0.385085
v -0.234363 0.037641 -0.436046
v -0.234363 0.037641 -0.436046
v -0.222268 0.037548 -0.422473
v -0.181540 0.038642 -0.469555
v -0.181540 0.038642 -0.469555
v -0.238994 0.024291 -0.443121
v -0.187783 0.024099 -0.475425
v -0.137699 0.023131 -0.501914
v -0.196273 0.013591 -0.485951
v -0.196273 0.013591 -0.485951
v -0.148467 0.013463 -0.512284
v -0.148467 0.013463 -0.512284
v -0.148467 0.013463 -0.512284
v -0.102035 0.014586 -0.535529
v -0.102035 0.014586 -0.535529
v -0.102035 0.014586 -0.535529
v -0.093959 0.021231 -0.521781
v -0.093959 0.021231 -0.521781
v -0.071437 0.018745 -0.548836
v -0.071437 0.018745 -0.548836
v -0.109045 0.026571 -0.545669
v -0.109045 0.026571 -0.545669
v -0.074202 0.029903 -0.562335
v -0.074202 0.029903 -0.562335
v -0.116363 0.033483 -0.558797
v -0.078155 0.035846 -0.578894
v -0.123768 0.037221 -0.572385
v -0.081095 0.038515 -0.593818
v -0.131359 0.039335 -0.584562
v -0.084385 0.039318 -0.607812
v -0.088919 0.041371 -0.621328
v -0.139348 0.041063 -0.596862
v -0.147017 0.042987 -0.608539
v -0.147017 0.042987 -0.608539
v -0.095634 0.043540 -0.632781
v -0.095634 0.043540 -0.632781
v -0.202525 0.042398 -0.580941
v -0.202525 0.042398 -0.580941
v -0.206479 0.051924 -0.587221
v -0.150659 0.052933 -0.612081
v -0.255851 0.038941 -0.553401
v -0.255851 0.038941 -0.553401
v -0.255851 0.038941 -0.553401
v -0.259495 0.050260 -0.560534
v -0.259495 0.050260 -0.560534
v -0.257079 0.062283 -0.554302
v -0.257079 0.062283 -0.554302
v -0.203656 0.063804 -0.580171
v -0.203656 0.063804 -0.580171
v -0.304005 0.041693 -0.519356
v -0.304005 0.041693 -0.519356
v -0.312865 0.047469 -0.528093
v -0.312865 0.047469 -0.528093
v -0.312865 0.047469 -0.528093
v -0.311171 0.060058 -0.523884
v -0.311171 0.060058 -0.523884
v -0.305381 0.068780 -0.513599
v -0.305381 0.068780 -0.513599
v -0.251781 0.069321 -0.542884
v -0.365403 0.043511 -0.481221
v -0.365403 0.043511 -0.481221
v -0.365204 0.055609 -0.482860
v -0.359657 0.066626 -0.476395
v -0.359657 0.066626 -0.476395
v -0.351231 0.070382 -0.465771
v -0.297842 0.070745 -0.500886
v -0.417350 0.051612 -0.440219
v -0.417350 0.051612 -0.440219
v -0.412280 0.063516 -0.435605
v -0.412280 0.063516 -0.435605
v -0.403565 0.069489 -0.427173
v -0.393733 0.071077 -0.417340
v -0.342089 0.071478 -0.454308
v -0.458849 0.061201 -0.391671
v -0.458849 0.061201 -0.391671
v -0.451007 0.068971 -0.384407
v -0.441118 0.070763 -0.375826
v -0.431274 0.071593 -0.367201
v -0.384056 0.071703 -0.407412
v -0.496513 0.068681 -0.330590
v -0.486385 0.070728 -0.323313
v -0.475995 0.071570 -0.315992
v -0.511623 0.071654 -0.261898
v -0.500511 0.071817 -0.255521
v -0.465359 0.071804 -0.308601
v -0.421459 0.071857 -0.358530
v -0.522809 0.070917 -0.267998
v -0.549360 0.071268 -0.214393
v -0.537947 0.071810 -0.208434
v -0.533965 0.069193 -0.273916
v -0.560664 0.069905 -0.220192
v -0.582465 0.070453 -0.167874
v -0.570683 0.071595 -0.161809
v -0.543499 0.062395 -0.278674
v -0.543499 0.062395 -0.278674
v -0.543499 0.062395 -0.278674
v -0.570907 0.064922 -0.225199
v -0.570907 0.064922 -0.225199
v -0.593534 0.066907 -0.173716
v -0.593534 0.066907 -0.173716
v -0.614326 0.069068 -0.115379
v -0.614326 0.069068 -0.115379
v -0.601802 0.071102 -0.109901
v -0.576764 0.053891 -0.227941
v -0.576764 0.053891 -0.227941
v -0.576764 0.053891 -0.227941
v -0.600792 0.056765 -0.178073
v -0.600792 0.056765 -0.178073
v -0.623753 0.060031 -0.119629
v -0.623753 0.060031 -0.119629
v -0.630551 0.070114 -0.048211
v -0.630551 0.070114 -0.048211
v -0.600632 0.045068 -0.178972
v -0.600632 0.045068 -0.178972
v -0.600632 0.045068 -0.178972
v -0.574498 0.042625 -0.227031
v -0.574498 0.042625 -0.227031
v -0.574498 0.042625 -0.227031
v -0.574498 0.042625 -0.227031
v -0.569454 0.033937 -0.223303
v -0.569454 0.033937 -0.223303
v -0.590079 0.041694 -0.174568
v -0.590079 0.041694 -0.174568
v -0.562660 0.022610 -0.216919
v -0.562660 0.022610 -0.216919
v -0.577454 0.039723 -0.171245
v -0.577454 0.039723 -0.171245
v -0.533810 0.040791 -0.267295
v -0.525119 0.038939 -0.256457
v -0.542624 0.042453 -0.276017
v -0.542624 0.042453 -0.276017
v -0.501749 0.042014 -0.331064
v -0.501749 0.042014 -0.331064
v -0.548833 0.051346 -0.280849
v -0.548833 0.051346 -0.280849
v -0.548833 0.051346 -0.280849
v -0.509201 0.049472 -0.338564
v -0.509201 0.049472 -0.338564
v -0.462269 0.048608 -0.394852
v -0.462269 0.048608 -0.394852
v -0.454005 0.041329 -0.389350
v -0.454005 0.041329 -0.389350
v -0.413593 0.041485 -0.434179
v -0.413593 0.041485 -0.434179
v -0.413593 0.041485 -0.434179
v -0.356098 0.040989 -0.471617
v -0.346428 0.038493 -0.461592
v -0.504765 0.060461 -0.336187
v -0.504765 0.060461 -0.336187
v -0.640550 0.070820 0.018046
v -0.625729 0.071821 0.019203
v -0.616851 0.071454 -0.044562
v -0.610580 0.072106 0.020716
v -0.602658 0.072008 -0.040897
v -0.589013 0.072031 -0.104327
v -0.587711 0.071911 -0.037294
v -0.576095 0.072130 -0.098927
v -0.558712 0.071917 -0.155901
v -0.562431 0.071464 -0.093484
v -0.546365 0.071642 -0.149894
v -0.526358 0.071772 -0.202437
v -0.533287 0.070621 -0.143607
v -0.514577 0.071181 -0.196566
v -0.489421 0.071386 -0.248564
v -0.498435 0.068774 -0.188639
v -0.476612 0.070085 -0.239933
v -0.443812 0.070636 -0.294143
v -0.454924 0.071530 -0.301538
v -0.400937 0.070544 -0.340263
v -0.411480 0.071560 -0.349746
v -0.353524 0.068471 -0.375280
v -0.364372 0.071187 -0.386989
v -0.374414 0.071782 -0.397411
v -0.312166 0.069711 -0.418006
v -0.323195 0.071473 -0.431207
v -0.332871 0.071852 -0.442865
v -0.272824 0.070963 -0.459064
v -0.281343 0.071809 -0.474134
v -0.289798 0.071610 -0.487823
v -0.230720 0.071660 -0.500633
v -0.238234 0.071781 -0.515589
v -0.245150 0.071099 -0.529449
v -0.186606 0.071783 -0.541099
v -0.192644 0.071230 -0.555046
v -0.198480 0.069626 -0.568378
v -0.140785 0.071249 -0.578850
v -0.145290 0.069567 -0.592283
v -0.149055 0.064214 -0.604319
v -0.149055 0.064214 -0.604319
v -0.093771 0.069941 -0.612987
v -0.097482 0.065760 -0.624769
v -0.097482 0.065760 -0.624769
v -0.099673 0.054739 -0.632715
v -0.039726 0.067387 -0.648079
v -0.039726 0.067387 -0.648079
v -0.039726 0.067387 -0.648079
v -0.040949 0.057513 -0.657074
v -0.040949 0.057513 -0.657074
v -0.040291 0.045877 -0.660436
v -0.040291 0.045877 -0.660436
v -0.040291 0.045877 -0.660436
v 0.033359 0.060190 -0.658831
v 0.033359 0.060190 -0.658831
v 0.031068 0.045643 -0.662574
v 0.031068 0.045643 -0.662574
v 0.031068 0.045643 -0.662574
v 0.106837 0.059973 -0.626433
v 0.106837 0.059973 -0.626433
v 0.106305 0.047754 -0.631122
v 0.106305 0.047754 -0.631122
v 0.182642 0.048686 -0.599236
v 0.182642 0.048686 -0.599236
v 0.179923 0.042029 -0.587569
v 0.179923 0.042029 -0.587569
v 0.178994 0.061633 -0.594510
v 0.178994 0.061633 -0.594510
v 0.248107 0.064327 -0.557172
v 0.248107 0.064327 -0.557172
v 0.253083 0.052299 -0.562921
v 0.253083 0.052299 -0.562921
v 0.102695 0.068393 -0.617273
v 0.172768 0.068887 -0.584448
v 0.240199 0.069845 -0.546180
v 0.302305 0.070635 -0.500818
v 0.312127 0.067921 -0.512577
v 0.312127 0.067921 -0.512577
v 0.165574 0.070873 -0.572489
v 0.231737 0.071194 -0.534249
v 0.292539 0.071593 -0.489180
v 0.347772 0.071785 -0.437279
v 0.358967 0.071118 -0.448195
v 0.223128 0.071773 -0.522063
v 0.282637 0.071812 -0.477511
v 0.336094 0.071727 -0.426219
v 0.388772 0.071571 -0.374743
v 0.399556 0.071866 -0.384982
v 0.272333 0.071289 -0.463769
v 0.322555 0.070479 -0.414425
v 0.375741 0.069865 -0.363532
v 0.420712 0.068352 -0.304474
v 0.435887 0.071258 -0.316775
v 0.307139 0.059519 -0.398150
v 0.355786 0.059398 -0.345298
v 0.396797 0.054465 -0.284848
v 0.421931 0.053876 -0.219390
v 0.455199 0.062631 -0.236890
v 0.320684 0.053490 -0.314463
v 0.350051 0.048462 -0.254562
v 0.370275 0.048444 -0.191637
v 0.384921 0.048484 -0.129437
v 0.440057 0.050727 -0.156087
v 0.296912 0.048358 -0.221481
v 0.313329 0.048333 -0.159399
v 0.319640 0.048381 -0.100113
v 0.393991 0.048445 -0.073294
v 0.253992 0.050824 -0.128378
v 0.256985 0.050445 -0.072595
v 0.201190 0.051732 -0.100280
v 0.242667 0.051806 -0.191140
v 0.187805 0.051225 -0.164353
v 0.130808 0.048213 -0.145847
v 0.149834 0.048413 -0.083513
v 0.066568 0.048108 -0.127261
v 0.081546 0.048128 -0.072198
v 0.092736 0.048081 -0.022652
v 0.091040 0.048164 0.024014
v 0.009620 0.048253 -0.059627
v 0.017196 0.048279 -0.012196
v 0.021994 0.048290 0.036132
v 0.026076 0.048814 0.087895
v 0.090917 0.048286 0.076995
v -0.063438 0.048331 -0.004292
v -0.048729 0.048188 0.043757
v -0.039853 0.048433 0.095056
v -0.033194 0.048170 0.151672
v 0.030382 0.048174 0.144390
v -0.105548 0.048261 0.097717
v -0.095801 0.048255 0.156294
v -0.089691 0.048161 0.217266
v -0.027338 0.048105 0.211075
v -0.161845 0.048349 0.095821
v -0.153617 0.048299 0.158236
v -0.148833 0.048141 0.221891
v -0.146667 0.048242 0.287232
v -0.085369 0.048152 0.278994
v -0.206765 0.048262 0.158241
v -0.204353 0.048331 0.225808
v -0.201778 0.048489 0.296399
v -0.201490 0.053470 0.348623
v -0.148344 0.048226 0.351001
v -0.259218 0.048268 0.224237
v -0.255281 0.048593 0.294463
v -0.318817 0.048521 0.221536
v -0.316090 0.048685 0.284648
v -0.384343 0.048900 0.217228
v -0.386078 0.048564 0.276604
v -0.384096 0.048501 0.333314
v -0.382994 0.048565 0.384698
v -0.454958 0.048463 0.269746
v -0.460136 0.048470 0.325439
v -0.512682 0.048765 0.264041
v -0.517781 0.048349 0.321324
v -0.549864 0.058606 0.260079
v -0.553297 0.050124 0.319064
v -0.579136 0.063435 0.256155
v -0.576477 0.062393 0.317670
v -0.598919 0.070569 0.254229
v -0.572943 0.059176 0.195371
v -0.590886 0.069299 0.192349
v -0.609072 0.071490 0.192386
v -0.614571 0.071724 0.253237
v -0.626029 0.072211 0.191927
v -0.630333 0.072245 0.252673
v -0.642019 0.072023 0.190465
v -0.620076 0.072134 0.134752
v -0.636423 0.072077 0.132726
v -0.652347 0.071029 0.130567
v -0.631118 0.072079 0.077302
v -0.646827 0.071129 0.075732
v -0.615301 0.072123 0.078991
v -0.602921 0.071334 0.136579
v -0.598726 0.071410 0.081057
v -0.594672 0.071674 0.023247
v -0.580436 0.068873 0.083444
v -0.578458 0.070207 0.026323
v -0.573048 0.070910 -0.033929
v -0.560266 0.062266 0.028948
v -0.554754 0.065983 -0.029350
v -0.546333 0.069398 -0.087395
v -0.532401 0.058606 -0.024107
v -0.527548 0.057239 -0.081538
v -0.515276 0.064878 -0.135682
v -0.493183 0.048727 -0.071677
v -0.484085 0.056425 -0.124541
v -0.472719 0.057007 -0.177450
v -0.430644 0.048508 -0.112464
v -0.429524 0.048022 -0.166698
v -0.457138 0.061280 -0.230039
v -0.429402 0.065973 -0.284442
v -0.386710 0.063298 -0.327032
v -0.313976 0.055427 -0.326524
v -0.339476 0.058827 -0.359284
v -0.263599 0.048902 -0.342931
v -0.288867 0.049114 -0.383448
v -0.301719 0.060664 -0.403833
v -0.237440 0.051434 -0.405517
v -0.252980 0.057000 -0.428293
v -0.263109 0.066897 -0.443121
v -0.204013 0.059461 -0.451140
v -0.214064 0.064640 -0.468854
v -0.222623 0.070504 -0.484942
v -0.164389 0.063521 -0.492940
v -0.173038 0.070849 -0.511459
v -0.180310 0.071742 -0.526914
v -0.126737 0.071253 -0.536309
v -0.131359 0.071859 -0.551383
v -0.136030 0.071877 -0.565205
v -0.081932 0.072107 -0.573038
v -0.085852 0.071995 -0.586561
v -0.089688 0.071330 -0.599632
v -0.032836 0.072118 -0.607363
v -0.035261 0.071520 -0.620192
v -0.037516 0.070468 -0.633844
v 0.025727 0.071724 -0.620492
v 0.028782 0.070750 -0.633915
v 0.031535 0.068688 -0.648279
v 0.031535 0.068688 -0.648279
v 0.097427 0.070563 -0.605762
v 0.092065 0.071580 -0.593767
v 0.158412 0.071731 -0.560615
v 0.086365 0.072072 -0.580765
v 0.151254 0.071910 -0.548410
v 0.214369 0.071647 -0.509263
v 0.143993 0.071563 -0.535779
v 0.204939 0.070655 -0.495982
v 0.259235 0.066931 -0.445757
v 0.189227 0.061830 -0.476781
v 0.239403 0.055880 -0.426740
v 0.282479 0.048539 -0.372028
v 0.205212 0.049161 -0.397808
v 0.241476 0.048253 -0.340227
v 0.272906 0.048686 -0.281655
v 0.193071 0.048230 -0.307894
v 0.220391 0.048548 -0.250749
v 0.141225 0.048251 -0.280131
v 0.166178 0.048430 -0.224423
v 0.086008 0.048191 -0.256206
v 0.110206 0.048257 -0.201720
v 0.028119 0.048283 -0.234803
v 0.049359 0.048227 -0.181096
v -0.030105 0.048223 -0.215276
v -0.013540 0.048262 -0.161890
v -0.000596 0.048300 -0.110157
v -0.077136 0.048239 -0.143427
v -0.070096 0.048287 -0.092576
v -0.067219 0.048345 -0.045722
v -0.141311 0.048461 -0.074656
v -0.140742 0.048335 -0.125003
v -0.197672 0.051745 -0.107223
v -0.194309 0.053690 -0.057298
v -0.246518 0.051656 -0.098725
v -0.236621 0.054851 -0.050210
v -0.203896 0.051641 -0.169896
v -0.256697 0.050822 -0.161488
v -0.311576 0.048285 -0.157483
v -0.300755 0.048339 -0.098316
v -0.284993 0.048854 -0.045380
v -0.372520 0.048141 -0.158863
v -0.367342 0.048722 -0.103242
v -0.360407 0.048825 -0.050000
v -0.359973 0.048492 -0.003805
v -0.433778 0.048497 -0.059443
v -0.437380 0.048394 -0.008395
v -0.442293 0.048472 0.043702
v -0.369705 0.048480 0.046837
v -0.498369 0.049712 -0.017085
v -0.502966 0.048556 0.036799
v -0.507682 0.048513 0.091931
v -0.446526 0.048579 0.097625
v -0.537664 0.053289 0.031829
v -0.541954 0.048858 0.087755
v -0.543346 0.048610 0.144815
v -0.508690 0.048218 0.148221
v -0.564143 0.055733 0.085304
v -0.566713 0.053585 0.141202
v -0.545851 0.055987 0.200248
v -0.583499 0.068154 0.138616
v -0.509237 0.048538 0.206179
v -0.451236 0.048402 0.211925
v -0.449091 0.048471 0.153279
v -0.381345 0.048500 0.157661
v -0.376894 0.048582 0.100300
v -0.316951 0.048254 0.159732
v -0.310763 0.048519 0.099289
v -0.259541 0.048339 0.159895
v -0.256924 0.048504 0.094938
v -0.210148 0.048385 0.092375
v -0.213785 0.052149 0.046382
v -0.217397 0.056156 0.012950
v -0.217397 0.056156 0.012950
v -0.220633 0.063667 -0.001927
v -0.220633 0.063667 -0.001927
v -0.197951 0.076037 -0.006633
v -0.220155 0.076604 -0.005904
v -0.242385 0.078588 -0.006771
v -0.242385 0.078588 -0.006771
v -0.259016 0.092848 -0.014855
v -0.259016 0.092848 -0.014855
v -0.260692 0.080285 -0.010953
v -0.260692 0.080285 -0.010953
v -0.247152 0.089618 -0.023374
v -0.247152 0.089618 -0.023374
v -0.249971 0.076418 -0.018767
v -0.249971 0.076418 -0.018767
v -0.249637 0.067543 -0.015861
v -0.249637 0.067543 -0.015861
v -0.224879 0.087451 -0.022760
v -0.224634 0.102722 -0.023532
v -0.204243 0.102761 -0.023884
v -0.200849 0.086904 -0.022644
v -0.200849 0.086904 -0.022644
v -0.243796 0.104483 -0.024566
v -0.243796 0.104483 -0.024566
v -0.242914 0.119752 -0.019228
v -0.242914 0.119752 -0.019228
v -0.242914 0.119752 -0.019228
v -0.225223 0.118535 -0.017353
v -0.257706 0.105082 -0.016778
v -0.257706 0.105082 -0.016778
v -0.226412 0.131321 -0.005497
v -0.226412 0.131321 -0.005497
v -0.209342 0.130883 -0.006320
v -0.209342 0.130883 -0.006320
v -0.207485 0.118622 -0.018456
v -0.192731 0.129594 -0.006958
v -0.192731 0.129594 -0.006958
v -0.192731 0.129594 -0.006958
v -0.189422 0.119428 -0.019183
v -0.189422 0.119428 -0.019183
v -0.185201 0.103909 -0.023509
v -0.185201 0.103909 -0.023509
v -0.185201 0.103909 -0.023509
v -0.181301 0.088095 -0.018660
v -0.181301 0.088095 -0.018660
v -0.181301 0.088095 -0.018660
v -0.194744 0.133830 0.010786
v -0.194744 0.133830 0.010786
v -0.210281 0.135497 0.010897
v -0.211363 0.137647 0.029210
v -0.195469 0.135146 0.029521
v -0.227493 0.135567 0.011191
v -0.228114 0.138291 0.028994
v -0.228072 0.138899 0.054000
v -0.212028 0.138822 0.053903
v -0.244278 0.136928 0.054212
v -0.243173 0.138003 0.095266
v -0.227623 0.139477 0.095355
v -0.258602 0.137528 0.095101
v -0.258602 0.137528 0.095101
v -0.257557 0.138303 0.149721
v -0.257557 0.138303 0.149721
v -0.242295 0.138809 0.149818
v -0.258895 0.127308 0.094921
v -0.258895 0.127308 0.094921
v -0.259455 0.128602 0.149717
v -0.259455 0.128602 0.149717
v -0.260361 0.128944 0.206767
v -0.260361 0.128944 0.206767
v -0.257616 0.138717 0.206720
v -0.257616 0.138717 0.206720
v -0.244066 0.124923 0.094686
v -0.244511 0.125729 0.149718
v -0.245140 0.126186 0.206806
v -0.245505 0.126018 0.263748
v -0.259808 0.128782 0.263702
v -0.259808 0.128782 0.263702
v -0.230172 0.121127 0.149773
v -0.230782 0.120820 0.206819
v -0.231267 0.121370 0.263893
v -0.232219 0.118682 0.312011
v -0.245702 0.125038 0.312378
v -0.215565 0.121160 0.206828
v -0.215998 0.120960 0.263884
v -0.216469 0.118149 0.311912
v -0.217201 0.120810 0.339535
v -0.231313 0.121246 0.340491
v -0.201402 0.124764 0.263692
v -0.201989 0.123739 0.312100
v -0.203092 0.123646 0.339933
v -0.204272 0.121188 0.360002
v -0.204272 0.121188 0.360002
v -0.217450 0.119629 0.359983
v -0.217450 0.119629 0.359983
v -0.186504 0.126753 0.312408
v -0.186504 0.126753 0.312408
v -0.187433 0.125939 0.340866
v -0.187433 0.125939 0.340866
v -0.187433 0.125939 0.340866
v -0.188870 0.123135 0.360364
v -0.188870 0.123135 0.360364
v -0.204156 0.112634 0.370354
v -0.179577 0.134179 0.342790
v -0.179577 0.134179 0.342790
v -0.179577 0.134179 0.342790
v -0.180309 0.136011 0.312437
v -0.180309 0.136011 0.312437
v -0.194074 0.137848 0.312471
v -0.192588 0.136789 0.343246
v -0.209413 0.140417 0.312364
v -0.208197 0.140840 0.343291
v -0.225270 0.140760 0.312391
v -0.225396 0.141876 0.343638
v -0.224556 0.142780 0.363504
v -0.242437 0.138038 0.344500
v -0.240957 0.138609 0.312444
v -0.256963 0.137275 0.312302
v -0.256963 0.137275 0.312302
v -0.257744 0.136255 0.346376
v -0.257744 0.136255 0.346376
v -0.259703 0.127610 0.312114
v -0.259703 0.127610 0.312114
v -0.260343 0.126574 0.344038
v -0.260343 0.126574 0.344038
v -0.245669 0.124815 0.342059
v -0.244949 0.121034 0.363742
v -0.244949 0.121034 0.363742
v -0.230544 0.119070 0.361243
v -0.230544 0.119070 0.361243
v -0.229060 0.106774 0.375789
v -0.229060 0.106774 0.375789
v -0.214882 0.106834 0.376025
v -0.214882 0.106834 0.376025
v -0.214882 0.106834 0.376025
v -0.257011 0.138561 0.263472
v -0.257011 0.138561 0.263472
v -0.241161 0.139028 0.263021
v -0.241857 0.138974 0.206719
v -0.225823 0.140251 0.262922
v -0.226588 0.140113 0.206704
v -0.227072 0.140125 0.149857
v -0.211241 0.140150 0.206700
v -0.211717 0.139929 0.149861
v -0.212109 0.139558 0.095420
v -0.196397 0.138377 0.149797
v -0.196631 0.137963 0.095383
v -0.196240 0.136790 0.053944
v -0.182217 0.136727 0.095144
v -0.182217 0.136727 0.095144
v -0.181699 0.137739 0.149701
v -0.181699 0.137739 0.149701
v -0.184996 0.127581 0.149743
v -0.184996 0.127581 0.149743
v -0.184616 0.127172 0.094925
v -0.184616 0.127172 0.094925
v -0.200537 0.125284 0.149733
v -0.199887 0.124914 0.094761
v -0.214931 0.120968 0.149770
v -0.214578 0.120912 0.094821
v -0.214687 0.120629 0.057925
v -0.229460 0.121068 0.094784
v -0.228572 0.120360 0.057888
v -0.228253 0.115072 0.036733
v -0.228253 0.115072 0.036733
v -0.228253 0.115072 0.036733
v -0.214753 0.114535 0.037277
v -0.214753 0.114535 0.037277
v -0.229195 0.102592 0.026902
v -0.229195 0.102592 0.026902
v -0.215376 0.102369 0.027284
v -0.200858 0.124901 0.206804
v -0.185255 0.127650 0.206757
v -0.185255 0.127650 0.206757
v -0.185904 0.127564 0.263488
v -0.185904 0.127564 0.263488
v -0.180955 0.137954 0.206696
v -0.180955 0.137954 0.206696
v -0.180573 0.137069 0.263465
v -0.180573 0.137069 0.263465
v -0.195633 0.138548 0.206743
v -0.194978 0.138577 0.263044
v -0.210395 0.140047 0.262881
v -0.270684 0.048495 -0.219712
v -0.215641 0.048567 -0.228757
v -0.235661 0.048446 -0.286998
v -0.289207 0.048520 -0.276198
v -0.162712 0.048244 -0.240374
v -0.182947 0.048120 -0.298912
v -0.210253 0.048338 -0.357675
v -0.130356 0.048173 -0.311702
v -0.159030 0.048254 -0.370392
v -0.187039 0.057074 -0.421996
v -0.107411 0.048179 -0.383108
v -0.136839 0.048520 -0.436561
v -0.154416 0.053596 -0.470573
v -0.085743 0.049830 -0.451585
v -0.106633 0.058384 -0.490791
v -0.118916 0.065742 -0.515716
v -0.061135 0.057350 -0.508894
v -0.071319 0.068571 -0.536630
v -0.077683 0.071631 -0.558072
v -0.028974 0.071739 -0.573149
v -0.030671 0.072199 -0.591525
v 0.017101 0.071598 -0.573452
v 0.019588 0.072167 -0.593144
v 0.022425 0.072118 -0.607643
v 0.080121 0.071968 -0.569119
v 0.072625 0.071402 -0.554960
v 0.133124 0.068925 -0.518424
v 0.113981 0.058674 -0.497349
v 0.162197 0.054681 -0.450389
v 0.081357 0.056615 -0.466652
v 0.122240 0.048508 -0.418092
v 0.159949 0.048231 -0.364395
v 0.076293 0.048565 -0.388187
v 0.109600 0.048173 -0.335259
v 0.026751 0.048110 -0.363400
v 0.058454 0.048111 -0.310070
v -0.024957 0.048128 -0.343203
v 0.003562 0.048198 -0.288721
v -0.077770 0.048058 -0.326224
v -0.051449 0.048115 -0.270196
v -0.107523 0.048128 -0.254267
v -0.089579 0.048147 -0.197900
v -0.148748 0.048253 -0.182589
v -0.055765 0.047423 -0.397939
v -0.006910 0.048201 -0.415526
v -0.039203 0.049244 -0.467405
v 0.039248 0.048246 -0.438151
v -0.081184 0.048224 0.336875
v -0.015856 0.048212 0.327841
v -0.021728 0.048136 0.270835
v 0.048880 0.048171 0.321471
v 0.041395 0.048168 0.263610
v 0.035306 0.048122 0.203792
v 0.101316 0.048281 0.257282
v 0.095274 0.048170 0.195788
v 0.091971 0.048182 0.134908
v 0.150537 0.048174 0.187578
v 0.148606 0.048179 0.124195
v 0.201694 0.048208 0.179378
v 0.198472 0.048189 0.112673
v 0.251759 0.048245 0.171407
v 0.245749 0.048208 0.104720
v 0.304169 0.048302 0.163488
v 0.294672 0.048348 0.100837
v 0.363045 0.048475 0.154617
v 0.354393 0.049128 0.094957
v 0.343275 0.049048 0.040061
v 0.420684 0.048565 0.086138
v 0.411744 0.048484 0.029895
v 0.401975 0.048394 -0.022054
v 0.477685 0.048044 0.016905
v 0.467787 0.048507 -0.040089
v 0.455658 0.048398 -0.096914
v 0.518755 0.052803 -0.055917
v 0.502496 0.056123 -0.117486
v 0.479452 0.058003 -0.177284
v 0.527508 0.068908 -0.129633
v 0.503661 0.069960 -0.191263
v 0.474952 0.070590 -0.250993
v 0.518396 0.071416 -0.199435
v 0.487485 0.071648 -0.261681
v 0.446780 0.071727 -0.326214
v 0.499206 0.071771 -0.270598
v 0.457386 0.071572 -0.335753
v 0.410101 0.071440 -0.395051
v 0.467912 0.070766 -0.345301
v 0.420740 0.070143 -0.405143
v 0.369953 0.069178 -0.458579
v 0.430910 0.065584 -0.414708
v 0.430910 0.065584 -0.414708
v 0.379324 0.061360 -0.466792
v 0.379324 0.061360 -0.466792
v 0.318941 0.057089 -0.520437
v 0.318941 0.057089 -0.520437
v 0.318941 0.057089 -0.520437
v 0.318941 0.057089 -0.520437
v 0.383888 0.048706 -0.469760
v 0.383888 0.048706 -0.469760
v 0.383888 0.048706 -0.469760
v 0.317512 0.043390 -0.518353
v 0.317512 0.043390 -0.518353
v 0.317512 0.043390 -0.518353
v 0.251381 0.039974 -0.555848
v 0.377690 0.041630 -0.459669
v 0.377690 0.041630 -0.459669
v 0.434520 0.040050 -0.417967
v 0.434520 0.040050 -0.417967
v 0.436877 0.053601 -0.420322
v 0.436877 0.053601 -0.420322
v 0.485584 0.059394 -0.362155
v 0.485584 0.059394 -0.362155
v 0.486512 0.046340 -0.365427
v 0.486512 0.046340 -0.365427
v 0.478021 0.068631 -0.354589
v 0.478021 0.068631 -0.354589
v 0.522623 0.069722 -0.286305
v 0.532991 0.063822 -0.292786
v 0.532991 0.063822 -0.292786
v 0.532991 0.063822 -0.292786
v 0.510877 0.071279 -0.278614
v 0.544504 0.071569 -0.214398
v 0.557218 0.070266 -0.221765
v 0.531743 0.071851 -0.206804
v 0.557979 0.071922 -0.146336
v 0.571557 0.071725 -0.153179
v 0.544174 0.071334 -0.138699
v 0.565180 0.071284 -0.073692
v 0.580146 0.072084 -0.079264
v 0.545740 0.066694 -0.066351
v 0.558349 0.065285 -0.003604
v 0.579120 0.071060 -0.009000
v 0.526996 0.057818 0.005099
v 0.535499 0.049978 0.064355
v 0.564228 0.061217 0.059037
v 0.487375 0.048472 0.074213
v 0.492708 0.048419 0.132122
v 0.539513 0.048663 0.123182
v 0.427395 0.048583 0.144146
v 0.432317 0.048378 0.203496
v 0.495059 0.048332 0.192513
v 0.368289 0.048493 0.214731
v 0.370333 0.048638 0.273831
v 0.436329 0.048380 0.261513
v 0.308351 0.048439 0.225579
v 0.307006 0.048461 0.287384
v 0.367941 0.048346 0.329152
v 0.254732 0.048249 0.235575
v 0.253619 0.048550 0.301506
v 0.205078 0.048242 0.245519
v 0.207732 0.050224 0.311192
v 0.210587 0.054562 0.351071
v 0.155350 0.048224 0.251232
v 0.163001 0.048169 0.314199
v 0.110517 0.048199 0.317333
v 0.056845 0.048157 0.373483
v 0.066035 0.048264 0.421102
v -0.009564 0.048155 0.380630
v -0.002573 0.048283 0.432797
v 0.006483 0.048160 0.489403
v 0.070929 0.048433 0.472046
v -0.076062 0.048209 0.387391
v -0.065305 0.048204 0.438412
v -0.137511 0.048336 0.393897
v -0.122881 0.048313 0.438532
v -0.180351 0.051760 0.402634
v -0.180351 0.051760 0.402634
v -0.172959 0.050270 0.434546
v -0.213106 0.052935 0.404963
v -0.213106 0.052935 0.404963
v -0.212356 0.052582 0.428259
v -0.215300 0.052786 0.474398
v -0.224899 0.048662 0.542562
v -0.279605 0.048864 0.523746
v -0.246352 0.048807 0.612775
v -0.228662 0.048306 0.705460
v -0.260463 0.049104 0.751691
v -0.214892 0.058720 0.777778
v -0.186954 0.048245 0.740602
v -0.171325 0.053226 0.816606
v -0.143740 0.048377 0.782296
v -0.103646 0.048195 0.732027
v -0.096511 0.058497 0.818048
v -0.063727 0.048242 0.779562
v -0.020352 0.048197 0.737929
v 0.015154 0.049170 0.793726
v 0.058982 0.048247 0.765235
v 0.023932 0.048091 0.705125
v 0.102802 0.048211 0.739956
v 0.071176 0.047942 0.677213
v 0.041540 0.048172 0.613423
v 0.119731 0.048183 0.651643
v 0.095614 0.048254 0.588536
v 0.079764 0.048309 0.528116
v 0.020021 0.048113 0.550446
v 0.152523 0.048280 0.565085
v 0.141573 0.048283 0.504648
v 0.207362 0.048731 0.543480
v 0.195840 0.052570 0.480368
v 0.261152 0.050863 0.522625
v 0.280058 0.048837 0.585315
v 0.337821 0.048377 0.566304
v 0.318397 0.048371 0.505501
v 0.225019 0.048345 0.605657
v 0.250784 0.048354 0.665413
v 0.303460 0.049151 0.644531
v 0.172902 0.048318 0.627491
v 0.199042 0.048282 0.688655
v 0.228425 0.048210 0.742427
v 0.279072 0.048492 0.719616
v 0.149041 0.048253 0.714390
v 0.180244 0.048373 0.767529
v 0.201528 0.058674 0.802877
v 0.249906 0.057421 0.778900
v 0.134299 0.048738 0.796744
v 0.153314 0.056526 0.835606
v 0.164106 0.070015 0.861021
v 0.216369 0.068525 0.832710
v 0.087626 0.058242 0.819032
v 0.101717 0.059521 0.857061
v 0.108950 0.070143 0.882223
v 0.114511 0.071716 0.901159
v 0.169332 0.071652 0.879627
v 0.052125 0.058323 0.872405
v 0.058790 0.070251 0.896756
v 0.063720 0.071886 0.917501
v 0.067704 0.072104 0.934735
v 0.119259 0.071992 0.916773
v 0.017450 0.069526 0.903118
v 0.018147 0.071794 0.926234
v 0.018649 0.072243 0.946816
v -0.023634 0.071723 0.925032
v -0.026608 0.072205 0.944368
v -0.072973 0.071792 0.912378
v -0.078761 0.072079 0.928726
v -0.129288 0.071511 0.890888
v -0.065870 0.070101 0.892915
v -0.122470 0.068989 0.871662
v -0.184871 0.066594 0.841971
v -0.191862 0.071244 0.863142
v -0.236034 0.062527 0.810010
v -0.247010 0.070836 0.834142
v -0.281336 0.060355 0.784458
v -0.295030 0.070783 0.808720
v -0.114124 0.058922 0.850503
v -0.019803 0.069562 0.902828
v 0.173576 0.072003 0.894447
v 0.234550 0.071433 0.883444
v 0.229480 0.071869 0.868206
v 0.224192 0.071401 0.852921
v 0.280761 0.071842 0.843259
v 0.274064 0.071325 0.827022
v 0.264761 0.067209 0.806420
v 0.323112 0.071413 0.800725
v 0.313403 0.067719 0.781147
v 0.302262 0.052345 0.759881
v 0.364267 0.067578 0.751095
v 0.350588 0.058766 0.729751
v 0.328005 0.056001 0.694361
v 0.401762 0.054203 0.702353
v 0.383499 0.048818 0.670092
v 0.360743 0.048491 0.624462
v 0.439528 0.058496 0.648718
v 0.421366 0.048439 0.606575
v 0.400639 0.048326 0.548567
v 0.481658 0.048407 0.588973
v 0.465426 0.048351 0.533545
v 0.454385 0.048426 0.476311
v 0.385402 0.048294 0.489508
v 0.449084 0.048437 0.422122
v 0.373239 0.048316 0.431572
v 0.443576 0.048378 0.369275
v 0.364378 0.048408 0.379104
v 0.440144 0.048336 0.316802
v 0.507621 0.048380 0.362363
v 0.503687 0.048324 0.307651
v 0.498502 0.048478 0.250916
v 0.550966 0.053677 0.301783
v 0.547641 0.060235 0.242598
v 0.543247 0.049847 0.183175
v 0.583216 0.065671 0.235999
v 0.574383 0.060288 0.175553
v 0.567675 0.056334 0.118301
v 0.595828 0.070527 0.171732
v 0.587348 0.069765 0.114478
v 0.583952 0.070427 0.055006
v 0.606537 0.071709 0.111299
v 0.601737 0.071830 0.051007
v 0.594475 0.071930 -0.012718
v 0.617484 0.072168 0.047945
v 0.609571 0.072085 -0.016306
v 0.594485 0.072057 -0.085131
v 0.624107 0.071501 -0.019871
v 0.608545 0.071118 -0.090637
v 0.584628 0.070723 -0.160195
v 0.621976 0.068646 -0.096003
v 0.621976 0.068646 -0.096003
v 0.596915 0.066824 -0.167288
v 0.596915 0.066824 -0.167288
v 0.568997 0.065616 -0.228273
v 0.568997 0.065616 -0.228273
v 0.603974 0.055114 -0.173350
v 0.574969 0.053765 -0.231826
v 0.574969 0.053765 -0.231826
v 0.539150 0.052356 -0.295827
v 0.539150 0.052356 -0.295827
v 0.539150 0.052356 -0.295827
v 0.534187 0.042732 -0.289422
v 0.534187 0.042732 -0.289422
v 0.522168 0.040599 -0.283126
v 0.522168 0.040599 -0.283126
v 0.631703 0.057946 -0.100416
v 0.631703 0.057946 -0.100416
v 0.629969 0.044066 -0.103590
v 0.629969 0.044066 -0.103590
v 0.654697 0.048282 -0.025905
v 0.654697 0.048282 -0.025905
v 0.654697 0.048282 -0.025905
v 0.643353 0.042019 -0.020064
v 0.643353 0.042019 -0.020064
v 0.613576 0.040925 -0.100082
v 0.649952 0.061369 -0.025717
v 0.649952 0.061369 -0.025717
v 0.661104 0.063538 0.041103
v 0.661104 0.063538 0.041103
v 0.666466 0.050696 0.040530
v 0.666466 0.050696 0.040530
v 0.638484 0.069644 -0.023316
v 0.647986 0.070534 0.042895
v 0.655126 0.070394 0.102994
v 0.667973 0.063196 0.100366
v 0.667973 0.063196 0.100366
v 0.633114 0.071783 0.045173
v 0.639656 0.071860 0.105851
v 0.646306 0.071730 0.166395
v 0.662083 0.070057 0.163951
v 0.623477 0.072244 0.108453
v 0.630531 0.072243 0.168760
v 0.635991 0.072193 0.231115
v 0.651118 0.071505 0.229761
v 0.614293 0.071886 0.170537
v 0.620118 0.072000 0.232207
v 0.620354 0.072008 0.294093
v 0.636248 0.072172 0.293583
v 0.604379 0.071140 0.233366
v 0.604616 0.071166 0.295246
v 0.594889 0.070618 0.355820
v 0.613991 0.071877 0.354328
v 0.582613 0.066049 0.297723
v 0.573703 0.060650 0.357230
v 0.567896 0.057438 0.411717
v 0.586952 0.069985 0.410110
v 0.548203 0.049070 0.358683
v 0.544152 0.048773 0.413582
v 0.542223 0.049147 0.467725
v 0.565538 0.059534 0.464970
v 0.509164 0.048500 0.416119
v 0.509746 0.048644 0.470426
v 0.512384 0.055231 0.523603
v 0.547235 0.058233 0.518786
v 0.558660 0.062262 0.571256
v 0.581264 0.070639 0.570300
v 0.570614 0.066779 0.515502
v 0.528098 0.052609 0.576431
v 0.543580 0.054773 0.621671
v 0.569007 0.068690 0.619907
v 0.497009 0.050055 0.632225
v 0.512066 0.065072 0.663653
v 0.554237 0.068700 0.655925
v 0.456814 0.060561 0.681256
v 0.468617 0.070402 0.703197
v 0.522641 0.071243 0.687123
v 0.412973 0.067899 0.723109
v 0.424118 0.071493 0.741406
v 0.477366 0.071568 0.719993
v 0.374135 0.071388 0.769059
v 0.381725 0.071790 0.784690
v 0.432843 0.071713 0.756781
v 0.330738 0.071799 0.816514
v 0.337962 0.071344 0.831648
v 0.388819 0.071178 0.799515
v 0.287705 0.071416 0.858469
v 0.294576 0.069660 0.872713
v 0.344785 0.069525 0.846573
v 0.350285 0.061759 0.860332
v 0.350285 0.061759 0.860332
v 0.400845 0.061945 0.826547
v 0.400845 0.061945 0.826547
v 0.395712 0.069462 0.814156
v 0.448512 0.069088 0.784691
v 0.448512 0.069088 0.784691
v 0.440807 0.071068 0.770912
v 0.493026 0.070708 0.748636
v 0.485414 0.071558 0.734888
v 0.536140 0.071424 0.719197
v 0.529772 0.071723 0.704433
v 0.569555 0.071722 0.696112
v 0.562274 0.071470 0.678570
v 0.587196 0.071675 0.676539
v 0.579236 0.070800 0.653880
v 0.598230 0.071742 0.654489
v 0.590511 0.071550 0.621209
v 0.615109 0.071812 0.655824
v 0.607659 0.072036 0.622394
v 0.598454 0.071766 0.570647
v 0.623118 0.071694 0.622970
v 0.614500 0.072000 0.571532
v 0.608179 0.071963 0.516561
v 0.589884 0.071107 0.515199
v 0.605497 0.071824 0.462633
v 0.585143 0.070224 0.463127
v 0.607586 0.071752 0.409088
v 0.623847 0.072049 0.462507
v 0.626498 0.072184 0.408435
v 0.631629 0.072183 0.353560
v 0.644109 0.071553 0.408075
v 0.648328 0.071526 0.353198
v 0.651583 0.071482 0.293264
v 0.663993 0.069669 0.353361
v 0.666983 0.069404 0.292977
v 0.666211 0.069682 0.228398
v 0.678374 0.059321 0.292807
v 0.678374 0.059321 0.292807
v 0.677944 0.060184 0.227063
v 0.677944 0.060184 0.227063
v 0.674246 0.061909 0.161611
v 0.674246 0.061909 0.161611
v 0.679355 0.045940 0.226281
v 0.679355 0.045940 0.226281
v 0.678728 0.048144 0.159357
v 0.678728 0.048144 0.159357
v 0.673396 0.050291 0.098083
v 0.673396 0.050291 0.098083
v 0.673396 0.050291 0.098083
v 0.665372 0.042459 0.155850
v 0.665199 0.040863 0.225496
v 0.649673 0.038854 0.224159
v 0.648535 0.039651 0.155394
v 0.633522 0.036592 0.221615
v 0.617589 0.031921 0.221098
v 0.617589 0.031921 0.221098
v 0.603407 0.022031 0.281921
v 0.603407 0.022031 0.281921
v 0.604553 0.024047 0.220869
v 0.604553 0.024047 0.220869
v 0.591391 0.014472 0.278407
v 0.591391 0.014472 0.278407
v 0.591391 0.014472 0.278407
v 0.593446 0.014572 0.219947
v 0.593446 0.014572 0.219947
v 0.589451 0.014809 0.161382
v 0.589451 0.014809 0.161382
v 0.576953 0.021986 0.163458
v 0.569135 0.025336 0.098164
v 0.580718 0.014964 0.096789
v 0.580718 0.014964 0.096789
v 0.580718 0.014964 0.096789
v 0.580223 0.021084 0.218352
v 0.572584 0.032759 0.216150
v 0.572584 0.032759 0.216150
v 0.569405 0.034940 0.165228
v 0.569405 0.034940 0.165228
v 0.579238 0.021918 0.274835
v 0.570611 0.032960 0.270055
v 0.570611 0.032960 0.270055
v 0.585288 0.015603 0.342007
v 0.585288 0.015603 0.342007
v 0.599273 0.016722 0.343849
v 0.599273 0.016722 0.343849
v 0.599273 0.016722 0.343849
v 0.560714 0.035804 0.100469
v 0.560714 0.035804 0.100469
v 0.554805 0.027620 0.019290
v 0.538754 0.018022 -0.066727
v 0.538754 0.018022 -0.066727
v 0.565067 0.016640 0.017719
v 0.565067 0.016640 0.017719
v 0.552007 0.016990 -0.070981
v 0.552007 0.016990 -0.070981
v 0.513263 0.014307 -0.153573
v 0.513263 0.014307 -0.153573
v 0.513263 0.014307 -0.153573
v 0.523001 0.022486 -0.157655
v 0.561413 0.025862 -0.074383
v 0.561413 0.025862 -0.074383
v 0.573757 0.032499 -0.085096
v 0.573757 0.032499 -0.085096
v 0.586146 0.036538 -0.090679
v 0.600636 0.039258 -0.095497
v 0.628364 0.040407 -0.015534
v 0.475810 0.018883 -0.234623
v 0.475810 0.018883 -0.234623
v 0.421082 0.023934 -0.318466
v 0.359088 0.026529 -0.393453
v 0.359088 0.026529 -0.393453
v 0.429506 0.029651 -0.326256
v 0.429506 0.029651 -0.326256
v 0.291263 0.031447 -0.461848
v 0.291263 0.031447 -0.461848
v 0.663246 0.041753 0.293028
v 0.679159 0.045617 0.293841
v 0.679159 0.045617 0.293841
v 0.676534 0.060037 0.353603
v 0.676534 0.060037 0.353603
v 0.673394 0.060703 0.406449
v 0.673394 0.060703 0.406449
v 0.660685 0.069835 0.407559
v 0.657575 0.069269 0.461892
v 0.657575 0.069269 0.461892
v 0.668842 0.058764 0.460744
v 0.668842 0.058764 0.460744
v 0.641136 0.071386 0.462307
v 0.641634 0.070711 0.518274
v 0.625331 0.071871 0.517650
v 0.630386 0.071405 0.572775
v 0.669270 0.045500 0.457742
v 0.669270 0.045500 0.457742
v 0.041011 0.054397 0.840853
v -0.167584 0.030845 -0.533018
v -0.157673 0.022424 -0.522184
v -0.157673 0.022424 -0.522184
v -0.204676 0.019869 -0.496134
v -0.246368 0.013545 -0.452936
v -0.246368 0.013545 -0.452936
v -0.253790 0.018800 -0.463933
v -0.253790 0.018800 -0.463933
v -0.297039 0.014030 -0.413548
v -0.297039 0.014030 -0.413548
v -0.306554 0.016345 -0.423772
v -0.306554 0.016345 -0.423772
v -0.346236 0.013728 -0.368022
v -0.346236 0.013728 -0.368022
v -0.356497 0.014646 -0.376822
v -0.356497 0.014646 -0.376822
v -0.364310 0.025014 -0.383789
v -0.364310 0.025014 -0.383789
v -0.400615 0.015689 -0.330341
v -0.400615 0.015689 -0.330341
v -0.407676 0.025149 -0.337084
v -0.407676 0.025149 -0.337084
v -0.414594 0.030450 -0.348428
v -0.375410 0.030698 -0.391157
v -0.450467 0.017763 -0.268434
v -0.450467 0.017763 -0.268434
v -0.391276 0.013875 -0.321543
v -0.391276 0.013875 -0.321543
v -0.337885 0.025280 -0.360764
v -0.288650 0.026109 -0.405202
v 0.622681 0.048827 0.735673
v 0.622681 0.048827 0.735673
v 0.615176 0.035310 0.506276
v 0.342141 -0.000988 -0.046545
v 0.390852 0.009520 -0.082496
v 0.342563 0.005373 -0.140212
v 0.388308 0.018459 -0.177673
v 0.329036 0.015474 -0.233970
v 0.356677 0.024693 -0.262573
v 0.291265 0.024915 -0.314030
v 0.306419 0.030161 -0.333667
v 0.223455 0.024831 -0.353101
v 0.239831 0.031136 -0.378851
v 0.249742 0.034164 -0.394820
v 0.172659 0.032513 -0.413100
v 0.184385 0.036508 -0.431857
v 0.194085 0.039465 -0.446703
v 0.119369 0.037848 -0.462291
v 0.129374 0.041063 -0.480020
v 0.136697 0.034277 -0.494246
v 0.136697 0.034277 -0.494246
v 0.081471 0.038903 -0.499739
v 0.073034 0.037341 -0.479141
v 0.058598 0.032261 -0.443048
v 0.106035 0.032897 -0.435758
v 0.087925 0.025019 -0.394887
v 0.045228 0.023921 -0.396265
v 0.153238 0.025523 -0.381156
v 0.238286 0.031778 -0.509258
v 0.453297 0.027976 0.573988
v 0.253848 -0.013434 0.322745
v 0.146458 -0.022850 0.055210
v 0.105917 -0.022748 0.015958
v 0.113968 -0.021938 -0.000147
v 0.177718 -0.021967 0.102113
v 0.163451 -0.022891 0.109014
v 0.163451 -0.022891 0.109014
v 0.135809 -0.023328 0.063679
v 0.135809 -0.023328 0.063679
v 0.196639 -0.019860 0.155743
v 0.179801 -0.020868 0.157993
v 0.179801 -0.020868 0.157993
v 0.169086 -0.029840 0.160385
v 0.169086 -0.029840 0.160385
v 0.155244 -0.030794 0.113198
v 0.202747 -0.019623 0.212452
v 0.182459 -0.020760 0.212187
v 0.182459 -0.020760 0.212187
v 0.182459 -0.020760 0.212187
v 0.170614 -0.029305 0.211605
v 0.170614 -0.029305 0.211605
v 0.170614 -0.029305 0.211605
v 0.161272 -0.040194 0.210567
v 0.161272 -0.040194 0.210567
v 0.161272 -0.040194 0.210567
v 0.160748 -0.039980 0.162334
v 0.160748 -0.039980 0.162334
v 0.160748 -0.039980 0.162334
v 0.167136 -0.021817 0.265565
v 0.167136 -0.021817 0.265565
v 0.157449 -0.030308 0.260938
v 0.147512 -0.041353 0.256156
v 0.147512 -0.041353 0.256156
v 0.131667 -0.031392 0.302738
v 0.123263 -0.041349 0.295686
v 0.123263 -0.041349 0.295686
v 0.112031 -0.048008 0.286430
v 0.112031 -0.048008 0.286430
v 0.082620 -0.047394 0.315579
v 0.070479 -0.060695 0.298155
v 0.038814 -0.060983 0.314268
v 0.025320 -0.085614 0.274011
v 0.000092 -0.060619 0.319844
v -0.000970 -0.086585 0.276168
v -0.040705 -0.060911 0.310009
v -0.040705 -0.060911 0.310009
v -0.027048 -0.088686 0.268498
v -0.027048 -0.088686 0.268498
v 0.183205 -0.019270 0.272526
v 0.050367 -0.020701 -0.030132
v -0.200001 0.060515 0.384570
v -0.200001 0.060515 0.384570
v -0.183346 0.064161 0.397108
v -0.183346 0.064161 0.397108
v -0.183346 0.064161 0.397108
v -0.183346 0.064161 0.397108
v -0.223134 0.106982 0.395267
v -0.223134 0.106982 0.395267
v -0.223134 0.106982 0.395267
v -0.213433 0.068794 0.397858
v -0.213433 0.068794 0.397858
v -0.241725 0.074678 0.397683
v -0.241725 0.074678 0.397683
v -0.227363 0.116403 0.403408
v -0.227363 0.116403 0.403408
v 0.206103 0.054587 0.374041
v 0.206103 0.054587 0.374041
v 0.206103 0.054587 0.374041
v 0.233927 0.084251 0.385465
v 0.204840 0.071329 0.385272
v 0.204840 0.071329 0.385272
v 0.216533 0.143697 0.386984
v 0.216533 0.143697 0.386984
v 0.245509 0.135721 0.363501
v 0.230033 0.142027 0.364355
v 0.214903 0.142597 0.362984
v 0.199695 0.138014 0.360492
v 0.199880 0.139215 0.381819
v 0.199880 0.139215 0.381819
v 0.229729 0.141003 0.342107
v 0.213583 0.141632 0.340642
v 0.197590 0.137847 0.338566
v 0.181705 0.135754 0.335949
v 0.181705 0.135754 0.335949
v 0.183215 0.134150 0.357494
v 0.183215 0.134150 0.357494
v 0.212348 0.141034 0.309852
v 0.195950 0.138063 0.306845
v 0.180483 0.135958 0.303734
v 0.180483 0.135958 0.303734
v 0.194525 0.138537 0.256523
v 0.179722 0.136446 0.251730
v 0.179722 0.136446 0.251730
v 0.188472 0.127430 0.246692
v 0.188472 0.127430 0.246692
v 0.187723 0.126906 0.299975
v 0.187723 0.126906 0.299975
v 0.187071 0.126286 0.332172
v 0.187071 0.126286 0.332172
v 0.187859 0.125214 0.351886
v 0.187859 0.125214 0.351886
v 0.204146 0.122119 0.295476
v 0.204237 0.122790 0.327882
v 0.204959 0.122701 0.347534
v 0.205958 0.119812 0.361837
v 0.205958 0.119812 0.361837
v 0.189339 0.120257 0.365916
v 0.189339 0.120257 0.365916
v 0.189339 0.120257 0.365916
v 0.220320 0.119186 0.324026
v 0.220452 0.120954 0.344442
v 0.220816 0.119292 0.359373
v 0.220816 0.119292 0.359373
v 0.221065 0.111587 0.369039
v 0.206988 0.112055 0.370750
v 0.235464 0.122814 0.342911
v 0.235037 0.121339 0.358516
v 0.235037 0.121339 0.358516
v 0.234523 0.113205 0.368980
v 0.233032 0.104964 0.379985
v 0.233032 0.104964 0.379985
v 0.220941 0.104698 0.379857
v 0.220941 0.104698 0.379857
v 0.251862 0.124042 0.358970
v 0.251862 0.124042 0.358970
v 0.250057 0.117241 0.370568
v 0.261214 0.132194 0.361905
v 0.261214 0.132194 0.361905
v 0.252416 0.125987 0.342071
v 0.252416 0.125987 0.342071
v 0.260299 0.134305 0.342752
v 0.260299 0.134305 0.342752
v 0.245403 0.137232 0.342913
v 0.259643 0.135668 0.316739
v 0.259643 0.135668 0.316739
v 0.259643 0.135668 0.316739
v 0.244876 0.137741 0.315005
v 0.228488 0.140500 0.312675
v 0.243622 0.138669 0.270383
v 0.227392 0.140258 0.265835
v 0.211102 0.140164 0.261211
v 0.226438 0.140046 0.210900
v 0.210069 0.140079 0.205844
v 0.193276 0.138683 0.200818
v 0.208940 0.139838 0.150198
v 0.191955 0.138399 0.145081
v 0.178972 0.133105 0.139987
v 0.178972 0.133105 0.139987
v 0.178972 0.133105 0.139987
v 0.179032 0.135115 0.195717
v 0.179032 0.135115 0.195717
v 0.191140 0.127005 0.134887
v 0.191140 0.127005 0.134887
v 0.189800 0.127367 0.190692
v 0.189800 0.127367 0.190692
v 0.207319 0.122849 0.129776
v 0.206139 0.123001 0.185640
v 0.205248 0.123473 0.241536
v 0.222362 0.121062 0.180575
v 0.221224 0.121115 0.236307
v 0.220344 0.116897 0.290377
v 0.237205 0.123872 0.231189
v 0.236522 0.122187 0.285216
v 0.236134 0.122086 0.321180
v 0.252674 0.127631 0.279988
v 0.252674 0.127631 0.279988
v 0.252226 0.126606 0.318616
v 0.252226 0.126606 0.318616
v 0.252226 0.126606 0.318616
v 0.258823 0.137226 0.275166
v 0.258823 0.137226 0.275166
v 0.253799 0.127847 0.226077
v 0.253799 0.127847 0.226077
v 0.258676 0.138255 0.221084
v 0.258676 0.138255 0.221084
v 0.242713 0.138696 0.215956
v 0.258149 0.137894 0.165275
v 0.258149 0.137894 0.165275
v 0.241886 0.138761 0.160279
v 0.225456 0.140096 0.155242
v 0.240918 0.138364 0.106028
v 0.224394 0.139568 0.101643
v 0.207597 0.139458 0.097272
v 0.223544 0.138934 0.060591
v 0.205974 0.138354 0.058266
v 0.190272 0.137806 0.092997
v 0.190272 0.137806 0.092997
v 0.179073 0.131567 0.088789
v 0.179073 0.131567 0.088789
v 0.179073 0.131567 0.088789
v 0.192424 0.126543 0.084020
v 0.209653 0.121101 0.050141
v 0.209653 0.121101 0.050141
v 0.208338 0.122258 0.079933
v 0.223773 0.119292 0.048178
v 0.223773 0.119292 0.048178
v 0.223644 0.121033 0.076327
v 0.223349 0.121148 0.124799
v 0.238972 0.123827 0.072736
v 0.238985 0.124339 0.119871
v 0.238228 0.124278 0.175480
v 0.254894 0.127623 0.115048
v 0.254894 0.127623 0.115048
v 0.254444 0.127660 0.170411
v 0.254444 0.127660 0.170411
v 0.257042 0.137664 0.110387
v 0.257042 0.137664 0.110387
v 0.255072 0.126856 0.069267
v 0.255072 0.126856 0.069267
v 0.257021 0.136625 0.065742
v 0.257021 0.136625 0.065742
v 0.240797 0.137228 0.063113
v 0.241429 0.136161 0.037462
v 0.223142 0.139519 0.034540
v 0.222705 0.136320 0.016848
v 0.203520 0.135256 0.013894
v 0.204724 0.137184 0.032769
v 0.221610 0.132890 -0.002149
v 0.221610 0.132890 -0.002149
v 0.202158 0.131758 -0.004616
v 0.202158 0.131758 -0.004616
v 0.202158 0.131758 -0.004616
v 0.184615 0.128517 -0.003583
v 0.184615 0.128517 -0.003583
v 0.184615 0.128517 -0.003583
v 0.184615 0.128517 -0.003583
v 0.200184 0.118498 -0.018669
v 0.200184 0.118498 -0.018669
v 0.220645 0.119509 -0.016426
v 0.220645 0.119509 -0.016426
v 0.220227 0.101542 -0.023180
v 0.197507 0.100906 -0.024381
v 0.197507 0.100906 -0.024381
v 0.221216 0.084769 -0.022080
v 0.194537 0.084386 -0.021740
v 0.194537 0.084386 -0.021740
v 0.190101 0.085836 -0.009857
v 0.190101 0.085836 -0.009857
v 0.222156 0.083229 -0.008079
v 0.249974 0.087500 -0.010107
v 0.249974 0.087500 -0.010107
v 0.247443 0.101865 -0.013658
v 0.247443 0.101865 -0.013658
v 0.247443 0.101865 -0.013658
v 0.246486 0.085631 -0.022126
v 0.246486 0.085631 -0.022126
v 0.241972 0.103304 -0.024453
v 0.241972 0.103304 -0.024453
v 0.240526 0.122991 -0.016554
v 0.240526 0.122991 -0.016554
v 0.240526 0.122991 -0.016554
v 0.250784 0.071269 -0.017040
v 0.250784 0.071269 -0.017040
v 0.222879 0.070355 -0.017164
v 0.209474 0.112185 0.033706
v 0.209474 0.112185 0.033706
v 0.209474 0.112185 0.033706
v 0.224174 0.109924 0.032590
v 0.208920 0.097987 0.025449
v 0.208920 0.097987 0.025449
v 0.224604 0.095651 0.023746
v 0.207483 0.088886 0.013616
v 0.207483 0.088886 0.013616
v 0.207483 0.088886 0.013616
v 0.208681 0.104949 0.380040
v 0.208681 0.104949 0.380040
v 0.191511 0.113388 0.373519
v 0.191511 0.113388 0.373519
v 0.186816 0.131501 0.374992
v 0.186816 0.131501 0.374992
v 0.186816 0.131501 0.374992
v 0.030266 -0.000217 -0.495209
v 0.030266 -0.000217 -0.495209
v 0.294822 0.036039 -0.479150
v 0.237220 0.107936 0.391502
v 0.237220 0.107936 0.391502
v 0.237220 0.107936 0.391502
v 0.233309 0.107908 0.397247
v 0.233309 0.107908 0.397247
v 0.233309 0.107908 0.397247
vn 0.0709 -0.9956 -0.0618
vn 0.2257 -0.9311 -0.2867
vn -0.2012 -0.9655 -0.1654
vn 0.0959 -0.9933 0.0650
vn -0.3857 -0.8603 -0.3332
vn -0.6002 -0.7641 -0.2365
vn 0.0222 -0.7074 0.7065
vn -0.1050 -0.5658 0.8178
vn -0.0338 -0.9641 0.2636
vn -0.0834 -0.9734 0.2134
vn -0.5319 -0.6422 0.5519
vn -0.5349 -0.6702 0.5145
vn -0.2209 -0.7921 -0.5690
vn -0.2855 -0.7395 -0.6096
vn -0.0582 -0.9963 0.0640
vn 0.1135 -0.9925 -0.0461
vn 0.6276 -0.7699 -0.1158
vn 0.6100 -0.7831 -0.1211
vn 0.2539 -0.7969 -0.5481
vn 0.2596 -0.8211 -0.5083
vn 0.3956 -0.5201 0.7569
vn -0.2610 -0.5982 0.7576
vn 0.5465 -0.8309 -0.1047
vn 0.5954 -0.5961 0.5386
vn -0.1627 -0.9680 -0.1909
vn -0.3891 -0.9187 0.0686
vn 0.5139 -0.8318 -0.2099
vn 0.3942 -0.9004 0.1840
vn -0.1138 -0.9184 0.3789
vn 0.2633 -0.8163 0.5142
vn -0.4484 -0.7823 -0.4324
vn -0.0933 -0.8674 -0.4888
vn -0.1187 -0.9918 0.0480
vn -0.1624 -0.9830 0.0851
vn -0.1671 -0.9821 0.0872
vn -0.1893 -0.9782 0.0849
vn -0.1181 -0.9890 0.0894
vn -0.1264 -0.9891 0.0759
vn -0.1552 -0.9784 0.1368
vn -0.1576 -0.9768 0.1449
vn -0.1137 -0.9271 0.3572
vn -0.1166 -0.9259 0.3594
vn -0.1234 -0.9243 0.3611
vn -0.6722 -0.7126 0.2008
vn -0.3698 -0.9291 -0.0051
vn -0.3373 -0.9409 -0.0301
vn 0.8305 -0.4967 -0.2521
vn 0.7076 -0.7063 0.0208
vn 0.0690 -0.7806 -0.6212
vn 0.3307 -0.5897 -0.7368
vn -0.0992 -0.9950 -0.0115
vn -0.0524 -0.9969 0.0582
vn -0.2106 -0.9775 -0.0082
vn -0.2968 -0.9518 0.0775
vn -0.7338 -0.6453 0.2123
vn -0.7978 -0.5727 0.1886
vn -0.5222 -0.6143 0.5916
vn -0.4957 -0.5041 0.7072
vn -0.1171 -0.9736 0.1960
vn -0.2136 -0.9723 0.0952
vn -0.2768 -0.9079 0.3149
vn -0.0519 -0.9766 0.2087
vn -0.3676 -0.8994 -0.2364
vn -0.2786 -0.9325 -0.2297
vn -0.2092 -0.9035 0.3741
vn -0.2055 -0.9119 0.3552
vn -0.2253 -0.9057 0.3591
vn -0.2327 -0.9012 0.3657
vn -0.1479 -0.9613 0.2326
vn -0.1594 -0.9517 0.2625
vn -0.3977 -0.8968 -0.1939
vn -0.4138 -0.9078 -0.0674
vn -0.0456 -0.9688 0.2436
vn -0.0258 -0.9833 0.1804
vn -0.4335 -0.3222 0.8416
vn -0.4036 -0.3922 0.8266
vn -0.4777 -0.3812 0.7915
vn -0.4769 -0.3695 0.7975
vn -0.0198 -0.9542 0.2984
vn -0.3269 -0.9445 0.0317
vn 0.1616 -0.9847 0.0655
vn -0.1730 -0.9263 0.3347
vn -0.1214 -0.9906 -0.0637
vn 0.0421 -0.9533 0.2990
vn -0.5041 -0.8414 -0.1947
vn -0.6959 -0.6584 -0.2868
vn -0.2205 -0.9691 0.1105
vn -0.3097 -0.9393 0.1476
vn -0.0421 -0.9335 0.3560
vn -0.2141 -0.9759 0.0431
vn 0.2606 -0.9304 0.2579
vn 0.1291 -0.9820 0.1380
vn 0.2929 -0.9550 0.0465
vn 0.0797 -0.9957 0.0477
vn -0.0808 -0.9966 -0.0143
vn -0.0784 -0.9968 -0.0164
vn 0.2165 -0.9462 0.2406
vn 0.2136 -0.9697 0.1186
vn -0.0933 -0.9956 -0.0093
vn -0.1244 -0.9922 -0.0095
vn -0.1738 -0.9841 0.0380
vn -0.0240 -0.9997 0.0104
vn 0.1402 -0.9543 0.2639
vn -0.2845 -0.9560 0.0711
vn -0.2730 -0.9577 0.0907
vn -0.2798 -0.9478 0.1527
vn -0.6043 -0.7907 0.0986
vn -0.6166 -0.7836 0.0765
vn -0.5931 -0.8049 -0.0199
vn -0.6022 -0.7924 0.0967
vn -0.5949 -0.7981 -0.0957
vn -0.6217 -0.7800 -0.0720
vn -0.3274 -0.8937 0.3069
vn -0.3888 -0.8683 0.3079
vn -0.3791 -0.8675 0.3220
vn -0.4119 -0.8147 0.4081
vn -0.2623 -0.8882 0.3772
vn -0.2265 -0.9430 0.2438
vn 0.0144 -0.9884 -0.1511
vn 0.0030 -0.9873 -0.1591
vn 0.4883 -0.6930 -0.5304
vn -0.0485 -0.9909 -0.1254
vn 0.0140 -0.9999 0.0015
vn -0.0007 -0.9957 -0.0930
vn -0.2392 -0.9297 0.2802
vn 0.0797 -0.9968 0.0013
vn -0.0422 -0.9971 0.0636
vn -0.0221 -0.9993 0.0288
vn 0.0022 -0.9926 0.1215
vn 0.0014 -0.9929 0.1187
vn 0.0037 -0.9931 0.1171
vn 0.0010 -0.9932 0.1168
vn -0.0003 -0.9934 0.1146
vn -0.0070 -0.9929 0.1186
vn 0.0379 -0.7351 -0.6769
vn 0.1476 -0.8171 -0.5573
vn -0.2506 -0.8550 -0.4540
vn 0.0781 -0.7294 -0.6797
vn -0.0328 -0.9610 -0.2745
vn -0.0598 -0.9627 -0.2640
vn 0.1143 -0.7645 -0.6344
vn 0.2874 -0.1565 -0.9449
vn 0.1639 -0.9779 0.1299
vn 0.0595 -0.9869 0.1499
vn 0.0819 -0.9744 0.2092
vn 0.0412 -0.9626 0.2676
vn 0.0413 -0.9627 0.2676
vn 0.0767 -0.9513 0.2986
vn -0.0620 -0.9338 0.3524
vn -0.2211 -0.9721 -0.0783
vn 0.4005 -0.9131 -0.0761
vn 0.4123 -0.9095 0.0523
vn 0.5991 -0.7362 0.3147
vn 0.5999 -0.7416 0.3003
vn 0.8845 -0.4584 -0.0865
vn 0.8648 -0.4942 -0.0887
vn 0.9075 -0.2101 0.3638
vn 0.7740 -0.3635 0.5185
vn 0.4333 -0.9008 0.0292
vn 0.4551 -0.8896 0.0395
vn 0.9073 -0.2649 -0.3266
vn 0.9318 -0.0618 -0.3577
vn 0.4505 -0.8926 0.0156
vn 0.1378 -0.8390 0.5264
vn -0.0463 -0.6386 -0.7682
vn -0.0240 -0.6552 -0.7551
vn 0.1403 -0.9852 0.0989
vn 0.1158 -0.9796 0.1642
vn -0.0794 -0.8950 -0.4390
vn 0.2025 -0.9716 -0.1223
vn 0.7509 -0.4524 -0.4812
vn 0.5125 -0.7525 -0.4136
vn 0.0363 -0.9529 0.3010
vn 0.2085 -0.9779 0.0134
vn 0.9131 0.0469 -0.4050
vn 0.9100 0.0395 -0.4127
vn 0.8952 0.0350 -0.4444
vn 0.9187 -0.0135 -0.3947
vn 0.9007 0.0556 -0.4309
vn 0.9015 0.0414 -0.4308
vn 0.6287 -0.0713 0.7744
vn 0.9398 -0.0312 0.3403
vn 0.3377 0.3250 0.8834
vn -0.2795 -0.4273 0.8598
vn 0.6249 -0.1226 0.7710
vn 0.2937 -0.4404 0.8484
vn 0.9381 -0.0293 0.3450
vn 0.9752 0.1505 0.1624
vn 0.8156 -0.5182 0.2574
vn 0.9423 -0.0182 0.3341
vn 0.4703 -0.5991 0.6480
vn 0.1309 -0.9878 0.0843
vn 0.2134 -0.9214 0.3247
vn 0.2158 -0.8594 0.4635
vn -0.1992 -0.9795 -0.0294
vn 0.5114 -0.7223 0.4657
vn 0.0817 -0.9705 0.2266
vn 0.4552 -0.7584 0.4666
vn 0.2229 -0.9731 0.0585
vn 0.0986 -0.9699 0.2227
vn 0.2919 -0.9523 0.0891
vn 0.2269 -0.9739 -0.0022
vn 0.8841 -0.3773 0.2756
vn 0.7953 -0.5091 0.3290
vn 0.5061 -0.3978 0.7652
vn 0.5336 -0.4280 0.7295
vn 0.2443 -0.9696 -0.0161
vn 0.1820 -0.9833 0.0010
vn 0.1871 -0.9823 0.0017
vn 0.1764 -0.9843 -0.0040
vn 0.1754 -0.9844 -0.0114
vn 0.4590 -0.8726 -0.1671
vn -0.1937 -0.9799 0.0470
vn -0.1710 -0.9845 0.0379
vn -0.5947 -0.7353 -0.3250
vn -0.4637 -0.8344 -0.2981
vn -0.8692 -0.4913 -0.0559
vn -0.8070 -0.5905 -0.0072
vn 0.0511 -0.9962 0.0701
vn 0.1070 -0.9866 0.1231
vn 0.1153 -0.9843 0.1337
vn 0.0976 -0.9900 0.1019
vn 0.1060 -0.9932 0.0485
vn 0.0877 -0.9935 0.0723
vn 0.3008 -0.9434 0.1400
vn 0.1034 -0.9938 0.0414
vn 0.1254 -0.9900 0.0648
vn 0.0253 -0.9985 0.0479
vn 0.7748 -0.6313 -0.0328
vn 0.4335 -0.7114 -0.5531
vn 0.0536 -0.7843 0.6181
vn 0.1271 -0.8657 0.4841
vn -0.1703 -0.9319 0.3204
vn -0.1931 -0.7303 0.6552
vn 0.1627 -0.8684 0.4685
vn -0.1933 -0.9420 0.2744
vn -0.3533 -0.5389 0.7647
vn -0.5317 -0.4150 0.7383
vn 0.0407 -0.3962 0.9173
vn 0.0451 -0.3908 0.9194
vn 0.5223 -0.6919 0.4984
vn 0.4998 -0.6704 0.5485
vn 0.2250 -0.9585 0.1748
vn 0.2606 -0.9497 0.1735
vn 0.1146 -0.7202 0.6842
vn -0.0029 -0.8353 0.5499
vn -0.1830 -0.9525 0.2434
vn -0.1385 -0.8089 0.5715
vn 0.3999 -0.3827 0.8329
vn 0.0171 -0.7911 0.6114
vn 0.4555 -0.8191 0.3487
vn 0.5126 -0.4211 0.7483
vn 0.5161 -0.8144 0.2654
vn 0.2461 -0.9692 -0.0071
vn -0.0081 -0.9997 0.0225
vn 0.1892 -0.9633 -0.1906
vn 0.5611 -0.8133 -0.1542
vn 0.2804 -0.8690 -0.4077
vn -0.1587 -0.9815 -0.1068
vn 0.0010 -0.9921 0.1257
vn -0.2458 -0.9519 -0.1831
vn -0.2861 -0.9430 -0.1701
vn 0.1597 -0.8056 -0.5705
vn 0.1284 -0.7378 -0.6627
vn 0.7447 -0.4912 -0.4518
vn 0.8766 -0.4005 -0.2668
vn 0.5495 -0.8279 -0.1120
vn 0.4845 -0.7528 -0.4456
vn 0.8119 -0.5555 0.1796
vn 0.7727 -0.6056 0.1904
vn 0.3731 -0.8423 -0.3891
vn 0.1697 -0.7837 -0.5975
vn -0.4108 -0.9056 -0.1057
vn -0.1740 -0.8390 -0.5156
vn -0.4610 -0.8815 -0.1021
vn -0.3966 -0.9177 -0.0241
vn -0.5961 -0.7335 -0.3265
vn -0.7380 -0.5920 -0.3238
vn 0.3449 -0.7624 -0.5476
vn 0.3993 -0.7245 -0.5618
vn -0.2851 -0.7530 0.5930
vn -0.3220 -0.7061 0.6306
vn -0.3994 -0.8171 0.4157
vn -0.3629 -0.8269 0.4295
vn -0.6739 -0.5619 0.4796
vn -0.6509 -0.5128 0.5597
vn 0.1492 -0.9888 0.0074
vn 0.1583 -0.9873 0.0129
vn 0.1344 -0.9909 0.0070
vn 0.1348 -0.9908 0.0154
vn 0.1582 -0.9873 0.0137
vn 0.1545 -0.9879 0.0155
vn 0.6702 -0.7418 0.0244
vn 0.9735 0.0514 0.2228
vn 0.4614 -0.8867 0.0291
vn 0.4242 -0.9045 0.0427
vn 0.4200 -0.6362 -0.6472
vn 0.4325 -0.6423 -0.6327
vn 0.2244 -0.9411 0.2528
vn 0.1522 -0.9679 0.2001
vn 0.6520 -0.7495 0.1146
vn 0.0440 -0.9784 0.2020
vn -0.3643 -0.9302 -0.0440
vn -0.1635 -0.9788 0.1233
vn -0.7675 -0.6240 -0.1470
vn -0.8365 -0.5312 -0.1344
vn -0.2110 -0.9563 0.2025
vn -0.0154 -0.9802 0.1973
vn 0.4876 -0.8730 0.0073
vn 0.3203 -0.9469 0.0270
vn 0.0302 -0.8225 -0.5679
vn -0.1766 -0.6980 -0.6940
vn 0.3178 -0.9481 -0.0081
vn 0.3063 -0.9519 -0.0059
vn 0.1857 -0.9824 -0.0191
vn 0.1730 -0.9846 -0.0247
vn 0.0028 -0.9947 0.1025
vn -0.0062 -0.9948 0.1021
vn -0.0030 -0.9931 0.1171
vn -0.0022 -0.9931 0.1174
vn -0.1979 -0.9790 0.0486
vn -0.2386 -0.9678 0.0796
vn 0.0383 -0.9875 0.1530
vn -0.2203 -0.9743 -0.0460
vn 0.0826 -0.9719 -0.2204
vn 0.1715 -0.9851 0.0105
vn 0.1367 -0.9901 -0.0325
vn 0.3007 -0.9359 0.1836
vn 0.2861 -0.9335 0.2163
vn 0.4400 -0.8835 0.1609
vn 0.0125 -0.9878 0.1553
vn -0.0031 -0.9888 0.1495
vn -0.0838 -0.8027 0.5905
vn 0.0576 -0.7979 0.6000
vn -0.0870 -0.8064 0.5850
vn -0.0829 -0.8032 0.5898
vn 0.0522 -0.8022 0.5948
vn 0.0581 -0.8060 0.5890
vn 0.5837 -0.8052 -0.1048
vn 0.5845 -0.8047 -0.1041
vn 0.6030 -0.7977 0.0027
vn 0.6107 -0.7918 -0.0122
vn 0.6108 -0.7917 -0.0121
vn 0.5959 -0.7937 -0.1225
vn 0.1198 -0.9762 -0.1810
vn 0.2418 -0.8704 -0.4289
vn 0.0033 -0.9983 -0.0582
vn -0.0005 -0.9989 -0.0476
vn 0.2508 -0.8990 -0.3590
vn 0.1055 -0.9862 0.1275
vn 0.1587 -0.9759 -0.1498
vn 0.1998 -0.9798 0.0040
vn 0.2781 -0.9605 -0.0048
vn 0.2649 -0.9643 0.0003
vn 0.4953 -0.8685 -0.0214
vn 0.4908 -0.8710 -0.0225
vn -0.0317 -0.8229 0.5673
vn -0.0253 -0.8178 0.5750
vn -0.3318 -0.9367 0.1120
vn -0.7910 -0.6073 0.0735
vn 0.4950 -0.8663 -0.0675
vn 0.6126 -0.7795 -0.1307
vn -0.3209 -0.9471 -0.0072
vn -0.0222 -0.9947 0.1008
vn 0.9971 0.0488 -0.0576
vn 0.9977 0.0122 -0.0671
vn 0.2126 -0.9734 0.0858
vn 0.2738 -0.9601 0.0566
vn 0.6062 -0.5493 0.5751
vn 0.3660 -0.7534 0.5463
vn 0.3756 -0.9268 0.0060
vn 0.2713 -0.9623 -0.0202
vn 0.3453 -0.6651 -0.6621
vn -0.2367 -0.8654 -0.4417
vn 0.3458 -0.8656 -0.3622
vn 0.3048 -0.9483 -0.0884
vn 0.2321 -0.9709 -0.0596
vn 0.1440 -0.9877 -0.0604
vn 0.3695 -0.6268 -0.6859
vn 0.4142 -0.6373 -0.6499
vn 0.4624 -0.8407 -0.2819
vn 0.8623 -0.4874 -0.1372
vn 0.5224 -0.7796 0.3454
vn 0.1489 -0.8966 0.4170
vn 0.1442 -0.9408 -0.3068
vn -0.1334 -0.9893 -0.0590
vn -0.1615 -0.9745 -0.1560
vn -0.1467 -0.9755 -0.1641
vn -0.1608 -0.9547 -0.2502
vn -0.2055 -0.9714 -0.1189
vn 0.2854 -0.9356 -0.2079
vn 0.2408 -0.9701 -0.0298
vn -0.1528 -0.8539 0.4975
vn -0.5247 -0.6269 0.5759
vn 0.2891 -0.9573 -0.0057
vn 0.1883 -0.9673 0.1700
vn -0.2610 -0.9637 -0.0564
vn -0.1056 -0.9738 -0.2016
vn 0.0913 -0.9937 -0.0654
vn 0.1531 -0.9702 -0.1880
vn -0.7361 -0.2865 0.6132
vn 0.2017 -0.9725 -0.1165
vn 0.2440 -0.9593 -0.1419
vn 0.2838 -0.9461 -0.1559
vn 0.6749 -0.7365 -0.0467
vn 0.1502 -0.9877 -0.0437
vn -0.0689 0.6267 -0.7762
vn -0.1473 0.7836 -0.6036
vn -0.1289 -0.9687 -0.2120
vn -0.0626 -0.8415 -0.5365
vn 0.2129 -0.8307 -0.5143
vn 0.1653 -0.9789 -0.1200
vn 0.5921 -0.7409 -0.3170
vn 0.7496 -0.6271 -0.2119
vn 0.8468 -0.3747 0.3776
vn 0.7419 -0.5561 0.3746
vn -0.0131 -0.6510 0.7590
vn -0.3415 -0.2504 0.9059
vn 0.0476 -0.9927 -0.1112
vn 0.1414 -0.9516 0.2728
vn 0.7538 -0.6187 0.2212
vn 0.6450 -0.7117 0.2783
vn 0.7886 -0.1027 0.6062
vn 0.6888 -0.5197 0.5055
vn 0.8991 0.1166 0.4220
vn 0.9238 0.0592 0.3784
vn 0.6874 -0.7116 -0.1453
vn 0.5469 -0.8163 0.1859
vn 0.2609 -0.9091 0.3247
vn 0.0438 -0.9770 0.2087
vn -0.1548 -0.9510 -0.2677
vn -0.0331 -0.7962 -0.6042
vn 0.3901 -0.8703 -0.3005
vn -0.0983 -0.9726 0.2109
vn 0.4464 -0.8875 0.1148
vn 0.3883 -0.8730 -0.2951
vn -0.0702 -0.9744 0.2138
vn 0.2272 -0.7506 0.6205
vn 0.4420 -0.8867 -0.1353
vn 0.3772 -0.9172 -0.1284
vn -0.4213 -0.8593 -0.2900
vn -0.2494 -0.9499 -0.1884
vn 0.1126 -0.5605 0.8205
vn 0.2021 -0.6540 0.7290
vn -0.0056 -0.9878 -0.1556
vn 0.0123 -0.9919 -0.1266
vn 0.0257 -0.9900 -0.1384
vn 0.0378 -0.9879 -0.1504
vn 0.0109 -0.9922 -0.1244
vn 0.0412 -0.9921 -0.1182
vn 0.0267 -0.9722 -0.2326
vn -0.0002 -0.9718 -0.2357
vn 0.0598 -0.9959 -0.0672
vn -0.0006 -0.9829 -0.1842
vn -0.0046 -0.9681 -0.2506
vn -0.1133 -0.9913 -0.0663
vn 0.6826 -0.5959 0.4231
vn 0.3722 -0.0193 0.9279
vn -0.3608 -0.9150 -0.1807
vn -0.0284 -0.9711 -0.2369
vn -0.8274 -0.1652 0.5368
vn -0.6770 0.0831 0.7312
vn -0.0007 -0.9894 -0.1451
vn 0.0396 -0.9911 -0.1270
vn -0.0068 -0.9995 0.0323
vn -0.0662 -0.9938 0.0894
vn 0.3351 -0.9356 0.1107
vn -0.1066 -0.9752 -0.1942
vn -0.1099 -0.9800 -0.1660
vn -0.1589 -0.9757 -0.1508
vn -0.3532 -0.7473 0.5629
vn -0.4320 -0.7948 0.4263
vn -0.1076 -0.9940 0.0174
vn -0.0161 -0.9965 -0.0823
vn -0.0040 -0.9773 -0.2118
vn -0.1073 -0.9919 -0.0684
vn -0.0266 -0.9957 -0.0887
vn -0.0270 -0.9944 -0.1017
vn -0.2864 -0.9535 -0.0940
vn -0.2115 -0.9699 0.1207
vn -0.0312 -0.9877 -0.1532
vn -0.0264 -0.9872 -0.1572
vn -0.0408 -0.9845 -0.1707
vn -0.0327 -0.9855 -0.1667
vn -0.0484 -0.9846 -0.1677
vn -0.0485 -0.9850 -0.1657
vn -0.1617 -0.9681 -0.1914
vn -0.2223 -0.9631 -0.1517
vn -0.2234 -0.9728 0.0605
vn -0.1765 -0.9792 0.1002
vn -0.1574 -0.9829 -0.0955
vn -0.1707 -0.9849 0.0288
vn 0.1165 -0.8542 -0.5067
vn -0.0645 -0.8622 -0.5025
vn 0.1191 -0.8137 -0.5689
vn 0.1494 -0.8261 -0.5434
vn -0.1122 -0.8271 -0.5508
vn -0.1033 -0.8229 -0.5587
vn -0.3295 -0.9176 -0.2223
vn -0.2665 -0.9512 -0.1554
vn -0.1925 -0.9722 -0.1331
vn -0.2266 -0.9624 -0.1496
vn 0.3261 -0.9446 -0.0374
vn 0.2437 -0.9348 -0.2584
vn -0.2794 -0.9472 -0.1574
vn 0.6091 -0.6612 0.4380
vn -0.6464 -0.7615 -0.0471
vn -0.6665 -0.7443 -0.0421
vn -0.3494 -0.9367 -0.0249
vn -0.3277 -0.9446 -0.0191
vn -0.3647 -0.9290 -0.0626
vn -0.9770 -0.0726 0.2004
vn 0.0941 -0.7341 0.6725
vn 0.0302 -0.7019 0.7117
vn -0.3399 -0.7321 0.5904
vn -0.4482 -0.6589 0.6042
vn 0.0157 -0.9100 -0.4144
vn -0.0975 -0.9138 -0.3943
vn -0.8964 -0.2840 -0.3402
vn -0.5671 -0.8014 -0.1902
vn -0.1589 -0.9692 0.1881
vn -0.5763 -0.8165 -0.0356
vn -0.5580 -0.8254 -0.0859
vn -0.0926 -0.9805 -0.1735
vn -0.2123 -0.9557 0.2038
vn -0.1570 -0.9695 0.1883
vn -0.1219 -0.9117 0.3923
vn -0.0448 -0.8945 0.4449
vn -0.5519 -0.7966 -0.2467
vn -0.4654 -0.8565 -0.2233
vn -0.3065 -0.9411 -0.1426
vn -0.2372 -0.9668 -0.0951
vn 0.0035 -0.9963 -0.0864
vn 0.0657 -0.9966 0.0493
vn -0.2864 -0.9241 -0.2529
vn -0.0279 -0.9927 -0.1173
vn 0.0501 -0.9972 0.0559
vn -0.1803 -0.9813 -0.0675
vn -0.1686 -0.9840 -0.0583
vn -0.3000 -0.9314 -0.2060
vn -0.2524 -0.9660 0.0569
vn 0.1921 -0.9153 0.3541
vn -0.1298 -0.9840 -0.1220
vn -0.1633 -0.9510 -0.2627
vn -0.1143 -0.9772 -0.1786
vn -0.1139 -0.9774 -0.1778
vn -0.1690 -0.9507 -0.2600
vn -0.2153 -0.9310 -0.2948
vn -0.2447 -0.9672 0.0677
vn -0.3055 -0.9459 -0.1095
vn 0.0538 -0.9492 -0.3099
vn 0.1028 -0.9606 -0.2581
vn 0.0756 -0.9488 -0.3067
vn 0.2338 -0.9192 0.3169
vn -0.3616 -0.9232 0.1302
vn -0.7240 -0.6668 0.1769
vn -0.5527 -0.8215 0.1400
vn -0.8803 -0.4706 -0.0599
vn -0.0559 -0.9700 -0.2367
vn -0.0247 -0.9774 -0.2098
vn -0.0846 -0.9354 -0.3432
vn -0.1819 -0.9758 0.1213
vn -0.0023 -0.9600 -0.2802
vn -0.0726 -0.9682 -0.2393
vn -0.1483 -0.2277 -0.9624
vn -0.4618 -0.7610 -0.4556
vn -0.4268 0.4202 -0.8008
vn -0.2986 0.3493 -0.8882
vn -0.9220 -0.2832 -0.2642
vn -0.9469 -0.0229 -0.3207
vn -0.2237 -0.2809 -0.9333
vn -0.4363 -0.6273 -0.6451
vn -0.0243 -0.8622 -0.5059
vn -0.0976 -0.8368 -0.5388
vn -0.3109 -0.9287 -0.2024
vn -0.0626 -0.8651 -0.4976
vn -0.9092 -0.1190 -0.3990
vn -0.3251 -0.8887 -0.3235
vn 0.0793 -0.4318 0.8985
vn -0.0048 -0.5080 0.8613
vn 0.2596 -0.9468 -0.1901
vn 0.3176 -0.9163 -0.2439
vn 0.9996 -0.0255 -0.0087
vn 0.9702 -0.1301 -0.2046
vn 0.2102 0.9771 0.0339
vn 0.4672 0.7277 -0.5023
vn 0.1435 0.9876 0.0634
vn 0.0203 0.9998 -0.0070
vn 0.1658 0.6532 0.7388
vn 0.2187 0.7761 0.5914
vn 0.4049 -0.2487 -0.8799
vn 0.6043 0.2711 -0.7492
vn 0.7000 -0.6642 0.2622
vn 0.5886 -0.4905 0.6426
vn 0.3084 -0.8527 0.4216
vn 0.7600 -0.2426 0.6030
vn 0.2472 -0.3136 -0.9168
vn 0.6537 -0.7467 0.1232
vn 0.6084 0.1058 -0.7866
vn 0.6209 0.1243 -0.7740
vn 0.3614 -0.9176 0.1653
vn 0.4145 -0.6494 -0.6375
vn 0.3863 0.4563 -0.8016
vn 0.9139 -0.0001 -0.4060
vn -0.0191 0.1824 -0.9830
vn 0.0261 0.2900 -0.9567
vn -0.0134 -0.4552 0.8903
vn 0.4202 0.1077 0.9010
vn -0.6798 -0.6424 0.3539
vn -0.4305 -0.2660 0.8625
vn -0.3997 0.1554 0.9034
vn -0.0522 -0.2493 0.9670
vn -0.1219 -0.9925 0.0041
vn -0.1261 -0.9920 0.0016
vn -0.6895 -0.6105 0.3897
vn -0.7136 -0.6367 0.2923
vn -0.0882 -0.8719 0.4816
vn -0.2209 -0.7429 0.6319
vn 0.9057 -0.4189 0.0655
vn 0.9399 -0.3414 -0.0013
vn 0.9738 0.1050 -0.2018
vn 0.9836 0.0644 -0.1684
vn 0.7899 -0.6130 -0.0193
vn 0.9056 -0.4195 0.0627
vn 0.1979 -0.4875 0.8504
vn 0.0781 -0.4093 0.9091
vn 0.1488 -0.9571 0.2486
vn 0.1752 -0.9492 0.2614
vn -0.8191 0.5616 -0.1170
vn -0.6621 0.7480 0.0472
vn -0.2141 0.7494 -0.6265
vn -0.8188 0.5588 -0.1313
vn -0.3240 -0.2994 -0.8974
vn -0.9098 0.2646 -0.3198
vn -0.8120 0.5636 -0.1518
vn -0.7667 -0.6419 -0.0098
vn -0.3539 -0.9078 0.2252
vn -0.1610 -0.9773 0.1379
vn -0.0361 -0.2773 0.9601
vn -0.3570 -0.4615 0.8121
vn -0.1088 -0.5232 0.8452
vn -0.7225 -0.2202 0.6554
vn -0.9686 -0.2350 -0.0814
vn -0.7733 -0.6071 0.1827
vn 0.0238 -0.5221 0.8526
vn -0.0506 -0.4542 0.8894
vn -0.7195 -0.3400 0.6056
vn -0.8912 -0.4075 0.1994
vn -0.2066 -0.8798 -0.4282
vn -0.2755 -0.8426 -0.4627
vn -0.4475 0.3707 -0.8138
vn -0.3559 0.3295 -0.8745
vn -0.0833 0.9965 -0.0113
vn -0.1764 0.9838 0.0323
vn -0.3941 0.6927 0.6040
vn -0.2341 0.3526 0.9060
vn 0.1348 0.9792 0.1514
vn 0.0807 0.9940 0.0732
vn 0.0025 0.9970 0.0780
vn 0.0720 0.9971 -0.0233
vn 0.0901 0.9953 0.0350
vn 0.1920 0.9794 0.0623
vn -0.0272 0.9996 -0.0053
vn 0.0607 0.9981 0.0090
vn 0.0318 0.9274 0.3728
vn 0.0451 0.9340 0.3545
vn -0.1054 0.9628 0.2489
vn -0.0842 0.9300 0.3579
vn -0.1177 0.7967 -0.5929
vn -0.0258 0.9975 -0.0663
vn -0.1389 0.9451 0.2960
vn -0.3841 0.9149 -0.1243
vn -0.1973 0.9627 -0.1853
vn -0.2996 0.9538 -0.0213
vn -0.9209 -0.1673 -0.3522
vn -0.9803 0.0863 -0.1777
vn -0.1039 0.7376 0.6672
vn 0.0177 0.5418 0.8403
vn -0.1669 0.9859 -0.0100
vn -0.0564 0.9963 0.0649
vn 0.0326 0.9994 -0.0068
vn 0.0947 0.9934 0.0647
vn 0.1480 0.9870 0.0622
vn 0.0874 0.9959 0.0218
vn 0.0183 0.2804 0.9597
vn 0.2500 0.7663 0.5918
vn 0.2193 -0.7949 0.5658
vn 0.1912 -0.8143 0.5481
vn 0.9692 -0.2194 0.1119
vn 0.9286 -0.2853 0.2375
vn 0.8983 0.0932 -0.4295
vn 0.7897 -0.3379 -0.5121
vn 0.1733 -0.3529 0.9195
vn 0.0546 -0.4374 0.8976
vn 0.1592 -0.9109 0.3807
vn 0.4260 -0.8988 0.1034
vn 0.9891 0.0795 0.1241
vn 0.9262 -0.0953 -0.3648
vn 0.0646 0.0687 -0.9955
vn 0.1929 0.3502 -0.9166
vn 0.6302 -0.2613 -0.7312
vn 0.5900 -0.2489 -0.7681
vn -0.0721 0.0697 -0.9950
vn 0.5309 -0.5955 -0.6030
vn 0.3473 -0.8554 -0.3842
vn 0.7117 -0.6890 0.1371
vn -0.3097 -0.2185 0.9254
vn -0.2151 -0.8643 0.4546
vn -0.3283 -0.6113 0.7201
vn 0.0192 0.0070 -0.9998
vn -0.1328 -0.4552 0.8804
vn -0.0381 -0.4103 0.9111
vn -0.7154 0.6033 -0.3524
vn -0.9694 0.2442 -0.0259
vn -0.9553 -0.0557 -0.2903
vn -0.9475 -0.0192 -0.3191
vn -0.9648 0.2545 0.0669
vn -0.9147 -0.3011 -0.2697
vn -0.1759 -0.8979 0.4034
vn -0.0518 -0.9360 0.3482
vn 0.9030 0.3978 -0.1624
vn 0.3973 0.5777 -0.7131
vn 0.1953 -0.4755 0.8577
vn 0.1083 0.0367 0.9934
vn -0.4071 0.0868 0.9093
vn -0.5302 -0.1680 0.8311
vn -0.2425 -0.6366 0.7321
vn 0.0326 -0.6414 0.7665
vn -0.0809 -0.6011 0.7951
vn -0.0774 -0.5339 0.8420
vn -0.5033 -0.1512 0.8508
vn -0.6275 -0.1339 0.7670
vn -0.7509 -0.2923 -0.5922
vn -0.7153 -0.6625 0.2225
vn -0.0134 0.0619 0.9980
vn 0.0018 0.0260 0.9997
vn 0.0323 0.9905 0.1335
vn -0.0465 0.9505 0.3073
vn -0.0484 0.9811 -0.1873
vn -0.1690 0.9846 0.0437
vn -0.1737 0.9846 0.0190
vn -0.0302 0.9897 0.1397
vn 0.4028 -0.8126 -0.4213
vn 0.2109 -0.4992 -0.8404
vn 0.5255 0.4748 0.7060
vn 0.4428 0.5799 0.6839
vn 0.6001 0.5164 0.6109
vn 0.8154 0.5381 0.2135
vn -0.0410 -0.0010 0.9992
vn 0.5101 0.3282 0.7951
vn -0.0022 0.2509 0.9680
vn -0.0541 0.1677 0.9844
vn 0.0985 0.0603 0.9933
vn -0.0145 0.2545 0.9670
vn 0.3791 0.6854 -0.6217
vn 0.3193 0.4771 -0.8188
vn 0.0957 0.9952 0.0189
vn 0.1604 0.9867 -0.0267
vn 0.0623 0.9978 -0.0234
vn 0.0729 0.9972 -0.0187
vn 0.1366 -0.0568 0.9890
vn 0.2279 0.9419 0.2466
vn 0.3226 0.6371 0.7000
vn 0.3671 0.5875 0.7212
vn 0.2510 0.9112 0.3266
vn 0.2960 0.9175 0.2658
vn 0.7763 0.5947 0.2088
vn 0.7434 0.6471 0.1689
vn 0.7007 -0.7036 0.1180
vn 0.6691 -0.7395 0.0734
vn 0.2802 -0.7574 0.5897
vn 0.1561 -0.8448 0.5118
vn 0.0005 0.9857 -0.1685
vn -0.0521 0.9951 -0.0841
vn 0.0260 0.9836 -0.1786
vn 0.0283 0.9856 -0.1669
vn -0.0279 0.9996 0.0017
vn -0.0705 0.9975 0.0103
vn 0.5973 0.7157 0.3621
vn 0.3798 0.8466 0.3729
vn 0.5796 0.0413 0.8139
vn 0.7266 0.0626 0.6842
vn 0.1299 0.8134 0.5670
vn 0.1011 0.4802 0.8713
vn -0.5173 0.1666 0.8394
vn -0.4803 0.7903 0.3805
vn -0.8469 0.3612 0.3902
vn -0.5728 0.1276 0.8097
vn 0.8752 -0.1123 0.4706
vn 0.7365 0.2795 0.6159
vn 0.6635 0.3443 0.6643
vn 0.3882 0.4188 0.8209
vn 0.3811 0.9047 0.1906
vn 0.6470 0.7613 -0.0432
vn 0.5297 0.7501 0.3959
vn 0.2590 0.9481 0.1846
vn 0.6187 0.7838 0.0539
vn 0.6613 0.6880 0.2987
vn 0.1941 0.9805 0.0318
vn 0.1685 0.9823 0.0813
vn -0.5740 0.7857 0.2307
vn -0.4996 0.8656 0.0347
vn -0.9659 0.2141 0.1456
vn -0.9496 0.2141 0.2290
vn 0.2632 -0.3846 -0.8848
vn -0.0761 -0.8283 -0.5551
vn -0.0573 0.2063 -0.9768
vn 0.2106 -0.0788 -0.9744
vn 0.0858 0.2244 -0.9707
vn -0.3792 0.8651 -0.3284
vn -0.1162 0.9928 -0.0297
vn -0.0814 0.9967 -0.0059
vn -0.1632 0.6008 -0.7826
vn -0.0493 0.7494 -0.6603
vn -0.0950 0.9954 0.0125
vn -0.4422 0.7483 -0.4944
vn -0.0449 0.9988 -0.0211
vn -0.0886 0.9961 -0.0029
vn -0.2516 0.9074 0.3366
vn -0.2468 0.8259 0.5070
vn -0.9529 0.1629 0.2559
vn -0.5379 -0.1431 0.8307
vn 0.1696 0.6557 0.7357
vn -0.0083 0.4589 0.8885
vn 0.0042 0.4570 0.8895
vn -0.2627 0.0731 0.9621
vn -0.0917 -0.2260 0.9698
vn -0.0132 -0.2731 0.9619
vn 0.5594 -0.0151 -0.8288
vn 0.6397 0.1369 -0.7563
vn 0.6596 -0.7366 -0.1492
vn 0.8149 -0.5731 -0.0871
vn 0.0146 0.9999 0.0003
vn -0.0028 0.9999 0.0108
vn 0.0007 1.0000 0.0034
vn -0.0020 1.0000 -0.0022
vn -0.0002 1.0000 -0.0012
vn 0.0005 1.0000 -0.0025
vn 0.0023 1.0000 0.0020
vn 0.0012 1.0000 0.0015
vn -0.9246 -0.3014 0.2329
vn -0.8191 -0.5685 0.0772
vn -0.2329 -0.5407 0.8083
vn -0.4264 -0.2940 0.8554
vn -0.2597 0.9564 0.1336
vn -0.1960 0.9587 0.2063
vn -0.7189 0.6897 0.0873
vn -0.8005 0.5734 0.1744
vn -0.3378 0.6496 0.6811
vn -0.2914 0.6916 0.6608
vn -0.2283 0.4121 0.8820
vn -0.1720 0.4922 0.8533
vn -0.1990 0.8376 0.5087
vn -0.0087 0.6860 0.7276
vn -0.3790 0.4229 0.8231
vn -0.3737 0.4087 0.8327
vn -0.1839 0.8382 0.5134
vn -0.0411 0.9192 0.3917
vn -0.0492 0.9965 0.0682
vn -0.0045 0.9910 0.1338
vn -0.0359 0.9915 0.1248
vn -0.1044 0.9775 0.1835
vn -0.0093 0.9997 0.0208
vn -0.0036 0.9996 0.0286
vn -0.0285 0.9994 0.0202
vn -0.0421 0.9987 0.0285
vn -0.0292 0.9996 -0.0019
vn -0.0126 0.9998 0.0159
vn -0.0598 0.9982 0.0008
vn -0.1051 0.9943 0.0201
vn -0.1024 0.9907 0.0893
vn -0.2102 0.9772 -0.0295
vn -0.2872 0.9572 -0.0349
vn -0.5156 0.8546 0.0621
vn -0.5123 0.8527 0.1020
vn -0.7255 0.6734 -0.1421
vn -0.8022 0.5962 -0.0325
vn -0.8729 0.4875 0.0193
vn -0.8724 0.4875 0.0346
vn -0.9150 0.4017 -0.0372
vn -0.9977 0.0120 -0.0672
vn -0.9302 -0.3574 0.0836
vn -0.9310 -0.3574 0.0743
vn -0.8165 -0.5716 -0.0806
vn -0.9968 0.0128 -0.0794
vn -0.9221 0.3638 0.1322
vn -0.6283 -0.7740 -0.0784
vn -0.3038 -0.9526 0.0140
vn -0.3075 -0.9512 -0.0272
vn -0.3064 -0.9515 -0.0281
vn -0.1738 -0.9848 -0.0049
vn -0.2560 -0.9661 -0.0335
vn -0.2626 -0.9190 -0.2941
vn -0.7596 -0.6458 0.0775
vn -0.2149 -0.9759 -0.0367
vn -0.6618 -0.7150 -0.2256
vn -0.6269 -0.6417 -0.4418
vn -0.9130 -0.3704 -0.1712
vn -0.9053 -0.3664 0.2148
vn -0.8757 -0.4220 0.2348
vn -0.6234 -0.6449 -0.4421
vn -0.7606 -0.4094 -0.5039
vn -0.7070 -0.7016 0.0897
vn -0.7208 -0.6813 0.1272
vn -0.2807 -0.9286 -0.2429
vn -0.6255 -0.6591 -0.4175
vn -0.2766 -0.9608 0.0170
vn -0.3062 -0.9515 0.0299
vn -0.2679 -0.9630 0.0273
vn -0.3747 -0.9271 -0.0091
vn -0.3607 -0.8725 -0.3297
vn -0.2528 -0.8859 -0.3889
vn -0.2679 -0.9632 -0.0224
vn -0.2802 -0.9598 -0.0172
vn -0.4820 -0.8761 0.0112
vn -0.5675 -0.8234 -0.0033
vn -0.5674 -0.8234 -0.0100
vn -0.5992 -0.8005 0.0083
vn -0.6870 -0.7265 0.0149
vn -0.5030 -0.8629 0.0493
vn -0.5002 -0.8559 0.1310
vn -0.1895 -0.9809 -0.0436
vn 0.2226 -0.9738 -0.0467
vn 0.4939 -0.8695 -0.0062
vn 0.4924 -0.8689 0.0506
vn 0.6424 -0.7645 -0.0542
vn 0.7835 -0.6197 -0.0451
vn 0.8351 -0.5494 -0.0281
vn 0.8354 -0.5495 -0.0145
vn 0.8591 -0.5103 -0.0399
vn 0.5506 -0.8289 0.0988
vn 0.7050 -0.7092 -0.0005
vn 0.5737 -0.8190 0.0046
vn 0.5540 -0.8325 -0.0003
vn -0.1417 -0.9877 0.0660
vn -0.0989 -0.9939 0.0484
vn 0.5744 -0.8185 -0.0051
vn 0.7645 -0.6374 -0.0963
vn -0.1476 -0.9883 0.0394
vn -0.1372 -0.9897 0.0406
vn -0.1606 -0.9853 0.0584
vn -0.1231 -0.9917 0.0382
vn -0.1485 -0.9869 0.0622
vn 0.0588 -0.9982 -0.0132
vn -0.1812 -0.9832 0.0207
vn -0.1593 -0.9869 0.0236
vn -0.1855 -0.9819 0.0388
vn -0.1640 -0.9862 0.0244
vn -0.1821 -0.9832 0.0115
vn -0.1889 -0.9819 0.0143
vn -0.1991 -0.9798 0.0156
vn -0.1884 -0.9819 0.0181
vn -0.2019 -0.9791 0.0245
vn -0.1973 -0.9802 0.0195
vn -0.1998 -0.9798 0.0106
vn -0.2044 -0.9788 0.0126
vn -0.2071 -0.9782 0.0128
vn -0.2036 -0.9789 0.0144
vn -0.1899 -0.9817 0.0169
vn -0.1861 -0.9825 0.0117
vn -0.2064 -0.9783 0.0176
vn -0.2156 -0.9762 0.0249
vn -0.1973 -0.9801 0.0231
vn -0.1878 -0.9817 0.0313
vn -0.2121 -0.9700 0.1191
vn -0.1571 -0.9872 0.0270
vn -0.1903 -0.9683 0.1616
vn -0.1886 -0.9691 0.1587
vn -0.1695 -0.9728 0.1580
vn -0.2135 -0.9715 0.1032
vn -0.1959 -0.9680 -0.1569
vn -0.1763 -0.9681 -0.1779
vn -0.1576 -0.9718 -0.1754
vn -0.1668 -0.9670 -0.1927
vn -0.1955 -0.9805 -0.0186
vn -0.1876 -0.9820 -0.0230
vn -0.1606 -0.9869 -0.0151
vn -0.1800 -0.9821 -0.0557
vn -0.0428 -0.9864 -0.1590
vn -0.2485 -0.9650 -0.0841
vn -0.1591 -0.9871 -0.0189
vn -0.1540 -0.9879 -0.0207
vn -0.1250 -0.9921 -0.0065
vn -0.1290 -0.9913 -0.0271
vn -0.2222 -0.9627 -0.1547
vn -0.3116 -0.9384 -0.1492
vn -0.1238 -0.9923 -0.0082
vn -0.1251 -0.9921 -0.0080
vn -0.1288 -0.9916 -0.0101
vn -0.1896 -0.9628 -0.1924
vn 0.0291 -0.9893 -0.1426
vn -0.1537 -0.9734 -0.1697
vn -0.1160 -0.9929 -0.0253
vn -0.0757 -0.9969 -0.0202
vn -0.0667 -0.9977 -0.0119
vn -0.0701 -0.9974 -0.0184
vn -0.0509 -0.9987 -0.0053
vn -0.0549 -0.9985 -0.0067
vn -0.0481 -0.9984 -0.0301
vn -0.0179 -0.9998 -0.0126
vn -0.0241 -0.9995 -0.0195
vn -0.0283 -0.9992 -0.0281
vn -0.0289 -0.9992 -0.0291
vn -0.0297 -0.9991 -0.0297
vn -0.0041 -0.9995 -0.0306
vn 0.0094 -0.9998 -0.0177
vn 0.0020 -0.9996 -0.0296
vn -0.0025 -0.9990 -0.0455
vn -0.0496 -0.9861 -0.1583
vn -0.0928 -0.9744 -0.2046
vn 0.0049 -0.9995 -0.0303
vn 0.0091 -0.9997 -0.0234
vn -0.0112 -0.9941 -0.1083
vn -0.0095 -0.9850 -0.1724
vn -0.1381 -0.6706 -0.7288
vn -0.1344 -0.6774 -0.7232
vn 0.0063 -0.9939 -0.1102
vn 0.0113 -0.9964 -0.0834
vn 0.0545 -0.7451 -0.6647
vn 0.0899 -0.6607 -0.7452
vn 0.0830 -0.6909 -0.7182
vn 0.0861 -0.7039 -0.7050
vn 0.2443 -0.7505 -0.6141
vn 0.2387 -0.7901 -0.5646
vn 0.2520 -0.7644 -0.5934
vn 0.3098 -0.6931 -0.6509
vn 0.1680 -0.9102 -0.3786
vn 0.1669 -0.9176 -0.3607
vn 0.4336 -0.7669 -0.4732
vn 0.4494 -0.7305 -0.5142
vn 0.2730 -0.9140 -0.3000
vn 0.2808 -0.9103 -0.3041
vn 0.4285 -0.7559 -0.4950
vn 0.4253 -0.7727 -0.4713
vn 0.3560 -0.9118 -0.2046
vn 0.3691 -0.9023 -0.2226
vn 0.5671 -0.7530 -0.3336
vn 0.5694 -0.7513 -0.3335
vn 0.3757 -0.8893 -0.2607
vn 0.3765 -0.9016 -0.2129
vn 0.6355 -0.7475 -0.1932
vn 0.6047 -0.7812 -0.1555
vn 0.4212 -0.8999 -0.1132
vn 0.4665 -0.8813 -0.0755
vn 0.6300 -0.7765 -0.0134
vn 0.6081 -0.7939 0.0025
vn 0.4406 -0.8977 -0.0055
vn 0.4418 -0.8971 -0.0039
vn 0.5913 -0.7916 0.1539
vn 0.5533 -0.8159 0.1681
vn 0.4407 -0.8875 0.1348
vn 0.4309 -0.8963 0.1045
vn 0.5933 -0.7916 0.1461
vn 0.5829 -0.7967 0.1599
vn 0.3911 -0.8856 0.2504
vn 0.4288 -0.8731 0.2319
vn 0.5293 -0.7923 0.3033
vn 0.5341 -0.7966 0.2831
vn 0.5849 -0.7761 0.2357
vn 0.5224 -0.8072 0.2747
vn 0.4258 -0.7986 0.4255
vn 0.4089 -0.8037 0.4323
vn 0.4086 -0.8041 0.4319
vn 0.4068 -0.8031 0.4353
vn 0.4005 -0.8237 0.4015
vn 0.3753 -0.8326 0.4075
vn 0.2474 -0.8046 0.5398
vn 0.1950 -0.8169 0.5428
vn 0.1811 -0.8307 0.5265
vn 0.1606 -0.7962 0.5833
vn 0.6609 -0.7489 -0.0481
vn 0.4166 -0.9087 -0.0264
vn 0.5673 -0.8187 0.0890
vn 0.5588 -0.8011 0.2145
vn 0.3513 -0.8652 0.3579
vn 0.3587 -0.8884 0.2866
vn 0.0728 -0.9972 0.0154
vn 0.0299 -0.9994 0.0154
vn 0.1240 -0.8254 0.5508
vn -0.0766 -0.8367 0.5423
vn -0.2871 -0.9003 0.3272
vn -0.2869 -0.8986 0.3321
vn -0.4057 -0.9133 -0.0359
vn -0.6163 -0.7861 -0.0470
vn -0.3913 -0.8260 0.4057
vn -0.3789 -0.8300 0.4093
vn -0.5501 -0.8062 0.2177
vn -0.5460 -0.8349 0.0700
vn -0.4027 -0.8113 0.4238
vn -0.4112 -0.8089 0.4203
vn -0.5368 -0.8045 0.2542
vn -0.5400 -0.8146 0.2115
vn -0.4166 -0.8046 0.4233
vn -0.4656 -0.7912 0.3965
vn -0.5591 -0.7882 0.2573
vn -0.5587 -0.7870 0.2618
vn -0.4290 -0.8240 0.3702
vn -0.4420 -0.8196 0.3646
vn -0.5329 -0.8184 0.2152
vn -0.5367 -0.8055 0.2514
vn -0.3810 -0.9090 0.1688
vn -0.4062 -0.8995 0.1609
vn -0.4338 -0.9002 0.0394
vn -0.4439 -0.8948 0.0471
vn -0.5980 -0.8004 0.0411
vn -0.5766 -0.8131 0.0805
vn -0.4290 -0.9015 -0.0578
vn -0.4300 -0.9010 -0.0574
vn -0.5896 -0.7976 -0.1274
vn -0.5836 -0.8071 -0.0894
vn -0.3772 -0.9101 -0.1713
vn -0.3909 -0.9050 -0.1679
vn -0.5304 -0.7970 -0.2890
vn -0.5384 -0.8056 -0.2472
vn -0.5739 -0.7908 -0.2128
vn -0.5317 -0.8123 -0.2399
vn -0.4176 -0.8059 -0.4196
vn -0.4449 -0.7963 -0.4099
vn -0.4334 -0.8136 -0.3876
vn -0.4683 -0.8186 -0.3325
vn -0.5837 -0.7666 -0.2675
vn -0.4443 -0.8452 -0.2969
vn -0.2598 -0.8294 -0.4945
vn -0.3332 -0.8073 -0.4871
vn -0.3245 -0.8239 -0.4647
vn -0.3357 -0.8277 -0.4496
vn -0.2658 -0.8099 -0.5228
vn -0.2642 -0.8095 -0.5243
vn -0.0887 -0.8118 -0.5771
vn -0.0903 -0.8114 -0.5774
vn -0.0903 -0.8148 -0.5726
vn -0.1043 -0.8186 -0.5648
vn 0.0551 -0.8115 -0.5818
vn 0.0620 -0.8131 -0.5788
vn 0.0591 -0.8246 -0.5627
vn 0.1209 -0.8060 -0.5795
vn 0.2305 -0.8084 -0.5417
vn 0.2537 -0.8139 -0.5226
vn 0.2446 -0.8292 -0.5025
vn 0.3247 -0.8022 -0.5010
vn 0.3697 -0.8316 -0.4145
vn 0.3164 -0.8155 -0.4847
vn 0.4180 -0.8088 -0.4137
vn 0.4784 -0.8180 -0.3194
vn 0.4457 -0.8522 -0.2740
vn 0.5990 -0.7554 -0.2658
vn 0.5396 -0.7991 -0.2649
vn 0.5748 -0.8047 -0.1482
vn 0.5135 -0.8555 -0.0664
vn 0.6867 -0.7222 -0.0827
vn 0.4264 -0.7986 -0.4247
vn 0.3744 -0.8150 -0.4423
vn 0.4874 -0.8085 -0.3296
vn 0.5123 -0.8241 -0.2417
vn 0.1652 -0.8953 -0.4136
vn 0.1097 -0.9087 -0.4028
vn 0.2697 -0.9085 -0.3193
vn 0.2678 -0.9069 -0.3254
vn 0.0320 -0.8945 -0.4460
vn 0.0513 -0.9014 -0.4299
vn 0.0667 -0.8391 -0.5399
vn 0.0648 -0.8406 -0.5377
vn 0.2228 -0.8382 -0.4978
vn 0.2004 -0.7548 -0.6246
vn -0.0980 -0.8405 -0.5328
vn -0.0994 -0.8394 -0.5343
vn -0.0734 -0.9132 -0.4007
vn -0.0759 -0.9184 -0.3883
vn 0.0456 -0.9182 -0.3936
vn 0.0453 -0.9177 -0.3946
vn -0.1858 -0.9135 -0.3619
vn -0.1607 -0.9262 -0.3410
vn -0.2846 -0.7805 -0.5566
vn -0.2956 -0.7346 -0.6107
vn -0.1253 -0.7287 -0.6732
vn -0.1337 -0.7138 -0.6874
vn -0.4511 -0.7744 -0.4436
vn -0.3899 -0.8229 -0.4133
vn -0.5417 -0.6210 -0.5665
vn -0.5323 -0.6482 -0.5445
vn -0.3429 -0.6538 -0.6745
vn -0.3210 -0.6830 -0.6561
vn -0.6985 -0.6071 -0.3789
vn -0.6330 -0.6837 -0.3631
vn -0.1155 -0.9927 -0.0352
vn -0.1783 -0.9785 -0.1036
vn -0.1410 -0.9792 -0.1461
vn -0.1611 -0.9740 -0.1590
vn -0.1391 -0.9902 0.0071
vn -0.0417 -0.9989 0.0193
vn 0.0720 -0.9953 0.0644
vn -0.0727 -0.9964 -0.0437
vn -0.0809 -0.9964 -0.0268
vn -0.0454 -0.9989 -0.0132
vn -0.4483 -0.8930 0.0386
vn -0.1334 -0.9911 -0.0019
vn -0.0770 -0.9970 0.0045
vn -0.0417 -0.9989 0.0207
vn -0.7185 -0.6627 -0.2114
vn -0.4438 -0.8958 -0.0235
vn -0.6542 -0.6923 0.3043
vn -0.4823 -0.8604 0.1646
vn -0.0622 -0.9981 -0.0019
vn -0.1324 -0.9912 0.0048
vn -0.9044 -0.4264 -0.0118
vn -0.7300 -0.6799 0.0698
vn -0.4821 -0.8757 0.0276
vn -0.6496 -0.7566 0.0742
vn -0.8754 -0.4419 -0.1962
vn -0.7097 -0.6793 -0.1867
vn -0.4126 -0.9077 -0.0765
vn -0.4617 -0.8799 -0.1128
vn -0.5635 -0.8211 -0.0904
vn -0.4466 -0.8882 -0.1080
vn -0.3513 -0.9158 -0.1944
vn -0.3274 -0.9261 -0.1877
vn -0.5479 -0.7659 -0.3365
vn -0.4918 -0.8360 -0.2434
vn -0.2601 -0.9289 -0.2636
vn -0.2694 -0.9250 -0.2679
vn -0.3941 -0.8313 -0.3920
vn -0.4136 -0.7703 -0.4854
vn -0.3352 -0.8932 -0.2998
vn -0.2687 -0.9143 -0.3031
vn -0.2526 -0.8360 -0.4871
vn -0.2508 -0.8372 -0.4860
vn -0.2049 -0.8978 -0.3899
vn -0.2070 -0.8988 -0.3863
vn -0.6300 -0.7016 -0.3329
vn -0.4946 -0.8181 -0.2934
vn -0.4089 -0.8981 0.1617
vn -0.4409 -0.8758 0.1964
vn -0.6410 -0.7153 0.2785
vn -0.5850 -0.7614 0.2792
vn -0.4649 -0.8849 0.0285
vn -0.4415 -0.8964 0.0394
vn -0.3518 -0.8748 0.3332
vn -0.3360 -0.8919 0.3026
vn -0.5983 -0.6332 0.4910
vn -0.5137 -0.7158 0.4731
vn -0.2236 -0.8868 0.4044
vn -0.2181 -0.9001 0.3773
vn -0.4381 -0.5724 0.6931
vn -0.4037 -0.6202 0.6726
vn -0.0653 -0.9045 0.4215
vn -0.0591 -0.8908 0.4505
vn -0.0998 -0.7626 0.6391
vn -0.1929 -0.6192 0.7612
vn 0.0743 -0.8980 0.4337
vn 0.0496 -0.9135 0.4038
vn 0.1698 -0.5669 0.8061
vn 0.2192 -0.7715 0.5972
vn 0.4024 -0.5706 0.7158
vn 0.3246 -0.6603 0.6772
vn 0.1349 -0.8894 0.4369
vn -0.0095 -0.9998 0.0196
vn 0.0564 -0.9984 0.0093
vn -0.0384 -0.9953 -0.0891
vn -0.0037 -0.9996 0.0275
vn -0.0561 -0.9925 -0.1084
vn 0.0151 -0.9915 -0.1290
vn -0.0330 -0.9880 -0.1509
vn 0.0228 -0.9996 0.0137
vn 0.0235 -0.9996 0.0141
vn 0.0313 -0.9993 0.0218
vn 0.0526 -0.9967 0.0621
vn 0.0837 -0.9958 0.0371
vn 0.0779 -0.9964 0.0334
vn 0.0320 -0.9987 0.0403
vn 0.0072 -0.9998 -0.0210
vn -0.0272 -0.9995 0.0131
vn 0.1308 -0.9875 0.0879
vn 0.0581 -0.9978 0.0310
vn 0.0551 -0.9984 0.0104
vn 0.0024 -0.9979 0.0655
vn 0.0224 -0.9973 0.0698
vn 0.0795 -0.9962 0.0352
vn 0.0795 -0.9963 0.0336
vn 0.0267 -0.9956 0.0894
vn 0.0198 -0.9958 0.0892
vn 0.0462 -0.9923 0.1148
vn 0.0473 -0.9935 0.1033
vn 0.0110 -0.9907 0.1358
vn 0.0094 -0.9907 0.1356
vn -0.0008 -0.9933 0.1158
vn 0.0003 -0.9940 0.1092
vn 0.0243 -0.9868 0.1600
vn 0.0264 -0.9884 0.1494
vn 0.0259 -0.9884 0.1497
vn 0.0177 -0.9889 0.1476
vn 0.0100 -0.9919 0.1264
vn 0.0036 -0.9902 0.1399
vn 0.0222 -0.9892 0.1452
vn 0.0145 -0.9897 0.1426
vn 0.0093 -0.9925 0.1222
vn 0.0010 -0.9913 0.1313
vn 0.0353 -0.9901 0.1358
vn 0.2306 -0.9502 0.2096
vn 0.2247 -0.9609 0.1617
vn 0.4303 -0.9025 0.0154
vn 0.2856 -0.9370 0.2009
vn 0.1169 -0.9821 0.1475
vn 0.1160 -0.9842 0.1337
vn 0.0131 -0.9830 0.1830
vn -0.2860 -0.9443 0.1627
vn -0.1901 -0.9602 0.2045
vn -0.1898 -0.9581 0.2147
vn -0.0286 -0.9885 0.1487
vn -0.4410 -0.8895 0.1196
vn -0.0263 -0.9878 0.1537
vn -0.1715 -0.9615 0.2148
vn -0.4177 -0.9065 0.0607
vn -0.4153 -0.9054 0.0885
vn -0.4869 -0.8649 0.1219
vn -0.1711 -0.9637 0.2050
vn -0.0440 -0.9893 0.1388
vn -0.0218 -0.9895 0.1430
vn -0.0171 -0.9886 0.1498
vn -0.0130 -0.9912 0.1320
vn -0.0084 -0.9915 0.1300
vn -0.0251 -0.9888 0.1468
vn -0.0212 -0.9876 0.1558
vn -0.0142 -0.9903 0.1379
vn -0.0047 -0.9908 0.1351
vn -0.0278 -0.9879 0.1526
vn -0.0256 -0.9868 0.1600
vn -0.0120 -0.9904 0.1377
vn -0.0143 -0.9904 0.1378
vn -0.0013 -0.9941 0.1089
vn 0.0006 -0.9930 0.1181
vn -0.0398 -0.9926 0.1147
vn -0.0390 -0.9921 0.1188
vn -0.0165 -0.9954 0.0946
vn -0.0145 -0.9954 0.0951
vn -0.0070 -0.9983 0.0582
vn -0.0084 -0.9960 0.0894
vn -0.0664 -0.9973 0.0308
vn -0.0660 -0.9967 0.0473
vn -0.0460 -0.9985 0.0294
vn -0.0231 -0.9993 0.0302
vn -0.0100 -0.9995 0.0287
vn -0.0012 -1.0000 0.0094
vn -0.0604 -0.9981 0.0109
vn -0.0637 -0.9977 0.0247
vn -0.0553 -0.9983 0.0178
vn -0.0259 -0.9996 0.0080
vn -0.0835 -0.9962 0.0248
vn -0.0838 -0.9961 0.0281
vn -0.1044 -0.9938 0.0378
vn -0.1138 -0.9929 0.0351
vn -0.1369 -0.9906 0.0002
vn -0.1351 -0.9908 -0.0068
vn -0.1184 -0.9929 -0.0143
vn -0.1157 -0.9932 -0.0137
vn -0.1777 -0.9839 0.0166
vn -0.1456 -0.9889 0.0299
vn -0.1520 -0.9882 0.0162
vn -0.1532 -0.9880 0.0192
vn -0.1263 -0.9919 0.0101
vn -0.1234 -0.9923 0.0115
vn -0.1565 -0.9876 0.0099
vn -0.1598 -0.9870 0.0159
vn -0.1376 -0.9904 0.0093
vn -0.1231 -0.9923 0.0161
vn -0.1756 -0.9836 0.0407
vn -0.1725 -0.9841 0.0421
vn -0.1797 -0.9835 0.0191
vn -0.1830 -0.9828 0.0248
vn -0.1549 -0.9862 0.0581
vn -0.1515 -0.9875 0.0430
vn -0.1924 -0.9792 0.0645
vn -0.1619 -0.9842 0.0721
vn -0.1200 -0.9891 0.0857
vn -0.1203 -0.9872 0.1044
vn -0.1474 -0.9807 0.1288
vn -0.1472 -0.9807 0.1288
vn -0.0698 -0.9861 0.1508
vn -0.0737 -0.9891 0.1276
vn -0.0906 -0.9844 0.1507
vn -0.1150 -0.9810 0.1560
vn -0.0420 -0.9829 0.1790
vn -0.0449 -0.9847 0.1686
vn -0.0559 -0.9802 0.1898
vn -0.0746 -0.9773 0.1985
vn -0.1241 -0.9774 0.1710
vn -0.1241 -0.9777 0.1694
vn -0.0735 -0.9777 0.1965
vn -0.0786 -0.9765 0.2009
vn -0.1249 -0.9762 0.1772
vn -0.1233 -0.9777 0.1699
vn -0.1206 -0.9780 0.1703
vn -0.1283 -0.9756 0.1781
vn -0.0609 -0.9780 0.1997
vn -0.0121 -0.9999 0.0055
vn -0.0700 -0.9933 0.0918
vn -0.1671 -0.9737 0.1549
vn -0.0471 -0.9834 0.1753
vn -0.1770 -0.9284 0.3267
vn -0.1787 -0.9282 0.3263
vn -0.1419 -0.9885 0.0528
vn -0.1525 -0.9855 0.0746
vn -0.0804 -0.9968 0.0037
vn -0.0934 -0.9937 0.0617
vn -0.0973 -0.9941 0.0475
vn -0.1018 -0.9924 0.0694
vn -0.1140 -0.9904 0.0788
vn 0.1741 -0.8737 -0.4542
vn 0.2264 -0.8255 -0.5170
vn 0.1449 -0.8342 -0.5320
vn 0.1369 -0.7872 -0.6013
vn 0.2990 -0.6871 -0.6622
vn 0.3058 -0.6777 -0.6687
vn 0.2199 -0.6906 -0.6890
vn 0.2186 -0.6773 -0.7025
vn 0.1439 -0.9196 -0.3655
vn 0.1803 -0.8957 -0.4064
vn 0.1458 -0.8996 -0.4117
vn 0.1458 -0.8244 -0.5470
vn -0.2957 -0.8029 0.5177
vn -0.1743 -0.9091 0.3783
vn -0.0685 -0.9180 0.3905
vn -0.0748 -0.9954 0.0597
vn -0.2545 -0.8050 0.5359
vn -0.2750 -0.7841 0.5564
vn -0.2143 -0.7929 0.5705
vn -0.2021 -0.6639 0.7200
vn -0.1051 -0.9394 0.3264
vn -0.1056 -0.9391 0.3270
vn 0.1323 -0.9115 0.3894
vn 0.1725 -0.8276 0.5342
vn 0.1912 -0.8659 0.4622
vn -0.1353 -0.6605 0.7386
vn 0.4729 -0.6912 0.5465
vn 0.5648 -0.4973 0.6585
vn 0.5250 -0.8104 0.2602
vn 0.4039 -0.7586 0.5112
vn 0.1561 -0.9460 0.2841
vn -0.1101 -0.8209 0.5603
vn 0.2133 -0.7487 0.6277
vn 0.4185 -0.2213 0.8809
vn 0.2385 -0.9034 0.3564
vn -0.1638 -0.6708 0.7233
vn -0.1899 -0.6741 0.7138
vn -0.1271 -0.4977 0.8580
vn -0.1533 -0.3691 0.9167
vn -0.1188 -0.4091 0.9047
vn -0.0320 -0.9587 0.2826
vn -0.0703 -0.9469 0.3139
vn -0.0802 -0.9472 0.3105
vn -0.0512 -0.9190 0.3910
vn -0.3082 -0.1233 0.9433
vn -0.1488 -0.3552 0.9229
vn -0.1562 -0.3557 0.9214
vn -0.2395 -0.5137 0.8239
vn -0.2071 0.6224 0.7548
vn -0.1495 0.5436 0.8259
vn -0.1768 0.5442 0.8201
vn -0.2196 0.4927 0.8420
vn -0.2246 0.6225 0.7496
vn -0.1498 0.7285 0.6684
vn -0.0730 0.9857 0.1518
vn -0.0501 0.9676 0.2475
vn -0.0299 0.9668 0.2539
vn -0.1341 0.9222 0.3628
vn -0.0193 0.9985 0.0512
vn -0.0151 0.9976 0.0680
vn -0.0100 0.9975 0.0699
vn -0.0191 0.9967 0.0789
vn -0.0047 1.0000 0.0043
vn -0.0026 0.9999 0.0125
vn -0.0000 0.9999 0.0135
vn -0.0083 0.9997 0.0212
vn 0.0081 0.9990 -0.0446
vn 0.0140 0.9996 -0.0239
vn 0.0202 0.9996 -0.0216
vn 0.0006 1.0000 -0.0064
vn 0.0290 0.9854 -0.1679
vn 0.2102 0.9772 0.0283
vn 0.0522 0.9986 -0.0102
vn 0.0121 0.9999 0.0060
vn 0.0122 0.9999 0.0122
vn -0.0049 1.0000 -0.0082
vn 0.0863 0.9962 0.0075
vn 0.0239 0.9997 -0.0018
vn 0.0009 1.0000 0.0024
vn 0.0015 0.9999 0.0117
vn -0.0135 0.9999 -0.0000
vn -0.0154 0.9999 -0.0000
vn -0.0404 0.9992 0.0042
vn -0.0402 0.9991 0.0117
vn -0.0600 0.9982 -0.0030
vn -0.0733 0.9973 -0.0006
vn -0.1359 0.9907 0.0098
vn -0.1359 0.9888 0.0612
vn -0.2872 0.9568 -0.0440
vn -0.2945 0.9556 -0.0121
vn -0.6063 0.7936 0.0508
vn -0.6054 0.7917 0.0818
vn -0.7988 0.5943 -0.0934
vn -0.2948 0.9554 -0.0154
vn -0.1187 0.9918 0.0473
vn -0.5596 0.8287 0.0054
vn -0.8231 0.5635 0.0702
vn -0.8228 0.5636 0.0732
vn -0.9296 0.3681 -0.0180
vn -0.9532 0.2996 0.0402
vn -0.9510 -0.2866 0.1158
vn -0.9508 -0.2863 0.1187
vn -0.6280 -0.7730 -0.0899
vn -0.4546 -0.8907 -0.0049
vn -0.2054 -0.9785 0.0179
vn -0.2052 -0.9787 0.0114
vn -0.1738 -0.9848 -0.0029
vn -0.2172 -0.9759 0.0199
vn -0.2113 -0.9772 0.0206
vn -0.2112 -0.9774 0.0112
vn -0.2141 -0.9767 0.0125
vn -0.2171 -0.9759 0.0225
vn -0.1899 -0.9817 0.0098
vn -0.1748 -0.9846 0.0068
vn -0.1174 -0.9930 0.0099
vn -0.1179 -0.9922 -0.0410
vn -0.3061 -0.9514 0.0342
vn -0.1739 -0.9847 0.0118
vn -0.1532 -0.9882 0.0009
vn -0.1928 -0.9812 0.0095
vn -0.1892 -0.9819 0.0097
vn -0.1902 -0.9818 0.0011
vn -0.2801 -0.9592 0.0393
vn -0.2832 -0.9586 0.0280
vn -0.3468 -0.9377 0.0220
vn -0.3465 -0.9380 -0.0051
vn -0.4831 -0.8739 0.0537
vn -0.5360 -0.8423 0.0562
vn -0.6936 -0.7197 0.0309
vn -0.6974 -0.7140 0.0626
vn -0.6884 -0.7230 0.0580
vn -0.2641 -0.9604 0.0888
vn 0.2249 -0.9713 -0.0779
vn -0.5957 -0.8031 0.0147
vn -0.2607 -0.9639 0.0550
vn 0.5242 -0.8516 0.0014
vn 0.7038 -0.7059 -0.0797
vn -0.5959 -0.8029 0.0172
vn -0.7521 -0.6523 0.0936
vn 0.3163 -0.9475 -0.0465
vn 0.5242 -0.8514 -0.0177
vn 0.8167 -0.5756 -0.0414
vn 0.8597 -0.5061 -0.0694
vn 0.3124 -0.9469 -0.0754
vn 0.0274 -0.9992 0.0283
vn 0.7227 -0.6901 -0.0389
vn 0.8191 -0.5735 -0.0136
vn 0.4820 -0.8760 -0.0171
vn 0.3113 -0.9494 0.0418
vn 0.7265 -0.6869 -0.0186
vn 0.6460 -0.7632 0.0162
vn 0.4543 -0.8904 0.0280
vn 0.4941 -0.8687 0.0356
vn 0.0121 -0.9997 0.0202
vn -0.1412 -0.9867 0.0800
vn 0.4478 -0.8941 0.0002
vn 0.6260 -0.7784 -0.0460
vn -0.4308 -0.8991 -0.0784
vn 0.0222 -0.9982 0.0560
vn -0.3330 -0.9275 0.1700
vn -0.1420 -0.9879 0.0615
vn -0.4339 -0.8997 -0.0471
vn -0.1771 -0.9802 -0.0886
vn -0.1834 -0.9790 -0.0893
vn -0.3071 -0.9395 -0.1520
vn -0.1846 -0.9704 -0.1559
vn -0.2041 -0.9682 -0.1447
vn -0.2039 -0.9788 -0.0172
vn -0.2006 -0.9795 -0.0175
vn -0.2057 -0.9784 -0.0184
vn -0.2100 -0.9774 -0.0223
vn -0.1972 -0.9799 -0.0292
vn -0.1847 -0.9824 -0.0295
vn -0.2004 -0.9791 -0.0346
vn -0.2007 -0.9790 -0.0350
vn -0.1842 -0.9824 -0.0297
vn -0.1858 -0.9822 -0.0291
vn -0.1942 -0.9796 -0.0514
vn -0.1987 -0.9787 -0.0507
vn -0.1834 -0.9821 -0.0426
vn -0.1811 -0.9828 -0.0365
vn -0.1457 -0.9891 -0.0222
vn -0.1541 -0.9878 -0.0205
vn -0.1767 -0.9827 -0.0545
vn -0.1786 -0.9824 -0.0542
vn -0.1359 -0.9905 -0.0209
vn -0.1379 -0.9899 -0.0334
vn -0.1048 -0.9944 -0.0151
vn -0.1188 -0.9928 -0.0157
vn -0.1051 -0.9924 -0.0637
vn -0.0969 -0.9932 -0.0643
vn -0.0727 -0.9968 -0.0346
vn -0.0741 -0.9960 -0.0496
vn -0.1471 -0.9837 -0.1037
vn -0.1458 -0.9848 -0.0939
vn -0.1218 -0.9840 -0.1300
vn -0.0984 -0.9859 -0.1351
vn -0.0525 -0.9944 -0.0916
vn -0.0543 -0.9899 -0.1308
vn -0.0822 -0.9838 -0.1593
vn -0.0644 -0.9841 -0.1654
vn -0.0292 -0.9895 -0.1414
vn -0.0280 -0.9905 -0.1346
vn -0.0252 -0.9882 -0.1509
vn -0.0289 -0.9885 -0.1486
vn -0.0188 -0.9891 -0.1459
vn -0.0053 -0.9915 -0.1297
vn -0.0036 -0.9905 -0.1375
vn -0.0157 -0.9915 -0.1292
vn -0.2331 -0.9614 -0.1462
vn -0.3046 -0.9346 -0.1839
vn -0.3055 -0.9365 -0.1720
vn -0.2957 -0.9387 -0.1772
vn -0.2331 -0.9606 -0.1516
vn -0.1434 -0.9710 -0.1915
vn -0.3721 -0.9078 -0.1935
vn -0.2558 -0.9534 -0.1601
vn -0.2556 -0.9546 -0.1532
vn -0.1589 -0.9704 -0.1819
vn 0.0930 -0.9850 -0.1456
vn 0.0197 -0.9856 -0.1679
vn 0.0212 -0.9879 -0.1537
vn -0.0002 -0.9890 -0.1478
vn 0.4429 -0.8860 -0.1375
vn 0.4554 -0.8805 -0.1318
vn 0.4401 -0.8735 -0.2083
vn 0.2217 -0.9636 -0.1496
vn 0.9584 -0.2287 -0.1706
vn 0.2028 -0.9601 -0.1924
vn 0.1123 -0.9694 -0.2183
vn 0.2992 -0.9454 -0.1290
vn 0.2894 -0.9423 -0.1683
vn 0.1300 -0.9893 -0.0658
vn 0.1181 -0.9766 -0.1800
vn 0.0099 -0.9906 -0.1361
vn 0.0260 -0.9906 -0.1341
vn -0.0063 -0.9857 -0.1684
vn -0.0069 -0.9920 -0.1260
vn 0.0375 -0.9874 -0.1539
vn 0.0371 -0.9869 -0.1568
vn 0.0316 -0.9854 -0.1674
vn 0.0273 -0.9888 -0.1468
vn -0.0115 -0.9919 -0.1268
vn 0.0746 -0.9863 -0.1471
vn 0.0635 -0.9799 -0.1891
vn 0.0454 -0.9876 -0.1501
vn 0.0307 -0.9889 -0.1455
vn 0.0169 -0.9912 -0.1309
vn 0.0200 -0.9923 -0.1223
vn 0.0699 -0.9884 -0.1345
vn 0.0697 -0.9883 -0.1359
vn 0.0497 -0.9931 -0.1064
vn 0.0476 -0.9932 -0.1062
vn 0.0266 -0.9959 -0.0865
vn 0.0267 -0.9967 -0.0769
vn 0.0945 -0.9934 -0.0656
vn 0.0950 -0.9939 -0.0552
vn 0.0823 -0.9958 -0.0405
vn 0.0717 -0.9966 -0.0398
vn 0.0427 -0.9978 -0.0503
vn 0.0282 -0.9996 0.0073
vn 0.1079 -0.9940 -0.0163
vn 0.1084 -0.9938 -0.0261
vn 0.0945 -0.9954 -0.0149
vn 0.0792 -0.9967 -0.0147
vn 0.0735 -0.9972 -0.0160
vn 0.0668 -0.9977 -0.0058
vn 0.1152 -0.9933 0.0039
vn 0.1499 -0.9533 -0.2622
vn -0.2911 -0.9566 -0.0117
vn 0.0518 -0.9975 -0.0472
vn 0.1299 -0.9915 -0.0043
vn 0.1190 -0.9929 -0.0062
vn 0.1237 -0.9916 -0.0383
vn 0.2596 -0.9614 -0.0916
vn 0.3929 -0.9174 -0.0636
vn 0.1469 -0.9890 -0.0196
vn 0.1561 -0.9876 -0.0168
vn 0.1588 -0.9872 -0.0117
vn 0.1675 -0.9852 -0.0355
vn 0.2425 -0.9677 -0.0685
vn -0.0038 -0.9823 -0.1871
vn 0.1373 -0.9820 -0.1298
vn 0.1592 -0.9655 -0.2063
vn 0.0702 -0.9822 -0.1740
vn 0.2833 -0.9590 0.0116
vn 0.2398 -0.9197 0.3109
vn 0.2027 -0.9784 0.0418
vn 0.1801 -0.9800 0.0845
vn 0.1674 -0.9543 0.2475
vn 0.2507 -0.9469 0.2011
vn 0.1060 -0.9856 0.1320
vn 0.1195 -0.9850 0.1245
vn 0.1491 -0.9888 0.0071
vn 0.1347 -0.9908 0.0152
vn 0.1094 -0.9940 0.0093
vn 0.2070 -0.9754 0.0753
vn 0.1466 -0.9892 -0.0045
vn 0.1628 -0.9763 0.1428
vn 0.1827 -0.9773 0.1074
vn 0.2174 -0.9670 0.1329
vn 0.1949 -0.9750 0.1067
vn 0.2039 -0.9789 0.0130
vn 0.2051 -0.9787 0.0122
vn 0.1831 -0.9830 0.0146
vn 0.1767 -0.9842 0.0096
vn 0.2041 -0.9788 0.0177
vn 0.2001 -0.9796 0.0195
vn 0.1836 -0.9828 0.0179
vn 0.1827 -0.9830 0.0169
vn 0.1943 -0.9801 0.0397
vn 0.1888 -0.9811 0.0414
vn 0.1855 -0.9818 0.0405
vn 0.1793 -0.9834 0.0294
vn 0.1516 -0.9882 0.0200
vn 0.1521 -0.9882 0.0198
vn 0.1732 -0.9829 0.0629
vn 0.1876 -0.9804 0.0596
vn 0.1532 -0.9873 0.0413
vn 0.1491 -0.9885 0.0237
vn 0.1309 -0.9914 0.0067
vn 0.1216 -0.9926 0.0079
vn 0.1120 -0.9893 0.0929
vn 0.1286 -0.9874 0.0917
vn 0.0955 -0.9934 0.0633
vn 0.0951 -0.9943 0.0477
vn 0.1431 -0.9824 0.1202
vn 0.1438 -0.9813 0.1279
vn 0.1282 -0.9814 0.1432
vn 0.0979 -0.9856 0.1377
vn 0.0804 -0.9902 0.1141
vn 0.0780 -0.9866 0.1430
vn 0.1383 -0.9778 0.1573
vn 0.1384 -0.9764 0.1659
vn 0.0880 -0.9753 0.2024
vn 0.0585 -0.9800 0.1902
vn 0.0453 -0.9851 0.1659
vn 0.0428 -0.9829 0.1792
vn 0.0621 -0.9802 0.1878
vn 0.0451 -0.9825 0.1806
vn 0.0381 -0.9855 0.1653
vn 0.0361 -0.9844 0.1722
vn 0.0483 -0.9827 0.1787
vn 0.0391 -0.9840 0.1737
vn 0.0343 -0.9866 0.1595
vn 0.0299 -0.9850 0.1702
vn 0.0359 -0.9838 0.1755
vn 0.0266 -0.9853 0.1687
vn 0.0275 -0.9845 0.1734
vn 0.0383 -0.9867 0.1577
vn 0.0347 -0.9895 0.1403
vn 0.0337 -0.9829 0.1810
vn 0.0612 -0.9854 0.1587
vn 0.0245 -0.9919 0.1246
vn -0.0397 -0.9992 0.0012
vn -0.0123 -0.9747 0.2230
vn 0.0986 -0.9865 0.1309
vn 0.0260 -0.9988 0.0414
vn 0.0973 -0.9871 0.1274
vn 0.1251 -0.9206 0.3700
vn 0.0944 -0.9161 0.3898
vn -0.0605 -0.9759 0.2097
vn -0.0611 -0.9764 0.2070
vn -0.0370 -0.9953 0.0898
vn 0.2014 -0.9762 0.0801
vn 0.0073 -0.9998 -0.0176
vn 0.0759 -0.9057 0.4172
vn 0.2613 -0.9628 0.0687
vn -0.1957 -0.7119 -0.6745
vn -0.2068 -0.7749 -0.5973
vn -0.0033 -0.7334 -0.6798
vn -0.1653 -0.6529 -0.7392
vn -0.2531 -0.7237 -0.6420
vn -0.2364 -0.7472 -0.6211
vn -0.2626 -0.6751 -0.6894
vn -0.2617 -0.7032 -0.6610
vn -0.2388 -0.6989 -0.6742
vn -0.2328 -0.7057 -0.6692
vn -0.1178 -0.9457 -0.3031
vn -0.0710 -0.9974 -0.0133
vn -0.0837 -0.9965 -0.0050
vn 0.0503 -0.9885 0.1424
vn 0.2420 -0.7059 0.6657
vn 0.2357 -0.7429 0.6266
vn 0.2514 -0.7459 0.6167
vn 0.1416 -0.8377 0.5275
vn 0.1169 -0.9247 0.3622
vn 0.1015 -0.9580 0.2681
vn 0.1186 -0.9580 0.2610
vn 0.1120 -0.9601 0.2562
vn 0.2235 -0.8413 0.4922
vn 0.2219 -0.8391 0.4966
vn 0.5647 -0.8119 0.1484
vn 0.7043 -0.6672 0.2424
vn 0.6621 -0.7460 0.0712
vn 0.4743 -0.7806 0.4071
vn -0.0618 -0.9529 0.2970
vn -0.0156 -0.9471 0.3207
vn -0.0161 -0.9475 0.3193
vn -0.0147 -0.9481 0.3175
vn 0.0667 -0.9844 0.1627
vn 0.0649 -0.9878 0.1414
vn 0.2632 -0.9578 0.1152
vn 0.6564 -0.5866 0.4744
vn 0.0480 -0.9839 0.1723
vn 0.1106 -0.9657 0.2351
vn 0.0508 -0.9905 0.1276
vn 0.0482 -0.9919 0.1179
vn 0.0589 -0.9920 0.1114
vn 0.0296 -0.9963 0.0812
vn 0.0592 -0.9887 0.1376
vn 0.0692 -0.9822 0.1746
vn 0.0481 -0.9799 0.1935
vn 0.1747 -0.9262 0.3341
vn 0.4121 -0.4525 0.7908
vn 0.3956 -0.0424 0.9174
vn 0.3807 -0.0383 0.9239
vn 0.4429 0.2604 0.8579
vn 0.3235 0.6550 0.6828
vn 0.2384 0.7849 0.5719
vn 0.2126 0.7891 0.5763
vn 0.2074 0.9034 0.3754
vn 0.3742 0.3313 0.8662
vn 0.3955 0.2713 0.8775
vn -0.0409 0.9118 0.4085
vn -0.0474 0.9044 0.4240
vn -0.1063 0.4730 0.8746
vn -0.0727 0.2940 0.9530
vn -0.0620 -0.7502 0.6582
vn -0.1206 -0.8607 0.4946
vn -0.3583 0.4746 0.8040
vn -0.3695 0.4463 0.8151
vn -0.2383 -0.7764 0.5834
vn -0.2936 -0.6998 0.6512
vn -0.1729 -0.9829 0.0640
vn -0.2404 -0.8384 0.4892
vn -0.2324 -0.7758 0.5866
vn -0.1704 -0.9201 0.3527
vn -0.0487 -0.9903 0.1300
vn -0.0383 -0.9921 0.1191
vn -0.0429 -0.9899 0.1350
vn -0.0392 -0.9919 0.1206
vn -0.0549 -0.9906 0.1252
vn -0.0577 -0.9892 0.1350
vn -0.0986 -0.9726 0.2103
vn -0.0361 -0.9896 0.1395
vn -0.1124 -0.9437 0.3111
vn -0.0975 -0.9624 0.2536
vn -0.0832 -0.9717 0.2211
vn -0.0728 -0.9801 0.1844
vn -0.1504 -0.9236 0.3526
vn -0.1135 -0.9438 0.3104
vn -0.2903 -0.5838 0.7583
vn -0.2580 -0.7673 0.5871
vn -0.1635 -0.9247 0.3439
vn -0.1714 -0.9096 0.3784
vn -0.3566 -0.6166 0.7019
vn -0.3708 -0.5950 0.7130
vn 0.0747 -0.9846 -0.1579
vn 0.0335 -0.9993 -0.0145
vn -0.3846 -0.6195 0.6843
vn -0.3594 -0.7551 0.5484
vn 0.0382 -0.9911 -0.1276
vn 0.0696 -0.9845 -0.1610
vn 0.3454 -0.6973 -0.6281
vn 0.3423 -0.7114 -0.6138
vn 0.0933 -0.9907 -0.0991
vn 0.1572 -0.9458 -0.2841
vn 0.3790 -0.6685 -0.6399
vn 0.3572 -0.6968 -0.6220
vn 0.3013 -0.8058 -0.5098
vn 0.3186 -0.7627 -0.5629
vn 0.3447 -0.6720 -0.6554
vn 0.3434 -0.6790 -0.6489
vn 0.2262 -0.8662 -0.4455
vn 0.2882 -0.8074 -0.5148
vn -0.0587 -0.9853 0.1602
vn -0.0198 -0.9995 0.0255
vn 0.3417 -0.7246 -0.5984
vn 0.3093 -0.7631 -0.5675
vn -0.1181 -0.9811 0.1531
vn -0.1046 -0.9848 0.1384
vn -0.0168 -0.9995 0.0271
vn -0.0141 -0.9998 0.0152
vn 0.3242 -0.6975 -0.6391
vn 0.3043 -0.7233 -0.6198
vn 0.2785 -0.6936 -0.6643
vn 0.2809 -0.6665 -0.6906
vn 0.1988 -0.8320 -0.5179
vn 0.2634 -0.7649 -0.5878
vn 0.2986 -0.7682 -0.5664
vn 0.3107 -0.7103 -0.6316
vn 0.1823 -0.8301 -0.5270
vn 0.1545 -0.9459 -0.2853
vn -0.2738 -0.7452 0.6081
vn -0.1052 -0.8912 0.4412
vn -0.1189 -0.8939 0.4323
vn -0.0018 -0.9993 -0.0378
vn -0.2275 -0.7424 0.6301
vn -0.2286 -0.7898 0.5692
vn -0.0511 -0.9571 0.2851
vn -0.1601 -0.9120 0.3777
vn -0.1507 -0.9123 0.3808
vn -0.2057 -0.7585 0.6183
vn -0.5719 -0.7960 0.1980
vn -0.5670 -0.7872 0.2425
vn -0.5977 -0.7392 0.3105
vn -0.3174 -0.9457 0.0705
vn -0.0620 -0.9841 0.1667
vn -0.0847 -0.9618 0.2603
vn -0.6592 -0.6905 0.2978
vn -0.6440 -0.6109 0.4605
vn -0.6138 0.2910 0.7338
vn -0.2966 -0.8715 0.3906
vn -0.3419 -0.8524 0.3956
vn -0.2882 -0.9573 0.0236
vn -0.7533 -0.6481 -0.1119
vn -0.6934 -0.4862 0.5318
vn -0.4986 0.3085 0.8101
vn -0.2558 -0.8846 0.3900
vn -0.6131 -0.7558 0.2300
vn -0.1909 -0.9813 0.0247
vn -0.0822 -0.8845 0.4593
vn 0.2198 -0.6713 0.7078
vn 0.2321 -0.0447 0.9717
vn 0.4535 -0.7637 0.4595
vn -0.5849 -0.6627 0.4676
vn -0.6335 -0.6890 0.3521
vn -0.5093 -0.8587 -0.0567
vn -0.4440 -0.8883 0.1171
vn 0.2324 -0.9413 -0.2449
vn -0.1069 -0.9939 0.0276
vn -0.5250 -0.5018 -0.6874
vn -0.3214 -0.8757 -0.3603
vn 0.2859 -0.6593 -0.6954
vn 0.1790 -0.7339 -0.6552
vn 0.0953 -0.9882 -0.1200
vn 0.0242 -0.9359 -0.3515
vn 0.2666 -0.6570 -0.7052
vn 0.2667 -0.6650 -0.6976
vn 0.0172 -0.9944 -0.1040
vn 0.0513 -0.9883 -0.1439
vn -0.0432 -0.9848 0.1682
vn -0.0453 -0.9896 0.1364
vn 0.0376 -0.9951 -0.0910
vn 0.0180 -0.9993 0.0335
vn -0.0293 -0.9885 0.1481
vn -0.0447 -0.9849 0.1673
vn -0.0441 -0.9846 0.1689
vn -0.0443 -0.9851 0.1661
vn -0.0673 -0.9895 0.1280
vn -0.0769 -0.9801 0.1832
vn -0.0814 -0.9779 0.1926
vn -0.0510 -0.9849 0.1654
vn -0.0300 -0.9843 0.1741
vn -0.0313 -0.9847 0.1716
vn -0.0281 -0.9878 0.1531
vn -0.0428 -0.9851 0.1668
vn -0.0469 -0.9829 0.1781
vn -0.0366 -0.9846 0.1712
vn -0.0290 -0.9851 0.1696
vn -0.0335 -0.9865 0.1605
vn -0.0550 -0.9832 0.1743
vn -0.0507 -0.9800 0.1924
vn -0.0412 -0.9845 0.1705
vn -0.0337 -0.9853 0.1675
vn -0.0457 -0.9865 0.1572
vn -0.0301 -0.9841 0.1749
vn -0.6785 -0.6573 -0.3280
vn -0.7091 -0.4687 -0.5268
vn -0.7642 -0.4877 -0.4219
vn -0.6243 -0.5756 -0.5281
vn 0.0093 -0.9852 0.1711
vn -0.0121 -0.9836 0.1797
vn -0.8188 0.0523 -0.5717
vn -0.8479 -0.0278 -0.5295
vn -0.9907 -0.0825 0.1087
vn -0.6154 -0.6814 -0.3963
vn -0.0938 -0.9896 0.1087
vn -0.0126 -0.9814 0.1913
vn -0.0422 -0.9586 0.2816
vn 0.0024 -0.9680 0.2509
vn -0.1502 -0.9524 0.2651
vn -0.6339 -0.6849 -0.3593
vn -0.1390 -0.9717 0.1909
vn -0.0461 -0.9540 0.2963
vn -0.0481 -0.9518 0.3029
vn -0.0088 -0.9610 0.2763
vn -0.0236 -0.9918 0.1260
vn -0.0606 -0.9975 -0.0363
vn -0.0149 -0.9935 -0.1126
vn -0.3279 -0.9443 -0.0290
vn -0.0095 -0.9977 0.0678
vn -0.0156 -0.9934 0.1136
vn -0.1926 -0.9416 -0.2761
vn -0.2907 -0.9203 -0.2618
vn 0.2326 -0.9436 -0.2355
vn 0.5820 -0.7695 -0.2631
vn 0.6440 -0.7641 -0.0367
vn 0.7427 -0.3036 -0.5969
vn 0.0206 -0.9827 0.1840
vn 0.0265 -0.9827 0.1835
vn -0.7577 0.0556 -0.6502
vn -0.7445 0.0151 -0.6674
vn -0.0765 -0.9784 0.1923
vn -0.0709 -0.9799 0.1864
vn 0.1433 -0.9465 -0.2890
vn 0.1654 -0.9182 -0.3600
vn -0.3226 -0.7587 0.5660
vn -0.4097 -0.6506 0.6394
vn -0.3546 -0.6607 0.6616
vn -0.3207 -0.7980 0.5103
vn -0.0838 -0.9809 0.1754
vn -0.1155 -0.9586 0.2603
vn -0.0438 -0.9884 0.1453
vn -0.1064 -0.9698 0.2194
vn -0.0566 -0.9633 0.2623
vn 0.0206 -0.9998 0.0029
vn -0.1755 -0.9206 0.3488
vn -0.0544 -0.9768 0.2072
vn -0.0826 -0.9786 0.1883
vn -0.0731 -0.9851 0.1558
vn -0.4496 0.2400 0.8604
vn -0.3943 -0.0539 0.9174
vn -0.4132 -0.0570 0.9089
vn -0.4313 -0.3221 0.8427
vn -0.2878 0.7584 0.5848
vn -0.2952 0.6691 0.6820
vn -0.3112 0.6676 0.6764
vn -0.3365 0.6255 0.7040
vn -0.0912 0.9791 0.1816
vn -0.0965 0.9731 0.2091
vn -0.1041 0.9730 0.2061
vn -0.1213 0.9663 0.2269
vn -0.3427 0.6217 0.7043
vn -0.3424 0.6256 0.7010
vn -0.1320 0.9664 0.2206
vn -0.1413 0.9630 0.2296
vn -0.4222 0.5738 0.7018
vn -0.4160 0.6231 0.6623
vn -0.1428 0.9630 0.2286
vn -0.1844 0.9460 0.2665
vn -0.4462 0.5543 0.7026
vn -0.4449 0.5733 0.6880
vn -0.4850 -0.4322 0.7603
vn -0.4870 -0.3702 0.7911
vn -0.3811 0.5540 0.7401
vn -0.4140 0.4929 0.7653
vn -0.3133 -0.6966 0.6455
vn -0.4685 -0.4324 0.7704
vn -0.0823 -0.9892 0.1210
vn -0.0904 -0.9847 0.1491
vn -0.2739 -0.6991 0.6605
vn -0.2302 -0.8779 0.4199
vn -0.0854 -0.9843 0.1548
vn -0.0605 -0.9898 0.1291
vn -0.0799 -0.9841 0.1586
vn -0.0820 -0.9821 0.1697
vn -0.0652 -0.9849 0.1605
vn -0.0660 -0.9824 0.1746
vn -0.0888 -0.9697 0.2276
vn -0.0369 -0.9848 0.1697
vn -0.1856 -0.8818 0.4336
vn -0.0803 -0.9464 0.3129
vn -0.0731 -0.9464 0.3146
vn -0.0774 -0.9601 0.2687
vn -0.0810 -0.9569 0.2788
vn 0.0015 -0.9811 0.1935
vn -0.3758 0.3752 0.8474
vn -0.3275 0.1712 0.9292
vn -0.2350 0.1621 0.9584
vn -0.3290 -0.1229 0.9363
vn -0.4277 0.3809 0.8197
vn -0.3794 0.4900 0.7848
vn -0.1960 0.9283 0.3160
vn -0.2096 0.8525 0.4789
vn -0.1615 0.8482 0.5044
vn -0.2612 0.7325 0.6287
vn -0.0509 0.9948 0.0887
vn -0.0538 0.9915 0.1182
vn -0.0409 0.9913 0.1254
vn -0.0620 0.9858 0.1561
vn -0.0162 0.9996 0.0239
vn -0.0176 0.9990 0.0402
vn -0.0137 0.9990 0.0423
vn -0.0198 0.9985 0.0510
vn 0.0060 0.9998 -0.0188
vn 0.0048 1.0000 -0.0032
vn 0.0034 1.0000 -0.0040
vn -0.0031 1.0000 0.0050
vn 0.0775 0.9798 -0.1844
vn 0.0837 0.9950 -0.0536
vn 0.0421 0.9963 -0.0755
vn 0.0144 0.9990 -0.0416
vn 0.1353 0.9676 -0.2130
vn 0.1150 0.9476 -0.2980
vn 0.0657 0.9448 -0.3210
vn 0.1153 0.9260 -0.3595
vn 0.0334 0.9848 -0.1707
vn 0.0393 0.9864 -0.1595
vn 0.1755 0.9777 -0.1157
vn 0.2194 0.9654 -0.1411
vn 0.2175 0.9686 -0.1207
vn 0.0797 0.9245 -0.3727
vn 0.1595 0.9863 0.0412
vn 0.1868 0.9795 0.0756
vn 0.2316 0.9690 0.0859
vn 0.4787 0.8780 0.0037
vn 0.4784 0.8763 0.0570
vn 0.2166 0.9659 -0.1417
vn 0.2353 0.9633 -0.1292
vn 0.1178 0.9682 -0.2205
vn 0.6491 0.7582 -0.0621
vn 0.2785 0.9604 -0.0049
vn 0.2798 0.9596 0.0285
vn 0.0810 0.9944 -0.0679
vn 0.1902 0.9815 -0.0223
vn 0.0684 0.9977 -0.0004
vn 0.0691 0.9976 0.0064
vn 0.0231 0.9996 -0.0132
vn 0.0381 0.9993 -0.0043
vn 0.0113 0.9999 0.0011
vn 0.0118 0.9999 0.0056
vn -0.0159 0.9999 -0.0055
vn -0.0020 1.0000 -0.0001
vn -0.0296 0.9995 0.0058
vn -0.0289 0.9995 0.0118
vn -0.0736 0.9973 -0.0048
vn -0.0022 1.0000 -0.0026
vn 0.0114 0.9999 0.0020
vn -0.0290 0.9996 0.0010
vn -0.0644 0.9979 0.0110
vn -0.0638 0.9978 0.0190
vn -0.1243 0.9922 -0.0009
vn -0.1196 0.9928 0.0104
vn -0.2316 0.9719 0.0419
vn -0.2265 0.9690 0.0984
vn -0.5608 0.8280 -0.0075
vn -0.6222 0.7820 0.0369
vn -0.8190 0.5631 0.1097
vn -0.8164 0.5621 0.1321
vn -0.9533 0.2995 0.0389
vn -0.9878 0.1297 0.0859
vn -0.8811 -0.4421 0.1680
vn -0.8819 -0.4421 0.1636
vn -0.4550 -0.8884 -0.0615
vn -0.9900 0.1331 0.0470
vn -0.8946 0.4240 0.1410
vn -0.8170 -0.5751 0.0412
vn -0.1968 -0.9758 0.0956
vn -0.2226 -0.9746 0.0231
vn -0.1907 -0.9816 0.0069
vn -0.9062 0.4222 0.0236
vn -0.8885 0.4577 0.0332
vn -0.7219 -0.6919 -0.0009
vn -0.8110 -0.5845 -0.0244
vn -0.7205 -0.6934 -0.0084
vn -0.8427 -0.5376 0.0282
vn -0.3498 -0.9362 0.0325
vn -0.1683 -0.9827 0.0769
vn -0.1057 -0.9761 -0.1898
vn -0.5794 -0.8141 -0.0395
vn 0.0321 -0.9969 0.0719
vn -0.1666 -0.9855 0.0327
vn -0.1288 -0.8963 -0.4243
vn -0.9813 -0.1909 -0.0261
vn 0.0235 -0.9972 -0.0715
vn -0.1530 -0.9875 -0.0377
vn -0.2334 -0.9716 -0.0397
vn -0.0949 -0.9955 -0.0068
vn -0.0936 -0.9956 0.0045
vn -0.2200 -0.9750 0.0312
vn -0.3346 -0.9423 -0.0049
vn -0.3635 -0.9316 0.0040
vn -0.3492 -0.9370 -0.0134
vn -0.3353 -0.9421 -0.0102
vn -0.7041 -0.7101 -0.0006
vn -0.7368 -0.6760 0.0146
vn -0.6681 -0.7440 -0.0124
vn -0.7111 -0.7026 -0.0263
vn -0.1914 -0.9812 0.0265
vn 0.0095 -0.9994 -0.0320
vn -0.2422 -0.9702 -0.0126
vn -0.1961 -0.9806 -0.0008
vn 0.6764 -0.7365 0.0082
vn 0.6461 -0.7630 0.0176
vn -0.2423 -0.9701 -0.0115
vn -0.1924 -0.9812 -0.0173
vn 0.7448 -0.6634 0.0718
vn 0.6748 -0.7369 0.0404
vn 0.5808 -0.8130 0.0420
vn 0.6208 -0.7832 0.0348
vn 0.7387 -0.6662 0.1030
vn 0.7533 -0.6499 0.1009
vn 0.5060 -0.8601 0.0645
vn 0.5675 -0.8186 0.0881
vn -0.1832 -0.9830 -0.0140
vn -0.2037 -0.9789 -0.0125
vn 0.4905 -0.8624 0.1257
vn 0.2564 -0.9599 0.1132
vn -0.1180 -0.9930 0.0101
vn -0.1803 -0.9833 -0.0244
vn 0.2695 -0.9605 0.0691
vn 0.1193 -0.9920 0.0412
vn -0.1725 -0.9828 -0.0665
vn -0.1085 -0.9938 -0.0221
vn -0.1963 -0.9792 -0.0523
vn -0.1780 -0.9827 -0.0511
vn -0.1700 -0.9827 -0.0729
vn -0.1064 -0.9928 -0.0545
vn -0.2131 -0.9706 -0.1121
vn -0.1852 -0.9793 -0.0813
vn -0.2125 -0.9740 -0.0785
vn -0.1851 -0.9794 -0.0812
vn -0.2060 -0.9704 -0.1256
vn -0.1890 -0.9745 -0.1213
vn -0.1834 -0.9760 -0.1172
vn -0.1859 -0.9745 -0.1260
vn -0.1690 -0.9738 -0.1518
vn -0.1566 -0.9765 -0.1479
vn -0.1520 -0.9779 -0.1438
vn -0.1541 -0.9753 -0.1584
vn -0.1282 -0.9752 -0.1806
vn -0.1209 -0.9765 -0.1782
vn -0.1159 -0.9780 -0.1736
vn -0.1168 -0.9754 -0.1871
vn -0.1134 -0.9761 -0.1854
vn -0.1074 -0.9772 -0.1829
vn -0.1030 -0.9786 -0.1783
vn -0.1033 -0.9769 -0.1868
vn -0.0984 -0.9769 -0.1899
vn -0.0837 -0.9798 -0.1817
vn -0.0786 -0.9815 -0.1748
vn -0.0772 -0.9769 -0.1995
vn -0.0740 -0.9793 -0.1883
vn -0.0535 -0.9834 -0.1732
vn -0.0537 -0.9834 -0.1736
vn -0.0505 -0.9801 -0.1921
vn -0.0697 -0.9843 -0.1621
vn -0.0383 -0.9899 -0.1367
vn -0.0448 -0.9852 -0.1657
vn -0.0381 -0.9827 -0.1813
vn -0.0238 -0.9868 -0.1599
vn -0.0349 -0.9855 -0.1662
vn -0.0563 -0.9852 -0.1618
vn -0.0907 -0.9779 -0.1882
vn -0.0897 -0.9801 -0.1773
vn -0.1395 -0.9795 -0.1453
vn -0.0127 -0.9880 -0.1538
vn -0.0579 -0.9826 -0.1762
vn -0.0667 -0.9858 -0.1542
vn -0.0669 -0.9852 -0.1578
vn -0.0735 -0.9856 -0.1521
vn -0.0034 -0.9940 -0.1090
vn 0.0383 -0.9842 0.1727
vn 0.0359 -0.9730 0.2281
vn -0.0081 -0.9679 0.2512
vn 0.1520 -0.9325 0.3277
vn -0.0614 -0.8405 -0.5384
vn -0.3369 -0.9192 0.2039
vn -0.7370 -0.3820 0.5577
vn -0.9295 -0.1936 0.3138
vn -0.8722 -0.1855 0.4526
vn -0.7070 0.0789 0.7028
vn -0.2997 -0.9520 0.0622
vn -0.5288 -0.8409 -0.1150
vn -0.4734 -0.8653 0.1646
vn -0.3513 -0.9230 -0.1572
vn -0.6492 -0.3001 0.6990
vn -0.3381 -0.9373 0.0850
vn 0.0354 -0.9930 0.1123
vn -0.3521 -0.9026 -0.2477
vn -0.0378 -0.9576 -0.2858
vn -0.0502 -0.9621 -0.2681
vn -0.1924 -0.9448 -0.2651
vn -0.1826 -0.9494 -0.2556
vn -0.1790 -0.9643 -0.1953
vn -0.1277 -0.9560 -0.2642
vn 0.0858 -0.9572 -0.2765
vn 0.1089 -0.9642 -0.2416
vn 0.1091 -0.9639 -0.2431
vn 0.0806 -0.9738 -0.2127
vn 0.0868 -0.9669 -0.2400
vn 0.1282 -0.9833 -0.1292
vn 0.2087 -0.8913 -0.4025
vn 0.0221 -0.9672 -0.2531
vn 0.1029 -0.9036 -0.4159
vn -0.0185 -0.9596 -0.2808
vn 0.1047 -0.9487 -0.2983
vn 0.1041 -0.9483 -0.2999
vn 0.3483 -0.7461 -0.5674
vn 0.1187 -0.9458 -0.3023
vn 0.1280 -0.9187 -0.3736
vn 0.0542 -0.9570 -0.2851
vn 0.2658 -0.9121 -0.3123
vn 0.2682 -0.8926 -0.3624
vn 0.1908 -0.8398 -0.5083
vn 0.1216 -0.9001 -0.4183
vn 0.2604 -0.9181 -0.2989
vn 0.1927 -0.9595 -0.2055
vn 0.0814 -0.9665 -0.2435
vn 0.0926 -0.9523 -0.2909
vn 0.2241 -0.9322 -0.2841
vn 0.1336 -0.9794 -0.1511
vn 0.0536 -0.9848 -0.1650
vn 0.0605 -0.9785 -0.1970
vn -0.0407 -0.9663 0.2542
vn 0.1403 -0.9888 -0.0507
vn 0.0258 -0.9975 -0.0657
vn 0.0434 -0.9890 -0.1413
vn 0.1874 -0.8435 -0.5034
vn 0.2027 -0.7754 -0.5981
vn 0.2409 -0.8542 -0.4607
vn 0.2492 -0.8351 -0.4903
vn 0.2682 -0.8066 -0.5267
vn 0.2283 -0.8471 -0.4799
vn -0.2188 -0.8944 0.3900
vn -0.2302 -0.8706 0.4347
vn 0.3298 -0.8120 -0.4815
vn 0.3546 -0.7441 -0.5662
vn -0.0188 -0.9970 0.0749
vn -0.2683 -0.8941 0.3587
vn -0.4222 -0.6964 0.5803
vn -0.4420 -0.5849 0.6801
vn -0.0248 -0.9972 0.0712
vn 0.1515 -0.9547 -0.2562
vn -0.4136 -0.7634 0.4961
vn -0.4712 -0.6943 0.5440
vn -0.4435 -0.6181 0.6490
vn -0.2944 -0.9026 0.3140
vn -0.4297 -0.7639 0.4815
vn -0.2063 -0.9713 0.1188
vn -0.5788 -0.5992 0.5531
vn -0.5694 -0.6146 0.5460
vn -0.1692 -0.9709 0.1695
vn 0.0493 -0.9854 -0.1632
vn -0.6141 -0.6001 0.5126
vn -0.5225 -0.7616 0.3833
vn -0.5400 -0.7411 0.3990
vn -0.1740 -0.9710 0.1639
vn 0.1143 -0.9899 -0.0838
vn 0.1365 -0.9841 -0.1137
vn -0.5903 -0.7408 0.3205
vn -0.6676 -0.6267 0.4019
vn -0.0740 -0.9972 0.0097
vn 0.1220 -0.9898 -0.0729
vn 0.1452 -0.9861 -0.0813
vn 0.1636 -0.9814 -0.1008
vn -0.0683 -0.9975 0.0198
vn -0.2588 -0.9542 0.1502
vn 0.1759 -0.9828 -0.0562
vn 0.1610 -0.9855 -0.0530
vn 0.1862 -0.9804 -0.0643
vn 0.1876 -0.9801 -0.0657
vn 0.1823 -0.9824 -0.0415
vn 0.1727 -0.9843 -0.0355
vn 0.1901 -0.9809 -0.0415
vn 0.1960 -0.9797 -0.0418
vn 0.1987 -0.9793 -0.0395
vn 0.2018 -0.9784 -0.0439
vn 0.1974 -0.9801 -0.0192
vn 0.1985 -0.9799 -0.0198
vn 0.2075 -0.9780 -0.0222
vn 0.2045 -0.9786 -0.0228
vn 0.1938 -0.9807 -0.0253
vn 0.1889 -0.9818 -0.0168
vn 0.2021 -0.9783 -0.0444
vn 0.2248 -0.9723 -0.0646
vn 0.2497 -0.9658 -0.0705
vn 0.1658 -0.9763 -0.1391
vn 0.2249 -0.9723 -0.0645
vn 0.2252 -0.9722 -0.0648
vn 0.2273 -0.9717 -0.0651
vn 0.2502 -0.9677 -0.0298
vn 0.2798 -0.9576 -0.0687
vn 0.3667 -0.9297 -0.0342
vn 0.3631 -0.9317 0.0071
vn 0.1334 -0.9874 0.0847
vn 0.1792 -0.9802 0.0847
vn 0.2104 -0.9719 0.1052
vn 0.1512 -0.9881 0.0265
vn 0.1965 -0.9803 0.0172
vn 0.2039 -0.9788 0.0174
vn 0.1936 -0.9810 0.0134
vn 0.1978 -0.9802 0.0123
vn 0.1882 -0.9820 0.0135
vn 0.1944 -0.9808 0.0139
vn 0.2038 -0.9789 0.0177
vn 0.1914 -0.9815 -0.0001
vn 0.0372 -0.9993 0.0078
vn 0.1606 -0.9867 0.0232
vn 0.1882 -0.9814 0.0384
vn 0.1170 -0.9931 0.0060
vn 0.1681 -0.9856 0.0196
vn 0.1679 -0.9856 0.0212
vn 0.2980 -0.9545 0.0137
vn -0.8208 -0.5664 -0.0744
vn -0.6895 -0.7239 -0.0233
vn -0.6889 -0.7241 -0.0325
vn -0.4983 -0.8659 -0.0440
vn -0.7666 -0.6406 -0.0432
vn -0.8124 -0.5797 -0.0627
vn -0.8125 -0.5808 -0.0501
vn -0.8679 -0.4949 -0.0428
vn -0.1683 -0.9847 0.0447
vn -0.4991 -0.8651 -0.0505
vn -0.2398 -0.9707 0.0137
vn -0.4949 -0.8670 -0.0580
vn -0.4941 -0.8686 -0.0386
vn -0.6712 -0.7408 -0.0266
vn -0.7731 -0.6330 -0.0392
vn -0.6637 -0.7475 0.0285
vn 0.5443 -0.8342 0.0885
vn 0.0241 -0.9983 -0.0527
vn 0.0262 -0.9988 -0.0412
vn -0.4462 -0.8947 0.0213
vn 0.6585 -0.7522 0.0241
vn 0.7714 -0.6325 0.0694
vn 0.7687 -0.6393 0.0182
vn 0.6192 -0.7838 0.0472
vn 0.2061 -0.9706 -0.1241
vn 0.6291 -0.7511 0.2003
vn 0.4227 -0.9054 -0.0407
vn 0.5521 -0.8335 0.0215
vn 0.5452 -0.8372 -0.0423
vn 0.5760 -0.8147 -0.0672
vn 0.2803 -0.9598 -0.0116
vn 0.3203 -0.9473 0.0056
vn 0.3174 -0.9477 -0.0338
vn 0.3825 -0.9215 -0.0679
vn 0.1961 -0.9805 -0.0097
vn 0.2510 -0.9679 0.0137
vn 0.2515 -0.9678 -0.0147
vn 0.3120 -0.9494 -0.0346
vn 0.1968 -0.9804 0.0090
vn 0.1546 -0.9879 0.0118
vn 0.1690 -0.9855 0.0141
vn 0.1497 -0.9887 0.0062
vn 0.1499 -0.9887 0.0088
vn 0.1820 -0.9833 0.0041
vn 0.8399 -0.5265 0.1316
vn 0.3627 -0.9282 -0.0830
vn 0.3669 -0.9302 -0.0079
vn 0.1884 -0.9820 0.0148
vn 0.8456 0.5203 0.1194
vn 0.9617 0.2725 0.0292
vn 0.9622 0.2716 0.0176
vn 0.9245 -0.3648 0.1103
vn 0.5550 -0.8223 -0.1259
vn 0.9232 -0.3626 0.1277
vn 0.6228 0.7774 0.0876
vn 0.8453 0.5327 -0.0416
vn 0.8453 0.5343 -0.0034
vn 0.9332 0.3572 0.0404
vn 0.9913 -0.0671 -0.1136
vn 0.9151 0.3525 0.1956
vn 0.3609 0.9267 0.1044
vn 0.6590 0.7463 -0.0941
vn 0.6620 0.7480 -0.0466
vn 0.8222 0.5683 0.0339
vn 0.8912 0.4480 -0.0712
vn 0.8216 0.5669 0.0605
vn 0.1551 0.9828 0.1007
vn 0.3414 0.9375 -0.0669
vn 0.3414 0.9387 -0.0482
vn 0.5675 0.8206 0.0681
vn 0.7466 0.6533 -0.1251
vn 0.5630 0.8138 0.1442
vn 0.0686 0.9968 0.0404
vn 0.1215 0.9924 -0.0192
vn 0.1211 0.9923 0.0240
vn 0.2639 0.9588 0.1051
vn 0.0189 0.9997 0.0168
vn 0.0342 0.9994 -0.0021
vn 0.0333 0.9988 0.0365
vn 0.0491 0.9976 0.0484
vn 0.1719 0.9725 0.1574
vn 0.0377 0.9382 0.3441
vn 0.0043 0.9990 0.0455
vn 0.0141 0.9994 0.0306
vn 0.0142 0.9916 0.1282
vn 0.0756 0.9796 0.1861
vn 0.1875 0.8195 0.5415
vn 0.0816 0.7244 0.6846
vn 0.0145 0.9917 0.1281
vn 0.0327 0.9956 0.0879
vn 0.0620 0.9060 0.4187
vn 0.1731 0.8200 0.5456
vn 0.2458 0.5082 0.8254
vn 0.1894 0.4153 0.8897
vn 0.0876 0.9068 0.4124
vn 0.1195 0.9661 0.2289
vn 0.2149 0.5790 0.7865
vn 0.2537 0.5081 0.8231
vn 0.3601 -0.2295 0.9042
vn 0.1754 -0.5717 0.8015
vn 0.2730 0.5848 0.7639
vn 0.2898 0.7452 0.6005
vn 0.3669 0.1218 0.9223
vn 0.4268 -0.2160 0.8782
vn 0.1040 -0.9694 0.2222
vn 0.0508 -0.9854 0.1627
vn 0.4295 0.1326 0.8933
vn 0.4612 0.3671 0.8078
vn 0.1965 -0.8718 0.4487
vn 0.1280 -0.9681 0.2155
vn 0.0737 -0.9888 0.1300
vn 0.0861 -0.9859 0.1435
vn 0.2449 -0.8734 0.4211
vn 0.3120 -0.8142 0.4896
vn 0.0846 -0.9878 0.1306
vn 0.0826 -0.9887 0.1253
vn 0.0627 -0.9787 0.1955
vn 0.1029 -0.9646 0.2428
vn 0.0713 -0.9818 0.1758
vn 0.0672 -0.9867 0.1483
vn 0.1033 -0.9778 0.1821
vn 0.1044 -0.9770 0.1860
vn 0.1493 -0.9485 0.2794
vn 0.1710 -0.9370 0.3045
vn 0.1157 -0.9774 0.1771
vn 0.1278 -0.9735 0.1899
vn 0.1711 -0.9504 0.2596
vn 0.1754 -0.9462 0.2720
vn 0.2768 -0.8393 0.4679
vn 0.3306 -0.7865 0.5217
vn 0.2962 -0.9308 0.2140
vn -0.1389 -0.9372 -0.3198
vn 0.3029 -0.8107 0.5011
vn 0.2952 -0.8369 0.4609
vn 0.3074 -0.8087 0.5015
vn 0.3312 -0.7839 0.5251
vn 0.2752 -0.8088 0.5197
vn 0.2848 -0.7999 0.5283
vn 0.2895 -0.7927 0.5365
vn 0.2848 -0.8071 0.5172
vn -0.1904 -0.9092 -0.3702
vn -0.2216 -0.8879 -0.4032
vn 0.2487 -0.7848 0.5677
vn 0.3062 -0.7172 0.6260
vn -0.1468 -0.9477 -0.2834
vn -0.1692 -0.9073 -0.3851
vn -0.3772 -0.6662 -0.6434
vn -0.3733 -0.6718 -0.6398
vn -0.2176 -0.8995 -0.3789
vn -0.2246 -0.8880 -0.4012
vn -0.3420 -0.6771 -0.6517
vn -0.3436 -0.6638 -0.6643
vn -0.3164 -0.7879 -0.5283
vn -0.2256 -0.8735 -0.4315
vn -0.3067 -0.6721 -0.6740
vn -0.3008 -0.6803 -0.6683
vn -0.2694 -0.7524 -0.6011
vn -0.2642 -0.7796 -0.5678
vn 0.0610 -0.9866 0.1516
vn 0.0518 -0.9886 0.1415
vn -0.2305 -0.9053 -0.3569
vn -0.2480 -0.8749 -0.4160
vn 0.2218 -0.8645 0.4510
vn 0.1320 -0.9863 0.0993
vn 0.0998 -0.9882 0.1160
vn 0.1062 -0.9867 0.1233
vn -0.1939 -0.9002 -0.3901
vn -0.1897 -0.9061 -0.3781
vn -0.2012 -0.8993 -0.3883
vn -0.1545 -0.9312 -0.3303
vn -0.3256 -0.6736 -0.6635
vn -0.3297 -0.6510 -0.6837
vn -0.3720 -0.6442 -0.6682
vn -0.3529 -0.6729 -0.6501
vn -0.2084 -0.8677 -0.4513
vn -0.2010 -0.8823 -0.4255
vn -0.2310 -0.8794 -0.4163
vn -0.2032 -0.9001 -0.3853
vn 0.2378 -0.8769 0.4177
vn 0.2601 -0.8264 0.4993
vn 0.2896 -0.8225 0.4895
vn 0.3253 -0.7847 0.5277
vn 0.1816 -0.8877 0.4231
vn 0.0117 -0.9866 0.1630
vn 0.2320 -0.6650 0.7099
vn 0.2280 -0.7786 0.5846
vn 0.3065 -0.7651 0.5664
vn 0.2819 -0.7933 0.5397
vn 0.1620 -0.6738 0.7209
vn 0.0344 -0.7811 0.6234
vn 0.0091 -0.8192 0.5734
vn 0.0531 -0.9245 0.3775
vn 0.1402 -0.9222 0.3604
vn 0.1044 -0.9422 0.3182
vn 0.0023 -0.9869 0.1614
vn -0.0324 -0.9926 0.1173
vn -0.1319 -0.8800 -0.4562
vn -0.1756 -0.8385 -0.5158
vn -0.2363 -0.6958 -0.6783
vn -0.2220 -0.7145 -0.6634
vn -0.0357 -0.9452 -0.3245
vn -0.1348 -0.8876 -0.4404
vn 0.1262 -0.9803 0.1522
vn 0.1118 -0.9844 0.1360
vn 0.0830 -0.9783 0.1900
vn 0.0801 -0.9804 0.1800
vn 0.0831 -0.9776 0.1931
vn 0.0920 -0.9753 0.2010
vn 0.1559 -0.9775 0.1419
vn -0.0128 -0.9997 -0.0213
vn 0.0629 -0.9906 0.1218
vn 0.0688 -0.9770 0.2021
vn 0.1396 -0.9759 0.1677
vn 0.1311 -0.9783 0.1607
vn 0.0579 -0.9862 0.1553
vn 0.1201 -0.8514 0.5106
vn 0.2620 -0.7941 0.5485
vn 0.2101 -0.8438 0.4938
vn 0.1410 -0.9367 0.3204
vn 0.1229 -0.9584 0.2577
vn 0.1074 -0.9568 0.2703
vn 0.0889 -0.9642 0.2497
vn 0.1396 -0.9275 0.3468
vn 0.1772 -0.8386 0.5151
vn 0.1017 -0.9704 0.2189
vn 0.0876 -0.9810 0.1730
vn 0.0764 -0.9804 0.1813
vn 0.0382 -0.9897 0.1377
vn 0.0724 -0.9867 0.1458
vn 0.0730 -0.9862 0.1483
vn 0.0658 -0.9860 0.1532
vn 0.0549 -0.9885 0.1408
vn 0.2463 -0.8424 0.4792
vn 0.2926 -0.6721 0.6802
vn 0.2844 -0.6707 0.6850
vn 0.4032 -0.4506 0.7965
vn 0.4079 0.4159 0.8128
vn 0.3698 0.5061 0.7792
vn 0.3562 0.5069 0.7850
vn 0.3571 0.5449 0.7586
vn 0.1749 0.9217 0.3463
vn 0.1370 0.9452 0.2963
vn 0.1261 0.9457 0.2995
vn 0.1151 0.9704 0.2125
vn 0.2982 0.6579 0.6916
vn 0.3581 0.5448 0.7583
vn 0.0349 0.9966 0.0747
vn 0.0311 0.9971 0.0694
vn 0.0282 0.9971 0.0702
vn 0.0268 0.9980 0.0571
vn 0.0666 0.9845 0.1622
vn 0.1036 0.9709 0.2159
vn 0.0218 0.9981 0.0582
vn 0.0219 0.9990 0.0387
vn 0.0341 0.9962 0.0806
vn 0.0816 0.9839 0.1591
vn -0.0030 0.9992 0.0388
vn -0.0052 0.9990 0.0443
vn -0.0087 0.9959 0.0905
vn -0.0102 0.9965 0.0836
vn -0.0177 0.9990 0.0419
vn -0.0237 0.9984 0.0509
vn -0.0533 0.9899 0.1315
vn -0.0477 0.9954 0.0830
vn -0.2422 0.8280 0.5057
vn -0.1715 0.8978 0.4057
vn -0.0562 0.9899 0.1305
vn -0.0754 0.9847 0.1570
vn -0.2573 0.7610 0.5955
vn -0.2477 0.8275 0.5039
vn -0.0232 0.9984 0.0511
vn -0.0238 0.9982 0.0547
vn -0.0248 0.9982 0.0543
vn -0.0284 0.9978 0.0593
vn -0.0820 0.9794 0.1844
vn -0.0770 0.9847 0.1564
vn -0.0068 0.9999 0.0133
vn -0.0059 0.9999 0.0084
vn -0.0055 0.9999 0.0085
vn -0.0045 1.0000 0.0072
vn -0.0287 0.9978 0.0593
vn -0.0287 0.9978 0.0592
vn -0.0031 1.0000 0.0078
vn -0.0059 0.9999 0.0108
vn -0.0335 0.9972 0.0665
vn -0.0318 0.9978 0.0581
vn -0.0057 0.9999 0.0109
vn -0.0125 0.9998 0.0174
vn -0.0388 0.9973 0.0623
vn -0.0390 0.9972 0.0632
vn -0.0090 0.9998 0.0198
vn -0.0184 0.9994 0.0286
vn -0.0462 0.9961 0.0754
vn -0.0420 0.9973 0.0601
vn -0.0189 0.9994 0.0284
vn -0.0153 0.9996 0.0245
vn -0.0480 0.9947 0.0904
vn -0.0453 0.9961 0.0759
vn 0.0247 0.9990 -0.0370
vn 0.0248 0.9990 -0.0372
vn 0.0226 0.9990 -0.0383
vn 0.0045 0.9998 -0.0196
vn 0.1641 0.9448 -0.2835
vn 0.1597 0.9587 -0.2355
vn 0.1669 0.9586 -0.2307
vn 0.0912 0.9802 -0.1759
vn 0.1361 0.9721 -0.1911
vn 0.1470 0.9849 -0.0916
vn 0.0586 0.9856 -0.1588
vn 0.1522 0.9675 -0.2021
vn 0.1065 0.9943 -0.0087
vn 0.0639 0.9884 -0.1380
vn 0.0561 0.9882 -0.1424
vn 0.0496 0.9889 -0.1403
vn -0.0011 1.0000 -0.0060
vn 0.0008 1.0000 -0.0021
vn 0.0004 1.0000 -0.0022
vn 0.0007 1.0000 -0.0024
vn 0.0507 0.9853 -0.1631
vn 0.0625 0.9891 -0.1335
vn -0.0003 1.0000 0.0006
vn -0.0004 1.0000 0.0004
vn 0.0027 1.0000 0.0012
vn 0.0123 0.9999 -0.0065
vn 0.0111 0.9999 0.0009
vn 0.0113 0.9999 0.0013
vn 0.0023 1.0000 0.0047
vn 0.0003 1.0000 0.0013
vn -0.0019 1.0000 0.0010
vn 0.0051 1.0000 -0.0043
vn 0.0140 0.9834 -0.1811
vn 0.1918 0.9810 0.0286
vn -0.0018 1.0000 -0.0010
vn -0.0038 1.0000 -0.0031
vn 0.0035 1.0000 -0.0030
vn 0.0198 0.9997 -0.0117
vn 0.0202 0.9984 -0.0535
vn 0.1101 0.9939 0.0046
vn 0.4751 0.8796 -0.0257
vn 0.5146 0.8562 -0.0464
vn 0.5145 0.8549 -0.0658
vn 0.6459 0.7629 0.0278
vn 0.4813 0.8754 -0.0457
vn 0.4222 0.9063 -0.0187
vn 0.4219 0.9065 0.0153
vn 0.1826 0.9783 -0.0984
vn 0.0826 0.9965 -0.0087
vn 0.0690 0.9976 -0.0036
vn 0.0691 0.9976 0.0006
vn 0.0374 0.9992 -0.0117
vn 0.0826 0.9966 -0.0032
vn 0.0737 0.9973 -0.0052
vn 0.0276 0.9996 -0.0017
vn 0.0258 0.9997 -0.0011
vn 0.0258 0.9997 0.0022
vn 0.0111 0.9999 -0.0020
vn -0.0287 0.9996 0.0011
vn -0.0288 0.9996 0.0011
vn -0.0287 0.9996 0.0040
vn -0.0288 0.9996 0.0039
vn -0.0870 0.9962 0.0026
vn -0.0953 0.9954 0.0049
vn -0.0949 0.9954 0.0123
vn -0.1198 0.9928 0.0058
vn -0.3975 0.9176 0.0095
vn -0.4557 0.8897 0.0262
vn -0.4526 0.8888 0.0726
vn -0.6228 0.7821 0.0195
vn -0.0871 0.9962 0.0013
vn -0.0777 0.9970 0.0036
vn -0.3450 0.9386 0.0022
vn -0.3972 0.9176 0.0147
vn -0.3445 0.9387 -0.0149
vn -0.2861 0.9582 0.0026
vn -0.8621 0.5061 -0.0259
vn -0.8782 0.4779 -0.0196
vn -0.8786 0.4774 0.0130
vn -0.8897 0.4565 0.0076
vn -0.8577 0.5093 -0.0708
vn -0.8326 0.5512 -0.0553
vn -0.8509 -0.5201 -0.0736
vn -0.7966 -0.6025 -0.0497
vn -0.7963 -0.6036 -0.0395
vn -0.8380 -0.5451 -0.0256
vn -0.1606 -0.9870 -0.0111
vn -0.1503 -0.9886 -0.0076
vn -0.1594 -0.9843 -0.0764
vn -0.3449 -0.9379 -0.0364
vn -0.8290 0.5532 -0.0823
vn -0.8237 0.5616 -0.0789
vn -0.9037 -0.4166 -0.0990
vn -0.8507 -0.5218 -0.0632
vn -0.8206 0.5605 -0.1117
vn -0.8319 0.5421 -0.1184
vn -0.8978 -0.4243 -0.1177
vn -0.9006 -0.4179 -0.1197
vn -0.8272 0.5370 -0.1654
vn -0.8641 0.4680 -0.1850
vn -0.7389 -0.6639 -0.1154
vn -0.8732 -0.4455 -0.1975
vn -0.7151 -0.6738 -0.1859
vn -0.4151 -0.8983 -0.1440
vn -0.1321 -0.9904 -0.0402
vn -0.1457 -0.9881 -0.0483
vn -0.1545 -0.9876 -0.0268
vn -0.1975 -0.9799 -0.0288
vn -0.1423 -0.9887 -0.0470
vn -0.0934 -0.9954 -0.0190
vn -0.0645 -0.9916 -0.1124
vn -0.6147 -0.7767 -0.1376
vn -0.2128 -0.9751 -0.0619
vn -0.1845 -0.9818 -0.0444
vn -0.1730 -0.9805 -0.0936
vn 0.0834 -0.9937 -0.0745
vn -0.3064 -0.9470 -0.0965
vn -0.2874 -0.9540 -0.0850
vn -0.2880 -0.9550 -0.0714
vn -0.0431 -0.9971 -0.0625
vn -0.3776 -0.9252 -0.0376
vn 0.8249 -0.5645 0.0292
vn 0.4139 -0.9036 -0.1102
vn -0.1026 -0.8940 -0.4362
vn -0.4173 -0.9033 -0.0991
vn -0.3680 -0.9266 -0.0774
vn -0.6597 -0.7361 -0.1516
vn -0.6388 -0.7542 -0.1517
vn -0.4112 -0.9010 -0.1378
vn -0.4755 -0.8665 -0.1518
vn -0.6092 -0.7644 -0.2109
vn -0.6478 -0.7234 -0.2389
vn 0.4016 -0.9049 0.1409
vn 0.1225 -0.9892 0.0806
vn -0.5906 -0.7611 -0.2681
vn -0.3737 -0.9061 -0.1981
vn 0.5158 -0.8121 0.2730
vn 0.3893 -0.9043 0.1754
vn 0.5765 -0.7531 0.3170
vn 0.7125 -0.6055 0.3545
vn 0.4867 -0.8088 0.3301
vn 0.5456 -0.7585 0.3565
vn 0.5698 -0.7319 0.3736
vn 0.5545 -0.7519 0.3567
vn -0.0872 -0.9939 -0.0680
vn 0.0179 -0.9996 -0.0211
vn 0.5209 -0.7316 0.4397
vn 0.2810 -0.9062 0.3159
vn -0.0112 -0.9977 0.0668
vn -0.1000 -0.9937 -0.0506
vn -0.0693 -0.9956 -0.0632
vn -0.1761 -0.9773 -0.1180
vn 0.0950 -0.9937 -0.0586
vn -0.0368 -0.9902 -0.1348
vn -0.0954 -0.9772 -0.1897
vn -0.0428 -0.9945 -0.0961
vn -0.0593 -0.9919 -0.1124
vn -0.0364 -0.9946 -0.0968
vn -0.1048 -0.9792 -0.1737
vn -0.1069 -0.9781 -0.1783
vn -0.0595 -0.9952 -0.0771
vn 0.0181 -0.9996 -0.0230
vn -0.0808 -0.9856 -0.1486
vn -0.0928 -0.9788 -0.1826
vn 0.0093 -0.9998 -0.0152
vn 0.0676 -0.9971 0.0353
vn -0.0588 -0.9852 -0.1609
vn -0.0597 -0.9846 -0.1644
vn 0.4597 -0.5351 0.7087
vn 0.4621 -0.4953 0.7356
vn 0.4013 -0.4858 0.7765
vn 0.3751 -0.5285 0.7615
vn 0.0535 -0.9857 0.1599
vn 0.0370 -0.9972 0.0657
vn 0.2791 -0.7827 0.5563
vn 0.2690 -0.8278 0.4924
vn 0.2672 -0.8274 0.4939
vn 0.1280 -0.9203 0.3697
vn 0.2958 -0.6366 0.7122
vn 0.2854 -0.4971 0.8194
vn 0.2539 -0.9208 0.2960
vn -0.0247 -0.9972 0.0711
vn 0.2600 -0.6718 0.6936
vn 0.2486 -0.6296 0.7361
vn -0.2032 -0.6990 -0.6857
vn -0.2113 -0.7742 -0.5966
vn -0.4789 -0.7223 -0.4989
vn -0.1556 -0.9423 -0.2964
vn -0.1495 -0.9478 -0.2817
vn -0.3085 -0.9386 0.1543
vn -0.1114 -0.9036 -0.4136
vn -0.1064 -0.9437 -0.3133
vn -0.3781 -0.8963 -0.2315
vn -0.3591 -0.9078 -0.2167
vn -0.0625 -0.9705 -0.2330
vn -0.0533 -0.9848 -0.1656
vn -0.2061 -0.9695 -0.1328
vn -0.4228 -0.8431 -0.3321
vn -0.0428 -0.9885 -0.1449
vn -0.0257 -0.9984 -0.0512
vn -0.0590 -0.9973 -0.0433
vn -0.3457 -0.8446 -0.4088
vn -0.0624 -0.9896 -0.1294
vn -0.1282 -0.9688 -0.2120
vn -0.0525 -0.9930 -0.1054
vn -0.0575 -0.9897 -0.1310
vn -0.0506 -0.9902 -0.1299
vn -0.0659 -0.9868 -0.1482
vn -0.0367 -0.9926 -0.1156
vn -0.0563 -0.9888 -0.1383
vn -0.0553 -0.9891 -0.1364
vn -0.0532 -0.9903 -0.1282
vn -0.3132 -0.6099 -0.7280
vn -0.3975 -0.4336 -0.8087
vn 0.1039 -0.9726 -0.2080
vn -0.2515 -0.7720 -0.5838
vn -0.3448 -0.5774 -0.7401
vn -0.3402 -0.6119 -0.7140
vn -0.3924 0.4842 -0.7820
vn -0.3928 0.5365 -0.7469
vn -0.4952 -0.5717 -0.6542
vn -0.1940 -0.8973 -0.3964
vn -0.5023 0.3342 -0.7975
vn -0.4447 0.4810 -0.7556
vn -0.2912 0.8043 -0.5181
vn -0.2677 0.8707 -0.4124
vn -0.6442 0.3191 -0.6951
vn -0.5966 -0.0981 -0.7965
vn -0.5097 0.6116 -0.6050
vn -0.3592 0.8018 -0.4776
vn -0.1516 0.9635 -0.2205
vn -0.1026 0.9904 -0.0923
vn -0.5284 0.6116 -0.5889
vn -0.5504 0.4951 -0.6723
vn -0.3029 0.8969 -0.3223
vn -0.1689 0.9637 -0.2067
vn -0.0714 0.9935 -0.0890
vn -0.0550 0.9972 -0.0515
vn -0.3261 0.8970 -0.2984
vn -0.3993 0.8080 -0.4332
vn -0.0968 0.9907 -0.0953
vn -0.0784 0.9935 -0.0820
vn -0.0427 0.9980 -0.0474
vn -0.0333 0.9990 -0.0305
vn -0.1062 0.9908 -0.0844
vn -0.1235 0.9867 -0.1058
vn -0.0506 0.9978 -0.0429
vn -0.0479 0.9980 -0.0414
vn -0.0100 0.9999 -0.0082
vn -0.0150 0.9998 -0.0102
vn -0.0141 0.9998 -0.0114
vn -0.0154 0.9998 -0.0130
vn -0.0536 0.9978 -0.0387
vn -0.0478 0.9983 -0.0330
vn -0.0350 0.9991 -0.0239
vn -0.0506 0.9983 -0.0278
vn -0.1338 0.9868 -0.0915
vn -0.1098 0.9906 -0.0815
vn -0.1157 0.9908 -0.0706
vn -0.0930 0.9943 -0.0525
vn -0.0751 0.9963 -0.0417
vn -0.0966 0.9943 -0.0454
vn -0.4772 0.8430 -0.2483
vn -0.3391 0.9153 -0.2171
vn -0.3526 0.9162 -0.1903
vn -0.2483 0.9620 -0.1136
vn -0.1251 0.9888 -0.0812
vn -0.2572 0.9615 -0.0965
vn -0.7824 0.5058 -0.3634
vn -0.6768 0.6404 -0.3630
vn -0.7039 0.6380 -0.3122
vn -0.6108 0.7527 -0.2456
vn -0.4382 0.8834 -0.1664
vn -0.6421 0.7483 -0.1668
vn -0.9303 0.0154 -0.3664
vn -0.8642 0.2915 -0.4102
vn -0.9106 0.2829 -0.3014
vn -0.8470 0.4662 -0.2554
vn -0.9002 0.0211 -0.4350
vn -0.8632 -0.2107 -0.4587
vn -0.7278 -0.5798 -0.3663
vn -0.3118 -0.9500 0.0193
vn -0.2599 -0.9591 -0.1119
vn -0.4147 -0.8981 -0.1463
vn -0.7710 -0.5931 -0.2319
vn -0.2194 -0.9348 0.2792
vn -0.1401 -0.9886 -0.0543
vn -0.1300 -0.9901 -0.0525
vn -0.5364 -0.8326 0.1382
vn -0.2390 -0.8917 0.3843
vn -0.1530 -0.9866 -0.0565
vn -0.1411 -0.9885 -0.0547
vn -0.5486 -0.6353 -0.5435
vn 0.1319 -0.9541 -0.2688
vn 0.1342 -0.9544 -0.2667
vn -0.0074 -0.8801 -0.4748
vn -0.1161 -0.9903 -0.0761
vn -0.1373 -0.9867 -0.0868
vn -0.1479 -0.9844 -0.0950
vn -0.1543 -0.9826 -0.1029
vn -0.5851 -0.5820 -0.5647
vn -0.1157 -0.9907 -0.0718
vn -0.1122 -0.9908 -0.0754
vn -0.1210 -0.9894 -0.0798
vn -0.6040 -0.6624 -0.4432
vn -0.4952 -0.8102 -0.3137
vn -0.4506 -0.8155 -0.3632
vn -0.4632 -0.8054 -0.3699
vn -0.2167 -0.9620 -0.1662
vn -0.1315 -0.9891 -0.0670
vn -0.4020 -0.7970 -0.4508
vn -0.6146 -0.5596 -0.5560
vn -0.2258 -0.9520 -0.2069
vn -0.2087 -0.9610 -0.1813
vn -0.4919 -0.5733 -0.6553
vn -0.6941 -0.0854 -0.7148
vn -0.1082 -0.9823 -0.1531
vn -0.1684 -0.9546 -0.2459
vn -0.0836 -0.9807 -0.1765
vn -0.2783 -0.9066 -0.3171
vn -0.0721 -0.9930 -0.0933
vn -0.1032 -0.9840 -0.1454
vn -0.0949 -0.9836 -0.1534
vn -0.0346 -0.9931 -0.1120
vn -0.0773 -0.9902 -0.1165
vn -0.1093 -0.9789 -0.1726
vn -0.1335 -0.9800 -0.1477
vn -0.0147 -0.9974 -0.0708
vn -0.6978 0.4089 -0.5881
vn -0.7248 0.3472 -0.5951
vn -0.6526 0.3473 -0.6734
vn -0.6321 0.4990 -0.5928
vn -0.4374 0.8393 -0.3228
vn -0.5275 0.7716 -0.3556
vn -0.4893 0.7700 -0.4096
vn -0.4590 0.8082 -0.3690
vn -0.7441 0.4138 -0.5244
vn -0.7321 0.4535 -0.5083
vn -0.7531 0.5048 -0.4219
vn -0.7811 0.4601 -0.4221
vn -0.6299 -0.6612 -0.4075
vn -0.8686 -0.2109 -0.4484
vn -0.0658 0.9976 -0.0206
vn -0.0924 0.9955 -0.0186
vn -0.0904 0.9956 -0.0262
vn -0.1392 0.9891 -0.0490
vn -0.4527 0.8843 -0.1140
vn -0.3028 0.9514 -0.0558
vn -0.0180 0.9998 -0.0083
vn -0.0374 0.9993 -0.0064
vn -0.0370 0.9993 -0.0076
vn -0.0637 0.9978 -0.0201
vn 0.0061 1.0000 0.0017
vn -0.0085 1.0000 0.0019
vn -0.0055 1.0000 -0.0054
vn -0.0200 0.9997 -0.0139
vn -0.0796 0.9963 -0.0329
vn -0.0590 0.9978 -0.0308
vn 0.0448 0.9989 0.0099
vn 0.0182 0.9998 0.0083
vn 0.0178 0.9998 0.0092
vn 0.0036 1.0000 -0.0006
vn -0.0385 0.9991 -0.0172
vn -0.0198 0.9997 -0.0143
vn 0.0648 0.9975 0.0271
vn 0.0382 0.9990 0.0240
vn 0.0388 0.9990 0.0227
vn 0.0294 0.9995 0.0152
vn -0.0119 0.9999 -0.0049
vn 0.0038 1.0000 -0.0010
vn 0.1178 0.9912 0.0609
vn 0.0653 0.9964 0.0532
vn 0.0670 0.9965 0.0507
vn 0.0547 0.9978 0.0384
vn 0.0170 0.9998 0.0138
vn 0.0276 0.9995 0.0180
vn 0.0504 0.9977 0.0449
vn 0.0528 0.9974 0.0482
vn 0.0163 0.9998 0.0153
vn 0.0160 0.9998 0.0152
vn 0.0673 0.9972 0.0321
vn 0.1089 0.9858 0.1278
vn 0.0301 0.9992 0.0281
vn 0.0152 0.9997 0.0165
vn 0.0395 0.9990 0.0190
vn 0.0603 0.9948 0.0823
vn 0.0178 0.9997 0.0178
vn -0.0050 1.0000 -0.0031
vn -0.0122 0.9998 -0.0166
vn 0.0193 0.9997 0.0165
vn 0.0260 0.9988 0.0414
vn -0.0058 0.9999 -0.0109
vn -0.0155 0.9997 -0.0202
vn -0.0198 0.9997 -0.0168
vn -0.0278 0.9990 -0.0359
vn -0.0035 0.9999 -0.0124
vn 0.0008 1.0000 0.0076
vn -0.0234 0.9990 -0.0374
vn -0.0319 0.9984 -0.0465
vn -0.0358 0.9984 -0.0441
vn -0.0421 0.9972 -0.0618
vn -0.0195 0.9990 -0.0394
vn -0.0180 0.9993 -0.0318
vn -0.0501 0.9940 -0.0977
vn -0.0555 0.9930 -0.1041
vn -0.0645 0.9929 -0.0996
vn -0.0679 0.9913 -0.1130
vn -0.0460 0.9940 -0.0995
vn -0.0476 0.9930 -0.1084
vn -0.1602 0.9196 -0.3588
vn -0.1723 0.9112 -0.3742
vn -0.2009 0.9105 -0.3613
vn -0.2147 0.8728 -0.4383
vn -0.1520 0.9199 -0.3615
vn -0.1436 0.9460 -0.2905
vn -0.3114 0.5957 -0.7404
vn -0.3262 0.5669 -0.7565
vn -0.3442 0.5649 -0.7499
vn -0.3443 0.5383 -0.7693
vn -0.3151 0.5954 -0.7391
vn -0.3141 0.6603 -0.6821
vn -0.3818 0.2366 -0.8935
vn -0.4366 -0.1521 -0.8867
vn -0.4208 -0.1464 -0.8953
vn -0.3274 -0.4212 -0.8458
vn -0.0327 0.2758 -0.9607
vn -0.0281 0.2533 -0.9670
vn -0.0150 -0.9163 -0.4003
vn -0.0432 -0.9628 -0.2669
vn -0.1203 -0.9581 -0.2599
vn -0.0400 -0.9858 -0.1633
vn 0.3980 0.1693 -0.9016
vn 0.3576 0.3210 -0.8770
vn 0.1959 -0.8913 -0.4089
vn 0.1516 -0.9294 -0.3365
vn 0.1987 -0.8705 -0.4503
vn 0.1771 -0.8916 -0.4167
vn 0.3775 0.3174 -0.8699
vn 0.3479 0.4064 -0.8448
vn 0.3892 0.5233 -0.7581
vn 0.4008 0.4117 -0.8184
vn 0.2450 0.7664 -0.5937
vn 0.2181 0.8506 -0.4784
vn 0.2491 0.8521 -0.4603
vn 0.1544 0.9230 -0.3524
vn 0.0953 0.9844 -0.1476
vn 0.1809 0.9250 -0.3342
vn 0.0591 0.9899 -0.1289
vn 0.0427 0.9957 -0.0823
vn 0.0504 0.9958 -0.0768
vn 0.0294 0.9979 -0.0576
vn 0.0275 0.9991 -0.0329
vn 0.0381 0.9980 -0.0502
vn 0.0188 0.9992 -0.0342
vn 0.0082 0.9999 -0.0118
vn 0.0108 0.9999 -0.0096
vn -0.0042 1.0000 0.0008
vn -0.0124 0.9998 0.0157
vn -0.0033 1.0000 0.0017
vn -0.0203 0.9995 0.0228
vn -0.0412 0.9975 0.0583
vn -0.0426 0.9975 0.0566
vn -0.0679 0.9951 0.0725
vn -0.1044 0.9890 0.1049
vn -0.0739 0.9951 0.0655
vn -0.2982 0.8984 0.3225
vn -0.2646 0.9325 0.2457
vn -0.2590 0.9325 0.2518
vn -0.3142 0.9123 0.2626
vn -0.2094 0.9738 0.0892
vn -0.3287 0.9121 0.2449
vn -0.0600 0.9908 0.1215
vn -0.0558 0.9923 0.1106
vn -0.1055 0.9938 0.0342
vn -0.0828 0.9957 0.0408
vn -0.0368 0.9993 0.0080
vn -0.0676 0.9953 0.0689
vn -0.0015 1.0000 0.0008
vn -0.0023 1.0000 -0.0006
vn -0.0017 1.0000 -0.0002
vn -0.0001 1.0000 -0.0021
vn -0.0012 1.0000 0.0009
vn 0.0393 0.9992 -0.0050
vn 0.0351 0.9994 0.0049
vn 0.0031 0.9977 -0.0678
vn 0.0738 0.9972 -0.0096
vn 0.0202 0.9998 0.0057
vn 0.0678 0.9936 -0.0904
vn 0.0585 0.9919 -0.1123
vn 0.0962 0.9919 -0.0829
vn 0.0233 0.9997 0.0114
vn -0.0131 0.9999 -0.0052
vn -0.0518 0.9987 0.0029
vn -0.0596 0.9981 0.0150
vn -0.0640 0.9979 0.0015
vn -0.1608 0.9849 -0.0636
vn -0.0023 1.0000 -0.0025
vn -0.0040 1.0000 0.0007
vn -0.0039 1.0000 0.0018
vn -0.0139 0.9999 -0.0076
vn -0.0047 1.0000 -0.0019
vn -0.0104 0.9999 0.0094
vn 0.0018 1.0000 0.0005
vn 0.0025 1.0000 -0.0009
vn 0.0025 1.0000 -0.0005
vn 0.0015 1.0000 -0.0017
vn 0.0064 0.9999 -0.0106
vn 0.0014 1.0000 -0.0023
vn 0.0006 1.0000 -0.0003
vn -0.0011 1.0000 0.0033
vn -0.0019 1.0000 -0.0045
vn -0.0068 0.9999 -0.0096
vn 0.0005 1.0000 0.0046
vn -0.0045 0.9999 0.0117
vn -0.0008 1.0000 -0.0046
vn -0.0027 1.0000 -0.0013
vn -0.0026 1.0000 0.0005
vn 0.0017 1.0000 0.0044
vn 0.0010 1.0000 0.0014
vn 0.0014 1.0000 0.0010
vn 0.0016 1.0000 -0.0002
vn 0.0008 1.0000 0.0007
vn -0.0002 1.0000 0.0016
vn 0.0013 1.0000 -0.0016
vn -0.0003 1.0000 0.0002
vn -0.0007 1.0000 0.0025
vn 0.0033 1.0000 -0.0011
vn 0.0033 1.0000 -0.0024
vn 0.0042 1.0000 -0.0017
vn 0.1020 0.9902 -0.0950
vn 0.0046 1.0000 0.0004
vn -0.0011 1.0000 -0.0022
vn 0.0021 1.0000 -0.0047
vn 0.0048 0.9969 -0.0788
vn -0.0135 0.9954 -0.0949
vn 0.0045 1.0000 -0.0049
vn 0.0020 1.0000 -0.0027
vn 0.0003 1.0000 0.0075
vn -0.0802 0.9947 -0.0646
vn 0.0060 1.0000 -0.0029
vn -0.0024 1.0000 0.0056
vn -0.0019 1.0000 0.0012
vn 0.0023 1.0000 0.0071
vn 0.0005 1.0000 -0.0012
vn 0.0046 1.0000 -0.0075
vn -0.0016 1.0000 0.0012
vn -0.0004 1.0000 -0.0002
vn -0.0002 1.0000 -0.0020
vn 0.0002 1.0000 -0.0012
vn 0.0052 1.0000 0.0003
vn -0.0026 1.0000 0.0070
vn -0.0021 1.0000 -0.0002
vn -0.0039 1.0000 -0.0023
vn 0.2528 0.9671 0.0295
vn 0.0402 0.9887 0.1445
vn 0.0481 0.9985 0.0277
vn 0.0034 1.0000 0.0001
vn 0.1415 0.9787 0.1490
vn 0.4680 0.8837 -0.0052
vn 0.4675 0.8840 0.0051
vn 0.4747 0.8801 0.0082
vn 0.3391 0.9408 0.0013
vn 0.3675 0.9300 -0.0101
vn 0.3684 0.9291 -0.0322
vn 0.4813 0.8765 0.0038
vn 0.3417 0.9393 -0.0310
vn 0.4851 0.8733 0.0450
vn 0.1196 0.9928 -0.0049
vn 0.0735 0.9973 0.0028
vn 0.0737 0.9973 -0.0005
vn 0.0735 0.9973 -0.0005
vn 0.0425 0.9991 -0.0000
vn 0.0330 0.9995 0.0018
vn 0.0330 0.9995 0.0009
vn 0.0275 0.9996 -0.0005
vn -0.0116 0.9999 -0.0014
vn -0.0264 0.9997 0.0014
vn -0.0264 0.9996 0.0015
vn -0.0287 0.9996 0.0009
vn -0.0115 0.9999 -0.0026
vn -0.0035 1.0000 0.0006
vn -0.0650 0.9979 -0.0054
vn -0.0752 0.9972 -0.0036
vn -0.0755 0.9971 -0.0010
vn -0.0775 0.9970 -0.0016
vn -0.0649 0.9979 -0.0062
vn -0.0600 0.9982 -0.0042
vn -0.2564 0.9663 -0.0240
vn -0.2630 0.9645 -0.0228
vn -0.2641 0.9644 -0.0154
vn -0.2830 0.9588 -0.0225
vn -0.0594 0.9982 -0.0099
vn -0.0664 0.9977 -0.0126
vn -0.3041 0.9519 -0.0382
vn -0.2544 0.9660 -0.0456
vn -0.0034 1.0000 -0.0003
vn -0.0027 1.0000 -0.0004
vn -0.0027 1.0000 -0.0005
vn -0.0182 0.9998 -0.0061
vn 0.0461 0.9989 0.0038
vn 0.0424 0.9991 0.0046
vn 0.0421 0.9991 0.0075
vn 0.0269 0.9996 0.0019
vn 0.1356 0.9907 0.0140
vn 0.0852 0.9960 0.0262
vn 0.0865 0.9961 0.0194
vn 0.0655 0.9978 0.0114
vn 0.0054 1.0000 0.0045
vn 0.3940 0.9179 0.0461
vn 0.2394 0.9673 0.0843
vn 0.2376 0.9671 0.0914
vn 0.1161 0.9928 0.0299
vn 0.0420 0.9990 0.0168
vn 0.0645 0.9978 0.0157
vn 0.2910 0.9517 0.0982
vn 0.5376 0.8428 0.0254
vn 0.4780 0.8483 0.2280
vn 0.2693 0.9594 0.0834
vn 0.0607 0.9975 0.0358
vn 0.1140 0.9928 0.0356
vn 0.1879 0.9658 0.1788
vn 0.1989 0.9643 0.1747
vn 0.2403 0.9687 0.0623
vn 0.3446 0.9218 0.1774
vn 0.0967 0.9899 0.1036
vn 0.2610 0.9599 0.1024
vn 0.1375 0.9897 0.0404
vn 0.2047 0.9788 -0.0045
vn 0.1807 0.9792 0.0925
vn 0.2333 0.9612 0.1472
vn 0.3312 0.9275 0.1735
vn 0.3473 0.9220 0.1713
vn 0.2218 0.9584 0.1799
vn 0.2456 0.9470 0.2069
vn 0.1907 0.9649 0.1805
vn 0.3169 0.9269 0.2012
vn 0.2721 0.9476 0.1676
vn 0.2918 0.9274 0.2342
vn 0.2752 0.9366 0.2170
vn 0.1929 0.9651 0.1774
vn 0.0954 0.9079 0.4081
vn 0.1074 0.9940 0.0195
vn 0.2882 0.9107 0.2959
vn 0.2339 0.9365 0.2613
vn 0.1292 0.9916 0.0023
vn 0.1476 0.9852 -0.0869
vn 0.3187 0.8967 0.3071
vn 0.2963 0.9104 0.2887
vn 0.1398 0.8967 0.4200
vn 0.1443 0.9795 0.1409
vn 0.2675 0.8758 0.4018
vn 0.2480 0.8891 0.3848
vn 0.2520 0.8892 0.3819
vn 0.1810 0.9817 0.0600
vn 0.1722 0.8696 0.4628
vn 0.1489 0.9687 0.1988
vn 0.1764 0.9513 0.2528
vn 0.1045 0.9771 0.1855
vn 0.1105 0.9771 0.1819
vn 0.0875 0.9944 0.0596
vn 0.1508 0.9519 0.2667
vn 0.1541 0.9413 0.3005
vn 0.0191 0.9986 0.0487
vn 0.0289 0.9979 0.0586
vn 0.0326 0.9979 0.0567
vn 0.0295 0.9988 0.0395
vn 0.0178 0.9986 0.0494
vn 0.0153 0.9993 0.0355
vn -0.0015 1.0000 0.0018
vn -0.0004 1.0000 0.0031
vn 0.0011 1.0000 0.0024
vn 0.0020 1.0000 0.0070
vn -0.0039 1.0000 0.0026
vn -0.0052 1.0000 -0.0068
vn -0.0213 0.9988 -0.0446
vn -0.0178 0.9991 -0.0398
vn -0.0185 0.9990 -0.0395
vn -0.0172 0.9993 -0.0322
vn -0.0200 0.9988 -0.0450
vn -0.0197 0.9989 -0.0429
vn -0.0306 0.9970 -0.0718
vn -0.0428 0.9950 -0.0904
vn -0.0435 0.9950 -0.0902
vn -0.0459 0.9930 -0.1089
vn -0.0037 0.9971 -0.0762
vn -0.0043 0.9973 -0.0733
vn -0.0044 0.9897 -0.1429
vn -0.0184 0.9778 -0.2088
vn -0.1060 0.9751 -0.1946
vn -0.1195 0.9469 -0.2984
vn 0.0565 0.9897 -0.1313
vn 0.0709 0.9856 -0.1534
vn 0.2592 0.7666 -0.5875
vn 0.2575 0.7738 -0.5787
vn -0.0428 0.7745 -0.6312
vn -0.0144 0.6743 -0.7383
vn 0.0586 0.9899 -0.1292
vn 0.0660 0.9856 -0.1556
vn 0.0296 0.9974 -0.0656
vn 0.0307 0.9970 -0.0708
vn 0.0327 0.9970 -0.0699
vn 0.0237 0.9980 -0.0578
vn 0.0194 0.9992 -0.0337
vn 0.0273 0.9981 -0.0556
vn 0.0136 0.9994 -0.0318
vn 0.0076 0.9999 -0.0102
vn 0.0097 0.9999 -0.0089
vn -0.0046 1.0000 0.0067
vn -0.0149 0.9995 0.0268
vn -0.0053 1.0000 0.0062
vn -0.0095 0.9997 0.0220
vn -0.0231 0.9980 0.0581
vn -0.0003 0.9972 0.0743
vn -0.1148 0.9814 0.1540
vn -0.2372 0.8949 0.3780
vn -0.1268 0.9812 0.1452
vn -0.1911 0.9418 0.2765
vn -0.2089 0.9243 0.3193
vn -0.2261 0.9260 0.3023
vn -0.1292 0.9518 0.2782
vn -0.1522 0.9882 0.0160
vn -0.2144 0.9561 0.1995
vn -0.0490 0.9841 0.1706
vn 0.0035 0.9999 0.0135
vn -0.0090 1.0000 -0.0026
vn -0.1090 0.9940 -0.0132
vn 0.0012 1.0000 0.0050
vn -0.0319 0.9946 0.0991
vn -0.0040 1.0000 -0.0053
vn -0.0046 1.0000 -0.0034
vn -0.0285 0.9986 -0.0439
vn 0.0544 0.9984 -0.0163
vn -0.0020 1.0000 -0.0046
vn -0.0031 1.0000 -0.0018
vn -0.0211 0.9990 -0.0389
vn -0.0315 0.9986 -0.0428
vn -0.0021 1.0000 -0.0023
vn -0.0030 1.0000 0.0001
vn -0.0024 1.0000 0.0017
vn -0.0607 0.9979 -0.0246
vn 0.0010 1.0000 -0.0016
vn -0.0001 1.0000 0.0011
vn 0.0002 1.0000 0.0021
vn -0.0013 1.0000 0.0013
vn -0.0006 1.0000 0.0013
vn 0.0003 1.0000 -0.0008
vn 0.0032 1.0000 0.0012
vn 0.0026 1.0000 -0.0011
vn -0.0005 1.0000 -0.0006
vn -0.0004 1.0000 -0.0009
vn -0.0005 1.0000 -0.0012
vn 0.0013 1.0000 0.0007
vn 0.0007 1.0000 0.0003
vn 0.0011 1.0000 -0.0007
vn 0.0021 1.0000 -0.0014
vn 0.0002 1.0000 0.0035
vn -0.0006 1.0000 -0.0012
vn 0.0002 1.0000 0.0003
vn 0.0021 1.0000 -0.0013
vn 0.0008 1.0000 -0.0025
vn 0.0592 0.9982 -0.0018
vn 0.0837 0.9955 -0.0444
vn 0.0598 0.9914 -0.1160
vn 0.2066 0.9783 0.0174
vn -0.0085 0.9992 -0.0384
vn 0.0158 0.9975 -0.0689
vn 0.0065 0.9923 -0.1238
vn 0.0200 0.9938 -0.1096
vn -0.0021 1.0000 -0.0015
vn -0.0172 0.9998 -0.0105
vn -0.0466 0.9989 -0.0057
vn -0.0610 0.9981 0.0102
vn -0.0610 0.9981 0.0085
vn -0.1268 0.9911 -0.0394
vn -0.0023 1.0000 -0.0005
vn 0.0066 0.9999 -0.0110
vn 0.0059 1.0000 -0.0027
vn 0.0002 1.0000 -0.0098
vn -0.0146 0.9999 0.0073
vn 0.0010 0.9998 -0.0221
vn -0.0032 1.0000 -0.0015
vn -0.0045 1.0000 -0.0000
vn -0.0047 1.0000 0.0017
vn -0.0017 1.0000 0.0072
vn -0.0001 1.0000 -0.0015
vn -0.0013 1.0000 -0.0000
vn 0.0034 1.0000 0.0022
vn 0.0239 0.9996 -0.0158
vn 0.0183 0.9996 0.0230
vn 0.0015 1.0000 -0.0013
vn -0.0011 1.0000 0.0007
vn 0.0016 1.0000 -0.0019
vn 0.2446 0.9687 0.0417
vn 0.1196 0.9872 0.1051
vn 0.1223 0.9886 0.0877
vn 0.0099 1.0000 0.0016
vn 0.0109 0.9999 0.0046
vn 0.0094 0.9999 0.0054
vn 0.3561 0.9290 0.1009
vn 0.2804 0.9511 0.1295
vn 0.2905 0.9556 0.0501
vn 0.2069 0.9783 0.0093
vn 0.1319 0.9875 -0.0867
vn 0.2243 0.9673 -0.1186
vn 0.6226 0.7803 0.0586
vn 0.6507 0.7579 0.0460
vn 0.6473 0.7587 0.0728
vn 0.4953 0.8681 -0.0326
vn 0.1348 0.9907 0.0204
vn 0.1602 0.9870 0.0134
vn 0.1601 0.9870 0.0149
vn 0.1196 0.9928 -0.0047
vn 0.2583 0.9658 -0.0250
vn 0.1981 0.9801 0.0080
vn 0.1999 0.9798 -0.0035
vn 0.0241 0.9911 -0.1308
vn 0.1267 0.9903 -0.0565
vn 0.1669 0.9855 -0.0319
vn 0.0056 1.0000 -0.0036
vn 0.0024 1.0000 -0.0009
vn 0.0022 1.0000 0.0012
vn -0.0038 1.0000 -0.0056
vn -0.0075 1.0000 0.0009
vn -0.0000 1.0000 -0.0067
vn -0.0005 1.0000 0.0014
vn -0.0001 1.0000 0.0019
vn -0.0012 1.0000 0.0019
vn -0.0047 1.0000 0.0052
vn 0.0038 1.0000 0.0017
vn 0.0010 1.0000 0.0045
vn 0.0009 1.0000 -0.0025
vn 0.0014 1.0000 -0.0017
vn -0.0000 1.0000 -0.0019
vn -0.0000 1.0000 -0.0020
vn -0.0015 1.0000 0.0042
vn 0.0005 1.0000 0.0026
vn 0.0062 0.9973 0.0729
vn -0.0835 0.9962 -0.0229
vn 0.0016 1.0000 0.0026
vn 0.0026 1.0000 0.0017
vn 0.0070 0.9967 0.0810
vn -0.0033 0.9974 0.0720
vn -0.0051 0.9966 0.0820
vn 0.0765 0.9971 -0.0037
vn 0.0783 0.9926 0.0924
vn 0.1031 0.9889 0.1074
vn -0.0802 0.9886 0.1272
vn -0.0026 0.9981 0.0609
vn 0.1603 0.7739 0.6127
vn 0.0022 0.8929 0.4503
vn 0.0659 0.8964 0.4383
vn -0.1467 0.7150 0.6835
vn 0.0209 0.3218 0.9466
vn 0.0388 0.2924 0.9555
vn -0.0110 0.2943 0.9557
vn -0.0065 0.3003 0.9538
vn -0.0084 0.3202 0.9473
vn -0.0397 0.3725 0.9272
vn -0.1245 0.3754 0.9185
vn -0.1837 0.3138 0.9315
vn -0.1972 0.2244 0.9543
vn -0.2425 0.3132 0.9182
vn -0.6043 -0.1616 -0.7802
vn -0.6156 -0.1393 -0.7757
vn -0.6284 -0.2633 -0.7319
vn -0.5186 -0.1241 -0.8460
vn -0.0059 -0.3284 -0.9445
vn -0.0307 -0.2777 -0.9602
vn 0.0412 0.1530 -0.9874
vn -0.4213 -0.2965 -0.8571
vn -0.0172 -0.0502 -0.9986
vn 0.0031 -0.0773 -0.9970
vn -0.0033 -0.3464 -0.9381
vn 0.0345 -0.2827 -0.9586
vn 0.0193 -0.0842 -0.9963
vn 0.0491 -0.0512 -0.9975
vn 0.1216 0.3213 -0.9391
vn 0.0836 0.3653 -0.9271
vn -0.5707 0.0632 -0.8187
vn -0.4895 -0.0841 -0.8679
vn -0.4441 0.3589 -0.8209
vn -0.4815 0.3139 -0.8183
vn -0.1577 0.1698 0.9728
vn -0.1594 0.1679 0.9728
vn -0.2006 -0.3046 0.9311
vn -0.1947 -0.3153 0.9288
vn -0.0180 0.6790 -0.7340
vn -0.0478 0.6990 -0.7135
vn -0.0605 0.3121 -0.9481
vn -0.0168 0.3633 -0.9315
vn 0.1185 0.7841 -0.6092
vn -0.0280 0.6783 -0.7343
vn 0.0275 0.7053 -0.7084
vn -0.0599 0.7595 -0.6478
vn -0.0502 0.2555 -0.9655
vn -0.0009 0.3236 -0.9462
vn 0.8735 0.1050 0.4754
vn 0.7167 -0.2483 0.6517
vn 0.7083 0.0135 0.7058
vn 0.4139 0.3587 0.8367
vn 0.2079 -0.2396 -0.9484
vn 0.0240 -0.0729 -0.9971
vn 0.4223 0.2775 0.8629
vn 0.1347 0.6003 0.7883
vn 0.4869 -0.5682 -0.6633
vn 0.2080 -0.2933 -0.9331
vn 0.9468 0.3215 -0.0111
vn 0.8695 -0.4882 0.0752
vn 0.5369 0.8323 -0.1378
vn 0.8806 -0.0614 -0.4699
vn 0.0651 0.9647 -0.2550
vn 0.1025 0.9701 -0.2200
vn 0.1566 0.9820 -0.1060
vn 0.1060 0.9922 -0.0656
vn 0.0123 0.9660 -0.2582
vn -0.0003 0.9691 -0.2466
vn 0.0014 0.9885 -0.1512
vn 0.0397 0.9927 -0.1142
vn 0.0047 0.9997 -0.0243
vn 0.0390 0.9982 -0.0465
vn -0.1062 0.9823 -0.1540
vn -0.1656 0.9810 -0.1012
vn -0.1651 0.9849 -0.0526
vn -0.1210 0.9924 -0.0239
vn -0.0942 0.9953 -0.0235
vn -0.1209 0.9926 -0.0126
vn -0.2638 0.9634 -0.0478
vn -0.0582 0.9784 -0.1982
vn -0.0579 0.9977 -0.0349
vn -0.0305 0.9992 -0.0253
vn -0.0330 0.9994 -0.0135
vn -0.0306 0.9994 -0.0143
vn -0.9765 -0.2114 0.0412
vn -0.9992 0.0292 -0.0277
vn -0.9995 0.0289 -0.0109
vn -0.9813 0.1920 0.0160
vn -0.9626 0.2703 -0.0169
vn -0.9814 0.1920 -0.0024
vn -0.1584 -0.9871 0.0217
vn -0.1888 -0.9819 0.0129
vn -0.1888 -0.9820 0.0058
vn -0.1783 -0.9840 0.0031
vn -0.1898 -0.9818 -0.0041
vn -0.1783 -0.9840 -0.0011
vn -0.3056 -0.9522 0.0043
vn -0.3501 -0.9367 -0.0088
vn -0.3501 -0.9367 0.0060
vn -0.3103 -0.9506 -0.0048
vn -0.4270 -0.9024 -0.0588
vn -0.3101 -0.9505 -0.0204
vn 0.0223 -0.9997 0.0098
vn -0.0268 -0.9996 -0.0037
vn -0.0268 -0.9979 -0.0587
vn -0.0342 -0.9978 -0.0564
vn -0.0243 -0.9952 0.0952
vn -0.0331 -0.9953 0.0906
vn 0.2512 -0.9664 -0.0541
vn 0.3603 -0.9327 -0.0154
vn 0.3600 -0.9329 0.0112
vn 0.1934 -0.9761 0.0992
vn 0.1169 -0.9866 -0.1140
vn 0.1982 -0.9787 -0.0541
vn 0.1910 -0.9816 0.0043
vn 0.1462 -0.9890 -0.0235
vn 0.1513 -0.9799 -0.1298
vn 0.1272 -0.9854 -0.1132
vn 0.1718 -0.7987 -0.5767
vn 0.1116 -0.7654 -0.6338
vn 0.7282 -0.6839 -0.0447
vn 0.7141 -0.6974 -0.0606
vn 0.7251 -0.6737 -0.1429
vn 0.8316 -0.5250 -0.1811
vn 0.7233 -0.6905 0.0039
vn 0.8300 -0.5552 -0.0535
vn 0.1322 0.9896 0.0565
vn 0.1974 0.9800 0.0242
vn 0.1992 0.9739 0.1085
vn 0.2622 0.9534 0.1495
vn 0.1650 0.9860 0.0260
vn 0.2511 0.9677 -0.0231
vn 0.2512 0.9679 -0.0097
vn 0.3894 0.9152 0.1035
vn 0.0216 0.9997 -0.0145
vn 0.0594 0.9976 -0.0354
vn 0.0591 0.9971 -0.0478
vn 0.1169 0.9931 -0.0007
vn 0.1697 0.9811 -0.0932
vn 0.1161 0.9931 -0.0160
vn -0.2213 0.9746 -0.0350
vn -0.2744 0.9614 0.0183
vn -0.2877 0.9574 -0.0234
vn -0.2871 0.9576 -0.0232
vn -0.2213 0.9746 -0.0357
vn -0.1358 0.9907 0.0114
vn -0.0832 0.9964 0.0139
vn -0.1124 0.9933 0.0272
vn -0.0885 0.9749 0.2045
vn -0.5009 0.8649 0.0320
vn -0.9619 0.2729 -0.0139
vn -0.9651 0.2617 -0.0109
vn -0.9625 0.2199 0.1592
vn -0.9663 0.2089 0.1507
vn -0.1799 -0.9830 -0.0355
vn -0.1200 -0.9927 -0.0073
vn -0.1394 -0.9763 -0.1656
vn -0.0083 -0.9643 -0.2647
vn -0.0863 -0.7283 -0.6798
vn -0.1558 -0.6867 -0.7101
vn -0.2545 -0.9541 -0.1579
vn -0.1510 -0.9837 -0.0975
vn -0.2105 -0.7571 -0.6185
vn -0.1428 -0.7268 -0.6719
vn -0.0376 -0.9940 -0.1028
vn 0.0371 -0.9977 -0.0572
vn -0.0263 -0.7836 -0.6208
vn 0.0140 -0.7629 -0.6464
vn -0.4265 -0.9045 -0.0063
vn -0.2305 -0.9685 0.0945
vn -0.9621 0.2726 0.0081
vn -0.9614 0.2752 0.0088
vn -0.1897 -0.9816 -0.0234
vn -0.1802 -0.9834 -0.0205
vn -0.0833 0.9962 0.0263
vn -0.0292 0.9995 0.0086
vn -0.0295 0.9996 -0.0006
vn -0.0163 0.9999 0.0029
vn -0.9627 0.2705 0.0110
vn -0.9613 0.2752 0.0101
vn -0.0795 0.9968 -0.0000
vn -0.0744 0.9972 -0.0014
vn -0.0744 0.9972 0.0008
vn -0.0861 0.9963 -0.0022
vn -0.0331 0.9994 -0.0026
vn -0.0163 0.9998 -0.0073
vn -0.0024 1.0000 0.0002
vn 0.0128 0.9999 -0.0040
vn 0.0128 0.9999 -0.0069
vn -0.0052 0.9999 -0.0118
vn -0.0943 0.9955 -0.0109
vn -0.0861 0.9962 -0.0133
vn 0.1008 0.9949 -0.0075
vn 0.1025 0.9947 -0.0080
vn 0.1024 0.9944 -0.0272
vn 0.1277 0.9917 -0.0173
vn 0.0047 0.9998 -0.0177
vn -0.0052 0.9999 -0.0139
vn 0.0849 0.9960 -0.0274
vn 0.0747 0.9969 -0.0239
vn 0.0767 0.9885 -0.1306
vn 0.1887 0.9802 -0.0600
vn 0.1563 0.9858 -0.0614
vn 0.1276 0.9909 -0.0437
vn 0.9511 -0.3087 -0.0033
vn 0.9698 -0.2437 0.0085
vn 0.9699 -0.2434 -0.0065
vn 0.9414 -0.3368 0.0205
vn 0.0853 0.9963 -0.0079
vn 0.0432 0.9989 -0.0189
vn 0.1462 -0.9892 0.0084
vn 0.1461 -0.9891 0.0161
vn 0.1415 -0.9898 0.0180
vn 0.2872 -0.9578 0.0098
vn 0.2628 -0.9648 0.0027
vn 0.2628 -0.9648 0.0066
vn 0.2452 -0.9694 0.0143
vn -0.0105 -0.9999 0.0077
vn 0.0193 -0.9996 0.0196
vn 0.0181 -0.9699 0.2427
vn -0.0495 -0.9579 0.2829
vn 0.2779 -0.9216 0.2711
vn 0.2478 -0.9347 0.2547
vn -0.0561 -0.6152 0.7864
vn -0.0316 -0.6334 0.7731
vn 0.0758 -0.6352 0.7686
vn 0.2515 -0.4810 0.8399
vn -0.0320 -0.5233 0.8516
vn -0.0070 -0.5477 0.8367
vn 0.0198 -0.5497 0.8351
vn 0.0659 -0.5106 0.8573
vn -0.2435 -0.5888 0.7707
vn -0.0727 -0.5048 0.8601
vn -0.0731 -0.5104 0.8568
vn -0.0648 -0.5182 0.8528
vn -0.2616 -0.9373 0.2304
vn -0.2471 -0.9385 0.2410
vn -0.2552 -0.9668 0.0124
vn -0.2598 -0.9656 0.0103
vn -0.3055 -0.9522 -0.0029
vn -0.2552 -0.9668 0.0121
vn -0.0105 -0.9999 0.0009
vn 0.0223 -0.9997 0.0036
vn -0.0105 -0.9999 -0.0055
vn 0.2872 -0.9579 -0.0048
vn 0.2465 -0.9691 0.0060
vn 0.2522 -0.9677 0.0001
vn 0.2465 -0.9691 -0.0015
vn 0.1462 -0.9892 -0.0058
vn 0.1735 -0.9848 0.0020
vn 0.1735 -0.9848 0.0005
vn 0.1778 -0.9841 -0.0007
vn 0.1913 -0.9814 -0.0139
vn 0.1775 -0.9839 -0.0187
vn 0.9228 -0.3850 0.0100
vn 0.8721 -0.4891 -0.0135
vn 0.8721 -0.4891 -0.0153
vn 0.8311 -0.5561 0.0010
vn 0.0405 0.9991 0.0153
vn 0.1041 0.9946 -0.0017
vn 0.1037 0.9945 0.0128
vn 0.1323 0.9910 0.0207
vn 0.1021 0.9948 -0.0017
vn 0.0949 0.9955 0.0004
vn 0.0950 0.9954 -0.0093
vn 0.1651 0.9862 0.0115
vn -0.0024 1.0000 0.0019
vn 0.0132 0.9999 -0.0026
vn 0.0132 0.9999 -0.0104
vn 0.0216 0.9997 -0.0079
vn 0.0405 0.9992 -0.0043
vn 0.0433 0.9991 -0.0036
vn 0.1008 0.9949 -0.0043
vn 0.1021 0.9948 -0.0047
vn 0.9229 -0.3851 0.0047
vn 0.9511 -0.3087 -0.0113
vn -0.0794 0.9968 0.0088
vn -0.1359 0.9907 -0.0087
vn 0.0917 -0.7671 -0.6349
vn 0.0848 -0.7723 -0.6296
vn -0.1585 -0.9872 0.0166
vn -0.1550 -0.9878 0.0153
vn -0.0588 0.9665 -0.2498
vn -0.1070 0.9725 -0.2067
vn 0.1859 0.9271 -0.3255
vn 0.5359 0.8434 -0.0385
vn -0.4225 0.8395 -0.3418
vn -0.6469 0.5884 -0.4851
vn 0.0393 0.3254 0.9448
vn 0.0429 0.3194 0.9466
vn 0.2071 0.3473 0.9146
vn 0.1468 0.2664 0.9526
vn -0.0007 1.0000 0.0019
vn 0.0007 1.0000 0.0007
vn -0.0012 1.0000 0.0011
vn 0.0014 1.0000 -0.0011
vn -0.0015 1.0000 -0.0044
vn 0.0042 1.0000 0.0011
vn 0.0040 1.0000 -0.0065
vn 0.0061 1.0000 -0.0041
vn -0.0013 1.0000 -0.0011
vn -0.0079 1.0000 0.0054
vn 0.3805 0.9153 0.1323
vn 0.6245 0.7800 0.0398
vn 0.2863 0.9509 0.1173
vn 0.3572 0.9294 0.0930
vn 0.2390 0.9710 0.0052
vn 0.2532 0.9674 -0.0016
vn 0.0021 0.9996 0.0286
vn -0.0147 0.9999 -0.0026
vn 0.1446 0.9894 0.0088
vn -0.0250 0.9899 0.1399
vn -0.0007 0.9999 -0.0104
vn -0.0021 1.0000 -0.0090
vn -0.0024 1.0000 0.0012
vn 0.0022 1.0000 0.0053
vn 0.0940 0.9955 -0.0070
vn -0.0147 0.9956 0.0921
vn -0.0482 0.9984 -0.0283
vn -0.0032 1.0000 0.0013
vn -0.0210 0.9992 -0.0349
vn -0.0096 0.9987 -0.0502
vn -0.0016 1.0000 -0.0016
vn 0.0014 1.0000 -0.0000
vn -0.0012 1.0000 0.0008
vn -0.0029 1.0000 0.0034
vn 0.0028 1.0000 0.0068
vn 0.1482 0.9870 0.0625
vn -0.0080 0.9901 0.1398
vn 0.0145 0.9965 0.0828
vn 0.0052 1.0000 -0.0039
vn 0.0053 1.0000 -0.0039
vn 0.0063 1.0000 0.0008
vn 0.0113 0.9999 0.0025
vn -0.0001 1.0000 0.0038
vn 0.0384 0.9882 0.1481
vn -0.0759 0.9913 0.1073
vn -0.0139 0.9973 0.0724
vn 0.0102 0.9999 -0.0012
vn 0.0380 0.9882 0.1483
vn 0.1465 0.9864 -0.0744
vn 0.1825 0.9818 0.0522
vn 0.1215 0.9925 0.0105
vn -0.0094 0.9962 0.0871
vn -0.0253 0.9670 0.2535
vn 0.0157 0.9901 0.1397
vn -0.0063 0.9763 0.2163
vn 0.0197 0.9615 0.2742
vn 0.1313 0.9265 0.3526
vn 0.1810 0.9263 0.3303
vn 0.1841 0.9666 0.1782
vn 0.1133 0.9667 0.2296
vn 0.0952 0.9345 0.3431
vn 0.0029 0.9901 0.1405
vn 0.0922 0.9701 0.2246
vn 0.1087 0.9698 0.2183
vn 0.1139 0.9409 0.3191
vn 0.0408 0.9908 0.1293
vn 0.0397 0.9900 0.1352
vn 0.0054 0.9997 0.0245
vn 0.0088 0.9995 0.0293
vn 0.0079 0.9995 0.0295
vn 0.0089 0.9993 0.0374
vn 0.0032 0.9997 0.0247
vn 0.0016 0.9996 0.0291
vn 0.0005 1.0000 -0.0033
vn -0.0000 1.0000 -0.0051
vn -0.0041 1.0000 -0.0045
vn -0.0043 1.0000 -0.0070
vn 0.0043 1.0000 -0.0025
vn -0.0025 1.0000 0.0076
vn 0.0140 0.9994 -0.0316
vn 0.0132 0.9995 -0.0273
vn -0.0035 0.9995 -0.0316
vn -0.0002 0.9989 -0.0466
vn -0.0061 0.9997 0.0239
vn -0.0015 1.0000 0.0081
vn -0.0078 0.9996 0.0279
vn -0.0083 0.9993 0.0356
vn 0.0127 0.9988 0.0467
vn -0.0545 0.9917 0.1166
vn -0.1251 0.9364 0.3280
vn -0.0594 0.9918 0.1136
vn -0.0912 0.9719 0.2170
vn -0.1158 0.9305 0.3474
vn -0.1950 0.9400 0.2801
vn -0.0413 0.9743 0.2216
vn -0.0627 0.9859 0.1548
vn -0.0734 0.9790 0.1900
vn 0.0086 0.9971 0.0760
vn -0.0115 0.9847 0.1740
vn -0.0952 0.9929 0.0720
vn 0.0354 0.9965 0.0757
vn -0.0061 0.9998 0.0196
vn 0.0031 1.0000 0.0029
vn 0.0023 1.0000 0.0060
vn -0.0015 1.0000 -0.0006
vn 0.0003 1.0000 -0.0002
vn -0.0042 0.9999 0.0100
vn -0.0010 1.0000 0.0005
vn -0.0016 1.0000 -0.0007
vn -0.0014 1.0000 -0.0006
vn 0.0009 1.0000 -0.0018
vn 0.0008 1.0000 -0.0020
vn 0.0009 1.0000 -0.0019
vn -0.0015 1.0000 -0.0005
vn -0.0016 1.0000 -0.0003
vn -0.0019 1.0000 -0.0012
vn -0.0014 1.0000 -0.0010
vn 0.0017 1.0000 -0.0018
vn 0.0004 1.0000 0.0006
vn 0.0001 1.0000 -0.0004
vn -0.0017 1.0000 -0.0013
vn -0.0008 1.0000 -0.0015
vn -0.0014 1.0000 -0.0003
vn 0.0019 1.0000 -0.0009
vn 0.0017 1.0000 -0.0005
vn 0.0014 1.0000 -0.0016
vn 0.0010 1.0000 -0.0019
vn 0.0058 1.0000 -0.0015
vn 0.0471 0.9970 -0.0615
vn 0.0596 0.9982 -0.0076
vn 0.0569 0.9983 -0.0093
vn -0.0007 1.0000 0.0011
vn 0.0014 1.0000 -0.0026
vn -0.0046 0.9999 -0.0103
vn 0.0133 0.9999 -0.0048
vn 0.0017 1.0000 0.0012
vn 0.0023 1.0000 0.0003
vn -0.0038 0.9999 -0.0107
vn -0.0124 0.9999 0.0098
vn -0.0071 0.9997 0.0245
vn 0.0234 0.9992 0.0318
vn -0.0107 0.9987 0.0508
vn 0.0142 0.9999 -0.0015
vn 0.0068 0.9999 0.0159
vn -0.0893 0.9581 0.2721
vn -0.1705 0.9821 0.0796
vn 0.0466 0.9847 0.1678
vn 0.0818 0.9854 0.1493
vn 0.0721 0.9818 0.1758
vn -0.0020 1.0000 -0.0049
vn -0.0534 0.9767 0.2080
vn -0.1174 0.9863 0.1161
vn 0.1278 0.9858 0.1093
vn -0.0001 1.0000 0.0018
vn -0.0090 1.0000 0.0003
vn 0.0466 0.9922 0.1161
vn -0.1801 0.9662 0.1844
vn -0.0539 0.9836 0.1722
vn -0.0453 0.9691 0.2424
vn 0.0040 0.9902 0.1398
vn 0.0313 0.9822 0.1851
vn 0.0928 0.9344 0.3440
vn 0.0938 0.9353 0.3412
vn 0.0462 0.9989 0.0034
vn 0.0425 0.9991 0.0019
vn 0.0014 1.0000 -0.0001
vn 0.0003 1.0000 0.0011
vn 0.0002 1.0000 -0.0007
vn 0.0004 1.0000 -0.0003
vn -0.0000 1.0000 -0.0012
vn 0.0001 1.0000 -0.0013
vn 0.0002 1.0000 -0.0005
vn 0.0009 1.0000 0.0001
vn 0.0015 1.0000 0.0003
vn 0.0005 1.0000 -0.0014
vn -0.0005 1.0000 -0.0000
vn -0.0006 1.0000 -0.0007
vn -0.0003 1.0000 -0.0005
vn -0.0019 1.0000 -0.0006
vn -0.0010 1.0000 -0.0017
vn -0.0008 1.0000 0.0002
vn -0.0000 1.0000 0.0009
vn -0.0000 1.0000 0.0002
vn 0.0001 1.0000 0.0001
vn 0.0006 1.0000 0.0026
vn -0.0005 1.0000 0.0018
vn 0.0084 1.0000 0.0016
vn 0.0016 0.9999 0.0112
vn -0.0006 1.0000 0.0001
vn -0.0003 1.0000 -0.0003
vn 0.0129 0.9983 0.0565
vn -0.0748 0.9972 0.0010
vn -0.0008 1.0000 -0.0003
vn -0.0005 1.0000 -0.0005
vn 0.0113 0.9975 0.0698
vn -0.0094 0.9983 0.0579
vn -0.0012 1.0000 -0.0004
vn -0.0028 1.0000 0.0012
vn -0.0025 1.0000 0.0049
vn 0.0887 0.9944 0.0575
vn -0.0118 0.9999 0.0127
vn -0.0129 0.9999 0.0012
vn -0.0069 1.0000 0.0060
vn 0.0081 1.0000 -0.0031
vn 0.0078 1.0000 -0.0027
vn 0.0078 1.0000 -0.0032
vn 0.0005 0.9999 -0.0101
vn 0.0311 0.9994 -0.0180
vn -0.0035 0.9988 0.0491
vn 0.0061 1.0000 -0.0029
vn 0.0005 1.0000 0.0080
vn 0.0011 1.0000 0.0008
vn 0.0009 1.0000 0.0009
vn 0.0020 1.0000 -0.0024
vn -0.0794 0.9967 0.0150
vn -0.1251 0.9884 0.0863
vn -0.1278 0.9885 0.0803
vn -0.1413 0.9870 0.0761
vn -0.0192 0.9988 0.0444
vn 0.0010 1.0000 0.0005
vn -0.3795 0.9085 0.1748
vn -0.3634 0.9184 0.1563
vn -0.3510 0.9192 0.1784
vn -0.2558 0.9502 0.1779
vn -0.1782 0.9728 0.1480
vn -0.1351 0.9869 0.0878
vn -0.0731 0.9963 0.0456
vn -0.0570 0.9979 0.0320
vn -0.0541 0.9979 0.0354
vn -0.0226 0.9995 0.0236
vn -0.1224 0.9890 0.0827
vn -0.2384 0.9499 0.2021
vn -0.0064 1.0000 0.0053
vn 0.0075 0.9999 -0.0079
vn 0.0074 0.9999 -0.0081
vn 0.0241 0.9996 -0.0170
vn -0.0142 0.9998 0.0138
vn -0.0225 0.9995 0.0237
vn 0.0432 0.9984 -0.0367
vn 0.0639 0.9961 -0.0607
vn 0.0549 0.9960 -0.0702
vn 0.0887 0.9919 -0.0914
vn 0.0277 0.9991 -0.0327
vn 0.0200 0.9996 -0.0214
vn 0.2164 0.9505 -0.2229
vn 0.3449 0.8443 -0.4101
vn 0.3240 0.8418 -0.4317
vn 0.4842 0.6926 -0.5347
vn 0.1072 0.9847 -0.1377
vn 0.0825 0.9918 -0.0980
vn 0.5988 0.3811 -0.7044
vn 0.5903 -0.1812 -0.7865
vn 0.4921 -0.1809 -0.8515
vn 0.4994 -0.4821 -0.7198
vn 0.4328 0.5282 -0.7305
vn 0.3880 0.6886 -0.6126
vn 0.1239 -0.9839 -0.1290
vn 0.4226 -0.7649 -0.4860
vn 0.1430 -0.7740 -0.6168
vn 0.0349 -0.9891 -0.1428
vn 0.1774 -0.8720 -0.4562
vn 0.4181 -0.4949 -0.7618
vn 0.3498 -0.8544 -0.3843
vn 0.1083 -0.9841 -0.1406
vn 0.4298 -0.6648 -0.6110
vn -0.1530 -0.9799 -0.1282
vn 0.0820 -0.9916 -0.0996
vn 0.0850 -0.9907 -0.1066
vn 0.4021 -0.8472 -0.3471
vn 0.5706 -0.2359 -0.7866
vn 0.7386 0.2128 -0.6397
vn 0.7044 -0.2386 -0.6685
vn 0.6111 0.3829 -0.6928
vn 0.5636 0.5636 -0.6039
vn 0.6361 0.5636 -0.5270
vn 0.4620 0.7569 -0.4623
vn 0.3575 0.9004 -0.2479
vn 0.5186 0.7543 -0.4026
vn 0.2192 0.9506 -0.2199
vn 0.1155 0.9881 -0.1013
vn 0.1266 0.9879 -0.0892
vn 0.0850 0.9938 -0.0714
vn 0.0763 0.9961 -0.0444
vn 0.0935 0.9939 -0.0585
vn 0.0439 0.9984 -0.0360
vn 0.0277 0.9994 -0.0209
vn 0.0305 0.9994 -0.0168
vn 0.0148 0.9998 -0.0123
vn 0.0114 0.9999 -0.0061
vn 0.0163 0.9998 -0.0098
vn -0.0082 1.0000 0.0029
vn -0.0240 0.9996 0.0156
vn -0.0258 0.9996 0.0123
vn -0.0349 0.9993 0.0140
vn -0.0474 0.9987 0.0161
vn -0.0371 0.9993 0.0098
vn -0.0790 0.9963 0.0349
vn -0.1117 0.9919 0.0601
vn -0.1085 0.9919 0.0660
vn -0.2052 0.9764 0.0671
vn -0.2498 0.9656 0.0719
vn -0.2119 0.9760 0.0491
vn -0.3935 0.9078 0.1451
vn -0.4040 0.9015 0.1553
vn -0.4609 0.8874 -0.0107
vn -0.2141 0.9747 0.0649
vn -0.3315 0.9280 0.1703
vn -0.2090 0.9744 0.0829
vn -0.1046 0.9922 -0.0674
vn -0.1850 0.9819 0.0401
vn -0.1887 0.9817 0.0246
vn -0.0040 0.9913 0.1317
vn -0.0049 1.0000 0.0014
vn -0.0263 0.9994 0.0241
vn 0.0050 1.0000 -0.0083
vn 0.0011 1.0000 -0.0016
vn 0.0013 1.0000 -0.0004
vn 0.0026 1.0000 0.0007
vn 0.0013 1.0000 0.0033
vn 0.0027 1.0000 0.0013
vn 0.0083 1.0000 -0.0013
vn 0.0001 0.9999 0.0109
vn 0.0024 1.0000 0.0032
vn 0.0034 1.0000 -0.0026
vn 0.0018 1.0000 -0.0002
vn -0.0029 1.0000 -0.0001
vn -0.0013 1.0000 -0.0021
vn -0.0010 1.0000 -0.0004
vn -0.0033 1.0000 -0.0023
vn 0.0003 1.0000 0.0024
vn -0.0017 1.0000 0.0052
vn -0.0036 1.0000 -0.0004
vn 0.0005 1.0000 -0.0046
vn -0.0227 0.9955 -0.0923
vn 0.0962 0.9951 0.0233
vn -0.0010 1.0000 -0.0046
vn 0.0298 0.9991 -0.0314
vn 0.0132 0.9939 -0.1090
vn 0.0418 0.9955 -0.0845
vn -0.0038 0.9995 -0.0300
vn -0.0455 0.9989 0.0064
vn -0.0468 0.9988 -0.0133
vn -0.1569 0.9830 -0.0957
vn 0.0011 1.0000 0.0007
vn 0.0006 1.0000 0.0013
vn 0.0007 1.0000 0.0020
vn -0.0244 0.9995 -0.0176
vn -0.0017 1.0000 0.0016
vn -0.0004 1.0000 -0.0000
vn -0.0004 1.0000 0.0003
vn 0.0012 1.0000 0.0019
vn 0.0035 1.0000 -0.0029
vn 0.0012 1.0000 0.0020
vn 0.0007 1.0000 0.0002
vn 0.0001 1.0000 0.0011
vn -0.0003 1.0000 -0.0024
vn -0.0001 1.0000 -0.0022
vn -0.0035 1.0000 0.0027
vn -0.0003 1.0000 -0.0033
vn -0.0012 1.0000 0.0004
vn -0.0012 1.0000 0.0002
vn 0.0011 1.0000 0.0020
vn 0.0020 1.0000 -0.0003
vn 0.0019 1.0000 -0.0001
vn 0.0019 1.0000 0.0003
vn 0.0011 1.0000 -0.0002
vn 0.0748 0.9969 -0.0240
vn 0.0360 0.9986 0.0383
vn 0.0378 0.9992 0.0161
vn 0.0152 0.9999 -0.0026
vn 0.0385 0.9985 0.0377
vn 0.0564 0.9983 0.0133
vn 0.0587 0.9983 -0.0007
vn 0.0702 0.9975 0.0116
vn -0.0163 0.9982 0.0581
vn 0.0694 0.9975 0.0144
vn -0.0044 1.0000 -0.0047
vn -0.0369 0.9992 0.0142
vn -0.0405 0.9988 0.0267
vn -0.0106 0.9999 0.0046
vn 0.0040 1.0000 -0.0008
vn -0.0554 0.9982 0.0231
vn -0.0080 1.0000 -0.0010
vn -0.0078 1.0000 -0.0019
vn -0.0025 1.0000 0.0074
vn 0.0046 1.0000 0.0045
vn 0.0131 0.9999 0.0029
vn 0.0110 0.9999 0.0066
vn 0.0070 1.0000 0.0001
vn -0.0054 1.0000 -0.0080
vn -0.0010 1.0000 0.0017
vn -0.1419 0.9832 -0.1146
vn 0.1427 0.9755 -0.1676
vn 0.0013 1.0000 0.0002
vn -0.0001 1.0000 -0.0044
vn 0.0399 0.9979 -0.0511
vn 0.0586 0.9980 0.0231
vn 0.2191 0.9697 -0.1086
vn 0.0746 0.9940 -0.0805
vn 0.0002 1.0000 -0.0034
vn -0.1300 0.9857 -0.1073
vn 0.1537 0.9795 -0.1301
vn 0.0001 1.0000 -0.0010
vn -0.0000 1.0000 0.0004
vn -0.0012 1.0000 -0.0006
vn 0.0009 1.0000 -0.0006
vn 0.0069 0.9997 -0.0218
vn 0.0003 1.0000 -0.0028
vn 0.0025 1.0000 0.0002
vn 0.0006 1.0000 -0.0000
vn -0.0891 0.9916 -0.0939
vn 0.1128 0.9896 -0.0890
vn -0.0005 1.0000 -0.0023
vn 0.0005 1.0000 -0.0045
vn 0.0042 1.0000 0.0017
vn 0.0009 1.0000 0.0011
vn -0.0025 1.0000 0.0048
vn -0.0009 1.0000 0.0015
vn -0.0010 1.0000 0.0012
vn -0.0032 1.0000 0.0002
vn -0.0017 1.0000 -0.0004
vn -0.0008 1.0000 -0.0020
vn -0.0023 1.0000 0.0026
vn -0.0038 1.0000 0.0016
vn 0.0008 1.0000 0.0006
vn -0.0005 1.0000 0.0027
vn -0.0001 1.0000 0.0009
vn 0.0004 1.0000 -0.0000
vn -0.0004 1.0000 -0.0022
vn 0.0045 1.0000 0.0015
vn -0.0077 1.0000 0.0014
vn -0.0477 0.9965 0.0693
vn -0.0752 0.9971 0.0080
vn -0.0821 0.9966 0.0037
vn -0.0150 0.9979 0.0634
vn 0.0081 0.9996 0.0278
vn -0.0022 1.0000 -0.0013
vn -0.0094 0.9999 -0.0056
vn 0.0169 0.9995 0.0272
vn 0.0397 0.9991 -0.0128
vn 0.0403 0.9991 -0.0107
vn 0.0830 0.9965 0.0101
vn -0.0335 0.9993 0.0157
vn 0.0027 0.9995 0.0315
vn -0.0130 0.9999 0.0054
vn -0.0095 1.0000 -0.0015
vn -0.0052 1.0000 0.0077
vn -0.0007 1.0000 -0.0004
vn -0.0002 1.0000 0.0007
vn -0.0040 1.0000 0.0035
vn -0.0020 1.0000 -0.0015
vn -0.0019 1.0000 0.0014
vn -0.0009 1.0000 -0.0007
vn -0.0013 1.0000 -0.0015
vn 0.0032 1.0000 -0.0004
vn -0.0885 0.9693 -0.2292
vn -0.0958 0.9770 -0.1903
vn -0.0016 1.0000 -0.0013
vn 0.0015 0.9999 -0.0101
vn -0.0897 0.9841 -0.1533
vn -0.1667 0.9691 -0.1820
vn -0.1892 0.8983 -0.3965
vn -0.1921 0.9563 -0.2202
vn 0.0847 0.9682 -0.2355
vn 0.0381 0.9981 -0.0477
vn -0.0973 0.9266 -0.3632
vn -0.1558 0.8984 -0.4107
vn -0.0281 0.9968 -0.0745
vn -0.0283 0.9964 -0.0797
vn -0.1316 0.9262 -0.3532
vn -0.1171 0.9042 -0.4108
vn -0.0193 0.9971 -0.0740
vn -0.0213 0.9968 -0.0765
vn -0.0021 0.9999 -0.0122
vn -0.0021 0.9999 -0.0170
vn -0.0285 0.9970 -0.0718
vn -0.0206 0.9951 -0.0970
vn -0.0062 0.9997 -0.0216
vn -0.0003 0.9999 -0.0126
vn 0.0094 0.9999 0.0125
vn 0.0086 0.9997 0.0233
vn -0.0011 0.9998 -0.0217
vn 0.0005 0.9997 -0.0248
vn -0.0015 0.9999 0.0123
vn -0.0014 0.9999 0.0126
vn 0.0075 0.9997 -0.0237
vn 0.0026 0.9999 -0.0166
vn -0.0072 0.9998 0.0161
vn -0.0072 0.9999 0.0114
vn 0.0015 0.9999 -0.0170
vn 0.0092 0.9996 -0.0273
vn -0.0072 0.9999 0.0132
vn -0.0076 0.9998 0.0160
vn 0.0246 0.9967 -0.0776
vn 0.0259 0.9923 -0.1209
vn 0.0204 0.9922 -0.1229
vn 0.0795 0.9788 -0.1887
vn 0.0115 0.9993 -0.0355
vn 0.0099 0.9996 -0.0270
vn 0.0468 0.9788 -0.1995
vn 0.1337 0.9542 -0.2677
vn 0.0183 0.9986 -0.0489
vn 0.0154 0.9993 -0.0344
vn 0.1111 0.9541 -0.2780
vn 0.1633 0.9365 -0.3104
vn 0.0237 0.9986 -0.0469
vn 0.1827 0.9365 -0.2994
vn 0.1613 0.9448 -0.2852
vn 0.0253 0.9990 -0.0365
vn 0.0271 0.9986 -0.0451
vn 0.0135 0.9940 -0.1085
vn -0.0100 0.9438 -0.3304
vn 0.1805 0.9599 -0.2146
vn 0.1327 0.9722 -0.1930
vn 0.1697 0.9063 -0.3870
vn 0.1444 0.9893 -0.0221
vn 0.1447 0.9144 -0.3780
vn 0.1463 0.9052 -0.3990
vn 0.1266 0.9142 -0.3850
vn 0.1573 0.8960 -0.4152
vn 0.0623 0.9852 -0.1595
vn 0.0678 0.9974 0.0238
vn -0.1428 0.9856 -0.0904
vn -0.0106 0.9889 -0.1483
vn 0.0216 0.9967 -0.0787
vn 0.0313 0.9953 -0.0915
vn 0.1035 0.8959 -0.4321
vn 0.1017 0.8932 -0.4380
vn 0.0011 0.9953 -0.0967
vn 0.0017 0.9952 -0.0977
vn 0.0043 0.8977 -0.4405
vn -0.0068 0.8900 -0.4558
vn -0.0806 0.9037 -0.4206
vn -0.0933 0.8968 -0.4324
vn 0.0119 0.9997 0.0231
vn 0.0132 0.9994 0.0326
vn -0.0089 0.9997 -0.0212
vn -0.0052 0.9999 -0.0161
vn 0.0102 0.9997 0.0230
vn 0.0105 0.9997 0.0235
vn 0.0151 0.9994 0.0320
vn 0.0137 0.9996 0.0241
vn -0.0103 0.9996 -0.0270
vn -0.0061 0.9997 -0.0219
vn -0.0123 0.9996 -0.0263
vn -0.0124 0.9996 -0.0268
vn -0.0815 0.9838 -0.1598
vn -0.0410 0.9913 -0.1252
vn -0.0398 0.9913 -0.1256
vn -0.0335 0.9964 -0.0782
vn -0.0863 0.9837 -0.1576
vn -0.0851 0.9859 -0.1438
vn -0.2556 0.8421 -0.4749
vn -0.0255 0.9461 -0.3227
vn -0.1131 0.9538 -0.2782
vn -0.1149 0.9589 -0.2595
vn -0.2728 0.8419 -0.4657
vn -0.2620 0.9396 -0.2200
vn -0.1288 0.9917 0.0047
vn -0.1545 0.9880 -0.0056
vn -0.0385 0.9966 -0.0732
vn 0.0041 0.9690 -0.2472
vn 0.0351 0.9944 -0.1001
vn 0.0444 0.9810 -0.1889
vn 0.1030 0.9930 -0.0585
vn -0.0310 0.9922 -0.1211
vn -0.0578 0.9925 -0.1080
vn -0.1208 0.9908 0.0605
vn -0.1455 0.9872 0.0655
vn -0.0603 0.9765 -0.2071
vn 0.0003 1.0000 -0.0020
vn 0.0002 1.0000 -0.0021
vn 0.0065 1.0000 -0.0045
vn 0.0085 0.9999 -0.0087
vn -0.0006 1.0000 -0.0008
vn -0.0001 1.0000 0.0013
vn -0.0019 1.0000 -0.0000
vn 0.0010 1.0000 -0.0008
vn 0.0007 1.0000 -0.0003
vn -0.0018 1.0000 0.0004
vn -0.0015 1.0000 0.0007
vn 0.0023 1.0000 -0.0001
vn 0.0015 1.0000 0.0014
vn -0.0017 1.0000 -0.0009
vn 0.0006 1.0000 0.0016
vn 0.0077 1.0000 0.0004
vn 0.0039 0.9999 0.0094
vn -0.0001 1.0000 -0.0012
vn -0.0004 1.0000 -0.0013
vn 0.0058 0.9999 -0.0129
vn -0.0001 1.0000 -0.0008
vn -0.0000 1.0000 -0.0010
vn 0.0006 1.0000 0.0027
vn -0.0014 1.0000 0.0009
vn 0.0040 1.0000 0.0005
vn 0.0010 1.0000 0.0053
vn -0.1109 0.9937 0.0128
vn -0.2119 0.9700 0.1194
vn -0.2538 0.9558 -0.1483
vn -0.0315 0.9995 -0.0006
vn 0.0003 1.0000 -0.0025
vn -0.0016 1.0000 0.0001
vn -0.1775 0.9716 -0.1567
vn -0.3258 0.9447 -0.0365
vn -0.3238 0.9457 -0.0274
vn -0.2632 0.9647 -0.0027
vn -0.0089 0.9998 -0.0192
vn -0.0309 0.9995 0.0026
vn -0.4325 0.9016 -0.0116
vn -0.5530 0.8302 0.0709
vn -0.5579 0.8289 0.0411
vn -0.4044 0.9093 0.0984
vn -0.3470 0.9328 0.0970
vn -0.2563 0.9658 0.0391
vn -0.0980 0.9950 0.0167
vn -0.0769 0.9970 0.0081
vn -0.0764 0.9970 0.0103
vn -0.0532 0.9985 0.0139
vn -0.2607 0.9650 0.0292
vn -0.4047 0.9093 0.0970
vn -0.0207 0.9998 0.0039
vn -0.0103 0.9999 -0.0000
vn -0.0099 0.9999 0.0018
vn 0.0026 1.0000 0.0018
vn -0.0486 0.9987 0.0128
vn -0.0530 0.9985 0.0149
vn 0.0380 0.9992 -0.0087
vn 0.0594 0.9981 -0.0185
vn 0.0568 0.9981 -0.0252
vn 0.0625 0.9977 -0.0259
vn 0.0103 0.9999 -0.0083
vn 0.0008 1.0000 -0.0027
vn 0.1576 0.9857 -0.0598
vn 0.2425 0.9639 -0.1099
vn 0.2333 0.9642 -0.1259
vn 0.2963 0.9449 -0.1389
vn 0.0777 0.9961 -0.0420
vn 0.0607 0.9977 -0.0294
vn 0.7170 0.6084 -0.3403
vn 0.7685 0.5051 -0.3928
vn 0.7480 0.5058 -0.4298
vn 0.7433 0.5131 -0.4291
vn 0.3683 0.9006 -0.2306
vn 0.2845 0.9452 -0.1605
vn 0.8339 -0.3050 -0.4600
vn 0.6568 -0.6222 -0.4259
vn 0.6002 -0.6341 -0.4876
vn 0.3151 -0.9359 -0.1574
vn 0.7719 0.2056 -0.6016
vn 0.6956 0.5083 -0.5078
vn 0.6328 -0.6558 -0.4116
vn 0.0596 -0.9745 -0.2165
vn 0.1268 -0.9876 -0.0925
vn 0.1196 -0.9892 -0.0845
vn 0.4277 -0.7826 -0.4522
vn 0.0509 -0.9478 -0.3148
vn 0.1125 -0.9917 -0.0615
vn 0.2100 -0.9639 -0.1635
vn 0.8246 -0.4002 -0.3998
vn 0.8664 -0.3043 -0.3960
vn 0.9346 -0.0358 -0.3539
vn 0.8295 -0.4142 -0.3747
vn 0.7515 0.5977 -0.2795
vn 0.6521 0.7064 -0.2753
vn 0.4441 -0.8911 -0.0930
vn 0.1771 -0.9828 -0.0525
vn 0.1736 -0.9824 -0.0685
vn 0.1519 -0.9870 -0.0527
vn 0.9699 -0.0677 -0.2338
vn 0.8946 0.3287 -0.3026
vn 0.9077 0.3863 -0.1640
vn 0.9246 0.3378 -0.1761
vn 0.6829 0.7029 -0.1990
vn 0.5603 0.8166 -0.1385
vn 0.5698 0.8165 -0.0927
vn 0.4568 0.8834 -0.1049
vn 0.4795 0.8758 -0.0549
vn 0.4648 0.8841 -0.0488
vn 0.1208 0.9922 -0.0307
vn 0.0813 0.9966 -0.0156
vn 0.0822 0.9966 -0.0101
vn 0.0928 0.9956 -0.0087
vn 0.1041 0.9945 -0.0093
vn 0.0934 0.9956 -0.0052
vn 0.0239 0.9997 -0.0038
vn 0.0231 0.9997 -0.0035
vn 0.0233 0.9997 -0.0027
vn 0.0323 0.9995 -0.0014
vn 0.0451 0.9990 -0.0032
vn 0.0326 0.9995 0.0011
vn -0.0309 0.9995 0.0036
vn -0.0220 0.9998 -0.0001
vn -0.0220 0.9998 0.0002
vn -0.0120 0.9999 0.0019
vn -0.0103 0.9999 -0.0001
vn -0.0121 0.9999 0.0004
vn -0.0731 0.9973 0.0051
vn -0.0547 0.9985 -0.0023
vn -0.0546 0.9985 -0.0002
vn -0.0534 0.9986 0.0001
vn -0.0659 0.9978 -0.0016
vn -0.0537 0.9986 -0.0035
vn -0.2501 0.9682 0.0006
vn -0.2273 0.9738 -0.0082
vn -0.2202 0.9739 0.0554
vn -0.4282 0.9016 -0.0606
vn -0.5505 0.8348 -0.0095
vn -0.4280 0.9023 -0.0521
vn -0.3605 0.9322 0.0306
vn -0.4103 0.9104 0.0538
vn -0.4145 0.9097 -0.0257
vn -0.3414 0.9397 0.0190
vn -0.4089 0.9123 -0.0209
vn -0.3460 0.9368 -0.0522
vn -0.0166 0.9999 0.0042
vn -0.0079 1.0000 -0.0020
vn -0.0080 1.0000 -0.0026
vn -0.0161 0.9998 -0.0075
vn -0.1013 0.9879 -0.1173
vn -0.0296 0.9846 -0.1723
vn -0.0013 1.0000 -0.0026
vn -0.0039 1.0000 0.0006
vn -0.0037 1.0000 0.0020
vn -0.1674 0.9794 -0.1130
vn -0.3474 0.9377 0.0036
vn -0.3433 0.9392 0.0006
vn -0.3538 0.9302 -0.0978
vn -0.4158 0.9016 -0.1196
vn -0.0757 0.9945 0.0719
vn -0.3023 0.9532 -0.0074
vn -0.4703 0.8744 0.1191
vn -0.3098 0.9489 -0.0595
vn -0.1264 0.9882 0.0867
vn -0.0838 0.9962 0.0235
vn -0.0916 0.9958 -0.0054
vn -0.1035 0.9946 -0.0122
vn -0.1465 0.9180 -0.3685
vn -0.1681 0.9303 -0.3259
vn -0.0096 0.9994 -0.0347
vn 0.0672 0.9636 -0.2589
vn 0.1101 0.9865 -0.1211
vn -0.1863 0.9182 -0.3495
vn -0.1193 0.9283 -0.3522
vn -0.1405 0.9713 -0.1921
vn -0.1616 0.9866 0.0232
vn -0.1454 0.9859 -0.0823
vn -0.2638 0.8644 -0.4279
vn -0.1602 0.9300 -0.3309
vn -0.0637 0.9859 -0.1549
vn -0.0587 0.9975 -0.0387
vn -0.1768 0.8627 -0.4738
vn -0.1683 0.9445 -0.2821
vn -0.0960 0.9831 -0.1558
vn -0.0817 0.9862 -0.1439
vn -0.0099 0.9997 -0.0209
vn -0.0076 0.9999 -0.0099
vn -0.0910 0.9832 -0.1586
vn -0.0879 0.9859 -0.1424
vn -0.0113 0.9998 -0.0190
vn -0.0122 0.9997 -0.0198
vn 0.0171 0.9996 0.0219
vn 0.0200 0.9993 0.0317
vn -0.0118 0.9998 -0.0188
vn -0.0133 0.9996 -0.0264
vn 0.0127 0.9997 0.0222
vn 0.0140 0.9996 0.0234
vn 0.0531 0.9939 0.0969
vn 0.0531 0.9939 0.0968
vn 0.0116 0.9997 0.0227
vn 0.0119 0.9996 0.0247
vn 0.0445 0.9946 0.0941
vn 0.0486 0.9939 0.0991
vn 0.2599 0.8817 0.3937
vn 0.2664 0.8691 0.4168
vn 0.0580 0.9943 0.0892
vn 0.0619 0.9938 0.0928
vn 0.2158 0.8863 0.4099
vn 0.2180 0.8847 0.4121
vn 0.2550 0.8699 0.4221
vn 0.2645 0.8459 0.4632
vn 0.0660 0.9922 0.1056
vn 0.0526 0.9944 0.0918
vn 0.0628 0.9922 0.1074
vn 0.0681 0.9873 0.1438
vn 0.0269 0.9985 0.0468
vn 0.0178 0.9992 0.0356
vn 0.0202 0.9992 0.0342
vn 0.0196 0.9993 0.0319
vn 0.0246 0.9985 0.0481
vn 0.0252 0.9970 0.0731
vn 0.0078 0.9998 0.0168
vn -0.0024 1.0000 0.0020
vn -0.0009 1.0000 0.0012
vn -0.0024 0.9999 -0.0129
vn 0.0071 0.9998 0.0171
vn 0.0056 0.9996 0.0266
vn -0.0027 0.9999 -0.0132
vn -0.0107 0.9997 -0.0233
vn -0.0212 0.9996 -0.0189
vn -0.0204 0.9981 -0.0587
vn -0.0007 0.9999 -0.0141
vn -0.0082 1.0000 0.0007
vn -0.0111 0.9993 -0.0347
vn -0.0906 0.9919 -0.0891
vn -0.1009 0.9912 -0.0854
vn -0.0553 0.9715 -0.2305
vn -0.0067 0.9993 -0.0362
vn -0.0500 0.9986 0.0144
vn -0.0497 0.9987 0.0057
vn -0.1304 0.9912 -0.0223
vn -0.4735 0.8763 0.0881
vn -0.1066 0.9322 -0.3458
vn -0.0038 1.0000 -0.0049
vn -0.0292 0.9995 0.0132
vn -0.0283 0.9996 -0.0002
vn -0.0653 0.9978 -0.0060
vn -0.3454 0.9373 0.0460
vn -0.1249 0.9867 -0.1038
vn 0.0224 0.9997 -0.0092
vn -0.0150 0.9999 0.0085
vn -0.0146 0.9999 0.0010
vn -0.0464 0.9989 -0.0047
vn -0.2187 0.9755 0.0222
vn -0.0642 0.9963 -0.0577
vn -0.0467 0.9989 -0.0003
vn -0.0786 0.9969 -0.0097
vn -0.4765 0.8787 0.0285
vn -0.2194 0.9686 -0.1168
vn -0.0785 0.9969 -0.0044
vn -0.0857 0.9963 -0.0074
vn -0.5511 0.8341 -0.0226
vn -0.4820 0.8744 -0.0558
vn -0.0123 0.9999 -0.0018
vn -0.0228 0.9997 0.0014
vn -0.0229 0.9997 -0.0022
vn -0.0174 0.9998 0.0002
vn -0.0662 0.9978 -0.0055
vn -0.0854 0.9963 -0.0009
vn 0.0359 0.9994 0.0033
vn 0.0394 0.9992 0.0025
vn 0.0394 0.9992 0.0014
vn 0.0450 0.9990 0.0033
vn -0.0104 0.9999 -0.0010
vn -0.0173 0.9998 0.0003
vn 0.1177 0.9930 0.0057
vn 0.1338 0.9910 0.0023
vn 0.1338 0.9910 0.0027
vn 0.1199 0.9928 -0.0005
vn 0.0454 0.9990 -0.0000
vn 0.0450 0.9990 0.0001
vn 0.6627 0.7488 -0.0047
vn 0.6296 0.7769 0.0061
vn 0.6281 0.7780 -0.0150
vn 0.5522 0.8331 -0.0305
vn 0.1053 0.9944 -0.0010
vn 0.1194 0.9928 -0.0055
vn 0.9934 0.1013 -0.0534
vn 0.9509 0.3094 0.0013
vn 0.9450 0.3193 -0.0710
vn 0.9131 0.3988 -0.0851
vn 0.4837 0.8747 -0.0312
vn 0.5479 0.8345 -0.0579
vn 0.4057 -0.9115 -0.0672
vn 0.5420 -0.8395 -0.0385
vn 0.5437 -0.8377 -0.0506
vn 0.6083 -0.7898 -0.0788
vn 0.9157 0.3872 -0.1075
vn 0.9103 0.4008 -0.1032
vn 0.1302 -0.9912 -0.0224
vn 0.1649 -0.9862 -0.0142
vn 0.1640 -0.9863 0.0198
vn 0.2712 -0.9623 -0.0194
vn 0.3990 -0.9163 -0.0339
vn 0.3385 -0.9407 -0.0207
vn 0.1408 -0.9899 -0.0138
vn 0.1506 -0.9885 -0.0115
vn 0.1509 -0.9885 -0.0007
vn 0.0787 -0.9966 0.0264
vn 0.3062 -0.9519 0.0058
vn 0.2814 -0.9596 -0.0015
vn 0.2818 -0.9593 -0.0178
vn 0.2644 -0.9643 -0.0131
vn 0.1371 -0.9905 0.0103
vn 0.1819 -0.9833 0.0009
vn 0.5963 -0.8027 0.0085
vn 0.5172 -0.8557 -0.0185
vn 0.5172 -0.8555 -0.0242
vn 0.4958 -0.8683 -0.0174
vn 0.5361 -0.8439 -0.0178
vn 0.6478 -0.7615 0.0215
vn 0.6506 -0.7580 -0.0475
vn 0.5974 -0.8015 -0.0272
vn -0.4961 -0.8682 0.0149
vn -0.6588 -0.7473 0.0873
vn 0.4344 -0.8987 -0.0609
vn 0.5956 -0.8024 -0.0384
vn -0.4442 -0.8955 0.0267
vn -0.4960 -0.8682 0.0153
vn -0.8389 -0.5434 0.0291
vn -0.8607 -0.5073 0.0429
vn -0.4401 -0.8978 -0.0170
vn -0.5232 -0.8522 0.0035
vn -0.7870 -0.6169 -0.0046
vn -0.8340 -0.5510 -0.0285
vn -0.0552 -0.9984 -0.0095
vn -0.0959 -0.9954 0.0002
vn -0.7841 -0.6203 -0.0178
vn -0.8295 -0.5584 -0.0079
vn 0.1048 -0.9924 0.0650
vn -0.0644 -0.9977 0.0191
vn -0.5148 -0.8566 -0.0342
vn -0.6855 -0.7280 -0.0067
vn 0.5177 -0.8531 0.0648
vn 0.0899 -0.9928 -0.0791
vn 0.0825 -0.9964 -0.0211
vn -0.2402 -0.9707 0.0014
vn -0.7661 -0.6404 -0.0546
vn -0.6843 -0.7288 -0.0227
vn 0.6071 -0.7942 -0.0276
vn 0.7904 -0.6081 0.0748
vn 0.7920 -0.6076 0.0601
vn 0.7486 -0.6598 0.0657
vn 0.0342 -0.9994 0.0105
vn 0.1323 -0.9907 -0.0310
vn -0.7655 -0.6365 0.0942
vn -0.8569 -0.5097 0.0765
vn -0.0895 -0.9953 -0.0370
vn 0.0307 -0.9995 -0.0069
vn 0.1381 -0.9904 -0.0057
vn 0.1764 -0.9840 -0.0239
vn -0.5463 -0.8284 0.1233
vn -0.7605 -0.6382 0.1197
vn -0.5308 -0.8268 0.1860
vn -0.2929 -0.9539 0.0659
vn -0.7699 -0.6023 0.2109
vn -0.6998 -0.6837 0.2069
vn -0.7155 -0.6870 0.1271
vn -0.6574 -0.7472 0.0978
vn -0.0753 -0.9971 0.0072
vn 0.1471 -0.9888 -0.0256
vn 0.1455 -0.9893 0.0081
vn 0.4323 -0.8956 -0.1046
vn -0.0734 -0.9972 0.0131
vn -0.3400 -0.9212 0.1894
vn 0.5639 -0.7906 -0.2388
vn 0.6139 -0.7478 -0.2529
vn 0.6392 -0.7473 -0.1816
vn 0.6177 -0.7680 -0.1695
vn 0.4815 -0.8562 -0.1874
vn 0.3620 -0.9196 -0.1525
vn 0.3928 -0.9127 -0.1127
vn 0.3338 -0.9396 -0.0751
vn 0.2634 -0.9594 -0.1009
vn 0.2665 -0.9584 -0.1019
vn 0.2766 -0.9577 -0.0789
vn 0.2356 -0.9703 -0.0549
vn 0.1995 -0.9775 -0.0679
vn 0.1658 -0.9845 -0.0573
vn 0.1699 -0.9844 -0.0448
vn 0.1429 -0.9893 -0.0294
vn -0.0416 -0.9969 -0.0662
vn 0.1337 -0.9893 -0.0578
vn 0.1184 -0.9926 -0.0268
vn 0.0998 -0.9947 -0.0236
vn 0.1010 -0.9947 -0.0199
vn 0.3669 -0.9189 -0.1450
vn 0.1578 -0.9860 -0.0530
vn 0.1141 -0.9927 -0.0391
vn 0.5172 -0.7855 -0.3400
vn 0.2699 -0.9553 -0.1208
vn 0.5283 -0.7992 -0.2865
vn 0.4348 -0.8647 -0.2514
vn 0.2249 -0.9478 -0.2259
vn -0.1499 -0.9711 0.1856
vn 0.5392 -0.7429 -0.3967
vn 0.5131 -0.7690 -0.3813
vn 0.4622 -0.7315 -0.5012
vn 0.2498 -0.9539 -0.1664
vn 0.4874 -0.7604 -0.4292
vn 0.3280 -0.8950 -0.3022
vn 0.3574 -0.8942 -0.2697
vn 0.2770 -0.9441 -0.1787
vn 0.2787 -0.9275 -0.2490
vn 0.2038 -0.9603 -0.1907
vn 0.2392 -0.9538 -0.1816
vn 0.1989 -0.9715 -0.1288
vn 0.4069 -0.7580 -0.5098
vn 0.4142 -0.7430 -0.5257
vn 0.2733 -0.9014 -0.3359
vn 0.2247 -0.9304 -0.2897
vn -0.3546 -0.9210 0.1612
vn -0.5465 -0.7630 0.3452
vn -0.7291 -0.6031 0.3235
vn -0.7143 -0.6268 0.3113
vn 0.1269 -0.9918 0.0167
vn 0.1558 -0.9877 0.0109
vn 0.0227 -0.9966 -0.0797
vn 0.1598 -0.9868 -0.0255
vn 0.3364 -0.9415 0.0221
vn 0.2362 -0.9717 -0.0040
vn 0.2357 -0.9718 0.0046
vn 0.4691 -0.8815 -0.0539
vn 0.9951 0.0984 0.0034
vn 0.9984 0.0567 -0.0058
vn 0.9978 0.0594 0.0295
vn 0.9990 0.0245 0.0380
vn 0.9882 0.1425 0.0569
vn 0.9994 0.0250 0.0247
vn 0.6628 0.7487 0.0112
vn 0.6086 0.7931 0.0267
vn 0.6083 0.7929 0.0347
vn 0.5847 0.8109 0.0245
vn 0.6838 0.7282 0.0467
vn 0.5862 0.8064 0.0780
vn 0.1177 0.9930 0.0041
vn 0.1034 0.9946 0.0075
vn 0.1034 0.9946 0.0087
vn 0.1281 0.9916 0.0176
vn 0.2703 0.9627 0.0092
vn 0.1288 0.9904 0.0502
vn 0.0359 0.9993 0.0051
vn 0.0384 0.9993 0.0044
vn 0.0384 0.9993 0.0022
vn 0.0705 0.9974 0.0114
vn 0.1280 0.9918 -0.0034
vn 0.0703 0.9974 0.0174
vn -0.0123 0.9999 0.0036
vn 0.0056 1.0000 -0.0029
vn 0.0054 1.0000 -0.0013
vn 0.0370 0.9993 0.0051
vn 0.3642 0.9307 -0.0347
vn 0.1215 0.9902 0.0683
vn 0.0375 0.9993 -0.0003
vn 0.0838 0.9965 0.0064
vn 0.6329 0.7738 -0.0254
vn 0.2657 0.9584 0.1042
vn 0.8543 -0.5192 0.0245
vn 0.9822 -0.0108 0.1875
vn 0.9932 0.0057 0.1164
vn 0.9869 0.1354 0.0876
vn 0.6838 0.7281 0.0475
vn 0.8465 0.5211 0.1095
vn 0.1724 -0.9850 -0.0007
vn 0.2610 -0.9644 0.0415
vn 0.2516 -0.9659 0.0612
vn 0.4264 -0.9038 0.0360
vn 0.1572 0.9874 -0.0187
vn 0.0837 0.9961 0.0276
vn 0.0220 0.9998 0.0018
vn 0.0431 0.9990 0.0069
vn 0.0710 0.9974 -0.0079
vn 0.0426 0.9989 0.0199
vn -0.0041 1.0000 -0.0013
vn 0.0192 0.9998 0.0091
vn 0.0048 1.0000 -0.0037
vn -0.0068 0.9999 0.0125
vn 0.0071 0.9996 0.0260
vn 0.0031 0.9994 0.0345
vn 0.0246 0.9970 0.0734
vn 0.0215 0.9956 0.0913
vn 0.0817 0.9873 0.1359
vn 0.0848 0.9662 0.2435
vn 0.2648 0.8459 0.4630
vn 0.2795 0.7444 0.6065
vn 0.4671 0.4228 0.7766
vn 0.4663 0.3669 0.8049
vn 0.5277 0.3085 0.7914
vn 0.4760 0.4199 0.7727
vn 0.4118 0.4160 0.8108
vn 0.4516 0.3230 0.8317
vn 0.1632 0.9223 0.3503
vn 0.2131 0.8863 0.4112
vn -0.0003 1.0000 -0.0022
vn -0.0011 1.0000 -0.0010
vn -0.1029 0.9918 0.0753
vn -0.0170 0.9999 0.0002
vn -0.1524 0.9883 -0.0076
vn -0.3477 0.9296 0.1225
vn -0.4231 0.9047 0.0497
vn -0.2556 0.9656 -0.0486
vn -0.0991 0.9950 0.0100
vn -0.0736 0.9973 -0.0024
vn -0.0213 0.9998 0.0009
vn -0.0308 0.9995 0.0045
vn 0.0378 0.9992 -0.0096
vn 0.0239 0.9997 -0.0042
vn 0.1614 0.9856 -0.0502
vn 0.1205 0.9922 -0.0319
vn 0.6007 -0.7910 -0.1159
vn 0.4629 -0.8850 -0.0498
vn 0.0343 0.9966 0.0749
vn 0.0480 0.9945 0.0929
vn -0.0310 0.9993 -0.0221
vn -0.1196 0.9895 -0.0810
vn 0.0073 0.9920 -0.1260
vn -0.0009 0.9949 -0.1011
vn -0.1336 0.9847 -0.1118
vn -0.0374 0.9953 -0.0898
vn 0.0680 0.9868 -0.1467
vn 0.0425 0.9974 -0.0580
vn 0.1549 0.9834 -0.0950
vn -0.0803 0.9868 -0.1406
vn -0.0045 1.0000 0.0010
vn -0.0026 1.0000 -0.0030
vn -0.0006 1.0000 -0.0004
vn -0.0017 1.0000 0.0018
vn 0.1556 0.9794 -0.1285
vn -0.1378 0.9894 -0.0465
vn 0.2341 0.9722 0.0072
vn -0.1385 0.9145 0.3801
vn 0.0009 1.0000 0.0010
vn 0.0001 1.0000 0.0003
vn 0.0018 1.0000 -0.0030
vn 0.0027 1.0000 -0.0042
vn 0.0034 1.0000 -0.0036
vn -0.0004 1.0000 -0.0005
vn -0.0008 1.0000 -0.0007
vn -0.0002 1.0000 -0.0008
vn 0.0008 1.0000 -0.0019
vn -0.0001 1.0000 -0.0000
vn -0.0008 1.0000 -0.0005
vn -0.0039 1.0000 -0.0019
vn -0.0011 1.0000 -0.0000
vn 0.3468 -0.9354 -0.0692
vn 0.5681 -0.6668 -0.4824
vn 0.0017 1.0000 -0.0029
vn 0.0197 0.9997 0.0113
vn 0.0004 1.0000 0.0029
vn -0.0003 1.0000 0.0046
vn -0.0005 1.0000 0.0016
vn -0.0048 1.0000 -0.0023
vn 0.0458 0.9989 0.0074
vn 0.0555 0.9984 -0.0143
vn 0.0568 -0.9889 -0.1372
vn 0.0564 -0.9892 -0.1351
vn -0.3855 -0.7870 -0.4817
vn -0.1849 -0.9812 0.0546
vn -0.0367 -0.9882 -0.1486
vn -0.0814 -0.9758 -0.2027
vn -0.0663 -0.9707 -0.2310
vn -0.0884 -0.9630 -0.2544
vn -0.2139 -0.8564 -0.4700
vn -0.2960 -0.7923 -0.5335
vn -0.0770 -0.9821 -0.1719
vn -0.0962 -0.9642 -0.2472
vn -0.1512 -0.9069 -0.3932
vn -0.1705 -0.8475 -0.5027
vn -0.2369 -0.9021 -0.3607
vn -0.1878 -0.9295 -0.3174
vn -0.3309 -0.7804 -0.5306
vn -0.3244 -0.8001 -0.5046
vn -0.2422 -0.8206 -0.5176
vn -0.2119 -0.9003 -0.3803
vn -0.2322 -0.9293 -0.2873
vn -0.0725 -0.9852 -0.1555
vn -0.3884 -0.7354 -0.5553
vn -0.3701 -0.7777 -0.5081
vn -0.1078 -0.9865 -0.1230
vn -0.0304 -0.9972 -0.0685
vn -0.4706 -0.7083 -0.5262
vn -0.4576 -0.7339 -0.5019
vn -0.5183 -0.7105 -0.4760
vn -0.5110 -0.7182 -0.4724
vn -0.2823 -0.9236 -0.2595
vn -0.2899 -0.9178 -0.2712
vn -0.2686 -0.9150 -0.3011
vn -0.2300 -0.9329 -0.2770
vn -0.1964 -0.9628 -0.1857
vn -0.1958 -0.9631 -0.1846
vn -0.1852 -0.9625 -0.1983
vn -0.1286 -0.9783 -0.1626
vn -0.3119 -0.9194 -0.2395
vn -0.3014 -0.9244 -0.2336
vn -0.2135 -0.9638 -0.1599
vn -0.2225 -0.9598 -0.1711
vn -0.5552 -0.7161 -0.4231
vn -0.4996 -0.7713 -0.3944
vn -0.2177 -0.9624 -0.1623
vn -0.3640 -0.9017 -0.2333
vn -0.5349 -0.7683 -0.3514
vn -0.5311 -0.7728 -0.3475
vn -0.1270 -0.9895 -0.0692
vn -0.2140 -0.9623 -0.1680
vn 0.4833 -0.7746 0.4080
vn 0.5020 -0.7575 0.4174
vn -0.1126 -0.9900 -0.0846
vn -0.0502 -0.9977 -0.0455
vn 0.5179 -0.6912 0.5041
vn 0.4733 -0.7749 0.4190
vn 0.5405 -0.7388 0.4026
vn 0.3259 -0.9067 0.2679
vn 0.4940 -0.6898 0.5293
vn 0.4853 -0.6995 0.5246
vn 0.4827 -0.7034 0.5217
vn 0.4665 -0.7403 0.4841
vn 0.4362 -0.6965 0.5697
vn 0.3822 -0.7523 0.5366
vn 0.5005 -0.5346 0.6810
vn 0.4586 -0.7021 0.5447
vn 0.3391 -0.7883 0.5135
vn 0.3501 -0.7512 0.5595
vn -0.2575 -0.7075 -0.6582
vn -0.2401 -0.8202 -0.5192
vn -0.1823 -0.9772 -0.1090
vn -0.0960 -0.9926 -0.0740
vn -0.0063 -0.9997 0.0221
vn 0.1106 -0.9918 0.0637
vn 0.7040 -0.6873 0.1788
vn 0.7372 -0.6518 0.1777
vn -0.0153 -0.9998 -0.0090
vn 0.1277 -0.9903 0.0545
vn 0.7445 -0.6079 0.2760
vn 0.6889 -0.6861 0.2339
vn -0.0131 -0.9996 -0.0247
vn -0.1922 -0.9812 -0.0187
vn -0.6397 -0.7624 -0.0974
vn -0.6368 -0.7650 -0.0958
vn -0.1995 -0.9769 -0.0762
vn -0.2113 -0.9737 -0.0850
vn -0.0011 1.0000 0.0040
vn 0.0011 1.0000 0.0022
vn 0.1532 -0.9383 0.3100
vn -0.3316 -0.9207 -0.2056
vn -0.4133 -0.8350 -0.3634
vn -0.2570 -0.8727 0.4152
vn 0.2617 -0.9566 0.1283
vn 0.1380 -0.8630 -0.4860
vn -0.0053 -0.9654 0.2606
vn 0.0595 -0.9501 0.3062
vn 0.0339 -0.9695 0.2428
vn 0.0404 -0.9826 0.1813
vn 0.0426 -0.9816 0.1863
vn 0.0444 -0.9855 0.1639
vn 0.1620 -0.7786 0.6062
vn 0.0447 -0.8445 0.5336
vn 0.2602 0.2986 0.9182
vn 0.1846 0.4155 0.8907
vn 0.1387 -0.5677 0.8115
vn 0.2127 -0.7827 0.5849
vn 0.1072 -0.8487 0.5179
vn 0.1154 -0.8436 0.5245
vn 0.2247 0.2364 0.9453
vn 0.1843 0.3049 0.9344
vn 0.2039 0.6457 0.7358
vn 0.1322 0.7263 0.6746
vn 0.7063 -0.7007 -0.1010
vn 0.8542 -0.5145 0.0754
vn 0.8500 -0.5158 0.1072
vn 0.9940 -0.0701 -0.0838
vn 0.8942 0.4474 -0.0135
vn 0.9546 0.2937 0.0508
vn 0.3148 -0.9486 -0.0316
vn 0.3083 -0.9505 -0.0392
vn 0.2987 -0.9541 0.0215
vn 0.5593 -0.8251 -0.0805
vn 0.1539 -0.9880 0.0148
vn 0.1214 -0.9925 0.0163
vn 0.2804 -0.9596 0.0211
vn 0.2320 -0.9727 0.0036
vn 0.2281 -0.9735 0.0196
vn 0.1913 -0.9813 0.0215
vn 0.4238 -0.9053 0.0306
vn 0.3695 -0.9292 0.0109
vn 0.3640 -0.9310 0.0269
vn 0.2893 -0.9568 0.0287
vn 0.6585 -0.7518 0.0339
vn 0.4922 -0.8692 0.0460
vn 0.5408 -0.8389 0.0613
vn 0.7439 -0.6668 0.0445
vn 0.2817 -0.9577 -0.0594
vn 0.1999 -0.9797 -0.0151
vn 0.1795 -0.9830 -0.0396
vn 0.1804 -0.9827 -0.0427
vn 0.2143 -0.9746 -0.0648
vn 0.1912 -0.9793 -0.0670
vn 0.1830 -0.9826 -0.0317
vn 0.1842 -0.9824 -0.0314
vn 0.1683 -0.9839 -0.0595
vn 0.1702 -0.9828 -0.0717
vn 0.1996 -0.9751 -0.0969
vn 0.1946 -0.9761 -0.0969
vn 0.1749 -0.9763 -0.1275
vn 0.1754 -0.9755 -0.1329
vn 0.1810 -0.9736 -0.1389
vn 0.1827 -0.9732 -0.1395
vn 0.1991 -0.9730 -0.1170
vn 0.1776 -0.9805 -0.0836
vn 0.1314 -0.9736 -0.1868
vn 0.1290 -0.9773 -0.1681
vn 0.1259 -0.9784 -0.1642
vn 0.1363 -0.9757 -0.1714
vn 0.1709 -0.9758 -0.1366
vn 0.1552 -0.9814 -0.1134
vn 0.1050 -0.9780 -0.1802
vn 0.1036 -0.9793 -0.1739
vn 0.0792 -0.9873 -0.1380
vn 0.1052 -0.9812 -0.1618
vn 0.1160 -0.9814 -0.1529
vn 0.1097 -0.9838 -0.1417
vn 0.0571 -0.9868 -0.1516
vn 0.0616 -0.9834 -0.1709
vn 0.0554 -0.9855 -0.1601
vn -0.0737 -0.9970 -0.0228
vn 0.0097 -0.9995 0.0315
vn 0.0854 -0.9874 -0.1332
vn 0.0548 -0.9855 -0.1605
vn 0.0525 -0.9874 -0.1494
vn -0.1967 -0.9204 0.3379
vn -0.2037 -0.9159 0.3458
vn -0.2685 -0.9138 0.3049
vn -0.2751 -0.9038 0.3279
vn -0.1146 -0.9182 0.3791
vn -0.1119 -0.9344 0.3381
vn -0.2710 -0.6444 0.7151
vn -0.3151 -0.5739 0.7559
vn -0.3841 -0.5713 0.7253
vn -0.3829 -0.5855 0.7146
vn -0.0434 -0.9947 -0.0932
vn -0.0757 -0.9814 -0.1765
vn -0.3708 -0.7290 0.5753
vn -0.0297 -0.9335 0.3574
vn 0.0960 -0.9875 -0.1249
vn 0.0334 -0.9975 -0.0619
vn 0.0259 -0.9913 -0.1291
vn -0.0164 -0.9840 -0.1776
vn 0.0657 -0.9863 -0.1510
vn 0.0327 -0.9914 -0.1265
vn 0.0310 -0.9839 -0.1759
vn 0.0385 -0.9856 -0.1647
vn 0.0533 -0.9861 -0.1572
vn 0.0540 -0.9830 -0.1756
vn 0.0559 -0.9819 -0.1809
vn 0.0434 -0.9844 -0.1705
vn 0.0295 -0.9834 -0.1793
vn 0.0412 -0.9863 -0.1599
vn 0.0683 -0.9825 -0.1735
vn 0.0686 -0.9782 -0.1959
vn 0.0650 -0.9802 -0.1869
vn 0.0420 -0.9839 -0.1737
vn 0.4463 -0.8922 -0.0695
vn 0.2121 -0.9563 -0.2013
vn 0.2104 -0.9538 -0.2146
vn 0.0270 -0.9854 -0.1679
vn 0.0306 -0.9862 -0.1629
vn 0.0089 -0.9879 -0.1546
vn 0.1073 -0.9770 -0.1841
vn 0.0872 -0.9809 -0.1739
vn 0.1084 -0.9752 -0.1929
vn 0.1118 -0.9813 -0.1569
vn 0.1339 -0.9847 -0.1114
vn 0.1341 -0.9877 -0.0808
vn 0.1282 -0.9912 -0.0342
vn 0.1275 -0.9916 -0.0227
vn 0.1475 -0.9889 -0.0187
vn 0.1403 -0.9899 -0.0199
vn 0.3033 -0.8475 -0.4356
vn 0.2284 -0.9052 -0.3583
vn -0.1012 -0.9568 0.2724
vn -0.2235 -0.8709 0.4378
vn 0.1081 -0.9530 -0.2831
vn 0.0462 -0.9953 -0.0848
vn -0.0185 -0.9595 -0.2810
vn 0.0716 -0.9264 -0.3696
vn -0.1943 -0.9351 -0.2965
vn -0.0737 -0.9046 -0.4198
vn -0.0597 -0.9509 -0.3036
vn -0.0693 -0.9549 -0.2888
vn -0.1506 -0.9886 -0.0076
vn -0.1580 -0.9874 -0.0060
vn -0.2209 -0.9752 -0.0104
vn -0.2305 -0.9730 -0.0135
vn -0.1828 0.9283 0.3238
vn -0.1489 0.9462 0.2873
vn -0.1826 -0.9427 0.2792
vn -0.1754 -0.9507 0.2556
vn -0.1352 -0.9726 0.1893
vn -0.1068 -0.9812 0.1610
vn -0.1602 -0.9358 0.3140
vn -0.1409 -0.9457 0.2930
vn -0.1222 -0.9727 0.1971
vn -0.1109 -0.9803 0.1637
vn -0.1061 -0.9819 0.1572
vn -0.0944 -0.9847 0.1467
vn -0.4302 0.2434 0.8693
vn -0.3663 0.4468 0.8162
vn -0.3655 -0.7588 0.5391
vn 0.0251 0.8465 0.5318
vn 0.1570 -0.9776 0.1403
vn 0.1605 -0.9769 0.1408
vn 0.1174 -0.9882 0.0982
vn 0.1408 -0.9782 0.1526
vn 0.2057 -0.9754 0.0789
vn 0.1691 -0.9820 0.0840
vn 0.1408 -0.9874 0.0719
vn 0.1383 -0.9879 0.0696
vn 0.1071 -0.9942 0.0084
vn 0.1104 -0.9939 0.0085
vn 0.1247 -0.9921 0.0168
vn 0.1223 -0.9925 0.0070
vn 0.1157 -0.9933 -0.0032
vn 0.1163 -0.9932 -0.0000
vn 0.0264 -0.9992 -0.0298
vn 0.0295 -0.9989 -0.0355
vn 0.0374 -0.9984 -0.0432
vn 0.0319 -0.9987 -0.0406
vn 0.0863 -0.9960 -0.0247
vn 0.0435 -0.9990 -0.0102
vn 0.0535 -0.9983 -0.0230
vn 0.0391 -0.9992 -0.0073
vn 0.0705 -0.9959 -0.0563
vn -0.0670 -0.9958 0.0628
vn 0.0621 -0.9979 0.0173
vn 0.0728 -0.9972 0.0169
vn 0.6116 -0.7740 -0.1638
vn 0.6331 -0.7528 -0.1802
vn 0.0595 -0.9982 -0.0022
vn 0.0560 -0.9984 -0.0008
vn 0.5857 -0.8101 -0.0271
vn 0.6405 -0.7679 -0.0111
vn 0.7594 -0.6505 -0.0111
vn 0.7707 -0.6369 -0.0163
vn 0.5737 -0.8054 0.1488
vn 0.6112 -0.7776 0.1473
vn 0.6945 -0.6989 0.1711
vn 0.7331 -0.6485 0.2048
vn 0.4225 -0.9006 0.1017
vn 0.4152 -0.9039 0.1023
vn 0.6113 -0.7054 0.3588
vn 0.5763 -0.7368 0.3536
vn 0.3574 -0.9078 0.2194
vn 0.3649 -0.9024 0.2293
vn 0.4819 -0.8211 0.3059
vn 0.4942 -0.8142 0.3047
vn 0.2793 -0.9074 0.3139
vn 0.3005 -0.8977 0.3222
vn 0.3677 -0.8448 0.3887
vn 0.3730 -0.8192 0.4355
vn 0.3738 -0.8552 0.3590
vn 0.3112 -0.8743 0.3725
vn 0.2367 -0.8448 0.4800
vn 0.2563 -0.8339 0.4889
vn 0.2360 -0.8621 0.4484
vn 0.2280 -0.8584 0.4595
vn 0.2441 -0.8109 0.5318
vn 0.2566 -0.8078 0.5307
vn 0.0646 -0.8607 0.5050
vn 0.0734 -0.8580 0.5083
vn 0.0772 -0.8150 0.5743
vn 0.0575 -0.8087 0.5854
vn -0.1168 -0.8524 0.5096
vn -0.0891 -0.8411 0.5335
vn -0.1054 -0.8080 0.5797
vn -0.0828 -0.8139 0.5751
vn -0.2942 -0.8363 0.4628
vn -0.2750 -0.8243 0.4948
vn -0.2945 -0.8024 0.5191
vn -0.2682 -0.8086 0.5236
vn -0.1197 -0.8446 0.5218
vn -0.0784 -0.8724 0.4824
vn -0.2417 -0.8696 0.4305
vn -0.2427 -0.8871 0.3926
vn 0.0712 -0.8331 0.5485
vn 0.0906 -0.8548 0.5111
vn 0.2067 -0.8980 0.3884
vn 0.1721 -0.9158 0.3630
vn 0.4492 -0.7369 0.5052
vn 0.5201 -0.6694 0.5305
vn 0.5379 -0.7834 0.3115
vn 0.5255 -0.7977 0.2959
vn 0.4295 -0.8012 0.4166
vn 0.2797 -0.8978 0.3401
vn 0.0560 -0.9984 -0.0037
vn 0.1353 -0.9896 0.0498
vn 0.1458 -0.9890 0.0252
vn 0.0405 -0.9992 -0.0066
vn -0.0437 -0.9990 -0.0083
vn 0.0585 -0.9959 0.0688
vn 0.0861 -0.9960 -0.0215
vn 0.0733 -0.9970 -0.0257
vn 0.4033 -0.9073 -0.1188
vn 0.4135 -0.9015 -0.1275
vn 0.6928 -0.6908 -0.2068
vn 0.7368 -0.6449 -0.2031
vn 0.4286 -0.9034 -0.0087
vn 0.4215 -0.9067 -0.0115
vn -0.0798 -0.9967 0.0128
vn -0.0423 -0.9988 0.0227
vn 0.6203 -0.6934 -0.3666
vn 0.6019 -0.7207 -0.3439
vn 0.6044 -0.7179 -0.3454
vn 0.5599 -0.7582 -0.3341
vn 0.4668 -0.7222 -0.5105
vn 0.4316 -0.7916 -0.4326
vn 0.0599 -0.9970 -0.0496
vn 0.0235 -0.9994 -0.0269
vn -0.0057 -0.9986 -0.0531
vn -0.0112 -0.9998 -0.0175
vn -0.0903 -0.9844 0.1510
vn 0.0988 -0.9947 -0.0290
vn 0.0016 -0.9998 -0.0173
vn -0.0001 -0.9997 -0.0233
vn -0.0023 -0.9991 0.0425
vn -0.0687 -0.9863 0.1502
vn 0.0088 -0.9963 -0.0850
vn 0.0086 -0.9964 -0.0839
vn 0.0168 -0.9959 -0.0894
vn 0.0122 -0.9923 -0.1230
vn 0.0951 -0.9874 -0.1265
vn 0.3702 -0.9115 -0.1794
vn -0.3680 -0.9146 -0.1678
vn -0.4102 -0.8996 -0.1498
vn -0.0186 -0.9885 -0.1498
vn -0.0229 -0.9880 -0.1530
vn -0.0690 -0.9849 -0.1588
vn -0.0510 -0.9851 -0.1645
vn -0.1936 -0.9677 0.1617
vn -0.1982 -0.9659 0.1665
vn -0.1512 -0.9884 0.0138
vn -0.1992 -0.9793 0.0374
vn -0.1565 -0.9876 0.0086
vn -0.1882 -0.9819 0.0198
vn -0.7572 -0.6515 0.0465
vn -0.7195 -0.6923 0.0551
vn 0.2989 -0.9534 -0.0405
vn 0.0596 -0.9975 0.0387
vn 0.8582 -0.5044 -0.0950
vn 0.7628 -0.6455 -0.0376
vn 0.7023 -0.7114 -0.0262
vn 0.7839 -0.6168 -0.0709
vn -0.5347 -0.8404 0.0887
vn -0.3229 -0.9463 -0.0143
vn -0.1999 -0.9091 0.3654
vn 0.2666 -0.9633 0.0302
vn -0.2753 -0.8025 0.5293
vn -0.2304 -0.9052 0.3571
vn -0.0925 -0.9943 0.0532
vn -0.0921 -0.9938 0.0619
vn -0.1452 -0.9212 -0.3610
vn -0.4391 -0.8248 0.3562
vn -0.0040 -0.9955 0.0948
vn -0.0036 -0.9938 0.1109
vn -0.2862 -0.9494 0.1295
vn -0.3097 -0.9406 0.1391
vn 0.2824 -0.9521 0.1175
vn 0.2532 -0.9573 0.1399
vn 0.0947 -0.9955 -0.0066
vn 0.1116 -0.9938 -0.0035
vn 0.0878 -0.9959 -0.0203
vn 0.0706 -0.9972 -0.0254
vn -0.3030 -0.9055 0.2970
vn -0.3507 -0.8880 0.2974
vn -0.3593 -0.8659 0.3480
vn -0.2883 -0.9256 0.2453
vn -0.0297 -0.9994 0.0181
vn -0.0441 -0.9987 0.0244
vn -0.0784 -0.9023 -0.4238
vn -0.0702 -0.8994 -0.4315
vn -0.6683 -0.7376 -0.0965
vn -0.4915 -0.8617 -0.1263
vn -0.2322 -0.7991 0.5546
vn -0.2570 -0.8192 0.5127
vn -0.1614 -0.7836 0.6000
vn -0.1792 -0.8378 0.5157
vn -0.2666 -0.9011 -0.3419
vn -0.2693 -0.9044 -0.3308
vn 0.3451 -0.8855 -0.3112
vn 0.3331 -0.8742 -0.3534
vn 0.6025 -0.7981 0.0061
vn 0.6017 -0.7844 0.1505
vn 0.0088 -0.9998 -0.0175
vn 0.0101 -0.9991 0.0402
vn 0.0011 -0.9998 -0.0220
vn 0.0021 -0.9999 -0.0163
vn -0.2703 -0.9607 0.0627
vn 0.1982 -0.9394 0.2796
vn -0.0559 -0.9977 -0.0390
vn -0.0540 -0.9983 -0.0224
vn -0.0070 -0.9990 -0.0447
vn -0.0220 -0.9982 -0.0555
vn 0.2606 -0.9589 0.1124
vn 0.0325 -0.9895 -0.1406
vn 0.3101 -0.9491 0.0544
vn -0.0504 -0.9981 0.0340
vn -0.1575 -0.9869 -0.0337
vn -0.1914 -0.9727 -0.1312
vn -0.2079 -0.9781 0.0113
vn -0.1323 -0.9912 0.0075
vn -0.1920 -0.9799 -0.0548
vn -0.1921 -0.9408 -0.2792
vn -0.2084 -0.9709 0.1182
vn -0.0565 -0.9768 0.2068
vn -0.1807 -0.9825 0.0448
vn -0.1927 -0.9804 0.0408
vn -0.1012 -0.9924 0.0694
vn -0.1011 -0.9924 0.0695
vn -0.1302 -0.9893 0.0652
vn -0.1132 -0.9907 0.0753
vn -0.1575 -0.5397 0.8270
vn -0.1820 -0.5139 0.8383
vn -0.8979 0.4036 0.1754
vn -0.9037 0.3854 0.1864
vn 0.6288 0.1611 -0.7607
vn 0.5586 0.2089 -0.8027
vn -0.0101 0.9814 -0.1919
vn -0.1522 0.9882 -0.0166
vn 0.1123 0.5804 -0.8066
vn -0.0143 0.0389 -0.9991
vn -0.0050 0.0041 -1.0000
vn 0.0057 0.0467 -0.9989
vn -0.6664 0.0028 -0.7456
vn -0.6989 -0.7114 -0.0735
vn 0.1864 -0.7307 -0.6567
vn 0.0351 -0.7311 -0.6813
vn -0.3557 -0.9232 -0.1455
vn 0.0041 -0.9999 0.0094
vn 0.3633 -0.6252 0.6907
vn 0.0522 -0.5909 0.8050
vn -0.0051 0.0655 0.9978
vn 0.0278 0.0186 0.9994
vn -0.0055 0.1011 0.9949
vn 0.0075 0.0658 0.9978
vn -0.2033 0.0596 0.9773
vn 0.0794 0.4090 0.9091
vn -0.5247 0.0920 0.8463
vn -0.5582 0.0507 0.8282
vn -0.5615 0.0364 0.8267
vn -0.5912 0.1069 0.7994
vn -0.0324 -0.0344 -0.9989
vn -0.0144 0.0037 -0.9999
vn 0.0835 -0.6165 0.7829
vn 0.1117 -0.6205 0.7762
vn -0.4631 -0.0629 0.8840
vn -0.2089 -0.0588 0.9762
vn -0.1424 -0.8373 -0.5279
vn 0.4822 -0.8652 -0.1374
vn -0.2462 -0.5568 0.7933
vn -0.0209 -0.6590 0.7519
vn -0.1340 0.9642 0.2289
vn -0.2152 0.9544 0.2067
vn 0.4036 0.2407 0.8827
vn 0.4155 0.2188 0.8829
vn 0.9328 0.2826 0.2236
vn 0.9575 0.2206 0.1859
vn 0.0492 0.9988 0.0085
vn -0.0008 0.9974 -0.0722
vn 0.3345 0.0580 -0.9406
vn 0.4134 0.1959 -0.8892
vn 0.0541 -0.1252 0.9907
vn 0.1169 0.0614 0.9912
vn 0.0123 0.6630 -0.7485
vn 0.0819 0.5595 -0.8248
vn 0.0106 0.0862 -0.9962
vn -0.0743 0.0053 -0.9972
vn 0.1314 0.9026 0.4100
vn 0.3472 0.7548 0.5566
vn 0.5589 0.8256 0.0782
vn 0.3755 0.9262 -0.0337
vn 0.0347 0.9989 0.0321
vn 0.1419 0.9884 -0.0550
vn -0.2804 0.9585 -0.0516
vn -0.2519 0.9674 -0.0272
vn 0.0418 0.9980 -0.0465
vn 0.0431 0.9980 -0.0456
vn -0.2267 0.9735 -0.0286
vn -0.2916 0.9563 0.0207
vn -0.1437 0.9861 0.0835
vn -0.2307 0.9729 0.0148
vn -0.2291 0.9734 -0.0097
vn -0.1811 0.9833 0.0161
vn -0.1376 0.9904 0.0139
vn -0.1324 0.9911 0.0113
vn -0.1375 0.9904 0.0132
vn -0.1435 0.9896 0.0114
vn -0.7165 -0.6975 0.0039
vn -0.7843 -0.6202 -0.0171
vn -0.7862 -0.6173 -0.0278
vn -0.8645 -0.5018 0.0296
vn -0.8847 -0.4660 0.0100
vn -0.8657 -0.5000 0.0235
vn -0.2858 -0.9580 -0.0242
vn -0.1945 -0.9807 0.0208
vn -0.1989 -0.9800 0.0029
vn -0.1571 -0.9865 -0.0473
vn -0.0734 -0.9785 -0.1925
vn -0.2141 -0.9279 -0.3052
vn -0.2178 -0.9760 0.0036
vn -0.0946 -0.9918 0.0865
vn -0.1324 -0.9855 -0.1065
vn -0.0663 -0.9789 -0.1931
vn -0.1011 -0.7793 -0.6185
vn -0.1329 -0.7552 -0.6419
vn 0.1109 -0.9874 -0.1126
vn 0.1366 -0.9866 -0.0895
vn 0.0769 -0.7890 -0.6096
vn 0.0907 -0.7776 -0.6222
vn 0.0240 -0.8018 -0.5971
vn 0.0986 -0.8399 -0.5337
vn 0.1424 -0.7849 -0.6031
vn 0.2672 -0.8488 -0.4561
vn 0.2484 -0.6876 -0.6823
vn 0.0716 -0.8030 -0.5916
vn 0.6790 -0.6745 -0.2899
vn 0.6347 -0.6830 -0.3614
vn 0.6120 -0.4324 -0.6621
vn 0.4190 -0.6887 -0.5917
vn 0.6670 -0.7423 -0.0636
vn 0.7260 -0.6790 -0.1095
vn 0.1929 0.9763 0.0984
vn 0.2254 0.9717 0.0702
vn 0.2315 0.9602 0.1562
vn 0.4553 0.8339 0.3120
vn 0.2359 0.9706 -0.0479
vn 0.3796 0.9228 0.0658
vn 0.1931 0.9801 0.0465
vn 0.1372 0.9904 0.0155
vn 0.1640 0.9864 0.0149
vn 0.2351 0.9716 -0.0265
vn 0.0367 0.9991 -0.0209
vn 0.0407 0.9990 -0.0188
vn 0.1638 0.9864 0.0159
vn 0.0995 0.9950 -0.0075
vn -0.0043 1.0000 -0.0051
vn 0.0364 0.9992 -0.0188
vn -0.1011 0.9948 0.0122
vn -0.1759 0.9843 -0.0131
vn -0.0047 1.0000 -0.0038
vn 0.0025 1.0000 -0.0016
vn -0.0829 0.9966 -0.0000
vn -0.0990 0.9951 0.0048
vn -0.0821 0.9966 -0.0027
vn -0.0835 0.9965 -0.0031
vn -0.3790 0.9254 0.0043
vn -0.2311 0.9723 -0.0348
vn -0.2361 0.9715 -0.0202
vn -0.1417 0.9899 0.0058
vn -0.4368 -0.8989 0.0329
vn -0.5867 -0.8097 -0.0088
vn -0.5880 -0.8088 -0.0130
vn -0.7103 -0.7035 0.0255
vn -0.2487 -0.9686 0.0003
vn -0.2590 -0.9659 -0.0028
vn -0.2570 -0.9664 0.0041
vn -0.2308 -0.9730 -0.0044
vn -0.2872 -0.9574 -0.0299
vn -0.2333 -0.9723 -0.0128
vn -0.1167 -0.9932 0.0065
vn -0.1466 -0.9892 -0.0020
vn -0.1709 -0.9821 -0.0794
vn -0.3153 -0.9485 -0.0302
vn -0.2030 -0.9769 0.0663
vn -0.3009 -0.9534 0.0206
vn 0.1463 -0.9864 -0.0746
vn 0.3032 -0.9526 -0.0259
vn 0.3110 -0.9504 0.0007
vn 0.1916 -0.9792 0.0668
vn 0.1266 -0.9913 0.0371
vn 0.1942 -0.9774 0.0834
vn 0.3196 -0.9476 0.0008
vn 0.2670 -0.9634 -0.0225
vn 0.2662 -0.9635 -0.0276
vn 0.1857 -0.9819 0.0386
vn 0.8409 -0.5412 -0.0046
vn 0.7693 -0.6377 -0.0391
vn 0.7674 -0.6390 -0.0528
vn 0.7266 -0.6866 -0.0240
vn 0.8454 -0.5340 0.0155
vn 0.9035 -0.4285 -0.0106
vn 0.0216 0.9996 0.0190
vn 0.0948 0.9955 -0.0011
vn 0.0888 0.9959 0.0182
vn 0.1350 0.9903 0.0345
vn 0.0298 0.9995 -0.0067
vn 0.0531 0.9986 0.0004
vn 0.0810 0.9967 -0.0000
vn 0.0828 0.9966 -0.0006
vn 0.0843 0.9964 -0.0053
vn 0.0978 0.9952 -0.0011
vn 0.0837 0.9965 -0.0088
vn 0.0756 0.9971 -0.0113
vn -0.0040 0.9999 -0.0098
vn -0.0136 0.9999 -0.0068
vn -0.0144 0.9999 -0.0040
vn 0.0018 1.0000 0.0009
vn -0.0026 0.9999 -0.0154
vn -0.0294 0.9992 -0.0271
vn -0.0793 0.9965 -0.0249
vn -0.0900 0.9957 -0.0198
vn -0.0929 0.9956 -0.0083
vn -0.0829 0.9965 -0.0051
vn -0.7906 0.6117 0.0276
vn -0.4443 0.8862 -0.1316
vn -0.4787 0.8776 -0.0273
vn -0.3781 0.9258 0.0017
vn -0.0968 -0.9885 0.1165
vn -0.3524 -0.9358 -0.0009
vn -0.3523 -0.9359 -0.0004
vn -0.4392 -0.8980 0.0261
vn -0.2945 -0.9556 0.0037
vn -0.2536 -0.9669 0.0264
vn -0.2585 -0.9660 0.0062
vn -0.2480 -0.9688 0.0025
vn -0.1225 -0.9919 0.0331
vn -0.0653 -0.9960 0.0613
vn -0.0793 -0.9968 0.0019
vn -0.1025 -0.9947 0.0097
vn -0.1198 -0.9928 -0.0036
vn -0.1054 -0.9944 0.0005
vn 0.1801 -0.9836 0.0034
vn 0.2032 -0.9791 0.0106
vn 0.2005 -0.9797 0.0016
vn 0.1993 -0.9799 0.0020
vn 0.1687 -0.9857 -0.0041
vn 0.2002 -0.9797 0.0050
vn 0.2026 -0.9793 0.0017
vn 0.2049 -0.9788 0.0023
vn 0.2059 -0.9786 0.0057
vn 0.2321 -0.9727 -0.0028
vn 0.9786 -0.2055 0.0081
vn 0.9373 -0.3481 -0.0174
vn 0.9392 -0.3434 -0.0066
vn 0.9076 -0.4196 0.0119
vn 0.9785 -0.2059 0.0072
vn 0.9810 -0.1942 0.0040
vn 0.0409 0.9989 -0.0233
vn 0.0505 0.9984 -0.0266
vn 0.0456 0.9989 -0.0081
vn 0.0549 0.9985 -0.0053
vn 0.0449 0.9978 -0.0478
vn 0.0547 0.9977 -0.0402
vn 0.1861 0.9819 -0.0363
vn 0.0954 0.9952 0.0209
vn 0.1009 0.9947 -0.0175
vn 0.0797 0.9965 -0.0266
vn 0.1919 0.9784 -0.0765
vn 0.1139 0.9772 -0.1795
vn -0.0273 0.9838 -0.1772
vn -0.1163 0.9888 -0.0936
vn -0.1219 0.9918 -0.0395
vn -0.0360 0.9991 0.0230
vn -0.1228 0.9881 -0.0931
vn -0.1041 0.9886 -0.1091
vn -0.1081 0.9920 -0.0645
vn -0.0768 0.9962 -0.0419
vn -0.0274 0.9840 -0.1761
vn -0.0339 0.9825 -0.1832
vn -0.1887 0.9674 -0.1689
vn -0.0923 0.9585 -0.2698
vn -0.1736 0.7283 -0.6629
vn -0.5502 0.3116 -0.7747
vn -0.4070 -0.4665 0.7853
vn -0.6380 -0.6568 0.4019
vn -0.4845 -0.8287 -0.2802
vn -0.9751 -0.1483 0.1650
vn 0.0453 0.7234 -0.6890
vn 0.0391 0.7278 -0.6847
vn 0.0851 0.3489 -0.9333
vn 0.0418 0.3028 -0.9521
vn -0.7665 0.3009 -0.5674
vn -0.4774 0.0399 -0.8778
vn 0.0544 -0.0622 -0.9966
vn -0.0103 -0.1560 -0.9877
vn -0.9268 0.1092 -0.3593
vn -0.7915 -0.1752 -0.5855
vn -0.9347 -0.1211 -0.3342
vn -0.9276 -0.1077 -0.3576
vn -0.0151 0.3141 0.9493
vn -0.0296 0.2892 0.9568
vn -0.0338 0.2450 0.9689
vn -0.0346 0.2473 0.9683
vn 0.0162 0.2950 0.9554
vn 0.0220 0.3084 0.9510
vn 0.0330 0.2453 0.9689
vn 0.0227 0.2583 0.9658
vn 0.2258 -0.2210 0.9488
vn 0.2185 -0.6090 0.7625
vn 0.9519 0.0957 -0.2911
vn 0.8879 0.1705 -0.4273
vn 0.8799 0.2312 -0.4151
vn 0.9371 0.2779 -0.2114
vn 0.9016 0.4056 -0.1502
vn 0.9370 0.3051 -0.1700
vn -0.0839 0.3658 -0.9269
vn -0.0677 0.3524 -0.9334
vn -0.1318 0.7277 -0.6731
vn 0.1137 0.8822 -0.4569
vn 0.0026 -0.1299 -0.9915
vn -0.0528 -0.0685 -0.9963
vn 0.9594 0.0190 -0.2814
vn 0.9624 0.2579 -0.0853
vn 0.0150 -0.3298 -0.9439
vn 0.0093 -0.3218 -0.9468
vn -0.0074 -0.3235 -0.9462
vn -0.0256 -0.3563 -0.9340
vn 0.1145 0.9764 -0.1829
vn 0.0355 0.9928 -0.1145
vn 0.1103 0.8972 -0.4277
vn 0.3902 0.9182 -0.0689
vn 0.9801 -0.1981 -0.0073
vn 0.9327 -0.3525 0.0770
vn 0.2071 -0.9782 0.0172
vn 0.1871 -0.9823 0.0106
vn 0.1936 -0.9801 0.0429
vn 0.1877 -0.9811 0.0474
vn 0.1929 -0.9793 0.0615
vn 0.2234 -0.9738 0.0416
vn -0.0462 -0.8778 0.4767
vn -0.0927 -0.8545 0.5112
vn 0.1944 -0.8385 0.5090
vn 0.2525 -0.8015 0.5420
vn -0.0117 -0.5024 0.8646
vn 0.0139 -0.5264 0.8501
vn 0.0753 -0.5236 0.8486
vn 0.2009 -0.4244 0.8829
vn -0.0509 -0.7886 0.6128
vn 0.0446 -0.8640 0.5016
vn 0.1051 -0.8566 0.5052
vn -0.0254 -0.9270 0.3743
vn -0.1718 -0.7707 0.6136
vn 0.2624 -0.5353 0.8029
vn -0.4189 -0.5529 -0.7203
vn -0.5644 -0.7168 -0.4095
vn 0.1050 -0.7308 -0.6745
vn -0.0629 -0.5504 -0.8325
vn -0.2178 -0.4843 0.8474
vn -0.0791 -0.4095 0.9089
vn -0.2033 -0.8597 0.4686
vn -0.3159 -0.8676 0.3840
vn 0.3202 -0.9473 0.0029
vn 0.2248 -0.9740 -0.0275
vn 0.1605 -0.9811 -0.1076
vn 0.1790 -0.9799 -0.0877
vn 0.4703 -0.8411 0.2672
vn -0.0244 -0.9350 -0.3537
vn -0.0253 -0.7962 -0.6045
vn -0.0930 -0.8393 -0.5356
vn 0.0165 -0.9281 0.3720
vn 0.3471 -0.9060 0.2421
vn -0.0433 -0.7973 -0.6020
vn -0.1812 -0.7263 -0.6631
vn -0.1780 -0.7549 -0.6312
vn -0.1759 -0.7525 -0.6346
vn -0.8431 -0.5067 0.1802
vn -0.8430 -0.5069 0.1801
vn -0.9676 -0.2463 -0.0561
vn -0.9660 -0.2542 0.0463
vn -0.6834 0.6338 0.3622
vn -0.6000 0.7334 0.3195
vn -0.4905 0.8703 -0.0448
vn -0.2575 0.9461 0.1963
vn -0.8561 -0.5072 0.0994
vn -0.9720 -0.2342 0.0199
vn -0.3413 0.8567 0.3869
vn -0.3505 0.8505 0.3922
vn -0.1434 0.9892 -0.0291
vn -0.0783 0.9807 -0.1789
vn -0.6115 0.4580 -0.6452
vn -0.7174 0.3500 -0.6024
vn -0.7549 0.2478 -0.6072
vn -0.7610 0.2445 -0.6009
vn -0.7640 -0.0937 -0.6384
vn -0.6223 0.0933 -0.7772
vn -0.0525 0.9926 0.1099
vn -0.0092 0.9982 0.0591
vn 0.8139 0.5758 -0.0778
vn 0.7986 0.6008 -0.0351
vn -0.0388 0.6234 -0.7809
vn -0.0157 0.5900 -0.8073
vn -0.2167 0.5979 -0.7718
vn -0.0178 -0.1290 -0.9915
vn -0.1328 0.9854 -0.1064
vn -0.1958 0.9802 0.0289
vn -0.3447 -0.1157 -0.9316
vn -0.5082 0.1683 -0.8446
vn 0.0691 -0.9797 -0.1881
vn 0.0125 -0.9677 -0.2519
vn 0.0914 -0.9628 0.2545
vn -0.2189 -0.9758 -0.0005
vn -0.2792 -0.9478 0.1539
vn -0.0604 -0.9760 0.2091
vn -0.2913 -0.9319 -0.2163
vn -0.2439 -0.9374 -0.2485
vn -0.0049 -0.9644 -0.2646
vn -0.0359 -0.9637 -0.2644
vn 0.6792 -0.6402 0.3589
vn 0.6892 -0.5926 0.4169
vn -0.0621 -0.9766 -0.2059
vn 0.0180 -0.9714 -0.2366
vn 0.7930 -0.5462 0.2697
vn 0.7621 -0.6270 0.1613
vn 0.7824 0.0637 0.6195
vn 0.8599 -0.2388 0.4512
vn 0.4435 -0.8882 0.1202
vn 0.6741 -0.7266 0.1328
vn 0.1657 -0.9611 -0.2210
vn 0.1508 -0.9700 -0.1908
vn 0.1212 -0.9902 -0.0689
vn 0.1364 -0.9868 -0.0868
vn 0.1127 -0.9825 -0.1481
vn 0.1086 -0.9843 -0.1393
vn -0.0552 -0.9786 -0.1983
vn -0.0289 -0.9511 -0.3077
vn -0.3112 -0.8983 0.3100
vn 0.0627 -0.9784 -0.1969
vn 0.3463 -0.9137 0.2127
vn 0.0005 -0.9931 0.1169
vn 0.1368 -0.9873 0.0804
vn 0.3005 -0.9027 0.3078
vn 0.2158 -0.9278 0.3044
vn 0.0526 -0.9776 0.2037
vn -0.5010 -0.8182 0.2820
vn -0.5151 -0.8311 0.2096
vn -0.3329 -0.7593 0.5591
vn -0.1662 -0.8941 0.4159
vn 0.3388 -0.7618 -0.5522
vn 0.3435 -0.7659 -0.5436
vn -0.0673 -0.9954 -0.0688
vn -0.0606 -0.9976 -0.0337
vn -0.3505 -0.8443 0.4053
vn -0.2294 -0.8943 0.3841
vn 0.4396 -0.8982 -0.0012
vn 0.8785 -0.3971 -0.2655
vn 0.7382 -0.6745 -0.0034
vn 0.4216 -0.8560 0.2991
vn 0.9574 -0.1422 -0.2515
vn 0.9647 -0.1905 -0.1819
vn 0.7659 0.0424 -0.6416
vn 0.7626 0.0160 -0.6467
vn 0.7358 0.1085 -0.6684
vn 0.7583 0.0735 -0.6478
vn 0.2241 0.1588 -0.9615
vn 0.4564 -0.2433 -0.8559
vn 0.0413 -0.9616 0.2712
vn -0.0363 -0.9698 0.2411
vn 0.0282 -0.9583 0.2845
vn 0.0414 -0.9617 0.2711
vn 0.5804 -0.7310 -0.3587
vn 0.5434 -0.7020 -0.4604
vn -0.8216 -0.5701 -0.0073
vn -0.7332 -0.6753 -0.0800
vn 0.3868 -0.8906 -0.2393
vn 0.1219 -0.9913 0.0488
vn 0.2540 -0.9512 0.1752
vn -0.0137 -0.9865 0.1634
vn -0.5940 -0.8005 0.0791
vn -0.4876 -0.2647 0.8320
vn 0.3025 -0.8835 0.3576
vn 0.4106 -0.5547 -0.7236
vn -0.5977 -0.4231 0.6810
vn -0.6321 -0.3814 0.6745
vn 0.3346 -0.6733 -0.6594
vn 0.3190 -0.6218 -0.7153
vn 0.8036 -0.5448 -0.2396
vn 0.8100 -0.5364 -0.2372
vn -0.0955 -0.9404 -0.3264
vn -0.1649 -0.9841 -0.0666
vn -0.2066 -0.5821 0.7864
vn -0.8597 -0.4849 -0.1605
vn -0.7268 -0.6375 0.2555
vn 0.6703 -0.7265 0.1512
vn -0.3788 -0.5463 0.7470
vn 0.5151 0.4475 0.7310
vn 0.2823 -0.9066 0.3137
vn 0.0713 -0.9839 0.1639
vn 0.1914 -0.9787 0.0740
vn 0.0485 -0.9983 0.0329
vn 0.1390 -0.9828 -0.1219
vn -0.0063 -0.9285 0.3713
vn 0.1499 -0.9628 -0.2247
vn 0.1040 -0.9931 -0.0548
vn 0.6634 0.3712 -0.6497
vn -0.0081 -0.9352 -0.3541
vn 0.5062 -0.4585 0.7305
vn 0.4332 -0.2974 0.8508
vn -0.6908 -0.5469 -0.4729
vn 0.0459 -0.3692 0.9282
vn 0.0795 -0.9718 0.2219
vn -0.2070 -0.9265 0.3143
vn 0.7834 -0.0627 0.6183
vn 0.5437 0.2408 0.8040
vn -0.7801 0.2550 -0.5713
vn -0.8970 0.1024 -0.4299
vn -0.8018 0.2458 -0.5446
vn -0.0197 0.9125 0.4086
vn -0.1584 0.9793 -0.1264
vn -0.0110 0.1614 -0.9868
vn 0.2419 -0.1741 -0.9546
vn 0.4058 0.0632 -0.9118
vn 0.0856 0.4089 0.9086
vn 0.0794 0.4217 0.9033
vn 0.0250 0.9505 -0.3096
vn 0.1050 0.9751 -0.1954
vn 0.2131 0.4402 0.8723
vn 0.3200 0.9438 -0.0832
vt 0.190584 0.872432
vt 0.184038 0.863641
vt 0.192171 0.862857
vt 0.198367 0.869748
vt 0.180645 0.874546
vt 0.177498 0.869557
vt 0.736819 0.527308
vt 0.741894 0.528459
vt 0.743407 0.535499
vt 0.738061 0.537093
vt 0.958115 0.487990
vt 0.959502 0.494081
vt 0.954390 0.493202
vt 0.954971 0.486895
vt 0.207689 0.873427
vt 0.205693 0.876665
vt 0.204015 0.867970
vt 0.961698 0.458663
vt 0.965020 0.457612
vt 0.966935 0.461553
vt 0.961841 0.461987
vt 0.977283 0.326679
vt 0.972807 0.328209
vt 0.972807 0.317354
vt 0.978869 0.322182
vt 0.184565 0.854492
vt 0.190470 0.853316
vt 0.269681 0.829038
vt 0.266744 0.836293
vt 0.262205 0.834300
vt 0.263907 0.828309
vt 0.263491 0.821686
vt 0.268376 0.820021
vt 0.026350 0.972347
vt 0.026611 0.964880
vt 0.032691 0.966345
vt 0.032691 0.978338
vt 0.021415 0.976345
vt 0.020569 0.963539
vt 0.211609 0.753273
vt 0.214363 0.763534
vt 0.207448 0.766262
vt 0.204228 0.758625
vt 0.059975 0.966636
vt 0.049174 0.978945
vt 0.049174 0.961451
vt 0.056143 0.958334
vt 0.365053 0.745622
vt 0.361545 0.735543
vt 0.369944 0.736093
vt 0.368842 0.742867
vt 0.365153 0.761077
vt 0.358743 0.759675
vt 0.901509 0.119228
vt 0.922149 0.126355
vt 0.927439 0.153819
vt 0.914783 0.153341
vt 0.895985 0.158219
vt 0.884316 0.129231
vt 0.903482 0.098659
vt 0.922076 0.108221
vt 0.862650 0.104901
vt 0.874456 0.090375
vt 0.359798 0.723901
vt 0.365842 0.722898
vt 0.378227 0.647031
vt 0.378187 0.633801
vt 0.383059 0.633360
vt 0.386005 0.651167
vt 0.352204 0.764682
vt 0.350106 0.746196
vt 0.354982 0.741434
vt 0.256796 0.828817
vt 0.260199 0.828523
vt 0.258289 0.833454
vt 0.254117 0.831592
vt 0.254863 0.824109
vt 0.259230 0.822866
vt 0.940539 0.097560
vt 0.940117 0.102167
vt 0.933720 0.101634
vt 0.935256 0.096391
vt 0.212262 0.880583
vt 0.214582 0.886024
vt 0.208743 0.889479
vt 0.206540 0.885758
vt 0.974364 0.460149
vt 0.974407 0.467726
vt 0.970954 0.467441
vt 0.970246 0.461079
vt 0.781014 0.977540
vt 0.777448 0.976446
vt 0.777595 0.971176
vt 0.780721 0.971144
vt 0.218728 0.878857
vt 0.219688 0.883400
vt 0.213077 0.874199
vt 0.217471 0.873596
vt 0.200182 0.768475
vt 0.205105 0.773959
vt 0.194138 0.769327
vt 0.195745 0.746225
vt 0.201752 0.747334
vt 0.196516 0.792957
vt 0.191023 0.793503
vt 0.201690 0.792674
vt 0.971905 0.263804
vt 0.977179 0.258582
vt 0.977179 0.271547
vt 0.971712 0.272129
vt 0.216734 0.751792
vt 0.211436 0.748639
vt 0.212910 0.725800
vt 0.218121 0.726017
vt 0.275924 0.754853
vt 0.277395 0.729036
vt 0.282241 0.729317
vt 0.282513 0.753882
vt 0.282235 0.776689
vt 0.277584 0.776293
vt 0.128114 0.643774
vt 0.138241 0.645626
vt 0.131308 0.651425
vt 0.120872 0.649473
vt 0.136756 0.637153
vt 0.144088 0.639976
vt 0.118629 0.639472
vt 0.128556 0.634935
vt 0.302004 0.971435
vt 0.300115 0.964978
vt 0.305699 0.956471
vt 0.312192 0.957547
vt 0.742204 0.030363
vt 0.756422 0.032812
vt 0.749671 0.051097
vt 0.737255 0.049779
vt 0.753534 0.017832
vt 0.764637 0.020291
vt 0.721225 0.050832
vt 0.716653 0.031367
vt 0.808857 0.239338
vt 0.817280 0.250419
vt 0.806997 0.271302
vt 0.800801 0.268031
vt 0.798609 0.240875
vt 0.791413 0.217344
vt 0.798279 0.213211
vt 0.820297 0.225608
vt 0.823189 0.239174
vt 0.811018 0.203222
vt 0.834482 0.251357
vt 0.826061 0.261380
vt 0.837780 0.211288
vt 0.842970 0.228450
vt 0.849851 0.244759
vt 0.234848 0.907844
vt 0.235685 0.902665
vt 0.248286 0.910372
vt 0.241543 0.916371
vt 0.229108 0.907180
vt 0.229187 0.900971
vt 0.233482 0.920055
vt 0.753431 0.161830
vt 0.745581 0.148665
vt 0.751919 0.143174
vt 0.759029 0.158623
vt 0.968261 0.591435
vt 0.975373 0.590057
vt 0.975720 0.600364
vt 0.965488 0.600364
vt 0.756273 0.171268
vt 0.740979 0.156936
vt 0.749968 0.182464
vt 0.726332 0.175033
vt 0.722919 0.155598
vt 0.760508 0.182668
vt 0.749487 0.192104
vt 0.726805 0.184756
vt 0.772619 0.204256
vt 0.770047 0.207662
vt 0.778114 0.200785
vt 0.762470 0.137718
vt 0.767452 0.124392
vt 0.782505 0.132984
vt 0.769151 0.148022
vt 0.753902 0.121923
vt 0.338782 0.973364
vt 0.331683 0.975577
vt 0.333176 0.968701
vt 0.340666 0.967275
vt 0.341783 0.975123
vt 0.328592 0.984061
vt 0.752208 0.977456
vt 0.750795 0.971168
vt 0.756236 0.969399
vt 0.756329 0.977954
vt 0.963040 0.351934
vt 0.968325 0.356748
vt 0.965649 0.365382
vt 0.960045 0.353533
vt 0.138601 0.668384
vt 0.143590 0.664528
vt 0.146767 0.670819
vt 0.138019 0.673930
vt 0.129517 0.673695
vt 0.132734 0.666862
vt 0.135719 0.660313
vt 0.757691 0.964732
vt 0.762556 0.972982
vt 0.750795 0.964353
vt 0.435499 0.977596
vt 0.433372 0.973250
vt 0.438363 0.969926
vt 0.440131 0.976285
vt 0.961518 0.639875
vt 0.964424 0.643425
vt 0.960526 0.648622
vt 0.958124 0.642021
vt 0.957387 0.635982
vt 0.962558 0.635673
vt 0.127975 0.680752
vt 0.119262 0.679796
vt 0.120770 0.672732
vt 0.416350 0.961044
vt 0.423671 0.967572
vt 0.419233 0.969745
vt 0.413119 0.964984
vt 0.137057 0.680281
vt 0.951798 0.653770
vt 0.956620 0.655095
vt 0.956597 0.663455
vt 0.950448 0.663281
vt 0.124707 0.690522
vt 0.117846 0.690388
vt 0.122686 0.657598
vt 0.115659 0.654740
vt 0.325281 0.971518
vt 0.329817 0.961212
vt 0.335226 0.960643
vt 0.122382 0.665404
vt 0.112319 0.664395
vt 0.111206 0.659625
vt 0.414960 0.972367
vt 0.417282 0.977506
vt 0.410706 0.977463
vt 0.409113 0.969701
vt 0.423671 0.976785
vt 0.441400 0.970954
vt 0.441400 0.961662
vt 0.444854 0.968435
vt 0.442425 0.971831
vt 0.971537 0.304448
vt 0.971537 0.314565
vt 0.966061 0.307152
vt 0.966846 0.321278
vt 0.477737 0.801852
vt 0.478006 0.809893
vt 0.475470 0.799597
vt 0.478006 0.787486
vt 0.953366 0.637293
vt 0.954458 0.644465
vt 0.952444 0.646094
vt 0.952444 0.635390
vt 0.294855 0.631522
vt 0.297252 0.641856
vt 0.297577 0.654740
vt 0.292636 0.652028
vt 0.503739 0.944004
vt 0.507548 0.964355
vt 0.502567 0.964520
vt 0.496241 0.943865
vt 0.096389 0.651958
vt 0.104200 0.660087
vt 0.103688 0.666404
vt 0.097982 0.659953
vt 0.460749 0.949063
vt 0.455802 0.948001
vt 0.456903 0.942263
vt 0.461329 0.942402
vt 0.922039 0.533125
vt 0.915380 0.531952
vt 0.916439 0.527837
vt 0.921439 0.527308
vt 0.918435 0.539325
vt 0.914068 0.537930
vt 0.978856 0.091569
vt 0.978856 0.097561
vt 0.972842 0.097445
vt 0.972472 0.093359
vt 0.466873 0.942098
vt 0.466552 0.947783
vt 0.918705 0.551640
vt 0.923372 0.554508
vt 0.920525 0.564193
vt 0.915575 0.563720
vt 0.910643 0.563667
vt 0.913822 0.551784
vt 0.916272 0.545269
vt 0.920326 0.546530
vt 0.527859 0.081132
vt 0.532784 0.077241
vt 0.531869 0.093131
vt 0.525741 0.095181
vt 0.842694 0.539688
vt 0.839778 0.536533
vt 0.845120 0.530990
vt 0.847347 0.536324
vt 0.838807 0.553359
vt 0.833643 0.553935
vt 0.546187 0.088835
vt 0.548028 0.073507
vt 0.577430 0.059414
vt 0.578644 0.066049
vt 0.581731 0.071188
vt 0.552178 0.093859
vt 0.531234 0.125837
vt 0.525240 0.125816
vt 0.537209 0.127967
vt 0.958902 0.567366
vt 0.963595 0.565228
vt 0.967378 0.569052
vt 0.960338 0.572793
vt 0.463155 0.934915
vt 0.457094 0.935373
vt 0.294112 0.872133
vt 0.294595 0.864328
vt 0.299370 0.864612
vt 0.299643 0.869366
vt 0.288529 0.872069
vt 0.289165 0.863913
vt 0.314275 0.972704
vt 0.320403 0.974700
vt 0.320403 0.979432
vt 0.314659 0.979124
vt 0.469269 0.936445
vt 0.471547 0.942484
vt 0.472374 0.946422
vt 0.096651 0.898662
vt 0.099702 0.896382
vt 0.102379 0.901599
vt 0.097728 0.902635
vt 0.474175 0.939981
vt 0.287697 0.762283
vt 0.289026 0.744049
vt 0.295561 0.744560
vt 0.296010 0.762478
vt 0.497659 0.720407
vt 0.490932 0.722437
vt 0.490703 0.702709
vt 0.495571 0.702185
vt 0.495114 0.743571
vt 0.490703 0.744579
vt 0.296616 0.784104
vt 0.291112 0.785387
vt 0.113392 0.895544
vt 0.115853 0.889338
vt 0.119798 0.893149
vt 0.118552 0.898237
vt 0.974552 0.581503
vt 0.970166 0.584747
vt 0.965251 0.581088
vt 0.969230 0.578967
vt 0.109616 0.890451
vt 0.112062 0.886054
vt 0.107732 0.899063
vt 0.104579 0.893706
vt 0.968514 0.574875
vt 0.975785 0.574916
vt 0.971198 0.564233
vt 0.968711 0.561367
vt 0.976478 0.564386
vt 0.976478 0.569018
vt 0.972599 0.101648
vt 0.977236 0.102781
vt 0.962182 0.576954
vt 0.121769 0.884877
vt 0.117618 0.880719
vt 0.841109 0.527308
vt 0.834334 0.535775
vt 0.829565 0.535708
vt 0.832730 0.527777
vt 0.335805 0.858127
vt 0.334895 0.854784
vt 0.339544 0.855721
vt 0.339171 0.859402
vt 0.503699 0.766743
vt 0.499881 0.765284
vt 0.501615 0.759883
vt 0.505650 0.763501
vt 0.504400 0.769943
vt 0.498929 0.770138
vt 0.587049 0.205405
vt 0.593545 0.219082
vt 0.574491 0.224126
vt 0.571961 0.203105
vt 0.594213 0.190535
vt 0.607477 0.205439
vt 0.576363 0.179253
vt 0.378187 0.859187
vt 0.378187 0.841379
vt 0.382158 0.842741
vt 0.383783 0.854851
vt 0.896188 0.665618
vt 0.890368 0.664224
vt 0.892952 0.645539
vt 0.897600 0.647883
vt 0.500413 0.965790
vt 0.507433 0.965790
vt 0.507548 0.971651
vt 0.498091 0.972823
vt 0.897477 0.661045
vt 0.901667 0.649523
vt 0.907362 0.650729
vt 0.902487 0.663794
vt 0.902672 0.628679
vt 0.907785 0.631464
vt 0.911764 0.654225
vt 0.908501 0.665383
vt 0.849799 0.921907
vt 0.852732 0.911881
vt 0.852732 0.937494
vt 0.849342 0.933430
vt 0.912870 0.636296
vt 0.916340 0.644952
vt 0.921837 0.644605
vt 0.915802 0.670070
vt 0.909204 0.669876
vt 0.506356 0.977008
vt 0.501377 0.979150
vt 0.910458 0.691223
vt 0.904775 0.690521
vt 0.898676 0.688589
vt 0.901683 0.670588
vt 0.697075 0.144062
vt 0.708397 0.148540
vt 0.694996 0.165141
vt 0.684183 0.154577
vt 0.688493 0.128846
vt 0.705148 0.125073
vt 0.628762 0.245959
vt 0.639945 0.243834
vt 0.642567 0.267050
vt 0.633162 0.272106
vt 0.640737 0.216641
vt 0.651607 0.219181
vt 0.612363 0.266618
vt 0.607524 0.252652
vt 0.620925 0.240221
vt 0.705646 0.175173
vt 0.701460 0.170960
vt 0.714997 0.151783
vt 0.716855 0.125376
vt 0.726214 0.124670
vt 0.736667 0.124989
vt 0.957555 0.958658
vt 0.961064 0.960193
vt 0.960253 0.965105
vt 0.956013 0.962520
vt 0.955076 0.953386
vt 0.960157 0.952539
vt 0.950309 0.956924
vt 0.379488 0.876429
vt 0.383832 0.881039
vt 0.367265 0.886379
vt 0.366649 0.877210
vt 0.368422 0.868739
vt 0.384567 0.872107
vt 0.391264 0.876223
vt 0.416502 0.939556
vt 0.409398 0.933909
vt 0.409113 0.921896
vt 0.422663 0.932031
vt 0.686415 0.356015
vt 0.676898 0.360622
vt 0.659584 0.344733
vt 0.675703 0.337376
vt 0.703718 0.370983
vt 0.687158 0.370309
vt 0.702278 0.352753
vt 0.903771 0.761849
vt 0.897211 0.757944
vt 0.898667 0.739910
vt 0.904381 0.740312
vt 0.910130 0.740128
vt 0.910377 0.763628
vt 0.181612 0.968471
vt 0.186503 0.970904
vt 0.186112 0.975854
vt 0.177529 0.974399
vt 0.094990 0.909739
vt 0.094990 0.938690
vt 0.090700 0.927843
vt 0.090960 0.913389
vt 0.039621 0.631522
vt 0.045507 0.636663
vt 0.035480 0.661073
vt 0.030547 0.656226
vt 0.043825 0.963978
vt 0.044966 0.978387
vt 0.038462 0.977180
vt 0.038453 0.963539
vt 0.976090 0.208441
vt 0.976515 0.219019
vt 0.971712 0.223361
vt 0.971712 0.204189
vt 0.033961 0.965150
vt 0.033961 0.975731
vt 0.186503 0.980675
vt 0.180404 0.980546
vt 0.891761 0.762310
vt 0.890884 0.781519
vt 0.885311 0.781102
vt 0.885415 0.761370
vt 0.968776 0.817500
vt 0.966890 0.813494
vt 0.973961 0.806766
vt 0.975804 0.812292
vt 0.974188 0.824491
vt 0.966006 0.828685
vt 0.899736 0.788134
vt 0.902896 0.800188
vt 0.898101 0.803115
vt 0.895845 0.786047
vt 0.966006 0.806833
vt 0.971010 0.802819
vt 0.465578 0.795304
vt 0.462982 0.805659
vt 0.458447 0.803047
vt 0.461276 0.787486
vt 0.953403 0.482087
vt 0.953189 0.470940
vt 0.959383 0.470721
vt 0.959383 0.485336
vt 0.511181 0.999365
vt 0.512852 0.992651
vt 0.522709 0.993272
vt 0.522140 0.998017
vt 0.539153 0.985755
vt 0.543985 0.988352
vt 0.528961 0.983308
vt 0.659751 0.915063
vt 0.665580 0.918656
vt 0.645861 0.937797
vt 0.640869 0.933576
vt 0.962864 0.119231
vt 0.966452 0.104074
vt 0.967962 0.112745
vt 0.967962 0.133476
vt 0.594105 0.966850
vt 0.599059 0.971153
vt 0.576749 0.983909
vt 0.576658 0.977966
vt 0.605626 0.955335
vt 0.615704 0.955590
vt 0.585166 0.968758
vt 0.574805 0.967301
vt 0.603017 0.949075
vt 0.971202 0.093107
vt 0.963982 0.075973
vt 0.968606 0.064533
vt 0.971202 0.066057
vt 0.929399 0.892572
vt 0.917309 0.866105
vt 0.922412 0.864351
vt 0.935389 0.891670
vt 0.906757 0.869206
vt 0.909300 0.887563
vt 0.905227 0.886754
vt 0.898433 0.866537
vt 0.304120 0.892021
vt 0.300232 0.887993
vt 0.299331 0.878090
vt 0.304120 0.873402
vt 0.719835 0.846667
vt 0.723086 0.822250
vt 0.729253 0.824406
vt 0.724926 0.848318
vt 0.948975 0.771888
vt 0.942962 0.773767
vt 0.941321 0.743493
vt 0.945925 0.741517
vt 0.378672 0.973537
vt 0.378672 0.965013
vt 0.382337 0.971903
vt 0.382153 0.978931
vt 0.075152 0.954355
vt 0.069127 0.953688
vt 0.072091 0.948608
vt 0.077488 0.948031
vt 0.945276 0.394820
vt 0.947299 0.383258
vt 0.952153 0.382002
vt 0.951074 0.392422
vt 0.679265 0.847888
vt 0.687588 0.848129
vt 0.679105 0.860053
vt 0.674064 0.858659
vt 0.068485 0.945882
vt 0.062954 0.949350
vt 0.061245 0.941561
vt 0.066534 0.938765
vt 0.966901 0.800009
vt 0.966005 0.792426
vt 0.971883 0.792348
vt 0.971275 0.801549
vt 0.385937 0.978259
vt 0.386613 0.971087
vt 0.721699 0.840791
vt 0.713078 0.841343
vt 0.714825 0.833761
vt 0.720542 0.832358
vt 0.725899 0.833274
vt 0.724072 0.843048
vt 0.705939 0.849710
vt 0.700330 0.848921
vt 0.706547 0.838959
vt 0.382511 0.960505
vt 0.710293 0.832063
vt 0.978506 0.671974
vt 0.970445 0.674536
vt 0.971460 0.656276
vt 0.978506 0.653770
vt 0.708551 0.494544
vt 0.713805 0.475463
vt 0.722540 0.474205
vt 0.720987 0.491802
vt 0.064433 0.921980
vt 0.066450 0.909739
vt 0.072133 0.918050
vt 0.070867 0.926911
vt 0.682577 0.387958
vt 0.679852 0.403372
vt 0.662149 0.398819
vt 0.673381 0.381388
vt 0.694274 0.380064
vt 0.696191 0.402962
vt 0.678107 0.823979
vt 0.673336 0.829035
vt 0.668667 0.820239
vt 0.678066 0.816165
vt 0.683842 0.825488
vt 0.680194 0.833882
vt 0.685350 0.816649
vt 0.077488 0.920227
vt 0.077208 0.928616
vt 0.655875 0.818528
vt 0.666971 0.812044
vt 0.661172 0.825806
vt 0.963749 0.396090
vt 0.970238 0.400053
vt 0.969871 0.413231
vt 0.962919 0.409196
vt 0.724280 0.378212
vt 0.721977 0.400620
vt 0.713659 0.398623
vt 0.727076 0.355294
vt 0.735701 0.363198
vt 0.732183 0.379397
vt 0.729601 0.400814
vt 0.000635 0.968447
vt 0.003713 0.963539
vt 0.008411 0.966241
vt 0.001718 0.973644
vt 0.766686 0.368143
vt 0.748911 0.367160
vt 0.755828 0.357012
vt 0.777056 0.353065
vt 0.772954 0.386116
vt 0.745557 0.380880
vt 0.793707 0.368832
vt 0.749809 0.349700
vt 0.770916 0.447309
vt 0.753658 0.448290
vt 0.755365 0.427040
vt 0.777994 0.434708
vt 0.779441 0.462044
vt 0.757737 0.470348
vt 0.795465 0.450168
vt 0.860942 0.265769
vt 0.872208 0.266882
vt 0.868150 0.278713
vt 0.854410 0.272620
vt 0.856413 0.256946
vt 0.871664 0.253978
vt 0.844665 0.263169
vt 0.404942 0.884130
vt 0.403616 0.881643
vt 0.406757 0.879502
vt 0.407440 0.883366
vt 0.403166 0.888499
vt 0.399924 0.886271
vt 0.406407 0.889529
vt 0.621717 0.611948
vt 0.641532 0.635556
vt 0.635549 0.635830
vt 0.611397 0.606990
vt 0.629952 0.611658
vt 0.646403 0.633559
vt 0.615875 0.599138
vt 0.620343 0.595559
vt 0.606420 0.594224
vt 0.786017 0.731919
vt 0.779170 0.732492
vt 0.775650 0.706675
vt 0.781699 0.705766
vt 0.349796 0.842688
vt 0.351823 0.816208
vt 0.356893 0.816167
vt 0.355256 0.837614
vt 0.965694 0.641821
vt 0.968717 0.635390
vt 0.968717 0.646474
vt 0.967610 0.650675
vt 0.970212 0.024085
vt 0.977837 0.023118
vt 0.977837 0.031640
vt 0.971415 0.029084
vt 0.964938 0.101081
vt 0.963982 0.095741
vt 0.970229 0.094376
vt 0.970229 0.102483
vt 0.536729 0.540910
vt 0.536226 0.546680
vt 0.524090 0.540046
vt 0.526856 0.535453
vt 0.971776 0.880535
vt 0.970994 0.869621
vt 0.976790 0.866590
vt 0.976790 0.885975
vt 0.381898 0.763284
vt 0.384309 0.747399
vt 0.389124 0.747337
vt 0.388481 0.765736
vt 0.524384 0.531821
vt 0.528337 0.527308
vt 0.547244 0.534929
vt 0.542661 0.538655
vt 0.365554 0.852404
vt 0.358806 0.847826
vt 0.360869 0.836487
vt 0.366720 0.836658
vt 0.607269 0.587378
vt 0.785075 0.846807
vt 0.778786 0.848176
vt 0.783921 0.817359
vt 0.789256 0.816631
vt 0.587184 0.585514
vt 0.588221 0.580865
vt 0.671414 0.656900
vt 0.679953 0.671576
vt 0.674387 0.674272
vt 0.663718 0.657976
vt 0.673744 0.652530
vt 0.684579 0.669525
vt 0.651695 0.631117
vt 0.656436 0.628729
vt 0.695913 0.726799
vt 0.700247 0.722605
vt 0.707352 0.740351
vt 0.701600 0.743468
vt 0.695810 0.746648
vt 0.689533 0.727874
vt 0.683553 0.700968
vt 0.688256 0.697795
vt 0.679375 0.704174
vt 0.705277 0.719450
vt 0.713545 0.738790
vt 0.716919 0.759850
vt 0.711837 0.762031
vt 0.707251 0.763736
vt 0.298061 0.874621
vt 0.298061 0.891868
vt 0.288589 0.887979
vt 0.287697 0.873403
vt 0.008411 0.973446
vt 0.003307 0.979017
vt 0.714464 0.826941
vt 0.705810 0.822906
vt 0.705899 0.813644
vt 0.712875 0.815991
vt 0.718827 0.817993
vt 0.721582 0.828138
vt 0.704131 0.830041
vt 0.315735 0.892005
vt 0.312716 0.877584
vt 0.315735 0.873100
vt 0.313884 0.867379
vt 0.171522 0.976243
vt 0.166349 0.977366
vt 0.167164 0.972800
vt 0.172254 0.972254
vt 0.173549 0.979170
vt 0.168177 0.981561
vt 0.176259 0.973729
vt 0.446180 0.976311
vt 0.446180 0.970133
vt 0.450140 0.971431
vt 0.450494 0.975234
vt 0.386586 0.858635
vt 0.385053 0.852614
vt 0.391334 0.851578
vt 0.391714 0.857047
vt 0.967269 0.198131
vt 0.965716 0.201583
vt 0.962864 0.200989
vt 0.962864 0.194785
vt 0.979451 0.126450
vt 0.975317 0.128039
vt 0.975205 0.123000
vt 0.980567 0.121983
vt 0.391714 0.841379
vt 0.391217 0.846015
vt 0.386586 0.846409
vt 0.388267 0.841532
vt 0.951175 0.649162
vt 0.949921 0.652500
vt 0.946854 0.650951
vt 0.947285 0.646911
vt 0.198201 0.381910
vt 0.200281 0.394420
vt 0.183629 0.390498
vt 0.186321 0.384452
vt 0.182661 0.378873
vt 0.188639 0.365124
vt 0.208015 0.364406
vt 0.972784 0.772685
vt 0.966603 0.761261
vt 0.967295 0.755854
vt 0.972675 0.756848
vt 0.211669 0.976425
vt 0.206588 0.977840
vt 0.204609 0.973648
vt 0.211950 0.973079
vt 0.394932 0.967475
vt 0.388687 0.965077
vt 0.390319 0.960505
vt 0.395525 0.961984
vt 0.394423 0.971382
vt 0.387883 0.969286
vt 0.974265 0.738787
vt 0.978251 0.737374
vt 0.978251 0.743518
vt 0.974054 0.742117
vt 0.206645 0.968471
vt 0.211686 0.968471
vt 0.961286 0.102745
vt 0.956581 0.101400
vt 0.956581 0.096532
vt 0.961265 0.097265
vt 0.083851 0.983647
vt 0.080605 0.977756
vt 0.086727 0.976157
vt 0.087750 0.980264
vt 0.067613 0.983647
vt 0.070062 0.978242
vt 0.395525 0.976322
vt 0.388476 0.972766
vt 0.973046 0.339033
vt 0.973616 0.336799
vt 0.978074 0.335641
vt 0.978165 0.339390
vt 0.976979 0.343888
vt 0.969594 0.342991
vt 0.972094 0.711280
vt 0.970647 0.707483
vt 0.976414 0.704753
vt 0.976414 0.711354
vt 0.977784 0.753143
vt 0.978494 0.756394
vt 0.974054 0.757713
vt 0.974054 0.751908
vt 0.355409 0.857647
vt 0.355259 0.853674
vt 0.359180 0.853674
vt 0.358762 0.858622
vt 0.941843 0.643755
vt 0.936951 0.644525
vt 0.936658 0.635270
vt 0.940276 0.634794
vt 0.942346 0.650044
vt 0.938565 0.651552
vt 0.969458 0.128982
vt 0.969231 0.123760
vt 0.480830 0.903086
vt 0.479849 0.894325
vt 0.485626 0.893958
vt 0.486003 0.902243
vt 0.873333 0.965223
vt 0.879501 0.964769
vt 0.879674 0.971512
vt 0.874604 0.971697
vt 0.874099 0.959228
vt 0.878292 0.958264
vt 0.172657 0.968579
vt 0.176259 0.968471
vt 0.954699 0.394160
vt 0.953645 0.389664
vt 0.954099 0.387618
vt 0.958267 0.387250
vt 0.506191 0.903450
vt 0.500957 0.902182
vt 0.501450 0.893761
vt 0.507246 0.894058
vt 0.972751 0.524650
vt 0.966052 0.523210
vt 0.966719 0.519038
vt 0.972571 0.519093
vt 0.969524 0.525906
vt 0.965923 0.525971
vt 0.953645 0.378055
vt 0.956914 0.377968
vt 0.978786 0.104074
vt 0.979995 0.107494
vt 0.974822 0.108776
vt 0.974418 0.104580
vt 0.360450 0.857970
vt 0.360450 0.854162
vt 0.363171 0.853674
vt 0.363155 0.857778
vt 0.365308 0.853838
vt 0.367695 0.853674
vt 0.367695 0.857478
vt 0.364441 0.857571
vt 0.168425 0.969588
vt 0.151234 0.383930
vt 0.142506 0.365213
vt 0.159695 0.365603
vt 0.161836 0.379010
vt 0.984174 0.360118
vt 0.972978 0.356366
vt 0.974650 0.352719
vt 0.981819 0.353071
vt 0.110733 0.477682
vt 0.099888 0.484659
vt 0.093073 0.465373
vt 0.111613 0.462337
vt 0.132949 0.462436
vt 0.125821 0.482405
vt 0.116142 0.497740
vt 0.258373 0.580162
vt 0.247849 0.578098
vt 0.255839 0.564547
vt 0.268616 0.573170
vt 0.259565 0.588746
vt 0.244885 0.588584
vt 0.277245 0.582989
vt 0.323844 0.389661
vt 0.327347 0.388098
vt 0.337661 0.392146
vt 0.332360 0.401771
vt 0.312431 0.379032
vt 0.325618 0.379946
vt 0.314186 0.395850
vt 0.969724 0.856488
vt 0.966655 0.863225
vt 0.962301 0.863216
vt 0.962714 0.859559
vt 0.981856 0.134750
vt 0.982295 0.147996
vt 0.975844 0.147587
vt 0.973988 0.135509
vt 0.310972 0.358034
vt 0.327780 0.362844
vt 0.355069 0.381940
vt 0.379081 0.385198
vt 0.376818 0.400922
vt 0.353830 0.394345
vt 0.340438 0.378304
vt 0.343641 0.364677
vt 0.360043 0.365319
vt 0.982545 0.163145
vt 0.974541 0.157282
vt 0.350333 0.982422
vt 0.343053 0.981552
vt 0.343462 0.975262
vt 0.350543 0.976174
vt 0.944137 0.884668
vt 0.938869 0.885509
vt 0.936658 0.879336
vt 0.940532 0.878194
vt 0.945440 0.888811
vt 0.941610 0.890752
vt 0.356693 0.979997
vt 0.357475 0.975737
vt 0.494350 0.770937
vt 0.494644 0.775321
vt 0.490703 0.775421
vt 0.490703 0.770819
vt 0.950589 0.887563
vt 0.950396 0.891190
vt 0.973875 0.193007
vt 0.974080 0.198027
vt 0.970107 0.196265
vt 0.968801 0.191091
vt 0.783820 0.973202
vt 0.787594 0.970121
vt 0.786367 0.978734
vt 0.782284 0.978025
vt 0.972350 0.202753
vt 0.968801 0.200467
vt 0.792300 0.964353
vt 0.792300 0.977362
vt 0.485007 0.967086
vt 0.487738 0.977878
vt 0.483594 0.976292
vt 0.483594 0.965531
vt 0.972807 0.308154
vt 0.976521 0.304448
vt 0.976521 0.316084
vt 0.976306 0.310350
vt 0.979979 0.795171
vt 0.974716 0.793782
vt 0.973856 0.790646
vt 0.980016 0.791382
vt 0.956581 0.087748
vt 0.957482 0.079683
vt 0.961807 0.078515
vt 0.962712 0.087599
vt 0.978104 0.224631
vt 0.978527 0.230562
vt 0.972339 0.232931
vt 0.973210 0.227792
vt 0.962712 0.095262
vt 0.958174 0.093809
vt 0.442373 0.917013
vt 0.438214 0.917269
vt 0.438487 0.910000
vt 0.443707 0.909106
vt 0.979750 0.503705
vt 0.974046 0.504288
vt 0.974046 0.501180
vt 0.979795 0.497017
vt 0.481130 0.968872
vt 0.475016 0.968669
vt 0.475016 0.961806
vt 0.482325 0.965058
vt 0.972472 0.067617
vt 0.976625 0.064532
vt 0.979354 0.071293
vt 0.973280 0.071772
vt 0.481131 0.972772
vt 0.476097 0.973469
vt 0.480404 0.977628
vt 0.475875 0.977518
vt 0.972472 0.076613
vt 0.980222 0.077416
vt 0.945276 0.106930
vt 0.947414 0.104074
vt 0.952665 0.105258
vt 0.950949 0.110064
vt 0.966972 0.512841
vt 0.965923 0.497465
vt 0.972333 0.497158
vt 0.972776 0.508007
vt 0.323277 0.232386
vt 0.324626 0.219064
vt 0.342031 0.224270
vt 0.340359 0.232206
vt 0.319210 0.246947
vt 0.300439 0.244247
vt 0.304244 0.228733
vt 0.306416 0.212204
vt 0.807695 0.948849
vt 0.803584 0.951929
vt 0.796559 0.949406
vt 0.799969 0.944744
vt 0.466224 0.976143
vt 0.472696 0.976283
vt 0.472041 0.982549
vt 0.465898 0.983220
vt 0.459502 0.984249
vt 0.461426 0.976333
vt 0.463726 0.968571
vt 0.472461 0.970221
vt 0.463114 0.961112
vt 0.473609 0.964218
vt 0.453041 0.965931
vt 0.452107 0.958892
vt 0.978046 0.366651
vt 0.977462 0.381823
vt 0.972482 0.382818
vt 0.972211 0.372579
vt 0.359103 0.235010
vt 0.365626 0.253507
vt 0.347896 0.251199
vt 0.345124 0.241218
vt 0.347491 0.208255
vt 0.367179 0.215175
vt 0.976628 0.703483
vt 0.970647 0.697627
vt 0.970917 0.685197
vt 0.976628 0.683560
vt 0.053939 0.912642
vt 0.052505 0.908313
vt 0.056312 0.907742
vt 0.056691 0.913469
vt 0.498650 0.111009
vt 0.498220 0.114888
vt 0.493010 0.114885
vt 0.494332 0.110029
vt 0.852329 0.528861
vt 0.854537 0.527789
vt 0.853772 0.532826
vt 0.850818 0.532719
vt 0.455262 0.952930
vt 0.457879 0.955170
vt 0.455417 0.957622
vt 0.452516 0.954214
vt 0.452107 0.947855
vt 0.249301 0.057023
vt 0.248916 0.049885
vt 0.260514 0.050162
vt 0.257462 0.059336
vt 0.237915 0.062781
vt 0.233224 0.054051
vt 0.246157 0.072654
vt 0.192010 0.973803
vt 0.193507 0.977173
vt 0.189375 0.978451
vt 0.187773 0.974139
vt 0.193854 0.969293
vt 0.197234 0.972415
vt 0.187773 0.968471
vt 0.840973 0.947546
vt 0.838363 0.952403
vt 0.833184 0.945739
vt 0.838596 0.944744
vt 0.846626 0.947956
vt 0.844748 0.953237
vt 0.975747 0.425603
vt 0.971507 0.422396
vt 0.972726 0.416713
vt 0.975747 0.417557
vt 0.973856 0.784682
vt 0.974752 0.776568
vt 0.978196 0.775367
vt 0.978837 0.784682
vt 0.471270 0.639803
vt 0.472130 0.646895
vt 0.466796 0.647196
vt 0.467020 0.641926
vt 0.475465 0.640391
vt 0.476656 0.646621
vt 0.466708 0.637730
vt 0.468427 0.634584
vt 0.460997 0.640825
vt 0.462916 0.634871
vt 0.970445 0.650735
vt 0.970445 0.644046
vt 0.975425 0.645082
vt 0.975999 0.652500
vt 0.506827 0.636947
vt 0.502681 0.640598
vt 0.498929 0.636160
vt 0.502075 0.631522
vt 0.977507 0.054643
vt 0.977050 0.063263
vt 0.972258 0.061658
vt 0.972032 0.056546
vt 0.952444 0.620201
vt 0.958293 0.620640
vt 0.958549 0.629327
vt 0.952985 0.628851
vt 0.955154 0.610842
vt 0.955448 0.609541
vt 0.154988 0.241607
vt 0.165510 0.240976
vt 0.161736 0.251581
vt 0.141032 0.251962
vt 0.964733 0.630293
vt 0.964433 0.621305
vt 0.969678 0.623742
vt 0.969083 0.634120
vt 0.144630 0.233984
vt 0.157006 0.236826
vt 0.134752 0.213827
vt 0.154981 0.209002
vt 0.160552 0.225967
vt 0.162830 0.232384
vt 0.848553 0.955702
vt 0.848211 0.960735
vt 0.840269 0.961861
vt 0.089825 0.969043
vt 0.093588 0.967801
vt 0.094882 0.978272
vt 0.089582 0.978272
vt 0.830951 0.961571
vt 0.831018 0.965981
vt 0.823372 0.967024
vt 0.824330 0.958465
vt 0.825790 0.955149
vt 0.831155 0.959050
vt 0.952539 0.603803
vt 0.961030 0.603641
vt 0.963434 0.609607
vt 0.978119 0.038458
vt 0.977558 0.044554
vt 0.970279 0.038680
vt 0.970135 0.033629
vt 0.216649 0.157483
vt 0.213584 0.192791
vt 0.192273 0.197789
vt 0.190855 0.169603
vt 0.181809 0.140629
vt 0.199272 0.125993
vt 0.233438 0.127997
vt 0.250699 0.140711
vt 0.240137 0.167057
vt 0.233881 0.193665
vt 0.446912 0.948776
vt 0.449616 0.948375
vt 0.449809 0.954865
vt 0.446180 0.954482
vt 0.280445 0.886360
vt 0.279979 0.881836
vt 0.283055 0.881444
vt 0.283404 0.886773
vt 0.010770 0.111502
vt 0.014560 0.110808
vt 0.016163 0.116293
vt 0.011256 0.116079
vt 0.877332 0.529765
vt 0.878345 0.534382
vt 0.874686 0.534001
vt 0.874868 0.528204
vt 0.960586 0.528501
vt 0.963248 0.527308
vt 0.963704 0.530778
vt 0.960005 0.531659
vt 0.966879 0.530613
vt 0.967046 0.535154
vt 0.962977 0.535531
vt 0.958902 0.537186
vt 0.285844 0.881647
vt 0.285571 0.886377
vt 0.020420 0.111441
vt 0.019336 0.107657
vt 0.025181 0.106970
vt 0.026664 0.111522
vt 0.028579 0.116920
vt 0.021939 0.116644
vt 0.030685 0.123029
vt 0.024001 0.122793
vt 0.018313 0.122628
vt 0.026555 0.130299
vt 0.020666 0.129971
vt 0.015331 0.129645
vt 0.013231 0.122460
vt 0.010678 0.129546
vt 0.009425 0.122251
vt 0.879674 0.540774
vt 0.875934 0.540494
vt 0.877362 0.547828
vt 0.872742 0.547715
vt 0.871709 0.540278
vt 0.871250 0.533727
vt 0.449710 0.961395
vt 0.449655 0.968789
vt 0.446522 0.968863
vt 0.446180 0.961265
vt 0.868902 0.547801
vt 0.874295 0.558339
vt 0.869681 0.558192
vt 0.094235 0.939998
vt 0.094882 0.950441
vt 0.090737 0.950113
vt 0.090700 0.939960
vt 0.202307 0.893506
vt 0.200303 0.890180
vt 0.368018 0.631522
vt 0.369223 0.641622
vt 0.364449 0.641514
vt 0.364007 0.631733
vt 0.974225 0.475383
vt 0.970767 0.474935
vt 0.969587 0.484666
vt 0.965874 0.483959
vt 0.966695 0.474526
vt 0.967310 0.467309
vt 0.962876 0.474778
vt 0.962027 0.468371
vt 0.961698 0.483312
vt 0.355168 0.641671
vt 0.359930 0.641520
vt 0.360948 0.656716
vt 0.355959 0.656584
vt 0.350379 0.656458
vt 0.349796 0.641698
vt 0.351890 0.634486
vt 0.357856 0.633051
vt 0.357942 0.677487
vt 0.352467 0.677371
vt 0.747244 0.549771
vt 0.753801 0.569751
vt 0.748480 0.570520
vt 0.742040 0.550695
vt 0.742983 0.571163
vt 0.736956 0.551617
vt 0.168289 0.881446
vt 0.166349 0.877177
vt 0.873764 0.907191
vt 0.873660 0.927689
vt 0.868745 0.926564
vt 0.869548 0.906540
vt 0.260884 0.846284
vt 0.257227 0.842999
vt 0.450837 0.927166
vt 0.450709 0.947105
vt 0.446180 0.946369
vt 0.446180 0.926988
vt 0.446262 0.915832
vt 0.449925 0.915026
vt 0.252702 0.840871
vt 0.248604 0.837523
vt 0.243273 0.854062
vt 0.239198 0.850343
vt 0.939083 0.131371
vt 0.932416 0.129756
vt 0.932059 0.111241
vt 0.938897 0.112405
vt 0.232313 0.871026
vt 0.227935 0.867831
vt 0.941146 0.155207
vt 0.935294 0.154598
vt 0.943195 0.180579
vt 0.937515 0.180368
vt 0.930570 0.180695
vt 0.920894 0.181489
vt 0.938857 0.205152
vt 0.932176 0.205635
vt 0.923472 0.206318
vt 0.907422 0.208160
vt 0.903039 0.184380
vt 0.931964 0.230107
vt 0.923867 0.231397
vt 0.909889 0.232685
vt 0.888637 0.234605
vt 0.885304 0.212290
vt 0.924180 0.253581
vt 0.910933 0.254265
vt 0.890302 0.253832
vt 0.868418 0.238466
vt 0.911208 0.268604
vt 0.890438 0.267966
vt 0.908104 0.286394
vt 0.887191 0.283042
vt 0.900401 0.311293
vt 0.880032 0.303811
vt 0.860669 0.294462
vt 0.844761 0.282885
vt 0.869480 0.325488
vt 0.850484 0.312958
vt 0.833476 0.298299
vt 0.821838 0.287067
vt 0.834424 0.272208
vt 0.836715 0.332444
vt 0.820910 0.317900
vt 0.808128 0.305720
vt 0.800337 0.298824
vt 0.814019 0.278488
vt 0.802513 0.336146
vt 0.790973 0.322535
vt 0.785410 0.316195
vt 0.781087 0.311404
vt 0.794535 0.294595
vt 0.771018 0.338245
vt 0.767679 0.330405
vt 0.764940 0.324817
vt 0.762699 0.320726
vt 0.777709 0.307819
vt 0.747779 0.340876
vt 0.746451 0.334964
vt 0.745203 0.329372
vt 0.743859 0.324850
vt 0.760464 0.316942
vt 0.725036 0.340187
vt 0.725346 0.332983
vt 0.725068 0.327774
vt 0.375632 0.955207
vt 0.377714 0.951043
vt 0.393071 0.954991
vt 0.391741 0.959235
vt 0.702874 0.330616
vt 0.704144 0.325027
vt 0.358515 0.945448
vt 0.361801 0.941485
vt 0.364948 0.937897
vt 0.379598 0.946953
vt 0.344271 0.930725
vt 0.348411 0.927628
vt 0.352529 0.924501
vt 0.357133 0.920869
vt 0.368538 0.932687
vt 0.338610 0.911632
vt 0.342641 0.909448
vt 0.348338 0.906940
vt 0.355814 0.903175
vt 0.363720 0.916318
vt 0.337009 0.892926
vt 0.343746 0.891818
vt 0.351093 0.889689
vt 0.370411 0.895689
vt 0.341823 0.877138
vt 0.350378 0.876577
vt 0.431248 0.960393
vt 0.427368 0.946423
vt 0.441723 0.942975
vt 0.444326 0.953018
vt 0.343977 0.863393
vt 0.352946 0.864747
vt 0.427338 0.932049
vt 0.441652 0.932689
vt 0.907229 0.976206
vt 0.898046 0.976309
vt 0.899941 0.962935
vt 0.908692 0.964447
vt 0.430840 0.918539
vt 0.444326 0.923637
vt 0.924488 0.966076
vt 0.941374 0.969693
vt 0.939824 0.974533
vt 0.922991 0.973884
vt 0.913002 0.952296
vt 0.927977 0.958043
vt 0.943374 0.965182
vt 0.952116 0.969833
vt 0.950300 0.973323
vt 0.933268 0.950584
vt 0.946473 0.960801
vt 0.953892 0.966251
vt 0.958677 0.969039
vt 0.956938 0.972515
vt 0.401846 0.873166
vt 0.404752 0.876125
vt 0.401399 0.879056
vt 0.398781 0.875928
vt 0.954923 0.975889
vt 0.962591 0.970940
vt 0.960735 0.974760
vt 0.097061 0.907776
vt 0.101306 0.909093
vt 0.100227 0.913098
vt 0.096389 0.912159
vt 0.963754 0.966571
vt 0.098533 0.903905
vt 0.102145 0.905206
vt 0.225590 0.896565
vt 0.224696 0.901017
vt 0.220958 0.901231
vt 0.221227 0.896474
vt 0.226586 0.893399
vt 0.231815 0.894111
vt 0.230564 0.897156
vt 0.239771 0.894723
vt 0.237923 0.898856
vt 0.255438 0.895816
vt 0.253074 0.903250
vt 0.274524 0.896772
vt 0.270809 0.908795
vt 0.263431 0.920501
vt 0.200475 0.965059
vt 0.202161 0.950895
vt 0.211932 0.949973
vt 0.210003 0.967201
vt 0.272065 0.925721
vt 0.259618 0.938769
vt 0.253311 0.930440
vt 0.246342 0.948760
vt 0.241721 0.936785
vt 0.138325 0.905112
vt 0.150627 0.904269
vt 0.150642 0.920008
vt 0.136974 0.916938
vt 0.231024 0.939680
vt 0.226569 0.921270
vt 0.224479 0.907974
vt 0.221655 0.940018
vt 0.220996 0.920867
vt 0.220965 0.908078
vt 0.110093 0.913979
vt 0.119296 0.919414
vt 0.115131 0.923959
vt 0.107847 0.917338
vt 0.103698 0.914135
vt 0.105162 0.911064
vt 0.132917 0.927169
vt 0.127196 0.935180
vt 0.403662 0.901128
vt 0.398769 0.920614
vt 0.390237 0.917584
vt 0.398789 0.898798
vt 0.382513 0.912245
vt 0.393999 0.895435
vt 0.375765 0.904709
vt 0.389907 0.891253
vt 0.397308 0.883445
vt 0.386554 0.886457
vt 0.394659 0.880069
vt 0.395173 0.872560
vt 0.373395 0.925848
vt 0.384790 0.933241
vt 0.381559 0.941084
vt 0.396407 0.936722
vt 0.394696 0.944813
vt 0.131487 0.960208
vt 0.143257 0.949762
vt 0.147685 0.953490
vt 0.134679 0.965063
vt 0.117967 0.972543
vt 0.116365 0.966672
vt 0.151461 0.936324
vt 0.156357 0.938664
vt 0.159469 0.940210
vt 0.150122 0.955346
vt 0.394086 0.951091
vt 0.221393 0.973596
vt 0.220958 0.969222
vt 0.235001 0.965629
vt 0.236116 0.970386
vt 0.237721 0.974561
vt 0.222311 0.977723
vt 0.407440 0.954308
vt 0.406556 0.958217
vt 0.252163 0.963574
vt 0.253879 0.967663
vt 0.774541 0.304708
vt 0.785309 0.289094
vt 0.789763 0.291946
vt 0.794160 0.267390
vt 0.789903 0.266748
vt 0.792392 0.241482
vt 0.273379 0.955663
vt 0.270413 0.952306
vt 0.289152 0.935093
vt 0.284310 0.932445
vt 0.294023 0.915250
vt 0.298846 0.916355
vt 0.785652 0.220855
vt 0.267621 0.948831
vt 0.264040 0.944272
vt 0.279215 0.929629
vt 0.250526 0.959583
vt 0.248843 0.954646
vt 0.156063 0.904056
vt 0.161102 0.903905
vt 0.160202 0.922022
vt 0.155319 0.921033
vt 0.234404 0.960479
vt 0.232788 0.954520
vt 0.221377 0.963437
vt 0.221068 0.955790
vt 0.145698 0.933467
vt 0.138065 0.945087
vt 0.280759 0.911296
vt 0.287910 0.913065
vt 0.218527 0.949099
vt 0.208132 0.933309
vt 0.214534 0.930786
vt 0.292909 0.897203
vt 0.298345 0.898807
vt 0.198078 0.916844
vt 0.202745 0.911429
vt 0.969195 0.552055
vt 0.968316 0.529570
vt 0.974024 0.527308
vt 0.974024 0.552939
vt 0.182629 0.905337
vt 0.184744 0.898261
vt 0.949729 0.899918
vt 0.931022 0.906565
vt 0.926470 0.899824
vt 0.946145 0.893842
vt 0.166349 0.901354
vt 0.167090 0.894775
vt 0.917996 0.918349
vt 0.912725 0.913241
vt 0.906954 0.932054
vt 0.902662 0.929223
vt 0.708368 0.190529
vt 0.692032 0.199700
vt 0.689614 0.195823
vt 0.707717 0.184073
vt 0.687289 0.190716
vt 0.675534 0.208632
vt 0.671577 0.205002
vt 0.666711 0.200197
vt 0.683763 0.185787
vt 0.660492 0.193785
vt 0.677525 0.178784
vt 0.649161 0.181414
vt 0.665965 0.166455
vt 0.634463 0.165815
vt 0.650346 0.150003
vt 0.668489 0.137693
vt 0.633865 0.132484
vt 0.653410 0.119131
vt 0.674990 0.109001
vt 0.639340 0.100131
vt 0.662334 0.089298
vt 0.684170 0.080994
vt 0.694626 0.103125
vt 0.705968 0.075624
vt 0.712477 0.099628
vt 0.724464 0.074022
vt 0.725522 0.098148
vt 0.735534 0.073614
vt 0.735474 0.097875
vt 0.746012 0.074608
vt 0.744987 0.098464
vt 0.744476 0.122062
vt 0.758200 0.100241
vt 0.965464 0.894439
vt 0.975025 0.893842
vt 0.972657 0.915191
vt 0.965493 0.921001
vt 0.763758 0.077343
vt 0.785317 0.084366
vt 0.775892 0.105345
vt 0.806469 0.094428
vt 0.795395 0.114073
vt 0.827248 0.106852
vt 0.812753 0.125796
vt 0.795723 0.144004
vt 0.777905 0.159179
vt 0.828181 0.139952
vt 0.808081 0.156681
vt 0.787707 0.170852
vt 0.771306 0.179119
vt 0.764631 0.168564
vt 0.819727 0.171875
vt 0.799646 0.185804
vt 0.785474 0.195709
vt 0.829846 0.190287
vt 0.841199 0.157100
vt 0.851145 0.177624
vt 0.858388 0.199358
vt 0.873528 0.166646
vt 0.880529 0.190178
vt 0.863732 0.218788
vt 0.862757 0.142796
vt 0.846285 0.122390
vt 0.840057 0.087573
vt 0.818184 0.074828
vt 0.827655 0.058707
vt 0.850082 0.071709
vt 0.832609 0.050036
vt 0.854963 0.063346
vt 0.878517 0.079835
vt 0.858181 0.057659
vt 0.881002 0.073203
vt 0.904357 0.087880
vt 0.882859 0.068155
vt 0.905767 0.082504
vt 0.924999 0.092436
vt 0.923506 0.098846
vt 0.252224 0.813830
vt 0.248088 0.792895
vt 0.252644 0.790156
vt 0.256623 0.811472
vt 0.257929 0.787801
vt 0.261385 0.809250
vt 0.262630 0.785489
vt 0.265892 0.806483
vt 0.184367 0.840527
vt 0.185104 0.819115
vt 0.189277 0.817890
vt 0.188891 0.838809
vt 0.193874 0.816864
vt 0.193396 0.837325
vt 0.958559 0.525971
vt 0.952697 0.525279
vt 0.957085 0.513180
vt 0.962378 0.513965
vt 0.194040 0.852914
vt 0.198566 0.836047
vt 0.199229 0.852159
vt 0.952130 0.511081
vt 0.954555 0.501333
vt 0.959691 0.502987
vt 0.964653 0.505585
vt 0.964653 0.495858
vt 0.202172 0.862067
vt 0.204625 0.851109
vt 0.206461 0.861703
vt 0.949570 0.499780
vt 0.950383 0.492661
vt 0.945276 0.497836
vt 0.946663 0.491737
vt 0.948413 0.486606
vt 0.951672 0.486849
vt 0.778216 0.964877
vt 0.774072 0.971035
vt 0.774047 0.964353
vt 0.212448 0.868009
vt 0.211158 0.860970
vt 0.215640 0.860355
vt 0.216541 0.867587
vt 0.279681 0.870596
vt 0.279757 0.863373
vt 0.283981 0.863184
vt 0.283549 0.870459
vt 0.283207 0.876134
vt 0.279761 0.876593
vt 0.966993 0.540064
vt 0.966897 0.546402
vt 0.961958 0.547401
vt 0.962404 0.540626
vt 0.967046 0.556010
vt 0.962141 0.557722
vt 0.032866 0.106087
vt 0.044668 0.104054
vt 0.046626 0.109094
vt 0.034483 0.111021
vt 0.048921 0.114613
vt 0.036563 0.116632
vt 0.051550 0.120438
vt 0.038941 0.122788
vt 0.054808 0.127331
vt 0.041493 0.129866
vt 0.033054 0.130386
vt 0.044004 0.140588
vt 0.035614 0.141026
vt 0.028936 0.140599
vt 0.038330 0.158852
vt 0.031582 0.158390
vt 0.025750 0.157946
vt 0.023112 0.140169
vt 0.020171 0.157508
vt 0.017635 0.140041
vt 0.014835 0.157095
vt 0.012590 0.140073
vt 0.009796 0.156653
vt 0.008735 0.140143
vt 0.878628 0.558368
vt 0.016887 0.177615
vt 0.011306 0.176979
vt 0.875811 0.574905
vt 0.876741 0.595248
vt 0.872072 0.594577
vt 0.870776 0.574310
vt 0.867009 0.593990
vt 0.867622 0.573753
vt 0.094596 0.966531
vt 0.090700 0.965772
vt 0.370993 0.657208
vt 0.373554 0.677424
vt 0.368995 0.677455
vt 0.366016 0.656905
vt 0.363493 0.677529
vt 0.372873 0.699472
vt 0.367507 0.700801
vt 0.361786 0.701674
vt 0.372036 0.722677
vt 0.356150 0.702186
vt 0.353964 0.724960
vt 0.350685 0.701999
vt 0.761999 0.593373
vt 0.756903 0.594277
vt 0.764487 0.616135
vt 0.758447 0.617338
vt 0.750798 0.594210
vt 0.873764 0.952035
vt 0.868727 0.950682
vt 0.752804 0.617741
vt 0.746254 0.594399
vt 0.225274 0.892129
vt 0.220958 0.888502
vt 0.236802 0.874454
vt 0.764644 0.637825
vt 0.759262 0.639383
vt 0.400089 0.631522
vt 0.405188 0.653589
vt 0.400054 0.654764
vt 0.395319 0.631991
vt 0.958775 0.353080
vt 0.953645 0.353569
vt 0.953662 0.329633
vt 0.958727 0.329974
vt 0.409446 0.674678
vt 0.404094 0.676859
vt 0.958469 0.375438
vt 0.954084 0.376698
vt 0.944006 0.227749
vt 0.938840 0.229037
vt 0.943843 0.204598
vt 0.485971 0.907289
vt 0.491192 0.904720
vt 0.493822 0.923663
vt 0.488557 0.925418
vt 0.943469 0.249896
vt 0.938878 0.251027
vt 0.932607 0.252449
vt 0.483594 0.926879
vt 0.489426 0.943600
vt 0.483906 0.944162
vt 0.937377 0.270795
vt 0.932302 0.270056
vt 0.924426 0.268883
vt 0.934045 0.294306
vt 0.928475 0.291991
vt 0.921130 0.289464
vt 0.922792 0.319475
vt 0.914918 0.316616
vt 0.913820 0.346048
vt 0.904981 0.342751
vt 0.889283 0.335862
vt 0.892116 0.368700
vt 0.875081 0.359869
vt 0.855286 0.347146
vt 0.858407 0.382550
vt 0.837763 0.367652
vt 0.817646 0.351277
vt 0.818151 0.386235
vt 0.840489 0.402806
vt 0.823243 0.420238
vt 0.800018 0.403244
vt 0.809129 0.435554
vt 0.787505 0.419270
vt 0.761942 0.407409
vt 0.737673 0.425210
vt 0.741063 0.401682
vt 0.726914 0.424943
vt 0.735675 0.449676
vt 0.724016 0.450294
vt 0.716745 0.451707
vt 0.719653 0.425072
vt 0.709910 0.452000
vt 0.712171 0.425411
vt 0.977466 0.164415
vt 0.977466 0.188930
vt 0.968801 0.189821
vt 0.970357 0.166057
vt 0.705759 0.426039
vt 0.706231 0.401279
vt 0.409113 0.957484
vt 0.416364 0.959774
vt 0.693229 0.426913
vt 0.703828 0.379885
vt 0.702142 0.451627
vt 0.688726 0.451573
vt 0.666847 0.448620
vt 0.674476 0.425649
vt 0.641647 0.439844
vt 0.652510 0.419841
vt 0.617130 0.426630
vt 0.630847 0.408428
vt 0.644468 0.389580
vt 0.659997 0.372494
vt 0.609755 0.392930
vt 0.626082 0.375723
vt 0.643021 0.359053
vt 0.608373 0.358642
vt 0.626129 0.342587
vt 0.642412 0.326977
vt 0.656719 0.313766
vt 0.611354 0.323693
vt 0.628894 0.307949
vt 0.643727 0.293217
vt 0.651581 0.288344
vt 0.663321 0.307808
vt 0.619481 0.288282
vt 0.600104 0.303581
vt 0.591522 0.282441
vt 0.579684 0.315932
vt 0.569417 0.292805
vt 0.561926 0.269340
vt 0.584570 0.263541
vt 0.557446 0.253564
vt 0.580453 0.251073
vt 0.604552 0.242292
vt 0.623132 0.229866
vt 0.577488 0.239522
vt 0.599773 0.231831
vt 0.617288 0.219917
vt 0.555179 0.241055
vt 0.553584 0.224531
vt 0.535324 0.239103
vt 0.535097 0.221897
vt 0.535713 0.195140
vt 0.552324 0.199008
vt 0.539715 0.164479
vt 0.556791 0.170493
vt 0.548394 0.133269
vt 0.565832 0.142587
vt 0.586091 0.155396
vt 0.604541 0.170028
vt 0.580165 0.116869
vt 0.599468 0.132906
vt 0.617767 0.149358
vt 0.620284 0.185621
vt 0.617465 0.114507
vt 0.601633 0.096318
vt 0.626105 0.080688
vt 0.588395 0.080049
vt 0.615279 0.064032
vt 0.640418 0.052570
vt 0.650155 0.069496
vt 0.663686 0.043349
vt 0.673141 0.060552
vt 0.688896 0.035985
vt 0.697684 0.053787
vt 0.658077 0.033805
vt 0.681359 0.025826
vt 0.705936 0.019839
vt 0.653462 0.027624
vt 0.676533 0.019514
vt 0.700516 0.011965
vt 0.673184 0.014218
vt 0.697133 0.006649
vt 0.713116 0.003170
vt 0.715912 0.009693
vt 0.718430 0.016721
vt 0.721079 0.000635
vt 0.724272 0.008817
vt 0.730752 0.017860
vt 0.963445 0.663484
vt 0.962104 0.677144
vt 0.956455 0.677336
vt 0.962770 0.655923
vt 0.962091 0.697595
vt 0.956740 0.697851
vt 0.950870 0.697573
vt 0.950245 0.677412
vt 0.122579 0.707484
vt 0.120492 0.732044
vt 0.114903 0.732884
vt 0.116305 0.708228
vt 0.344104 0.679781
vt 0.344611 0.704373
vt 0.338823 0.705415
vt 0.337814 0.680997
vt 0.336916 0.661514
vt 0.343865 0.662000
vt 0.311137 0.671730
vt 0.310885 0.691254
vt 0.305184 0.692239
vt 0.304420 0.671262
vt 0.304162 0.657183
vt 0.311446 0.659600
vt 0.336910 0.649394
vt 0.345125 0.651408
vt 0.330447 0.646957
vt 0.332760 0.637944
vt 0.340059 0.642309
vt 0.348526 0.644268
vt 0.111458 0.670776
vt 0.298651 0.671339
vt 0.325281 0.644471
vt 0.326727 0.631522
vt 0.299540 0.693061
vt 0.293869 0.694350
vt 0.292959 0.671846
vt 0.288333 0.695379
vt 0.287718 0.673367
vt 0.287697 0.650638
vt 0.497276 0.631522
vt 0.497041 0.653542
vt 0.492548 0.654355
vt 0.493509 0.632600
vt 0.059824 0.696553
vt 0.055707 0.697825
vt 0.053967 0.675060
vt 0.059059 0.673878
vt 0.050470 0.698629
vt 0.049337 0.676649
vt 0.283824 0.009252
vt 0.283612 0.013567
vt 0.262076 0.006502
vt 0.262765 0.000635
vt 0.052224 0.652337
vt 0.058945 0.652253
vt 0.241283 0.008478
vt 0.240662 0.003394
vt 0.046777 0.633207
vt 0.051704 0.631522
vt 0.496447 0.922807
vt 0.503332 0.922177
vt 0.279563 0.631522
vt 0.283907 0.631900
vt 0.283582 0.656088
vt 0.279395 0.655315
vt 0.503489 0.904719
vt 0.507548 0.906470
vt 0.216235 0.651928
vt 0.211108 0.652249
vt 0.212294 0.635326
vt 0.214630 0.631522
vt 0.219688 0.652352
vt 0.219651 0.675110
vt 0.215111 0.673921
vt 0.209642 0.672653
vt 0.204062 0.671876
vt 0.205836 0.652716
vt 0.213911 0.698911
vt 0.208340 0.697796
vt 0.202992 0.696821
vt 0.197395 0.696217
vt 0.198377 0.671603
vt 0.207558 0.724187
vt 0.203383 0.723097
vt 0.196985 0.721960
vt 0.970181 0.733725
vt 0.964715 0.734430
vt 0.964715 0.712642
vt 0.970513 0.712894
vt 0.957632 0.527981
vt 0.957229 0.552274
vt 0.952445 0.551609
vt 0.952628 0.527308
vt 0.474175 0.838310
vt 0.468781 0.838074
vt 0.468533 0.813596
vt 0.473915 0.814001
vt 0.957500 0.575394
vt 0.953515 0.575836
vt 0.473330 0.862629
vt 0.468195 0.862791
vt 0.252052 0.737362
vt 0.246392 0.738459
vt 0.243151 0.713672
vt 0.249080 0.712915
vt 0.472242 0.887554
vt 0.467144 0.888490
vt 0.254948 0.762851
vt 0.249027 0.764477
vt 0.243882 0.766300
vt 0.241171 0.739608
vt 0.860881 0.052662
vt 0.836180 0.044011
vt 0.839440 0.038688
vt 0.237658 0.714344
vt 0.814336 0.031533
vt 0.817861 0.026073
vt 0.233374 0.689888
vt 0.239188 0.689329
vt 0.227387 0.664858
vt 0.234098 0.664158
vt 0.240470 0.663434
vt 0.245341 0.688857
vt 0.229870 0.643406
vt 0.235827 0.641958
vt 0.953482 0.888977
vt 0.951969 0.871254
vt 0.958317 0.870280
vt 0.958801 0.889731
vt 0.466848 0.787486
vt 0.471668 0.788197
vt 0.951858 0.859532
vt 0.958801 0.856488
vt 0.192968 0.672355
vt 0.194058 0.655724
vt 0.200281 0.653319
vt 0.192920 0.695234
vt 0.318824 0.914774
vt 0.317523 0.921566
vt 0.307383 0.915326
vt 0.308786 0.908158
vt 0.309598 0.902058
vt 0.320403 0.909372
vt 0.300945 0.900643
vt 0.300115 0.893399
vt 0.967683 0.334255
vt 0.970452 0.331067
vt 0.208115 0.638828
vt 0.976845 0.930255
vt 0.975635 0.938522
vt 0.965464 0.929192
vt 0.965622 0.922271
vt 0.963222 0.326638
vt 0.960045 0.313168
vt 0.112032 0.634276
vt 0.122422 0.631522
vt 0.432880 0.963079
vt 0.440131 0.961663
vt 0.429854 0.976890
vt 0.427338 0.969698
vt 0.314578 0.928042
vt 0.307193 0.923744
vt 0.314003 0.934508
vt 0.307831 0.931554
vt 0.978016 0.240079
vt 0.978016 0.253961
vt 0.971712 0.253978
vt 0.971723 0.241833
vt 0.316895 0.939492
vt 0.309374 0.939654
vt 0.228333 0.631522
vt 0.222556 0.644045
vt 0.220958 0.633515
vt 0.774717 0.005418
vt 0.770589 0.012133
vt 0.760501 0.008556
vt 0.764894 0.000635
vt 0.794392 0.014686
vt 0.790425 0.020194
vt 0.785458 0.027167
vt 0.810484 0.037905
vt 0.805080 0.047253
vt 0.779980 0.038164
vt 0.771162 0.055303
vt 0.795870 0.063860
vt 0.317157 0.947553
vt 0.308852 0.947337
vt 0.978342 0.000635
vt 0.977952 0.011485
vt 0.970223 0.011072
vt 0.970212 0.000794
vt 0.302532 0.948457
vt 0.301813 0.938288
vt 0.146754 0.648703
vt 0.156304 0.652347
vt 0.149809 0.658546
vt 0.141252 0.654370
vt 0.302117 0.929207
vt 0.155284 0.665727
vt 0.161753 0.661229
vt 0.157154 0.673049
vt 0.147224 0.677568
vt 0.165079 0.669702
vt 0.968103 0.345846
vt 0.963096 0.343375
vt 0.963968 0.335628
vt 0.968325 0.335525
vt 0.974880 0.021848
vt 0.970212 0.020205
vt 0.471677 0.912324
vt 0.466848 0.913756
vt 0.953070 0.600690
vt 0.957632 0.599610
vt 0.970948 0.623057
vt 0.976271 0.623314
vt 0.975978 0.641869
vt 0.970948 0.642652
vt 0.205328 0.746748
vt 0.219009 0.699729
vt 0.277510 0.702734
vt 0.278408 0.678091
vt 0.283123 0.678851
vt 0.282466 0.703403
vt 0.482172 0.941880
vt 0.481345 0.960119
vt 0.476258 0.960536
vt 0.476574 0.941828
vt 0.476510 0.923138
vt 0.482325 0.922723
vt 0.152982 0.045605
vt 0.175800 0.035322
vt 0.177369 0.040550
vt 0.154995 0.050681
vt 0.133888 0.061006
vt 0.130964 0.056042
vt 0.476258 0.905240
vt 0.481652 0.904720
vt 0.114457 0.072495
vt 0.111249 0.067838
vt 0.286427 0.753553
vt 0.286427 0.776450
vt 0.096680 0.083149
vt 0.093980 0.078523
vt 0.286116 0.796665
vt 0.281858 0.796935
vt 0.277620 0.796844
vt 0.285906 0.816955
vt 0.281455 0.817494
vt 0.277675 0.818058
vt 0.210574 0.814947
vt 0.204798 0.815457
vt 0.207196 0.793209
vt 0.212755 0.793760
vt 0.213968 0.814485
vt 0.213762 0.833218
vt 0.209496 0.834038
vt 0.203970 0.834991
vt 0.199216 0.816084
vt 0.209985 0.850212
vt 0.214510 0.849221
vt 0.279954 0.852249
vt 0.280486 0.836246
vt 0.285168 0.835654
vt 0.284545 0.851884
vt 0.058737 0.095183
vt 0.075816 0.087558
vt 0.078514 0.092085
vt 0.061143 0.099239
vt 0.043252 0.100454
vt 0.081451 0.097196
vt 0.063895 0.104192
vt 0.084413 0.102432
vt 0.066785 0.109497
vt 0.087676 0.107935
vt 0.069787 0.115120
vt 0.092706 0.115978
vt 0.073584 0.122386
vt 0.100196 0.127605
vt 0.079422 0.134341
vt 0.059205 0.138665
vt 0.087686 0.152997
vt 0.064892 0.156990
vt 0.047398 0.158935
vt 0.070548 0.177826
vt 0.052289 0.179660
vt 0.041623 0.179916
vt 0.056602 0.199537
vt 0.045613 0.200054
vt 0.038817 0.200600
vt 0.034973 0.179613
vt 0.031361 0.199911
vt 0.028689 0.178949
vt 0.024575 0.199252
vt 0.022691 0.178269
vt 0.018350 0.198728
vt 0.025500 0.220215
vt 0.018869 0.219861
vt 0.012486 0.219493
vt 0.012281 0.198268
vt 0.006463 0.219254
vt 0.006620 0.197826
vt 0.006823 0.176405
vt 0.873080 0.616071
vt 0.872996 0.637516
vt 0.867664 0.637263
vt 0.867567 0.615722
vt 0.865264 0.928972
vt 0.864552 0.950563
vt 0.861037 0.950555
vt 0.860671 0.928757
vt 0.860671 0.906540
vt 0.865417 0.907142
vt 0.862476 0.637456
vt 0.867672 0.658426
vt 0.862340 0.657922
vt 0.387119 0.631522
vt 0.390736 0.651801
vt 0.376918 0.721025
vt 0.867079 0.681276
vt 0.861775 0.680729
vt 0.392299 0.674559
vt 0.387818 0.673454
vt 0.393538 0.699490
vt 0.388369 0.698820
vt 0.375917 0.762943
vt 0.375808 0.788306
vt 0.370064 0.787731
vt 0.369773 0.761398
vt 0.376112 0.740591
vt 0.364095 0.787978
vt 0.973727 0.452403
vt 0.970119 0.451572
vt 0.969158 0.433091
vt 0.973727 0.426873
vt 0.368677 0.815180
vt 0.362693 0.815563
vt 0.358167 0.788534
vt 0.352633 0.789204
vt 0.776432 0.679280
vt 0.771267 0.682666
vt 0.765635 0.659945
vt 0.770682 0.655434
vt 0.412468 0.697884
vt 0.407289 0.699326
vt 0.414083 0.722259
vt 0.409006 0.722090
vt 0.494971 0.942622
vt 0.414470 0.748377
vt 0.409086 0.747919
vt 0.494566 0.963665
vt 0.489033 0.964261
vt 0.483594 0.963701
vt 0.964715 0.683560
vt 0.969377 0.684590
vt 0.968959 0.711373
vt 0.964715 0.710673
vt 0.938305 0.296185
vt 0.933044 0.322982
vt 0.928881 0.321592
vt 0.924708 0.349911
vt 0.919863 0.348208
vt 0.912558 0.377859
vt 0.907944 0.375805
vt 0.901076 0.372693
vt 0.890607 0.402385
vt 0.884974 0.399016
vt 0.875992 0.393744
vt 0.866415 0.422786
vt 0.857626 0.416381
vt 0.847278 0.442092
vt 0.839520 0.434708
vt 0.829864 0.457682
vt 0.823201 0.450141
vt 0.811694 0.472324
vt 0.806265 0.464570
vt 0.792720 0.485047
vt 0.787604 0.476776
vt 0.770884 0.496367
vt 0.764858 0.486628
vt 0.749579 0.503245
vt 0.741881 0.490523
vt 0.737155 0.473499
vt 0.733011 0.505722
vt 0.776141 0.503097
vt 0.755850 0.511216
vt 0.740970 0.515451
vt 0.760443 0.517177
vt 0.744308 0.522323
vt 0.734513 0.526038
vt 0.730508 0.517351
vt 0.723012 0.508225
vt 0.871249 0.971556
vt 0.867515 0.979263
vt 0.861503 0.974870
vt 0.863161 0.967665
vt 0.970238 0.425603
vt 0.961698 0.419525
vt 0.854002 0.972897
vt 0.855293 0.965489
vt 0.854002 0.955672
vt 0.861625 0.955522
vt 0.863913 0.981623
vt 0.857164 0.981140
vt 0.685716 0.808220
vt 0.692914 0.810587
vt 0.692284 0.818433
vt 0.699177 0.812184
vt 0.699134 0.820343
vt 0.697966 0.828279
vt 0.690898 0.826922
vt 0.694035 0.837542
vt 0.686709 0.836368
vt 0.675870 0.841902
vt 0.700809 0.838172
vt 0.694278 0.848482
vt 0.041854 0.957168
vt 0.035486 0.941433
vt 0.040128 0.938118
vt 0.045507 0.951456
vt 0.038487 0.962270
vt 0.030591 0.943786
vt 0.021684 0.916806
vt 0.027425 0.917051
vt 0.687577 0.864284
vt 0.692040 0.867160
vt 0.673389 0.890332
vt 0.669661 0.886919
vt 0.711862 0.850293
vt 0.696932 0.869346
vt 0.679139 0.892151
vt 0.702108 0.871445
vt 0.682764 0.895867
vt 0.032827 0.915785
vt 0.013267 0.888584
vt 0.019132 0.888861
vt 0.024562 0.888135
vt 0.644962 0.900526
vt 0.641570 0.896861
vt 0.660577 0.875821
vt 0.664257 0.878746
vt 0.011840 0.861537
vt 0.017135 0.860397
vt 0.624429 0.920648
vt 0.620930 0.916917
vt 0.945276 0.304448
vt 0.949550 0.304969
vt 0.951518 0.333278
vt 0.946722 0.333113
vt 0.597745 0.941509
vt 0.594882 0.937071
vt 0.837749 0.943474
vt 0.822931 0.920325
vt 0.828628 0.917785
vt 0.842599 0.941094
vt 0.833902 0.915793
vt 0.847347 0.937283
vt 0.960428 0.469047
vt 0.955661 0.469278
vt 0.953189 0.433992
vt 0.958618 0.434342
vt 0.814137 0.890823
vt 0.819441 0.889555
vt 0.567922 0.431786
vt 0.571799 0.428821
vt 0.595419 0.452131
vt 0.591586 0.456216
vt 0.802341 0.860468
vt 0.807843 0.859187
vt 0.546668 0.402905
vt 0.549678 0.401205
vt 0.555056 0.397792
vt 0.577056 0.424312
vt 0.812360 0.858077
vt 0.799465 0.828377
vt 0.804473 0.827763
vt 0.533191 0.371952
vt 0.538236 0.369431
vt 0.544938 0.366112
vt 0.561271 0.394091
vt 0.521186 0.341111
vt 0.525914 0.339491
vt 0.532972 0.336834
vt 0.542105 0.333392
vt 0.554943 0.361185
vt 0.517794 0.308727
vt 0.524622 0.306949
vt 0.533279 0.304582
vt 0.548547 0.300025
vt 0.559541 0.326293
vt 0.519716 0.277644
vt 0.527410 0.275729
vt 0.540234 0.273282
vt 0.524269 0.252369
vt 0.536377 0.252436
vt 0.523757 0.237473
vt 0.517354 0.253396
vt 0.516879 0.236355
vt 0.518677 0.217001
vt 0.525007 0.219303
vt 0.521042 0.190668
vt 0.527077 0.192586
vt 0.525113 0.159963
vt 0.531087 0.161755
vt 0.515701 0.189271
vt 0.520174 0.159122
vt 0.826490 0.616295
vt 0.819322 0.645814
vt 0.814178 0.643977
vt 0.821778 0.615161
vt 0.830343 0.583676
vt 0.834519 0.583697
vt 0.816475 0.614162
vt 0.825175 0.583129
vt 0.521429 0.126321
vt 0.414470 0.834866
vt 0.414217 0.867137
vt 0.409578 0.867773
vt 0.410115 0.835674
vt 0.820377 0.582660
vt 0.828449 0.553972
vt 0.879674 0.925618
vt 0.879674 0.955527
vt 0.875742 0.956994
vt 0.875033 0.927037
vt 0.875209 0.907862
vt 0.879591 0.906540
vt 0.089131 0.925659
vt 0.089430 0.950930
vt 0.084672 0.952365
vt 0.084662 0.927926
vt 0.084749 0.911627
vt 0.089430 0.909739
vt 0.125476 0.902540
vt 0.126413 0.898633
vt 0.935389 0.564825
vt 0.931430 0.583296
vt 0.926503 0.582825
vt 0.930376 0.564997
vt 0.964093 0.588787
vt 0.959388 0.585061
vt 0.921323 0.582270
vt 0.925327 0.564820
vt 0.927370 0.556218
vt 0.932056 0.557085
vt 0.916082 0.581903
vt 0.914805 0.607583
vt 0.909548 0.605594
vt 0.904369 0.603726
vt 0.910703 0.581644
vt 0.975938 0.601960
vt 0.974818 0.620501
vt 0.970948 0.621787
vt 0.970948 0.602456
vt 0.906017 0.581336
vt 0.857476 0.583174
vt 0.854744 0.605028
vt 0.850164 0.604846
vt 0.852599 0.583569
vt 0.854985 0.565443
vt 0.858877 0.565061
vt 0.856837 0.553105
vt 0.859402 0.552868
vt 0.849350 0.583954
vt 0.850875 0.565536
vt 0.852780 0.553107
vt 0.854452 0.545031
vt 0.858399 0.545427
vt 0.500596 0.135217
vt 0.499354 0.147688
vt 0.494544 0.147751
vt 0.496976 0.135107
vt 0.849723 0.552902
vt 0.850811 0.544822
vt 0.852134 0.538534
vt 0.855780 0.538731
vt 0.498814 0.126982
vt 0.491928 0.135168
vt 0.494220 0.127088
vt 0.496223 0.120651
vt 0.499989 0.120659
vt 0.500897 0.114920
vt 0.488743 0.127359
vt 0.491068 0.120701
vt 0.482593 0.127584
vt 0.484987 0.120846
vt 0.486787 0.115062
vt 0.488218 0.109989
vt 0.477878 0.120923
vt 0.479923 0.115048
vt 0.481596 0.109679
vt 0.048835 0.896534
vt 0.053156 0.895822
vt 0.054775 0.902036
vt 0.050386 0.902715
vt 0.470999 0.114393
vt 0.472713 0.108833
vt 0.473893 0.104272
vt 0.482605 0.105716
vt 0.051271 0.887278
vt 0.056201 0.886809
vt 0.057718 0.895144
vt 0.458621 0.106172
vt 0.460643 0.101347
vt 0.049044 0.873986
vt 0.054395 0.874182
vt 0.452107 0.915026
vt 0.455916 0.915499
vt 0.456574 0.927249
vt 0.452195 0.927535
vt 0.047368 0.855500
vt 0.052601 0.856149
vt 0.057374 0.856849
vt 0.057745 0.874938
vt 0.290202 0.834008
vt 0.295279 0.835045
vt 0.295232 0.853632
vt 0.290106 0.852127
vt 0.051565 0.834530
vt 0.056879 0.834460
vt 0.289395 0.811522
vt 0.293751 0.811223
vt 0.299442 0.811116
vt 0.300754 0.836257
vt 0.495648 0.769500
vt 0.490925 0.769549
vt 0.306034 0.837594
vt 0.305426 0.856767
vt 0.300289 0.855158
vt 0.304779 0.811597
vt 0.310106 0.812770
vt 0.311052 0.839081
vt 0.302213 0.784436
vt 0.307481 0.785296
vt 0.335857 0.774995
vt 0.341680 0.775887
vt 0.343329 0.803391
vt 0.337809 0.802491
vt 0.302753 0.764334
vt 0.306742 0.764154
vt 0.335647 0.753834
vt 0.340845 0.753081
vt 0.345836 0.752298
vt 0.347016 0.776453
vt 0.334317 0.732374
vt 0.339668 0.730525
vt 0.344965 0.729143
vt 0.114797 0.757668
vt 0.119789 0.756746
vt 0.120352 0.780011
vt 0.115675 0.780822
vt 0.854002 0.913461
vt 0.859402 0.911881
vt 0.859203 0.931893
vt 0.854209 0.932746
vt 0.122081 0.805248
vt 0.117328 0.804963
vt 0.955700 0.735722
vt 0.952818 0.717461
vt 0.958481 0.717570
vt 0.960944 0.736104
vt 0.647922 0.019619
vt 0.650637 0.022901
vt 0.629029 0.033344
vt 0.626345 0.029225
vt 0.963445 0.716889
vt 0.632304 0.038337
vt 0.607470 0.050674
vt 0.605016 0.045384
vt 0.603074 0.041012
vt 0.576786 0.054270
vt 0.549038 0.066413
vt 0.059099 0.917179
vt 0.059975 0.941462
vt 0.055047 0.938515
vt 0.054146 0.914979
vt 0.859402 0.953890
vt 0.854362 0.954252
vt 0.123756 0.833790
vt 0.123769 0.862988
vt 0.119665 0.860841
vt 0.119246 0.832824
vt 0.348327 0.804334
vt 0.348526 0.832360
vt 0.344256 0.830383
vt 0.115672 0.858841
vt 0.113624 0.877750
vt 0.343816 0.849241
vt 0.338906 0.847809
vt 0.338797 0.828801
vt 0.343298 0.857512
vt 0.334267 0.846456
vt 0.310125 0.858125
vt 0.059138 0.957064
vt 0.054146 0.957054
vt 0.531361 0.072266
vt 0.610516 0.056418
vt 0.635676 0.044136
vt 0.333373 0.706381
vt 0.305320 0.716670
vt 0.305620 0.742686
vt 0.300675 0.744068
vt 0.299812 0.718039
vt 0.332358 0.681982
vt 0.294397 0.719038
vt 0.288601 0.719831
vt 0.496320 0.677978
vt 0.491307 0.678499
vt 0.058034 0.743876
vt 0.059024 0.768091
vt 0.053375 0.767901
vt 0.052577 0.744234
vt 0.051688 0.720628
vt 0.057069 0.719658
vt 0.324555 0.029768
vt 0.346194 0.039231
vt 0.344631 0.044233
vt 0.323184 0.034815
vt 0.302699 0.026487
vt 0.304122 0.021552
vt 0.321581 0.040191
vt 0.301125 0.031717
vt 0.281392 0.024264
vt 0.282554 0.018849
vt 0.261646 0.018910
vt 0.261668 0.012783
vt 0.243486 0.020017
vt 0.242392 0.014236
vt 0.223026 0.027110
vt 0.221273 0.021988
vt 0.219495 0.016933
vt 0.218387 0.012899
vt 0.200198 0.030750
vt 0.198510 0.025742
vt 0.197430 0.021853
vt 0.202033 0.035897
vt 0.179014 0.045993
vt 0.203941 0.041172
vt 0.180692 0.051541
vt 0.159317 0.061987
vt 0.157127 0.056167
vt 0.140074 0.071432
vt 0.136987 0.066170
vt 0.121358 0.082399
vt 0.117800 0.077387
vt 0.102620 0.093533
vt 0.099614 0.088182
vt 0.125425 0.087752
vt 0.105499 0.099039
vt 0.130419 0.095799
vt 0.110460 0.106596
vt 0.137949 0.109036
vt 0.119354 0.118321
vt 0.150164 0.128328
vt 0.130446 0.137488
vt 0.110033 0.146042
vt 0.140929 0.160289
vt 0.119115 0.167719
vt 0.094741 0.173676
vt 0.126702 0.190500
vt 0.100698 0.195575
vt 0.074599 0.198626
vt 0.105402 0.217102
vt 0.077211 0.219518
vt 0.058328 0.219845
vt 0.079530 0.239666
vt 0.058600 0.240629
vt 0.047075 0.240898
vt 0.047779 0.219951
vt 0.039131 0.241058
vt 0.039928 0.220249
vt 0.032079 0.241151
vt 0.032727 0.220327
vt 0.024931 0.241131
vt 0.029878 0.263117
vt 0.023234 0.263413
vt 0.017287 0.263507
vt 0.018177 0.241030
vt 0.011466 0.263484
vt 0.012057 0.240817
vt 0.005719 0.263335
vt 0.006083 0.240535
vt 0.000646 0.263097
vt 0.001015 0.240246
vt 0.872229 0.658788
vt 0.011548 0.287284
vt 0.005817 0.287431
vt 0.000635 0.287604
vt 0.007034 0.311213
vt 0.001567 0.311927
vt 0.866498 0.705773
vt 0.866300 0.730077
vt 0.860671 0.730509
vt 0.861169 0.705688
vt 0.866474 0.752046
vt 0.860899 0.752608
vt 0.394050 0.724320
vt 0.393890 0.746433
vt 0.389292 0.724954
vt 0.374580 0.814459
vt 0.372776 0.836813
vt 0.866698 0.772341
vt 0.861274 0.772293
vt 0.393334 0.766147
vt 0.866821 0.793822
vt 0.861556 0.793458
vt 0.391935 0.787393
vt 0.387775 0.785965
vt 0.866911 0.819501
vt 0.861850 0.819762
vt 0.388594 0.813892
vt 0.384078 0.812596
vt 0.382845 0.840109
vt 0.378187 0.839610
vt 0.571300 0.547818
vt 0.594785 0.564230
vt 0.592537 0.569264
vt 0.567940 0.552221
vt 0.590348 0.574263
vt 0.565059 0.556844
vt 0.562752 0.561228
vt 0.561396 0.565856
vt 0.535664 0.552637
vt 0.533817 0.555948
vt 0.511181 0.544799
vt 0.520243 0.545545
vt 0.559483 0.570518
vt 0.787148 0.785924
vt 0.781485 0.787027
vt 0.781151 0.759008
vt 0.786891 0.756935
vt 0.792300 0.785574
vt 0.778740 0.817316
vt 0.399422 0.833596
vt 0.395319 0.832612
vt 0.403448 0.802842
vt 0.408325 0.803294
vt 0.774191 0.848087
vt 0.086472 0.677026
vt 0.091832 0.706854
vt 0.087045 0.708196
vt 0.082350 0.678968
vt 0.082024 0.709206
vt 0.076996 0.679979
vt 0.094234 0.737760
vt 0.089425 0.738301
vt 0.084020 0.738747
vt 0.876125 0.430581
vt 0.871701 0.426902
vt 0.895494 0.405472
vt 0.089910 0.765683
vt 0.085305 0.766058
vt 0.856553 0.450600
vt 0.852372 0.446644
vt 0.838740 0.467447
vt 0.834804 0.463109
vt 0.819361 0.483065
vt 0.815627 0.478214
vt 0.801196 0.496644
vt 0.796927 0.491296
vt 0.780661 0.508164
vt 0.073192 0.859043
vt 0.077916 0.836019
vt 0.083684 0.837132
vt 0.079393 0.859490
vt 0.074541 0.880257
vt 0.068114 0.880582
vt 0.085710 0.860059
vt 0.081038 0.880065
vt 0.075761 0.898889
vt 0.070037 0.897727
vt 0.063353 0.896698
vt 0.690289 0.792655
vt 0.696063 0.791060
vt 0.697941 0.803474
vt 0.691890 0.803696
vt 0.067202 0.908469
vt 0.061245 0.906927
vt 0.961698 0.453963
vt 0.961937 0.442947
vt 0.967888 0.444002
vt 0.967888 0.456342
vt 0.703135 0.803763
vt 0.700447 0.789478
vt 0.705942 0.788081
vt 0.709549 0.803923
vt 0.711607 0.786700
vt 0.715266 0.804298
vt 0.716775 0.785117
vt 0.720676 0.804457
vt 0.726034 0.804116
vt 0.722026 0.783402
vt 0.727019 0.781743
vt 0.730854 0.802782
vt 0.722364 0.758879
vt 0.314116 0.802813
vt 0.317597 0.803584
vt 0.318125 0.824670
vt 0.314452 0.824578
vt 0.717514 0.736817
vt 0.312716 0.781609
vt 0.316865 0.782701
vt 0.321477 0.781622
vt 0.322168 0.802380
vt 0.310128 0.890912
vt 0.305389 0.891985
vt 0.305389 0.873870
vt 0.310446 0.873402
vt 0.315771 0.760126
vt 0.320568 0.759427
vt 0.137427 0.579455
vt 0.139613 0.575588
vt 0.159790 0.586612
vt 0.157790 0.590907
vt 0.314410 0.733749
vt 0.318944 0.734293
vt 0.323205 0.733941
vt 0.324011 0.758068
vt 0.119181 0.561583
vt 0.122355 0.557585
vt 0.142452 0.570804
vt 0.317522 0.709191
vt 0.322092 0.709234
vt 0.099371 0.546227
vt 0.102655 0.543056
vt 0.106357 0.539355
vt 0.125797 0.553271
vt 0.081840 0.529688
vt 0.084797 0.526958
vt 0.088520 0.523729
vt 0.092227 0.520482
vt 0.110000 0.535619
vt 0.067667 0.506700
vt 0.071481 0.503962
vt 0.075393 0.501206
vt 0.061982 0.480844
vt 0.066165 0.478444
vt 0.079396 0.498424
vt 0.095921 0.517219
vt 0.057771 0.483140
vt 0.047776 0.462963
vt 0.052073 0.460720
vt 0.053570 0.485367
vt 0.043521 0.465145
vt 0.035314 0.445451
vt 0.039750 0.443169
vt 0.049976 0.487155
vt 0.039661 0.467027
vt 0.031145 0.447649
vt 0.023320 0.425691
vt 0.028036 0.423629
vt 0.874372 0.865402
vt 0.876731 0.884653
vt 0.871996 0.885511
vt 0.869681 0.866888
vt 0.867798 0.845043
vt 0.872474 0.843572
vt 0.871084 0.818387
vt 0.083392 0.909739
vt 0.083141 0.931863
vt 0.078758 0.932407
vt 0.078758 0.909865
vt 0.863150 0.845691
vt 0.083002 0.951864
vt 0.078821 0.952429
vt 0.377402 0.960706
vt 0.377402 0.980122
vt 0.373456 0.980227
vt 0.373412 0.960505
vt 0.614774 0.575096
vt 0.612144 0.578511
vt 0.596553 0.560043
vt 0.368044 0.979854
vt 0.369443 0.960719
vt 0.609709 0.582784
vt 0.362823 0.978061
vt 0.365232 0.961114
vt 0.624863 0.592616
vt 0.627859 0.590749
vt 0.640412 0.607971
vt 0.635625 0.610083
vt 0.629716 0.589265
vt 0.644441 0.605609
vt 0.660498 0.625815
vt 0.947091 0.440610
vt 0.946698 0.417541
vt 0.951121 0.417233
vt 0.951919 0.441237
vt 0.951058 0.465476
vt 0.946444 0.465583
vt 0.677066 0.648833
vt 0.949658 0.485336
vt 0.945276 0.485124
vt 0.689452 0.667879
vt 0.313811 0.708434
vt 0.701891 0.689966
vt 0.697493 0.692422
vt 0.713850 0.713615
vt 0.709805 0.715998
vt 0.692905 0.694970
vt 0.316562 0.685170
vt 0.317165 0.657615
vt 0.321360 0.658117
vt 0.321361 0.685195
vt 0.064555 0.508803
vt 0.318221 0.631522
vt 0.322443 0.632307
vt 0.875028 0.905270
vt 0.879674 0.904627
vt 0.945276 0.397563
vt 0.948688 0.396090
vt 0.017214 0.400408
vt 0.013451 0.375468
vt 0.019030 0.375032
vt 0.022372 0.399035
vt 0.012776 0.401594
vt 0.008287 0.375801
vt 0.024732 0.374463
vt 0.027714 0.397655
vt 0.032851 0.421532
vt 0.033341 0.396299
vt 0.037713 0.419499
vt 0.044257 0.440945
vt 0.042856 0.417450
vt 0.048904 0.438684
vt 0.056435 0.458462
vt 0.053826 0.436317
vt 0.060869 0.456252
vt 0.070338 0.475825
vt 0.066944 0.453267
vt 0.075159 0.472576
vt 0.087506 0.492981
vt 0.083324 0.495766
vt 0.103645 0.510342
vt 0.099677 0.513912
vt 0.121491 0.523522
vt 0.117409 0.527931
vt 0.113630 0.531854
vt 0.137060 0.539606
vt 0.132910 0.544576
vt 0.129268 0.548964
vt 0.151870 0.555061
vt 0.148664 0.560734
vt 0.145481 0.565887
vt 0.167719 0.570709
vt 0.164890 0.576338
vt 0.162287 0.581556
vt 0.184324 0.585941
vt 0.182051 0.591191
vt 0.179853 0.596209
vt 0.201572 0.600151
vt 0.199875 0.605207
vt 0.198454 0.609735
vt 0.177901 0.600645
vt 0.219268 0.613000
vt 0.217868 0.617433
vt 0.322470 0.822956
vt 0.323217 0.841740
vt 0.318964 0.843356
vt 0.324011 0.862888
vt 0.320185 0.865045
vt 0.315775 0.866109
vt 0.314782 0.844364
vt 0.487880 0.775669
vt 0.483367 0.775517
vt 0.483873 0.748583
vt 0.489433 0.749865
vt 0.735549 0.825590
vt 0.729406 0.851751
vt 0.483798 0.718762
vt 0.488569 0.719476
vt 0.937260 0.774097
vt 0.936814 0.743717
vt 0.936658 0.712955
vt 0.941647 0.712051
vt 0.483021 0.689454
vt 0.488146 0.688654
vt 0.481540 0.660741
vt 0.486396 0.659546
vt 0.321936 0.606041
vt 0.294774 0.618056
vt 0.293220 0.614612
vt 0.319598 0.602257
vt 0.344981 0.587852
vt 0.347954 0.591987
vt 0.368359 0.570777
vt 0.372055 0.575203
vt 0.316891 0.597756
vt 0.341796 0.583362
vt 0.364684 0.566397
vt 0.385475 0.546861
vt 0.389688 0.550969
vt 0.338556 0.578775
vt 0.360957 0.562005
vt 0.381079 0.542697
vt 0.400908 0.523321
vt 0.404967 0.527175
vt 0.357078 0.556832
vt 0.375982 0.538257
vt 0.396001 0.519100
vt 0.412928 0.496869
vt 0.418642 0.501500
vt 0.370171 0.532126
vt 0.388483 0.512231
vt 0.403917 0.489474
vt 0.413377 0.464834
vt 0.425906 0.471426
vt 0.375265 0.500622
vt 0.386316 0.478071
vt 0.393929 0.454385
vt 0.399442 0.430972
vt 0.420198 0.441004
vt 0.366314 0.465619
vt 0.372493 0.442250
vt 0.374869 0.419933
vt 0.402856 0.409838
vt 0.350160 0.430574
vt 0.351286 0.409576
vt 0.330284 0.419998
vt 0.345897 0.454200
vt 0.325246 0.444116
vt 0.303789 0.437149
vt 0.310951 0.413685
vt 0.279608 0.430153
vt 0.285246 0.409426
vt 0.289458 0.390776
vt 0.288819 0.373210
vt 0.258171 0.404694
vt 0.261023 0.386840
vt 0.262829 0.368648
vt 0.264366 0.349164
vt 0.288773 0.353267
vt 0.230671 0.383865
vt 0.236208 0.365778
vt 0.239549 0.346468
vt 0.242055 0.325157
vt 0.265986 0.327898
vt 0.214820 0.345467
vt 0.218489 0.323417
vt 0.220789 0.300466
vt 0.244259 0.302796
vt 0.193629 0.346180
vt 0.196726 0.322686
vt 0.198527 0.298725
vt 0.199342 0.274130
vt 0.222416 0.277231
vt 0.176720 0.322685
vt 0.177628 0.297251
vt 0.178597 0.270679
vt 0.178709 0.251023
vt 0.198711 0.250126
vt 0.156976 0.297842
vt 0.158458 0.271408
vt 0.134541 0.298859
vt 0.135568 0.275103
vt 0.109877 0.300481
vt 0.109223 0.278130
vt 0.109969 0.256784
vt 0.110384 0.237442
vt 0.083295 0.280712
vt 0.081346 0.259748
vt 0.061567 0.282860
vt 0.059647 0.261297
vt 0.047578 0.284356
vt 0.046280 0.262149
vt 0.036563 0.285835
vt 0.037563 0.262679
vt 0.029121 0.286564
vt 0.038891 0.308713
vt 0.032144 0.309856
vt 0.025300 0.309843
vt 0.023230 0.286937
vt 0.018917 0.310016
vt 0.017297 0.287150
vt 0.012898 0.310566
vt 0.021158 0.331538
vt 0.015005 0.332301
vt 0.009010 0.333113
vt 0.017002 0.353163
vt 0.011088 0.353754
vt 0.005561 0.354260
vt 0.003487 0.333929
vt 0.022955 0.352527
vt 0.027615 0.330850
vt 0.029194 0.351749
vt 0.030721 0.373510
vt 0.036077 0.350850
vt 0.036822 0.372352
vt 0.038860 0.395032
vt 0.043665 0.371360
vt 0.045742 0.393306
vt 0.048915 0.415157
vt 0.054151 0.391329
vt 0.055977 0.412946
vt 0.060602 0.433331
vt 0.068907 0.409230
vt 0.072337 0.429133
vt 0.076616 0.449050
vt 0.092447 0.424583
vt 0.092869 0.444998
vt 0.082484 0.468847
vt 0.092927 0.489327
vt 0.108996 0.505358
vt 0.136368 0.505163
vt 0.126772 0.517496
vt 0.155327 0.511336
vt 0.145816 0.526587
vt 0.140986 0.534266
vt 0.165175 0.534896
vt 0.159330 0.543472
vt 0.155524 0.549058
vt 0.177764 0.552073
vt 0.173984 0.558743
vt 0.170766 0.564802
vt 0.192681 0.567809
vt 0.189431 0.574784
vt 0.186694 0.580601
vt 0.206860 0.584137
vt 0.205121 0.589812
vt 0.203362 0.595015
vt 0.223726 0.597964
vt 0.222250 0.603054
vt 0.220806 0.607974
vt 0.242207 0.610884
vt 0.241293 0.615713
vt 0.240444 0.620851
vt 0.264251 0.615826
vt 0.265400 0.620878
vt 0.266435 0.626284
vt 0.239610 0.626208
vt 0.291239 0.610280
vt 0.267115 0.630252
vt 0.480162 0.748201
vt 0.479276 0.774162
vt 0.289221 0.605766
vt 0.314196 0.593287
vt 0.287076 0.600872
vt 0.311502 0.588693
vt 0.335259 0.573957
vt 0.308768 0.583938
vt 0.331709 0.568957
vt 0.352144 0.550050
vt 0.325788 0.561725
vt 0.344671 0.542886
vt 0.360881 0.522288
vt 0.331797 0.531992
vt 0.345446 0.510317
vt 0.357278 0.488270
vt 0.327226 0.498147
vt 0.337510 0.476636
vt 0.307710 0.487696
vt 0.317103 0.466726
vt 0.286925 0.478690
vt 0.296034 0.458180
vt 0.265135 0.470634
vt 0.273130 0.450417
vt 0.243218 0.463283
vt 0.249454 0.443188
vt 0.254326 0.423715
vt 0.225515 0.436238
vt 0.228165 0.417097
vt 0.229248 0.399460
vt 0.201358 0.410352
vt 0.201572 0.429303
vt 0.180145 0.422612
vt 0.181412 0.403820
vt 0.161758 0.419413
vt 0.165486 0.401153
vt 0.166802 0.390100
vt 0.177802 0.446203
vt 0.157926 0.443038
vt 0.137267 0.441529
vt 0.141340 0.419258
vt 0.147274 0.399332
vt 0.114326 0.442049
vt 0.116276 0.421112
vt 0.118886 0.401071
vt 0.119049 0.383682
vt 0.091268 0.404625
vt 0.089912 0.385410
vt 0.088063 0.365799
vt 0.115386 0.364619
vt 0.066955 0.388682
vt 0.065224 0.368398
vt 0.063449 0.347645
vt 0.086470 0.345502
vt 0.052167 0.370271
vt 0.050549 0.349217
vt 0.050024 0.327739
vt 0.063069 0.326456
vt 0.042201 0.350143
vt 0.041232 0.329101
vt 0.049087 0.306876
vt 0.034924 0.330081
vt 0.062864 0.304640
vt 0.084696 0.302477
vt 0.085504 0.324553
vt 0.111005 0.322903
vt 0.112680 0.344495
vt 0.135244 0.322123
vt 0.137573 0.344875
vt 0.156854 0.322062
vt 0.157839 0.346513
vt 0.175447 0.347478
vt 0.174080 0.364792
vt 0.172723 0.377379
vt 0.180934 0.383224
vt 0.171510 0.382982
vt 0.972784 0.746939
vt 0.967655 0.746984
vt 0.966962 0.738813
vt 0.972783 0.737374
vt 0.962574 0.754661
vt 0.962657 0.746721
vt 0.961985 0.738857
vt 0.957216 0.746356
vt 0.957040 0.738898
vt 0.975698 0.348167
vt 0.983496 0.344137
vt 0.982607 0.348616
vt 0.972405 0.844172
vt 0.974364 0.839633
vt 0.979605 0.841324
vt 0.977138 0.846059
vt 0.976097 0.849282
vt 0.970894 0.848676
vt 0.061245 0.977025
vt 0.061556 0.972340
vt 0.069787 0.972894
vt 0.061831 0.980163
vt 0.069456 0.967251
vt 0.076863 0.967057
vt 0.078577 0.972857
vt 0.062332 0.966840
vt 0.062783 0.960853
vt 0.069434 0.961029
vt 0.981327 0.835851
vt 0.975673 0.835141
vt 0.975342 0.831102
vt 0.980636 0.829955
vt 0.984174 0.339679
vt 0.983806 0.335525
vt 0.069772 0.955625
vt 0.075935 0.955666
vt 0.075804 0.960885
vt 0.063556 0.956238
vt 0.081967 0.956020
vt 0.082310 0.960448
vt 0.083817 0.966422
vt 0.404045 0.977534
vt 0.401153 0.972273
vt 0.404929 0.971574
vt 0.407440 0.975613
vt 0.950245 0.759169
vt 0.952835 0.754786
vt 0.957522 0.754520
vt 0.956324 0.761071
vt 0.086039 0.972002
vt 0.962258 0.760346
vt 0.974046 0.505558
vt 0.979938 0.505558
vt 0.979115 0.512032
vt 0.974486 0.512841
vt 0.401771 0.966336
vt 0.405584 0.966793
vt 0.405411 0.960505
vt 0.407440 0.962161
vt 0.473928 0.786216
vt 0.467674 0.786057
vt 0.467240 0.779584
vt 0.473087 0.779549
vt 0.466745 0.772697
vt 0.472724 0.772502
vt 0.461245 0.785830
vt 0.460760 0.779556
vt 0.460442 0.772860
vt 0.460336 0.763448
vt 0.466376 0.763407
vt 0.454782 0.779424
vt 0.454022 0.772794
vt 0.454234 0.763446
vt 0.454452 0.747989
vt 0.460305 0.747881
vt 0.447747 0.772777
vt 0.448317 0.763468
vt 0.448645 0.748126
vt 0.448774 0.727563
vt 0.454518 0.727452
vt 0.503263 0.743333
vt 0.501748 0.758614
vt 0.498929 0.757661
vt 0.499764 0.743179
vt 0.501149 0.722616
vt 0.504736 0.722823
vt 0.502199 0.701185
vt 0.505949 0.701412
vt 0.507452 0.858904
vt 0.507474 0.879530
vt 0.501890 0.879680
vt 0.501822 0.858965
vt 0.501814 0.837475
vt 0.507548 0.837427
vt 0.501706 0.816041
vt 0.507094 0.815999
vt 0.496417 0.859002
vt 0.496401 0.837527
vt 0.496339 0.816043
vt 0.496486 0.797925
vt 0.501569 0.797735
vt 0.490674 0.837589
vt 0.490591 0.816112
vt 0.490557 0.798029
vt 0.490718 0.787632
vt 0.496026 0.787212
vt 0.485104 0.816250
vt 0.485115 0.798027
vt 0.485410 0.787546
vt 0.485764 0.779984
vt 0.490722 0.779933
vt 0.479290 0.797980
vt 0.479516 0.787264
vt 0.479969 0.779916
vt 0.964276 0.037224
vt 0.969469 0.043034
vt 0.964427 0.042804
vt 0.957717 0.037943
vt 0.956581 0.034017
vt 0.963633 0.033095
vt 0.948032 0.527308
vt 0.951175 0.528295
vt 0.949786 0.538926
vt 0.946219 0.538600
vt 0.477185 0.654513
vt 0.477058 0.665942
vt 0.471877 0.665997
vt 0.472287 0.654406
vt 0.466107 0.666113
vt 0.466414 0.654467
vt 0.460138 0.666180
vt 0.459940 0.654420
vt 0.460160 0.646939
vt 0.453519 0.654177
vt 0.453967 0.644886
vt 0.455571 0.637583
vt 0.454232 0.666235
vt 0.448207 0.666366
vt 0.447747 0.653544
vt 0.448923 0.641715
vt 0.507753 0.648877
vt 0.507579 0.661703
vt 0.503861 0.661567
vt 0.504013 0.649549
vt 0.506946 0.785757
vt 0.506844 0.797777
vt 0.501429 0.786563
vt 0.501059 0.778401
vt 0.505931 0.776939
vt 0.965165 0.056518
vt 0.966367 0.060804
vt 0.495644 0.779402
vt 0.964988 0.052018
vt 0.972148 0.051922
vt 0.964621 0.047542
vt 0.972360 0.047017
vt 0.507077 0.680081
vt 0.503319 0.679785
vt 0.448427 0.684745
vt 0.454395 0.684839
vt 0.454407 0.706033
vt 0.448475 0.706109
vt 0.460170 0.684802
vt 0.460155 0.705965
vt 0.460249 0.727364
vt 0.465931 0.705893
vt 0.466028 0.727288
vt 0.466144 0.747781
vt 0.471793 0.727237
vt 0.471969 0.747719
vt 0.472317 0.763314
vt 0.477395 0.747738
vt 0.477790 0.763111
vt 0.478006 0.772286
vt 0.937820 0.619932
vt 0.939482 0.599467
vt 0.943340 0.599816
vt 0.941427 0.620361
vt 0.477325 0.727202
vt 0.479516 0.879848
vt 0.479424 0.859214
vt 0.485270 0.859148
vt 0.485261 0.879842
vt 0.490680 0.859068
vt 0.490784 0.879752
vt 0.490983 0.893639
vt 0.496386 0.879702
vt 0.496209 0.893593
vt 0.496171 0.901552
vt 0.491087 0.901404
vt 0.969407 0.118461
vt 0.969231 0.113823
vt 0.975144 0.113014
vt 0.975285 0.117812
vt 0.980188 0.111653
vt 0.980708 0.116714
vt 0.967434 0.514767
vt 0.972751 0.514353
vt 0.485144 0.837665
vt 0.479276 0.837753
vt 0.479276 0.816397
vt 0.947634 0.557218
vt 0.945460 0.578462
vt 0.941531 0.578120
vt 0.943988 0.556897
vt 0.477196 0.684376
vt 0.477329 0.705746
vt 0.471805 0.705800
vt 0.471778 0.684605
vt 0.465977 0.684742
vt 0.454844 0.786065
vt 0.477506 0.779131
vt 0.877379 0.977096
vt 0.873333 0.975672
vt 0.152660 0.464954
vt 0.173379 0.468358
vt 0.165843 0.490281
vt 0.145687 0.486216
vt 0.193302 0.472731
vt 0.185685 0.494766
vt 0.175407 0.516885
vt 0.205482 0.499580
vt 0.194688 0.521672
vt 0.184151 0.541101
vt 0.214119 0.526459
vt 0.203042 0.546580
vt 0.196429 0.559385
vt 0.222276 0.552236
vt 0.214419 0.566998
vt 0.209800 0.576383
vt 0.231544 0.573811
vt 0.227718 0.584257
vt 0.225325 0.592330
vt 0.243660 0.598005
vt 0.243022 0.604922
vt 0.261003 0.598119
vt 0.261940 0.605532
vt 0.263008 0.610989
vt 0.284726 0.596488
vt 0.281904 0.591158
vt 0.304675 0.577404
vt 0.297462 0.569466
vt 0.315609 0.551788
vt 0.285181 0.557910
vt 0.300564 0.539627
vt 0.314758 0.519414
vt 0.283269 0.528370
vt 0.295806 0.508447
vt 0.264620 0.519040
vt 0.276553 0.498966
vt 0.245156 0.511438
vt 0.255891 0.490929
vt 0.225276 0.505046
vt 0.235184 0.483956
vt 0.214076 0.477961
vt 0.220831 0.456743
vt 0.198558 0.450979
vt 0.233559 0.532041
vt 0.251949 0.538661
vt 0.239794 0.558190
vt 0.269324 0.547178
vt 0.223991 0.255443
vt 0.248582 0.258844
vt 0.246371 0.280301
vt 0.272950 0.261241
vt 0.270132 0.283021
vt 0.267840 0.305538
vt 0.292688 0.285403
vt 0.290413 0.308551
vt 0.289170 0.331467
vt 0.311215 0.311641
vt 0.310488 0.335500
vt 0.330472 0.314728
vt 0.329259 0.339837
vt 0.349317 0.317728
vt 0.347055 0.342830
vt 0.369045 0.320709
vt 0.365471 0.344292
vt 0.391208 0.324048
vt 0.387951 0.346506
vt 0.383766 0.367170
vt 0.412904 0.349825
vt 0.409539 0.370996
vt 0.405861 0.390550
vt 0.434360 0.375885
vt 0.430635 0.397339
vt 0.426069 0.418729
vt 0.449823 0.403299
vt 0.443705 0.426476
vt 0.435032 0.448987
vt 0.453129 0.431055
vt 0.444153 0.454254
vt 0.433347 0.476738
vt 0.449701 0.457331
vt 0.438065 0.480762
vt 0.422743 0.505054
vt 0.442477 0.484118
vt 0.426735 0.508644
vt 0.408936 0.530965
vt 0.430697 0.512238
vt 0.412940 0.534763
vt 0.393822 0.554877
vt 0.416765 0.538361
vt 0.397344 0.557965
vt 0.374612 0.578156
vt 0.945276 0.101772
vt 0.945652 0.074533
vt 0.950724 0.073858
vt 0.950166 0.102804
vt 0.940367 0.653770
vt 0.944494 0.654501
vt 0.942720 0.683053
vt 0.937614 0.683197
vt 0.483823 0.631522
vt 0.479276 0.633196
vt 0.948975 0.655325
vt 0.948661 0.683101
vt 0.946370 0.710752
vt 0.649169 0.941950
vt 0.625066 0.961372
vt 0.621987 0.958148
vt 0.461674 0.912116
vt 0.455522 0.886305
vt 0.461787 0.885274
vt 0.465578 0.907711
vt 0.456850 0.913727
vt 0.451240 0.887183
vt 0.950545 0.049659
vt 0.949445 0.026085
vt 0.954441 0.026767
vt 0.955311 0.050990
vt 0.945536 0.050611
vt 0.945276 0.027562
vt 0.434501 0.515733
vt 0.451290 0.490030
vt 0.455189 0.492467
vt 0.437341 0.518576
vt 0.446870 0.487136
vt 0.459528 0.462963
vt 0.464313 0.465736
vt 0.454725 0.460105
vt 0.464601 0.437344
vt 0.469712 0.439920
vt 0.459404 0.434469
vt 0.467311 0.409999
vt 0.472945 0.412097
vt 0.459990 0.407233
vt 0.464735 0.383613
vt 0.472558 0.385647
vt 0.452928 0.380334
vt 0.456124 0.358025
vt 0.466946 0.360032
vt 0.438008 0.354314
vt 0.440015 0.332516
vt 0.457634 0.335881
vt 0.415430 0.327989
vt 0.417283 0.305649
vt 0.440900 0.309783
vt 0.393182 0.301420
vt 0.393951 0.279174
vt 0.418793 0.283810
vt 0.370620 0.297337
vt 0.370113 0.274072
vt 0.393051 0.258349
vt 0.350436 0.293574
vt 0.350017 0.268756
vt 0.331746 0.289831
vt 0.332746 0.265111
vt 0.333824 0.250102
vt 0.313027 0.287681
vt 0.315907 0.263978
vt 0.296151 0.262799
vt 0.275948 0.241663
vt 0.279407 0.223738
vt 0.250950 0.238973
vt 0.253582 0.219336
vt 0.256991 0.198028
vt 0.281249 0.204562
vt 0.225919 0.236428
vt 0.229968 0.217222
vt 0.202789 0.233979
vt 0.208296 0.217177
vt 0.186665 0.230692
vt 0.189446 0.218678
vt 0.174336 0.229815
vt 0.174618 0.221046
vt 0.173510 0.203679
vt 0.169894 0.178018
vt 0.149302 0.185102
vt 0.161819 0.151589
vt 0.168478 0.116700
vt 0.156508 0.099298
vt 0.173668 0.089483
vt 0.184177 0.103472
vt 0.190064 0.074865
vt 0.200444 0.087778
vt 0.215536 0.106700
vt 0.218229 0.074325
vt 0.230562 0.088807
vt 0.246889 0.104478
vt 0.260255 0.083475
vt 0.276752 0.094200
vt 0.263559 0.116826
vt 0.293247 0.103715
vt 0.281342 0.127333
vt 0.270187 0.151345
vt 0.299619 0.136958
vt 0.290541 0.160712
vt 0.284575 0.183456
vt 0.262086 0.175050
vt 0.311963 0.169540
vt 0.307841 0.192290
vt 0.332605 0.177673
vt 0.328271 0.201431
vt 0.352855 0.185524
vt 0.359970 0.161925
vt 0.381713 0.169081
vt 0.374401 0.191968
vt 0.339252 0.154268
vt 0.348950 0.131774
vt 0.368779 0.139635
vt 0.319634 0.146049
vt 0.329474 0.123026
vt 0.340534 0.102785
vt 0.359599 0.111372
vt 0.310652 0.113339
vt 0.322397 0.093336
vt 0.330416 0.080035
vt 0.348626 0.089060
vt 0.305103 0.082339
vt 0.312266 0.067714
vt 0.316338 0.058154
vt 0.336010 0.068810
vt 0.287541 0.073954
vt 0.292846 0.059640
vt 0.295576 0.050173
vt 0.297671 0.043046
vt 0.318306 0.051151
vt 0.274178 0.053864
vt 0.276695 0.044703
vt 0.278552 0.036895
vt 0.280052 0.030408
vt 0.299458 0.037169
vt 0.261133 0.042308
vt 0.261398 0.033607
vt 0.261587 0.025860
vt 0.245670 0.034060
vt 0.244551 0.026782
vt 0.227098 0.038823
vt 0.224920 0.032670
vt 0.205900 0.046912
vt 0.229771 0.046149
vt 0.208464 0.054148
vt 0.184974 0.065324
vt 0.182346 0.057357
vt 0.165712 0.077352
vt 0.161587 0.068273
vt 0.148658 0.086970
vt 0.143511 0.077842
vt 0.211599 0.062108
vt 0.247111 0.042417
vt 0.319904 0.045573
vt 0.342855 0.049714
vt 0.340947 0.055450
vt 0.338956 0.061204
vt 0.360251 0.064841
vt 0.357729 0.070953
vt 0.354225 0.078706
vt 0.376192 0.080851
vt 0.372535 0.088219
vt 0.368330 0.096217
vt 0.391681 0.099531
vt 0.386526 0.107561
vt 0.378023 0.120881
vt 0.405786 0.117872
vt 0.398907 0.130013
vt 0.390341 0.147189
vt 0.420004 0.138064
vt 0.413161 0.153922
vt 0.405359 0.175758
vt 0.435856 0.160548
vt 0.429746 0.181412
vt 0.425590 0.202956
vt 0.399623 0.197989
vt 0.423594 0.223354
vt 0.395045 0.219797
vt 0.421521 0.243247
vt 0.391709 0.239547
vt 0.420229 0.262998
vt 0.445629 0.245848
vt 0.444148 0.266443
vt 0.442196 0.287799
vt 0.461948 0.268654
vt 0.460701 0.290936
vt 0.459040 0.313299
vt 0.474096 0.293422
vt 0.470767 0.316173
vt 0.468240 0.337722
vt 0.478847 0.317616
vt 0.475654 0.339167
vt 0.474377 0.361554
vt 0.482879 0.340365
vt 0.481072 0.363060
vt 0.478339 0.387047
vt 0.487000 0.364213
vt 0.484021 0.388398
vt 0.478343 0.414305
vt 0.489492 0.389740
vt 0.483634 0.416377
vt 0.474631 0.442560
vt 0.488688 0.418396
vt 0.479254 0.445228
vt 0.468744 0.468184
vt 0.850333 0.885372
vt 0.849556 0.862622
vt 0.853833 0.864983
vt 0.854685 0.886782
vt 0.855659 0.910611
vt 0.851453 0.909393
vt 0.447747 0.827388
vt 0.449357 0.801013
vt 0.453538 0.800616
vt 0.452319 0.826310
vt 0.454878 0.860781
vt 0.450300 0.859256
vt 0.953100 0.000635
vt 0.948361 0.001938
vt 0.456668 0.827507
vt 0.544891 0.998555
vt 0.543764 0.993576
vt 0.460748 0.830017
vt 0.858608 0.866916
vt 0.859402 0.886072
vt 0.852474 0.837730
vt 0.857715 0.838946
vt 0.848617 0.835972
vt 0.888680 0.837036
vt 0.882710 0.806941
vt 0.887191 0.805227
vt 0.894955 0.836411
vt 0.851050 0.809742
vt 0.855895 0.809879
vt 0.850196 0.784671
vt 0.854938 0.784957
vt 0.499214 0.391935
vt 0.492342 0.420052
vt 0.494903 0.391035
vt 0.498480 0.366113
vt 0.503413 0.366784
vt 0.501168 0.343490
vt 0.505999 0.344476
vt 0.492883 0.365256
vt 0.495346 0.342416
vt 0.497848 0.319625
vt 0.503786 0.320545
vt 0.489256 0.341436
vt 0.491911 0.318736
vt 0.493966 0.295264
vt 0.499660 0.295773
vt 0.485798 0.318067
vt 0.487991 0.294853
vt 0.488080 0.271558
vt 0.494063 0.271749
vt 0.482066 0.294416
vt 0.482155 0.271123
vt 0.478494 0.248322
vt 0.485685 0.248884
vt 0.473869 0.270188
vt 0.470512 0.247786
vt 0.468324 0.227275
vt 0.475506 0.227886
vt 0.460905 0.247234
vt 0.459380 0.226569
vt 0.458654 0.206188
vt 0.467438 0.207230
vt 0.446210 0.225613
vt 0.446429 0.205171
vt 0.447426 0.185158
vt 0.460547 0.186972
vt 0.464850 0.167224
vt 0.473365 0.167587
vt 0.469353 0.188212
vt 0.453339 0.165271
vt 0.459169 0.148242
vt 0.468750 0.148913
vt 0.441636 0.144267
vt 0.447313 0.132445
vt 0.463190 0.135355
vt 0.426513 0.125816
vt 0.430962 0.117562
vt 0.451299 0.123613
vt 0.410015 0.110066
vt 0.414213 0.103180
vt 0.434256 0.111240
vt 0.395398 0.092771
vt 0.398255 0.086887
vt 0.417497 0.097393
vt 0.379063 0.074908
vt 0.381782 0.069211
vt 0.400925 0.081307
vt 0.362864 0.059115
vt 0.365449 0.053753
vt 0.384349 0.063592
vt 0.386414 0.058409
vt 0.405445 0.071127
vt 0.403518 0.075794
vt 0.367746 0.049051
vt 0.425746 0.082743
vt 0.423393 0.086886
vt 0.420494 0.092073
vt 0.442987 0.095545
vt 0.440150 0.100458
vt 0.437286 0.105633
vt 0.456380 0.111540
vt 0.453983 0.117097
vt 0.468958 0.120230
vt 0.466217 0.126833
vt 0.475599 0.127597
vt 0.472602 0.136126
vt 0.479752 0.135897
vt 0.476846 0.148424
vt 0.486106 0.135395
vt 0.483302 0.147979
vt 0.479836 0.167457
vt 0.489120 0.147762
vt 0.485876 0.167124
vt 0.483497 0.187816
vt 0.476610 0.188328
vt 0.482487 0.208116
vt 0.474825 0.207929
vt 0.483274 0.228271
vt 0.489395 0.208163
vt 0.490393 0.228517
vt 0.492324 0.249173
vt 0.497022 0.228652
vt 0.498610 0.249309
vt 0.499835 0.271869
vt 0.504505 0.249247
vt 0.505630 0.271976
vt 0.505340 0.296286
vt 0.509911 0.272036
vt 0.509750 0.296784
vt 0.508359 0.321422
vt 0.850852 0.739419
vt 0.851580 0.714817
vt 0.856912 0.715156
vt 0.855951 0.740333
vt 0.855100 0.763349
vt 0.850339 0.762419
vt 0.880944 0.759777
vt 0.881528 0.736631
vt 0.886368 0.738499
vt 0.047575 0.914979
vt 0.052876 0.916541
vt 0.052180 0.933576
vt 0.046846 0.934041
vt 0.889365 0.712453
vt 0.895113 0.713605
vt 0.892642 0.739375
vt 0.884110 0.711569
vt 0.901043 0.715234
vt 0.906975 0.716093
vt 0.951858 0.814506
vt 0.953795 0.793566
vt 0.959466 0.795317
vt 0.957579 0.814787
vt 0.911829 0.716719
vt 0.964736 0.796567
vt 0.962970 0.814790
vt 0.963135 0.833781
vt 0.957177 0.834784
vt 0.796249 0.709364
vt 0.801471 0.709506
vt 0.800129 0.734238
vt 0.794304 0.733740
vt 0.964736 0.855218
vt 0.959026 0.854784
vt 0.798966 0.687446
vt 0.803950 0.688955
vt 0.808917 0.690647
vt 0.807022 0.709776
vt 0.803223 0.665863
vt 0.808069 0.668095
vt 0.812942 0.670762
vt 0.513022 0.214834
vt 0.511181 0.235055
vt 0.809161 0.642622
vt 0.414417 0.896577
vt 0.414470 0.920626
vt 0.409853 0.919759
vt 0.409113 0.896403
vt 0.962965 0.775367
vt 0.957987 0.775843
vt 0.969176 0.682290
vt 0.964715 0.681996
vt 0.965465 0.655921
vt 0.969176 0.653769
vt 0.511341 0.254261
vt 0.513289 0.278780
vt 0.805251 0.734243
vt 0.803952 0.764197
vt 0.799244 0.764271
vt 0.804857 0.795209
vt 0.800337 0.796290
vt 0.795069 0.796518
vt 0.793569 0.763883
vt 0.950828 0.235830
vt 0.950517 0.269125
vt 0.945276 0.269119
vt 0.946071 0.234036
vt 0.949413 0.204189
vt 0.954339 0.205691
vt 0.954339 0.302379
vt 0.949628 0.303178
vt 0.025384 0.691318
vt 0.019385 0.723050
vt 0.014508 0.721831
vt 0.020527 0.690043
vt 0.009150 0.721602
vt 0.014278 0.689774
vt 0.915527 0.828979
vt 0.910468 0.832474
vt 0.907718 0.791023
vt 0.905605 0.834045
vt 0.911755 0.865106
vt 0.899986 0.835240
vt 0.892986 0.804162
vt 0.015903 0.756106
vt 0.011566 0.754344
vt 0.006219 0.750656
vt 0.956021 0.396090
vt 0.960428 0.397842
vt 0.012437 0.791644
vt 0.006816 0.791042
vt 0.016047 0.826745
vt 0.011069 0.827067
vt 0.005843 0.827299
vt 0.002167 0.791032
vt 0.000792 0.747762
vt 0.568421 0.964071
vt 0.599686 0.944980
vt 0.006727 0.863521
vt 0.000635 0.828246
vt 0.794811 0.829781
vt 0.892942 0.687276
vt 0.887030 0.686305
vt 0.857180 0.689730
vt 0.852037 0.690080
vt 0.851927 0.667185
vt 0.857442 0.667403
vt 0.851839 0.647272
vt 0.857197 0.648537
vt 0.509219 0.249151
vt 0.503260 0.228846
vt 0.508038 0.229259
vt 0.502089 0.208393
vt 0.506323 0.208820
vt 0.495903 0.208238
vt 0.496089 0.187171
vt 0.501703 0.186964
vt 0.489954 0.187406
vt 0.491856 0.166656
vt 0.497501 0.166157
vt 0.501707 0.165664
vt 0.852757 0.626811
vt 0.858803 0.605599
vt 0.857732 0.627976
vt 0.848991 0.626271
vt 0.897635 0.625414
vt 0.046777 0.834086
vt 0.051999 0.811282
vt 0.057702 0.809682
vt 0.053457 0.788748
vt 0.059975 0.787749
vt 0.052876 0.955096
vt 0.047772 0.956174
vt 0.269992 0.065738
vt 0.687685 0.898622
vt 0.707347 0.873567
vt 0.701529 0.766954
vt 0.696616 0.769519
vt 0.691696 0.749901
vt 0.687169 0.751978
vt 0.680019 0.730556
vt 0.684746 0.728916
vt 0.692110 0.771919
vt 0.670607 0.708306
vt 0.675252 0.705833
vt 0.736819 0.959701
vt 0.746365 0.942611
vt 0.751763 0.945128
vt 0.741964 0.963083
vt 0.658820 0.685997
vt 0.663017 0.683118
vt 0.754907 0.923100
vt 0.760192 0.924704
vt 0.762772 0.903869
vt 0.767606 0.905478
vt 0.666323 0.680938
vt 0.653542 0.660636
vt 0.658346 0.659213
vt 0.670087 0.677608
vt 0.771205 0.878622
vt 0.776020 0.879763
vt 0.632712 0.638424
vt 0.629331 0.641536
vt 0.608022 0.616332
vt 0.610100 0.612301
vt 0.650391 0.662562
vt 0.646283 0.665108
vt 0.095119 0.765621
vt 0.094418 0.789356
vt 0.088397 0.789414
vt 0.082779 0.789433
vt 0.092631 0.814070
vt 0.086272 0.813859
vt 0.080286 0.813726
vt 0.089731 0.837885
vt 0.967888 0.426873
vt 0.962080 0.427144
vt 0.075215 0.653171
vt 0.070172 0.654736
vt 0.061245 0.632985
vt 0.066354 0.631522
vt 0.407460 0.774906
vt 0.412616 0.775124
vt 0.305114 0.865130
vt 0.452287 0.935774
vt 0.452436 0.941946
vt 0.058867 0.901389
vt 0.059495 0.907332
vt 0.856689 0.532937
vt 0.859301 0.533002
vt 0.859078 0.539099
vt 0.912215 0.544074
vt 0.910298 0.551579
vt 0.919899 0.609527
vt 0.924686 0.612010
vt 0.928457 0.612259
vt 0.962864 0.165971
vt 0.967531 0.164415
vt 0.967531 0.190457
vt 0.963158 0.193515
vt 0.592389 0.338453
vt 0.573363 0.350984
vt 0.590331 0.373658
vt 0.572394 0.386820
vt 0.593520 0.409185
vt 0.582561 0.419382
vt 0.606099 0.440056
vt 0.600011 0.447134
vt 0.630790 0.456124
vt 0.624120 0.465475
vt 0.620074 0.471279
vt 0.648671 0.479719
vt 0.643887 0.486534
vt 0.639944 0.491920
vt 0.616526 0.476147
vt 0.667707 0.499300
vt 0.663590 0.505763
vt 0.660537 0.510954
vt 0.636454 0.496927
vt 0.613160 0.480543
vt 0.681189 0.514149
vt 0.679496 0.519797
vt 0.952375 0.361135
vt 0.947386 0.361456
vt 0.684778 0.506577
vt 0.693932 0.509981
vt 0.689819 0.518567
vt 0.688910 0.524283
vt 0.690932 0.493300
vt 0.701003 0.494166
vt 0.673252 0.489594
vt 0.680879 0.474592
vt 0.696898 0.475979
vt 0.656611 0.468100
vt 0.706873 0.475718
vt 0.653529 0.912268
vt 0.649706 0.908810
vt 0.210664 0.774917
vt 0.215303 0.773240
vt 0.395854 0.834866
vt 0.399833 0.846616
vt 0.396229 0.835766
vt 0.395854 0.858156
vt 0.563303 0.102981
vt 0.633083 0.201435
vt 0.667979 0.304171
vt 0.682417 0.319751
vt 0.679064 0.325641
vt 0.657187 0.285906
vt 0.662689 0.283602
vt 0.672154 0.301204
vt 0.651172 0.265364
vt 0.657545 0.264861
vt 0.325281 0.877956
vt 0.330587 0.877516
vt 0.332608 0.894185
vt 0.328206 0.895406
vt 0.650032 0.243925
vt 0.657651 0.244437
vt 0.327259 0.860672
vt 0.332671 0.861393
vt 0.971507 0.396090
vt 0.975749 0.396465
vt 0.975464 0.414612
vt 0.971507 0.415357
vt 0.886423 0.976456
vt 0.880944 0.976783
vt 0.883240 0.959454
vt 0.888246 0.960619
vt 0.893885 0.962254
vt 0.891664 0.977124
vt 0.958616 0.220087
vt 0.964045 0.221797
vt 0.961458 0.237740
vt 0.955609 0.237759
vt 0.894306 0.944697
vt 0.899355 0.947030
vt 0.965827 0.204189
vt 0.970443 0.207116
vt 0.904666 0.948877
vt 0.912087 0.935530
vt 0.919502 0.940715
vt 0.922198 0.923411
vt 0.928442 0.930770
vt 0.939819 0.944161
vt 0.939912 0.922409
vt 0.947947 0.939162
vt 0.952910 0.918096
vt 0.956734 0.937143
vt 0.180348 0.935734
vt 0.191683 0.923830
vt 0.199216 0.937104
vt 0.184946 0.943971
vt 0.173548 0.949496
vt 0.171369 0.944845
vt 0.934944 0.913229
vt 0.950994 0.907536
vt 0.889613 0.942720
vt 0.898761 0.926576
vt 0.664497 0.224685
vt 0.658603 0.221744
vt 0.958059 0.255750
vt 0.963716 0.254023
vt 0.970443 0.268733
vt 0.965115 0.272129
vt 0.335379 0.876683
vt 0.334481 0.913664
vt 0.685522 0.315755
vt 0.702360 0.338209
vt 0.953645 0.304448
vt 0.958152 0.305307
vt 0.247659 0.856975
vt 0.767982 0.632238
vt 0.781903 0.223144
vt 0.127515 0.954241
vt 0.119090 0.941600
vt 0.167663 0.952212
vt 0.166349 0.948676
vt 0.964194 0.961411
vt 0.947668 0.977124
vt 0.872501 0.527308
vt 0.969678 0.609385
vt 0.969012 0.601960
vt 0.179275 0.237496
vt 0.970445 0.677351
vt 0.971808 0.676030
vt 0.974196 0.675806
vt 0.974196 0.682027
vt 0.971782 0.733036
vt 0.973024 0.727031
vt 0.976862 0.727010
vt 0.976862 0.734674
vt 0.009681 0.970256
vt 0.010628 0.963539
vt 0.014694 0.964803
vt 0.012766 0.972451
vt 0.831107 0.972001
vt 0.821238 0.974887
vt 0.840495 0.968734
vt 0.401103 0.834866
vt 0.405862 0.835776
vt 0.407843 0.846656
vt 0.401441 0.845360
vt 0.848147 0.966382
vt 0.848553 0.972672
vt 0.841440 0.974009
vt 0.019299 0.966013
vt 0.017530 0.971439
vt 0.833650 0.953561
vt 0.828933 0.950302
vt 0.978119 0.048281
vt 0.019299 0.975122
vt 0.012020 0.978625
vt 0.458626 0.631522
vt 0.059488 0.913709
vt 0.857289 0.527308
vt 0.332136 0.241455
vt 0.965949 0.384137
vt 0.966171 0.373896
vt 0.966628 0.486606
vt 0.972776 0.486761
vt 0.978046 0.394458
vt 0.971204 0.394394
vt 0.962706 0.392808
vt 0.453058 0.984249
vt 0.452258 0.977756
vt 0.435692 0.638737
vt 0.440975 0.641019
vt 0.440043 0.647498
vt 0.434219 0.647246
vt 0.428530 0.647827
vt 0.429042 0.638787
vt 0.422814 0.648828
vt 0.422792 0.640800
vt 0.434199 0.655620
vt 0.428129 0.656241
vt 0.422115 0.657090
vt 0.416146 0.658142
vt 0.416621 0.650025
vt 0.427795 0.667836
vt 0.421634 0.669036
vt 0.415824 0.670272
vt 0.421313 0.687984
vt 0.415761 0.689850
vt 0.959791 0.140843
vt 0.957227 0.160252
vt 0.952272 0.161427
vt 0.955275 0.141605
vt 0.957056 0.129624
vt 0.961217 0.128792
vt 0.957659 0.122213
vt 0.961594 0.120650
vt 0.440944 0.804574
vt 0.440748 0.816695
vt 0.434565 0.818408
vt 0.434484 0.806211
vt 0.434182 0.798815
vt 0.440617 0.797153
vt 0.433780 0.793429
vt 0.440030 0.791869
vt 0.428430 0.807683
vt 0.428352 0.800000
vt 0.428190 0.794378
vt 0.809264 0.963167
vt 0.810524 0.958691
vt 0.815094 0.959563
vt 0.814080 0.963884
vt 0.422707 0.800600
vt 0.422842 0.794724
vt 0.804193 0.962467
vt 0.805779 0.957733
vt 0.807705 0.952901
vt 0.811756 0.954034
vt 0.798137 0.961226
vt 0.799907 0.956497
vt 0.793569 0.960895
vt 0.794142 0.954899
vt 0.797672 0.966868
vt 0.793569 0.967418
vt 0.445959 0.648030
vt 0.445698 0.655244
vt 0.440092 0.655248
vt 0.446477 0.642438
vt 0.445563 0.665038
vt 0.440014 0.665755
vt 0.433858 0.666703
vt 0.439734 0.682556
vt 0.433646 0.684338
vt 0.427534 0.686149
vt 0.433522 0.705020
vt 0.427382 0.706993
vt 0.421082 0.708956
vt 0.427195 0.727943
vt 0.420823 0.729941
vt 0.415955 0.731911
vt 0.415740 0.710936
vt 0.953923 0.181082
vt 0.950289 0.201756
vt 0.945276 0.202919
vt 0.948811 0.182215
vt 0.440129 0.857834
vt 0.439708 0.878842
vt 0.433618 0.880786
vt 0.433980 0.859756
vt 0.434233 0.838715
vt 0.440546 0.836753
vt 0.427877 0.861685
vt 0.428223 0.840705
vt 0.428467 0.820347
vt 0.422220 0.842658
vt 0.422393 0.822319
vt 0.422486 0.808781
vt 0.416330 0.824316
vt 0.416440 0.809774
vt 0.416332 0.800945
vt 0.950589 0.775367
vt 0.948733 0.789794
vt 0.944857 0.791268
vt 0.947003 0.775766
vt 0.797716 0.974412
vt 0.793645 0.975949
vt 0.946589 0.809978
vt 0.942423 0.811478
vt 0.445434 0.680690
vt 0.445611 0.701048
vt 0.439625 0.703046
vt 0.445652 0.722056
vt 0.439552 0.724006
vt 0.433391 0.725973
vt 0.439420 0.744430
vt 0.433220 0.746152
vt 0.426917 0.747869
vt 0.433076 0.761607
vt 0.426472 0.762558
vt 0.419812 0.763597
vt 0.420413 0.749552
vt 0.960320 0.064533
vt 0.956651 0.066774
vt 0.416211 0.751181
vt 0.444326 0.896180
vt 0.439299 0.897990
vt 0.444290 0.876910
vt 0.432856 0.910763
vt 0.433308 0.899548
vt 0.427541 0.911522
vt 0.427550 0.900927
vt 0.427589 0.882681
vt 0.421790 0.902305
vt 0.421716 0.884563
vt 0.421918 0.863630
vt 0.415740 0.886405
vt 0.415827 0.865565
vt 0.415988 0.844611
vt 0.944537 0.830832
vt 0.942444 0.851566
vt 0.938474 0.852940
vt 0.940451 0.832385
vt 0.940991 0.868738
vt 0.937170 0.869696
vt 0.445470 0.742720
vt 0.445652 0.759524
vt 0.439558 0.760583
vt 0.446372 0.769149
vt 0.439905 0.770235
vt 0.433036 0.771415
vt 0.440065 0.776596
vt 0.432945 0.778074
vt 0.425736 0.779268
vt 0.426110 0.772159
vt 0.419330 0.780300
vt 0.420011 0.772724
vt 0.432612 0.785228
vt 0.425300 0.786239
vt 0.418691 0.785924
vt 0.969724 0.884314
vt 0.965073 0.885975
vt 0.961372 0.881049
vt 0.966434 0.878389
vt 0.494002 0.978911
vt 0.491247 0.971307
vt 0.970994 0.864432
vt 0.970994 0.856488
vt 0.976942 0.858230
vt 0.976576 0.863319
vt 0.955954 0.280800
vt 0.957011 0.274920
vt 0.964182 0.273399
vt 0.963479 0.279288
vt 0.963887 0.286351
vt 0.955609 0.287767
vt 0.960071 0.874418
vt 0.965027 0.874148
vt 0.965385 0.292397
vt 0.955788 0.293813
vt 0.961190 0.868122
vt 0.965647 0.868469
vt 0.968568 0.135318
vt 0.969916 0.146541
vt 0.965475 0.145210
vt 0.962864 0.134746
vt 0.968285 0.156333
vt 0.962864 0.155042
vt 0.975715 0.725043
vt 0.971782 0.725740
vt 0.971782 0.712642
vt 0.974561 0.714226
vt 0.960775 0.012893
vt 0.962906 0.017985
vt 0.958581 0.019435
vt 0.956732 0.013071
vt 0.958538 0.005316
vt 0.961371 0.008414
vt 0.964855 0.000635
vt 0.968943 0.004838
vt 0.970441 0.277050
vt 0.971536 0.284728
vt 0.439787 0.790564
vt 0.432301 0.790600
vt 0.439224 0.783618
vt 0.974468 0.290855
vt 0.965739 0.023616
vt 0.961265 0.024410
vt 0.977344 0.295596
vt 0.967298 0.297298
vt 0.956978 0.298262
vt 0.446477 0.775061
vt 0.415740 0.903637
vt 0.422155 0.912275
vt 0.415945 0.913095
vt 0.343935 0.969746
vt 0.343053 0.964746
vt 0.349781 0.965566
vt 0.350556 0.970644
vt 0.355776 0.964953
vt 0.356717 0.970429
vt 0.361351 0.964846
vt 0.361553 0.971556
vt 0.361365 0.976683
vt 0.354955 0.960505
vt 0.359684 0.960787
vt 0.958902 0.600621
vt 0.959768 0.597050
vt 0.964165 0.595163
vt 0.964219 0.600621
vt 0.218527 0.977317
vt 0.213220 0.978200
vt 0.213220 0.968471
vt 0.218438 0.971002
vt 0.973856 0.785951
vt 0.979633 0.786140
vt 0.432933 0.916941
vt 0.416512 0.794581
vt 0.763826 0.973385
vt 0.769634 0.974999
vt 0.767683 0.977880
vt 0.763936 0.978000
vt 0.815770 0.955178
vt 0.763833 0.968834
vt 0.771148 0.970645
vt 0.819213 0.955682
vt 0.819968 0.960390
vt 0.819486 0.964244
vt 0.954690 0.113569
vt 0.959629 0.108677
vt 0.960934 0.113887
vt 0.956703 0.116745
vt 0.974021 0.525970
vt 0.974116 0.520538
vt 0.979458 0.518450
vt 0.979458 0.525433
vt 0.417899 0.643422
vt 0.422471 0.634421
vt 0.429042 0.631522
vt 0.736818 0.964353
vt 0.749525 0.964353
vt 0.746530 0.971102
vt 0.740719 0.970471
vt 0.744492 0.978703
vt 0.740474 0.978983
vt 0.978527 0.237339
vt 0.971712 0.238809
vt 0.968943 0.030762
vt 0.956581 0.031825
vt 0.981902 0.302595
vt 0.966560 0.302595
vt 0.957297 0.301777
vt 0.981327 0.853094
vt 0.966005 0.855168
vt 0.350858 0.848080
vt 0.668548 0.835288
vt 0.076866 0.939663
vt 0.070778 0.940946
vt 0.972586 0.779917
vt 0.966005 0.775367
vt 0.698261 0.510657
vt 0.631147 0.926938
vt 0.637101 0.929905
vt 0.505650 0.773830
vt 0.499979 0.775479
vt 0.106911 0.887966
vt 0.109354 0.884216
vt 0.096389 0.892401
vt 0.101635 0.889826
vt 0.960986 0.561302
vt 0.965850 0.558992
vt 0.198503 0.968785
vt 0.201000 0.968471
vt 0.202595 0.975141
vt 0.198503 0.977659
vt 0.956312 0.652195
vt 0.976916 0.956269
vt 0.976461 0.963822
vt 0.972120 0.963396
vt 0.971231 0.953298
vt 0.965464 0.950154
vt 0.966910 0.960505
vt 0.969420 0.976282
vt 0.965464 0.973856
vt 0.341783 0.960505
vt 0.976845 0.948884
vt 0.965950 0.937127
vt 0.742317 0.023757
vt 0.276351 0.778045
vt 0.270951 0.766704
vt 0.318228 0.868495
vt 0.320108 0.867379
vt 0.324011 0.879664
vt 0.318228 0.889618
vt 0.774047 0.975929
vt 0.200707 0.880638
vt 0.959835 0.592775
vt 0.961839 0.590057
vt 0.353697 0.859250
vt 0.350681 0.857295
vt 0.353989 0.853674
vt 0.349796 0.853674
vt 0.839918 0.959587
vt 0.817182 0.950681
vt 0.816335 0.951331
vt 0.972472 0.081828
vt 0.977613 0.078686
vt 0.977613 0.086098
vt 0.975962 0.090299
vt 0.475470 0.818843
vt 0.475896 0.818778
vt 0.477936 0.817542
vt 0.475470 0.811162
vt 0.763826 0.964353
vt 0.768151 0.967224
vt 0.974054 0.744913
vt 0.977699 0.744788
vt 0.977385 0.747188
vt 0.974054 0.750638
vt 0.975752 0.495747
vt 0.974197 0.490822
vt 0.978094 0.491112
vt 0.974046 0.488653
vt 0.978908 0.488653
vt 0.509816 0.759883
vt 0.509816 0.771380
vt 0.508091 0.772540
vt 0.506920 0.762698
vt 0.960682 0.383296
vt 0.960045 0.374253
vt 0.401103 0.856417
vt 0.405951 0.858386
vt 0.185546 0.232778
s 0
usemtl tripo_mat_92614684-3a62-4684-b0bd-49c180afff26
f 1/1/1 7/2/1 384/3/1
f 1/1/2 384/3/2 386/4/2
f 1/1/3 388/5/3 390/6/3
f 1/1/4 390/6/4 7/2/4
f 2/7/5 393/8/5 396/9/5
f 2/7/6 396/9/6 389/10/6
f 5/11/7 398/12/7 400/13/7
f 5/11/8 400/13/8 402/14/8
f 4/15/9 404/16/9 386/4/9
f 4/15/10 386/4/10 397/17/10
f 6/18/11 403/19/11 407/20/11
f 6/18/12 407/20/12 405/21/12
f 394/22/13 3/23/13 410/24/13
f 394/22/14 410/24/14 413/25/14
f 7/2/15 414/26/15 416/27/15
f 7/2/16 416/27/16 384/3/16
f 8/28/17 391/29/17 418/30/17
f 8/28/18 418/30/18 420/31/18
f 8/28/19 420/31/19 421/32/19
f 8/28/20 421/32/20 415/33/20
f 9/34/21 422/35/21 30/36/21
f 9/34/22 30/36/22 424/37/22
f 9/34/23 428/38/23 431/39/23
f 9/34/24 431/39/24 422/35/24
f 10/40/25 425/41/25 28/42/25
f 10/40/26 28/42/26 429/43/26
f 11/44/27 19/45/27 434/46/27
f 11/44/28 434/46/28 437/47/28
f 12/48/29 438/49/29 16/50/29
f 12/48/30 16/50/30 13/51/30
f 12/48/31 13/51/31 439/52/31
f 12/48/32 439/52/32 20/53/32
f 15/54/33 441/55/33 442/56/33
f 15/54/34 442/56/34 443/57/34
f 15/54/35 443/57/35 444/58/35
f 15/54/36 444/58/36 445/59/36
f 15/54/37 446/60/37 447/61/37
f 15/54/38 447/61/38 441/55/38
f 15/54/39 445/59/39 448/62/39
f 15/54/40 448/62/40 449/63/40
f 16/50/41 438/49/41 450/64/41
f 16/50/42 450/64/42 451/65/42
f 17/66/43 452/67/43 454/68/43
f 17/66/44 454/68/44 456/69/44
f 20/53/45 457/70/45 459/71/45
f 20/53/46 459/71/46 435/72/46
f 21/73/47 461/74/47 462/75/47
f 21/73/48 462/75/48 464/76/48
f 21/73/49 466/77/49 468/78/49
f 21/73/50 468/78/50 461/74/50
f 22/79/51 465/80/51 469/81/51
f 22/79/52 469/81/52 467/82/52
f 23/83/53 470/84/53 472/85/53
f 23/83/54 472/85/54 474/86/54
f 25/87/55 475/88/55 476/89/55
f 25/87/56 476/89/56 478/90/56
f 24/91/57 477/92/57 479/93/57
f 24/91/58 479/93/58 482/94/58
f 23/83/59 484/95/59 378/96/59
f 23/83/60 378/96/60 470/84/60
f 23/83/61 481/97/61 486/98/61
f 23/83/62 486/98/62 484/95/62
f 26/99/63 429/43/63 28/42/63
f 26/99/64 28/42/64 488/100/64
f 26/99/65 490/101/65 492/102/65
f 26/99/66 492/102/66 494/103/66
f 26/99/67 496/104/67 497/105/67
f 26/99/68 497/105/68 490/101/68
f 26/99/69 488/100/69 500/106/69
f 26/99/70 500/106/70 496/104/70
f 29/107/71 427/108/71 503/109/71
f 29/107/72 503/109/72 489/110/72
f 31/111/73 423/112/73 504/113/73
f 31/111/74 504/113/74 505/114/74
f 32/115/75 506/116/75 507/117/75
f 32/115/76 507/117/76 509/118/76
f 32/115/77 509/118/77 511/119/77
f 32/115/78 511/119/78 513/120/78
f 33/121/79 514/122/79 516/123/79
f 33/121/80 516/123/80 517/124/80
f 33/121/81 519/125/81 521/126/81
f 33/121/82 521/126/82 514/122/82
f 33/121/83 523/127/83 525/128/83
f 33/121/84 525/128/84 519/125/84
f 36/129/85 527/130/85 531/131/85
f 36/129/86 531/131/86 533/132/86
f 37/133/87 535/134/87 536/135/87
f 37/133/88 536/135/88 537/136/88
f 37/133/89 534/137/89 538/138/89
f 37/133/90 538/138/90 535/134/90
f 37/133/91 537/136/91 539/139/91
f 37/133/92 539/139/92 540/140/92
f 38/141/93 541/142/93 542/143/93
f 38/141/94 542/143/94 543/144/94
f 38/141/95 544/145/95 545/146/95
f 38/141/96 545/146/96 546/147/96
f 38/141/97 547/148/97 39/149/97
f 38/141/98 39/149/98 541/142/98
f 38/141/99 546/147/99 548/150/99
f 38/141/100 548/150/100 547/148/100
f 39/149/101 549/151/101 550/152/101
f 39/149/102 550/152/102 541/142/102
f 39/149/103 547/148/103 551/153/103
f 39/149/104 551/153/104 552/154/104
f 39/149/105 552/154/105 553/155/105
f 39/149/106 553/155/106 549/151/106
f 40/156/107 554/157/107 555/158/107
f 40/156/108 555/158/108 556/159/108
f 40/156/109 557/160/109 558/161/109
f 40/156/110 558/161/110 554/157/110
f 40/156/111 556/159/111 559/162/111
f 40/156/112 559/162/112 557/160/112
f 41/163/113 560/164/113 562/165/113
f 41/163/114 562/165/114 564/166/114
f 42/167/115 565/168/115 567/169/115
f 42/167/116 567/169/116 569/170/116
f 41/163/117 568/171/117 43/172/117
f 41/163/118 43/172/118 560/164/118
f 43/172/119 44/173/119 570/174/119
f 43/172/120 570/174/120 116/175/120
f 43/172/121 568/171/121 571/176/121
f 43/172/122 571/176/122 44/173/122
f 44/173/123 572/177/123 575/178/123
f 44/173/124 575/178/124 570/174/124
f 44/173/125 577/179/125 579/180/125
f 44/173/126 579/180/126 572/177/126
f 44/173/127 571/176/127 581/181/127
f 44/173/128 581/181/128 577/179/128
f 45/182/129 582/183/129 583/184/129
f 45/182/130 583/184/130 584/185/130
f 45/182/131 584/185/131 564/166/131
f 45/182/132 564/166/132 562/165/132
f 45/182/133 562/165/133 585/186/133
f 45/182/134 585/186/134 582/183/134
f 46/187/135 518/188/135 588/189/135
f 46/187/136 588/189/136 589/190/136
f 46/187/137 591/191/137 34/192/137
f 46/187/138 34/192/138 518/188/138
f 47/193/139 590/194/139 49/195/139
f 47/193/140 49/195/140 592/196/140
f 594/197/141 597/198/141 599/199/141
f 594/197/142 599/199/142 602/200/142
f 48/201/143 604/202/143 605/203/143
f 48/201/144 605/203/144 606/204/144
f 48/201/145 606/204/145 607/205/145
f 48/201/146 607/205/146 608/206/146
f 48/201/147 608/206/147 609/207/147
f 48/201/148 609/207/148 604/202/148
f 49/195/149 611/208/149 613/209/149
f 49/195/150 613/209/150 592/196/150
f 49/195/151 590/194/151 617/210/151
f 49/195/152 617/210/152 611/208/152
f 50/211/153 619/212/153 610/213/153
f 50/211/154 610/213/154 616/214/154
f 51/215/155 618/216/155 622/217/155
f 51/215/156 622/217/156 623/218/156
f 51/215/157 623/218/157 626/219/157
f 51/215/158 626/219/158 620/220/158
f 52/221/159 627/222/159 629/223/159
f 52/221/160 629/223/160 607/205/160
f 53/224/161 632/225/161 634/226/161
f 53/224/162 634/226/162 636/227/162
f 52/221/163 607/205/163 606/204/163
f 52/221/164 606/204/164 631/228/164
f 54/229/165 637/230/165 638/231/165
f 54/229/166 638/231/166 640/232/166
f 52/221/167 639/233/167 641/234/167
f 52/221/168 641/234/168 627/222/168
f 55/235/169 587/236/169 517/124/169
f 55/235/170 517/124/170 516/123/170
f 56/237/171 645/238/171 621/239/171
f 56/237/172 621/239/172 588/189/172
f 55/235/173 647/240/173 648/241/173
f 55/235/174 648/241/174 643/242/174
f 57/243/175 650/244/175 652/245/175
f 57/243/176 652/245/176 655/246/176
f 57/243/177 634/226/177 658/247/177
f 57/243/178 658/247/178 650/244/178
f 57/243/179 655/246/179 636/227/179
f 57/243/180 636/227/180 634/226/180
f 59/248/181 662/249/181 625/250/181
f 59/248/182 625/250/182 63/251/182
f 62/252/183 666/253/183 663/254/183
f 666/253/184 668/255/184 663/254/184
f 60/256/185 672/257/185 67/258/185
f 60/256/186 67/258/186 665/259/186
f 64/260/187 626/219/187 623/218/187
f 64/260/188 623/218/188 674/261/188
f 64/260/189 674/261/189 677/262/189
f 64/260/190 677/262/190 61/263/190
f 65/264/191 670/265/191 678/266/191
f 65/264/192 678/266/192 680/267/192
f 68/268/193 681/269/193 684/270/193
f 68/268/194 684/270/194 686/271/194
f 58/272/195 675/273/195 687/274/195
f 58/272/196 687/274/196 669/275/196
f 69/276/197 689/277/197 691/278/197
f 69/276/198 691/278/198 692/279/198
f 70/280/199 695/281/199 342/282/199
f 70/280/200 342/282/200 690/283/200
f 70/280/201 696/284/201 700/285/201
f 70/280/202 700/285/202 695/281/202
f 71/286/203 702/287/203 704/288/203
f 71/286/204 704/288/204 698/289/204
f 69/276/205 692/279/205 705/290/205
f 69/276/206 705/290/206 701/291/206
f 72/292/207 706/293/207 708/294/207
f 72/292/208 708/294/208 709/295/208
f 72/292/209 709/295/209 711/296/209
f 72/292/210 711/296/210 713/297/210
f 72/292/211 713/297/211 714/298/211
f 72/292/212 714/298/212 716/299/212
f 74/300/213 718/301/213 720/302/213
f 74/300/214 720/302/214 721/303/214
f 75/304/215 723/305/215 726/306/215
f 75/304/216 726/306/216 719/307/216
f 75/304/217 722/308/217 727/309/217
f 75/304/218 727/309/218 723/305/218
f 76/310/219 728/311/219 729/312/219
f 76/310/220 729/312/220 730/313/220
f 76/310/221 730/313/221 731/314/221
f 76/310/222 731/314/222 732/315/222
f 76/310/223 720/302/223 718/301/223
f 76/310/224 718/301/224 728/311/224
f 76/310/225 733/316/225 734/317/225
f 76/310/226 734/317/226 720/302/226
f 76/310/227 732/315/227 736/318/227
f 76/310/228 736/318/228 733/316/228
f 73/319/229 717/320/229 92/321/229
f 73/319/230 92/321/230 707/322/230
f 79/323/231 692/279/231 691/278/231
f 79/323/232 691/278/232 738/324/232
f 77/325/233 739/326/233 740/327/233
f 77/325/234 740/327/234 742/328/234
f 77/325/235 737/329/235 745/330/235
f 77/325/236 745/330/236 739/326/236
f 78/331/237 743/332/237 748/333/237
f 78/331/238 748/333/238 751/334/238
f 79/323/239 752/335/239 705/290/239
f 79/323/240 705/290/240 692/279/240
f 81/336/241 754/337/241 701/291/241
f 81/336/242 701/291/242 705/290/242
f 80/338/243 757/339/243 759/340/243
f 80/338/244 759/340/244 753/341/244
f 81/336/245 705/290/245 752/335/245
f 81/336/246 752/335/246 758/342/246
f 82/343/247 761/344/247 763/345/247
f 82/343/248 763/345/248 764/346/248
f 83/347/249 766/348/249 768/349/249
f 83/347/250 768/349/250 762/350/250
f 83/347/251 770/351/251 772/352/251
f 83/347/252 772/352/252 766/348/252
f 82/343/253 764/346/253 773/353/253
f 82/343/254 773/353/254 769/354/254
f 84/355/255 774/356/255 775/357/255
f 84/355/256 775/357/256 777/358/256
f 85/359/257 778/360/257 780/361/257
f 85/359/258 780/361/258 88/362/258
f 84/355/259 781/363/259 783/364/259
f 84/355/260 783/364/260 774/356/260
f 84/355/261 785/365/261 787/366/261
f 84/355/262 787/366/262 781/363/262
f 85/359/263 88/362/263 789/367/263
f 85/359/264 789/367/264 786/368/264
f 86/369/265 92/321/265 717/320/265
f 86/369/266 717/320/266 703/370/266
f 86/369/267 755/371/267 760/372/267
f 86/369/268 760/372/268 92/321/268
f 87/373/269 704/288/269 702/287/269
f 87/373/270 702/287/270 756/374/270
f 88/362/271 780/361/271 791/375/271
f 88/362/272 791/375/272 789/367/272
f 90/376/273 775/357/273 774/356/273
f 90/376/274 774/356/274 792/377/274
f 91/378/275 793/379/275 797/380/275
f 91/378/276 797/380/276 776/381/276
f 91/378/277 726/306/277 723/305/277
f 91/378/278 723/305/278 793/379/278
f 92/321/279 789/367/279 791/375/279
f 92/321/280 791/375/280 707/322/280
f 93/382/281 800/383/281 803/384/281
f 93/382/282 803/384/282 805/385/282
f 94/386/283 744/387/283 741/388/283
f 94/386/284 741/388/284 801/389/284
f 94/386/285 806/390/285 749/391/285
f 94/386/286 749/391/286 744/387/286
f 95/392/287 807/393/287 808/394/287
f 95/392/288 808/394/288 809/395/288
f 95/392/289 810/396/289 811/397/289
f 95/392/290 811/397/290 807/393/290
f 95/392/291 809/395/291 812/398/291
f 95/392/292 812/398/292 810/396/292
f 96/399/293 813/400/293 102/401/293
f 96/399/294 102/401/294 99/402/294
f 98/403/295 816/404/295 818/405/295
f 98/403/296 818/405/296 814/406/296
f 97/407/297 100/408/297 819/409/297
f 97/407/298 819/409/298 821/410/298
f 101/411/299 103/412/299 823/413/299
f 101/411/300 823/413/300 820/414/300
f 103/412/301 814/406/301 824/415/301
f 103/412/302 824/415/302 825/416/302
f 105/417/303 110/418/303 820/414/303
f 105/417/304 820/414/304 823/413/304
f 104/419/305 106/420/305 112/421/305
f 104/419/306 112/421/306 109/422/306
f 105/417/307 823/413/307 826/423/307
f 105/417/308 826/423/308 107/424/308
f 107/424/309 827/425/309 830/426/309
f 107/424/310 830/426/310 113/427/310
f 108/428/311 111/429/311 821/410/311
f 108/428/312 821/410/312 819/409/312
f 113/427/313 830/426/313 833/430/313
f 113/427/314 833/430/314 835/431/314
f 113/427/315 835/431/315 836/432/315
f 113/427/316 836/432/316 822/433/316
f 114/434/317 837/435/317 838/436/317
f 114/434/318 838/436/318 839/437/318
f 114/434/319 840/438/319 841/439/319
f 114/434/320 841/439/320 837/435/320
f 115/440/321 842/441/321 843/442/321
f 115/440/322 843/442/322 844/443/322
f 115/440/323 845/444/323 846/445/323
f 115/440/324 846/445/324 842/441/324
f 115/440/325 847/446/325 848/447/325
f 115/440/326 848/447/326 849/448/326
f 116/175/327 850/449/327 851/450/327
f 116/175/328 851/450/328 852/451/328
f 116/175/329 852/451/329 853/452/329
f 116/175/330 853/452/330 854/453/330
f 116/175/331 854/453/331 855/454/331
f 116/175/332 855/454/332 43/172/332
f 117/455/333 857/456/333 858/457/333
f 117/455/334 858/457/334 859/458/334
f 117/455/335 860/459/335 862/460/335
f 117/455/336 862/460/336 857/456/336
f 117/455/337 859/458/337 863/461/337
f 117/455/338 863/461/338 860/459/338
f 118/462/339 864/463/339 865/464/339
f 118/462/340 865/464/340 867/465/340
f 118/462/341 867/465/341 869/466/341
f 118/462/342 869/466/342 872/467/342
f 118/462/343 872/467/343 874/468/343
f 118/462/344 874/468/344 864/463/344
f 876/469/345 878/470/345 880/471/345
f 876/469/346 880/471/346 882/472/346
f 119/473/347 884/474/347 885/475/347
f 119/473/348 885/475/348 886/476/348
f 883/477/349 881/478/349 884/474/349
f 883/477/350 884/474/350 119/473/350
f 119/473/351 886/476/351 887/479/351
f 119/473/352 887/479/352 883/477/352
f 123/480/353 889/481/353 890/482/353
f 123/480/354 890/482/354 891/483/354
f 123/480/355 891/483/355 892/484/355
f 123/480/356 892/484/356 895/485/356
f 122/486/357 126/487/357 899/488/357
f 122/486/358 899/488/358 888/489/358
f 121/490/359 139/491/359 901/492/359
f 121/490/360 901/492/360 125/493/360
f 120/494/361 894/495/361 903/496/361
f 120/494/362 903/496/362 138/497/362
f 124/498/363 900/499/363 905/500/363
f 124/498/364 905/500/364 898/501/364
f 129/502/365 144/503/365 137/504/365
f 129/502/366 137/504/366 132/505/366
f 127/506/367 898/501/367 905/500/367
f 127/506/368 905/500/368 142/507/368
f 128/508/369 130/509/369 888/489/369
f 128/508/370 888/489/370 899/488/370
f 131/510/371 135/511/371 908/512/371
f 131/510/372 908/512/372 910/513/372
f 134/514/373 912/515/373 906/516/373
f 134/514/374 906/516/374 902/517/374
f 134/514/375 902/517/375 141/518/375
f 134/514/376 141/518/376 914/519/376
f 133/520/377 913/521/377 915/522/377
f 133/520/378 915/522/378 911/523/378
f 136/524/379 143/525/379 906/516/379
f 136/524/380 906/516/380 912/515/380
f 145/526/381 916/527/381 918/528/381
f 145/526/382 918/528/382 158/529/382
f 147/530/383 160/531/383 921/532/383
f 147/530/384 921/532/384 924/533/384
f 146/534/385 923/535/385 148/536/385
f 146/534/386 148/536/386 917/537/386
f 148/536/387 926/538/387 928/539/387
f 148/536/388 928/539/388 917/537/388
f 148/536/389 923/535/389 155/540/389
f 148/536/390 155/540/390 926/538/390
f 149/541/391 929/542/391 931/543/391
f 149/541/392 931/543/392 933/544/392
f 151/545/393 935/546/393 153/547/393
f 151/545/394 153/547/394 162/548/394
f 150/549/395 937/550/395 939/551/395
f 150/549/396 939/551/396 934/552/396
f 150/549/397 161/553/397 941/554/397
f 150/549/398 941/554/398 937/550/398
f 152/555/399 942/556/399 944/557/399
f 152/555/400 944/557/400 161/553/400
f 157/558/401 925/559/401 922/560/401
f 157/558/402 922/560/402 946/561/402
f 156/562/403 945/563/403 948/564/403
f 156/562/404 948/564/404 950/565/404
f 159/566/405 919/567/405 953/568/405
f 159/566/406 953/568/406 955/569/406
f 163/570/407 956/571/407 221/572/407
f 163/570/408 221/572/408 960/573/408
f 166/574/409 964/575/409 965/576/409
f 166/574/410 965/576/410 966/577/410
f 167/578/411 967/579/411 969/580/411
f 167/578/412 969/580/412 971/581/412
f 165/582/413 972/583/413 177/584/413
f 165/582/414 177/584/414 957/585/414
f 168/586/415 974/587/415 977/588/415
f 168/586/416 977/588/416 979/589/416
f 170/590/417 982/591/417 984/592/417
f 170/590/418 984/592/418 976/593/418
f 169/594/419 986/595/419 988/596/419
f 169/594/420 988/596/420 981/597/420
f 171/598/421 989/599/421 991/600/421
f 171/598/422 991/600/422 993/601/422
f 171/598/423 977/588/423 974/587/423
f 171/598/424 974/587/424 989/599/424
f 172/602/425 995/603/425 997/604/425
f 172/602/426 997/604/426 978/605/426
f 173/606/427 957/585/427 177/584/427
f 173/606/428 177/584/428 175/607/428
f 174/608/429 176/609/429 189/610/429
f 174/608/430 189/610/430 999/611/430
f 174/608/431 999/611/431 222/612/431
f 174/608/432 222/612/432 958/613/432
f 176/609/433 1001/614/433 1003/615/433
f 176/609/434 1003/615/434 1004/616/434
f 175/607/435 177/584/435 972/583/435
f 175/607/436 972/583/436 1000/617/436
f 176/609/437 1004/616/437 1006/618/437
f 176/609/438 1006/618/438 189/610/438
f 181/619/439 1008/620/439 1010/621/439
f 181/619/440 1010/621/440 1012/622/440
f 179/623/441 1011/624/441 1013/625/441
f 179/623/442 1013/625/442 217/626/442
f 178/627/443 215/628/443 1014/629/443
f 178/627/444 1014/629/444 1017/630/444
f 182/631/445 1019/632/445 1020/633/445
f 182/631/446 1020/633/446 1021/634/446
f 182/631/447 879/635/447 1022/636/447
f 182/631/448 1022/636/448 1019/632/448
f 182/631/449 1021/634/449 881/478/449
f 182/631/450 881/478/450 879/635/450
f 183/637/451 1023/638/451 1024/639/451
f 183/637/452 1024/639/452 1026/640/452
f 183/637/453 1028/641/453 1029/642/453
f 183/637/454 1029/642/454 1023/638/454
f 183/637/455 1026/640/455 1030/643/455
f 183/637/456 1030/643/456 1028/641/456
f 184/644/457 1032/645/457 1017/630/457
f 184/644/458 1017/630/458 1014/629/458
f 185/646/459 1034/647/459 1024/639/459
f 185/646/460 1024/639/460 1033/648/460
f 186/649/461 1016/650/461 1039/651/461
f 186/649/462 1039/651/462 1036/652/462
f 187/653/463 1040/654/463 1042/655/463
f 187/653/464 1042/655/464 883/477/464
f 187/653/465 883/477/465 887/479/465
f 187/653/466 887/479/466 1043/656/466
f 187/653/467 1043/656/467 1044/657/467
f 187/653/468 1044/657/468 1045/658/468
f 187/653/469 1045/658/469 1046/659/469
f 187/653/470 1046/659/470 1040/654/470
f 188/660/471 1005/661/471 218/662/471
f 188/660/472 218/662/472 998/663/472
f 190/664/473 1047/665/473 1048/666/473
f 190/664/474 1048/666/474 1049/667/474
f 1051/668/475 1052/669/475 1047/665/475
f 1051/668/476 1047/665/476 190/664/476
f 190/664/477 1049/667/477 1050/670/477
f 190/664/478 1050/670/478 1051/668/478
f 1048/666/479 1047/665/479 1044/657/479
f 1048/666/480 1044/657/480 1053/671/480
f 191/672/481 1054/673/481 1055/674/481
f 191/672/482 1055/674/482 1056/675/482
f 191/672/483 1057/676/483 1058/677/483
f 191/672/484 1058/677/484 1054/673/484
f 191/672/485 1056/675/485 1059/678/485
f 191/672/486 1059/678/486 1057/676/486
f 192/679/487 1060/680/487 1061/681/487
f 192/679/488 1061/681/488 1062/682/488
f 192/679/489 1063/683/489 1064/684/489
f 192/679/490 1064/684/490 1060/680/490
f 192/679/491 1062/682/491 1065/685/491
f 192/679/492 1065/685/492 1063/683/492
f 193/686/493 1066/687/493 1068/688/493
f 193/686/494 1068/688/494 1070/689/494
f 193/686/495 1071/690/495 1072/691/495
f 193/686/496 1072/691/496 1066/687/496
f 193/686/497 1070/689/497 1074/692/497
f 193/686/498 1074/692/498 1071/690/498
f 194/693/499 1075/694/499 1076/695/499
f 194/693/500 1076/695/500 210/696/500
f 194/693/501 1078/697/501 1079/698/501
f 194/693/502 1079/698/502 1075/694/502
f 194/693/503 209/699/503 1081/700/503
f 194/693/504 1081/700/504 1078/697/504
f 194/693/505 210/696/505 1082/701/505
f 194/693/506 1082/701/506 209/699/506
f 197/702/507 1084/703/507 1086/704/507
f 197/702/508 1086/704/508 1088/705/508
f 195/706/509 1087/707/509 1089/708/509
f 195/706/510 1089/708/510 1090/709/510
f 198/710/511 1091/711/511 200/712/511
f 198/710/512 200/712/512 1093/713/512
f 201/714/513 1097/715/513 1100/716/513
f 201/714/514 1100/716/514 1094/717/514
f 1102/718/515 1099/719/515 1096/720/515
f 1102/718/516 1096/720/516 207/721/516
f 202/722/517 1104/723/517 1098/724/517
f 202/722/518 1098/724/518 1101/725/518
f 203/726/519 1103/727/519 208/728/519
f 203/726/520 208/728/520 1106/729/520
f 205/730/521 1108/731/521 1110/732/521
f 205/730/522 1110/732/522 1111/733/522
f 206/734/523 1112/735/523 1114/736/523
f 206/734/524 1114/736/524 1105/737/524
f 204/738/525 1095/739/525 1115/740/525
f 204/738/526 1115/740/526 1107/741/526
f 209/699/527 1082/701/527 1117/742/527
f 209/699/528 1117/742/528 1081/700/528
f 211/743/529 1119/744/529 1120/745/529
f 211/743/530 1120/745/530 1122/746/530
f 210/696/531 1121/747/531 1123/748/531
f 210/696/532 1123/748/532 1082/701/532
f 212/749/533 1124/750/533 1125/751/533
f 212/749/534 1125/751/534 1126/752/534
f 212/749/535 1127/753/535 1128/754/535
f 212/749/536 1128/754/536 1124/750/536
f 212/749/537 1126/752/537 1079/698/537
f 212/749/538 1079/698/538 1129/755/538
f 212/749/539 1129/755/539 1130/756/539
f 212/749/540 1130/756/540 1127/753/540
f 213/757/541 1131/758/541 214/759/541
f 213/757/542 214/759/542 1132/760/542
f 213/757/543 1132/760/543 1133/761/543
f 213/757/544 1133/761/544 1134/762/544
f 213/757/545 1136/763/545 1137/764/545
f 213/757/546 1137/764/546 1131/758/546
f 213/757/547 1134/762/547 1138/765/547
f 213/757/548 1138/765/548 1136/763/548
f 214/759/549 1131/758/549 1140/766/549
f 214/759/550 1140/766/550 1141/767/550
f 214/759/551 1141/767/551 1142/768/551
f 214/759/552 1142/768/552 1143/769/552
f 214/759/553 1143/769/553 1144/770/553
f 214/759/554 1144/770/554 1132/760/554
f 216/771/555 1145/772/555 1037/773/555
f 216/771/556 1037/773/556 1015/774/556
f 218/662/557 959/775/557 220/776/557
f 218/662/558 220/776/558 998/663/558
f 219/777/559 1147/778/559 1148/779/559
f 219/777/560 1148/779/560 1149/780/560
f 219/777/561 1149/780/561 1151/781/561
f 219/777/562 1151/781/562 962/782/562
f 219/777/563 1006/618/563 1152/783/563
f 219/777/564 1152/783/564 1147/778/564
f 164/784/565 961/785/565 963/786/565
f 961/785/566 1150/787/566 963/786/566
f 223/788/567 224/789/567 1153/790/567
f 223/788/568 1153/790/568 1156/791/568
f 223/788/569 1157/792/569 1160/793/569
f 223/788/570 1160/793/570 224/789/570
f 223/788/571 1156/791/571 256/794/571
f 223/788/572 256/794/572 1157/792/572
f 226/795/573 1165/796/573 1168/797/573
f 226/795/574 1168/797/574 1155/798/574
f 225/799/575 1171/800/575 1174/801/575
f 225/799/576 1174/801/576 1164/802/576
f 227/803/577 1161/804/577 248/805/577
f 227/803/578 248/805/578 1172/806/578
f 230/807/579 1177/808/579 1178/809/579
f 230/807/580 1178/809/580 1180/810/580
f 228/811/581 1179/812/581 1182/813/581
f 228/811/582 1182/813/582 234/814/582
f 229/815/583 235/816/583 1185/817/583
f 229/815/584 1185/817/584 1176/818/584
f 231/819/585 1186/820/585 243/821/585
f 231/819/586 243/821/586 1188/822/586
f 231/819/587 1190/823/587 1192/824/587
f 231/819/588 1192/824/588 1193/825/588
f 232/826/589 1189/827/589 1195/828/589
f 232/826/590 1195/828/590 1191/829/590
f 233/830/591 1181/831/591 236/832/591
f 233/830/592 236/832/592 1184/833/592
f 237/834/593 1196/835/593 1198/836/593
f 237/834/594 1198/836/594 240/837/594
f 237/834/595 245/838/595 1201/839/595
f 237/834/596 1201/839/596 1196/835/596
f 238/840/597 1183/841/597 1173/842/597
f 238/840/598 1173/842/598 246/843/598
f 239/844/599 1204/845/599 1184/833/599
f 239/844/600 1184/833/600 236/832/600
f 241/846/601 1200/847/601 1210/848/601
f 241/846/602 1210/848/602 1206/849/602
f 242/850/603 1211/851/603 1213/852/603
f 242/850/604 1213/852/604 1187/853/604
f 242/850/605 1216/854/605 1219/855/605
f 242/850/606 1219/855/606 1211/851/606
f 245/838/607 1221/856/607 1224/857/607
f 245/838/608 1224/857/608 1201/839/608
f 249/858/609 1162/859/609 1227/860/609
f 249/858/610 1227/860/610 1229/861/610
f 249/858/611 1229/861/611 1231/862/611
f 249/858/612 1231/862/612 1223/863/612
f 251/864/613 1158/865/613 259/866/613
f 251/864/614 259/866/614 1234/867/614
f 252/868/615 1228/869/615 1163/870/615
f 252/868/616 1163/870/616 1159/871/616
f 250/872/617 1232/873/617 1235/874/617
f 250/872/618 1235/874/618 1226/875/618
f 254/876/619 1240/877/619 1242/878/619
f 254/876/620 1242/878/620 1244/879/620
f 254/876/621 1176/818/621 1185/817/621
f 254/876/622 1185/817/622 1205/880/622
f 254/876/623 1205/880/623 1209/881/623
f 254/876/624 1209/881/624 1240/877/624
f 255/882/625 1246/883/625 1178/809/625
f 255/882/626 1178/809/626 1177/808/626
f 253/884/627 1243/885/627 1247/886/627
f 253/884/628 1247/886/628 1245/887/628
f 257/888/629 1249/889/629 1252/890/629
f 257/888/630 1252/890/630 1233/891/630
f 257/888/631 1254/892/631 1257/893/631
f 257/888/632 1257/893/632 1249/889/632
f 256/794/633 1156/791/633 1258/894/633
f 256/794/634 1258/894/634 263/895/634
f 258/896/635 264/897/635 261/898/635
f 258/896/636 261/898/636 1255/899/636
f 260/900/637 1261/901/637 1263/902/637
f 260/900/638 1263/902/638 1265/903/638
f 262/904/639 1268/905/639 1270/906/639
f 262/904/640 1270/906/640 1262/907/640
f 262/904/641 265/908/641 1260/909/641
f 262/904/642 1260/909/642 1268/905/642
f 261/898/643 1266/910/643 1274/911/643
f 261/898/644 1274/911/644 1255/899/644
f 268/912/645 1169/913/645 1271/914/645
f 268/912/646 1271/914/646 1269/915/646
f 266/916/647 1267/917/647 1259/918/647
f 266/916/648 1259/918/648 270/919/648
f 267/920/649 271/921/649 1154/922/649
f 267/920/650 1154/922/650 1167/923/650
f 269/924/651 1258/894/651 1156/791/651
f 269/924/652 1156/791/652 1153/790/652
f 272/925/653 1275/926/653 1276/927/653
f 272/925/654 1276/927/654 1277/928/654
f 274/929/655 1279/930/655 1281/931/655
f 274/929/656 1281/931/656 1283/932/656
f 275/933/657 1284/934/657 1285/935/657
f 275/933/658 1285/935/658 1286/936/658
f 275/933/659 1286/936/659 1287/937/659
f 275/933/660 1287/937/660 1288/938/660
f 275/933/661 1288/938/661 1289/939/661
f 275/933/662 1289/939/662 1284/934/662
f 276/940/663 1290/941/663 1291/942/663
f 276/940/664 1291/942/664 1292/943/664
f 276/940/665 1293/944/665 1294/945/665
f 276/940/666 1294/945/666 1290/941/666
f 276/940/667 1292/943/667 1295/946/667
f 276/940/668 1295/946/668 1293/944/668
f 277/947/669 1296/948/669 1299/949/669
f 277/947/670 1299/949/670 1301/950/670
f 1303/951/671 278/952/671 1296/948/671
f 1303/951/672 1296/948/672 277/947/672
f 277/947/673 1301/950/673 1302/953/673
f 277/947/674 1302/953/674 1303/951/674
f 279/954/675 1304/955/675 1307/956/675
f 279/954/676 1307/956/676 1298/957/676
f 280/958/677 1309/959/677 1310/960/677
f 280/958/678 1310/960/678 1305/961/678
f 278/952/679 1303/951/679 1311/962/679
f 278/952/680 1311/962/680 1312/963/680
f 281/964/681 1313/965/681 1314/966/681
f 281/964/682 1314/966/682 1315/967/682
f 281/964/683 1308/968/683 1318/969/683
f 281/964/684 1318/969/684 1319/970/684
f 283/971/685 1321/972/685 1310/960/685
f 283/971/686 1310/960/686 1309/959/686
f 284/973/687 1332/974/687 1335/975/687
f 284/973/688 1335/975/688 1337/976/688
f 285/977/689 1339/978/689 1342/979/689
f 285/977/690 1342/979/690 1334/980/690
f 285/977/691 1344/981/691 307/982/691
f 285/977/692 307/982/692 1339/978/692
f 286/983/693 284/973/693 1337/976/693
f 286/983/694 1337/976/694 1346/984/694
f 287/985/695 1347/986/695 1349/987/695
f 287/985/696 1349/987/696 289/988/696
f 288/989/697 290/990/697 1344/981/697
f 288/989/698 1344/981/698 285/977/698
f 291/991/699 1350/992/699 293/993/699
f 291/991/700 293/993/700 1345/994/700
f 292/995/701 295/996/701 306/997/701
f 292/995/702 306/997/702 1343/998/702
f 293/993/703 1350/992/703 1353/999/703
f 293/993/704 1353/999/704 296/1000/704
f 295/996/705 299/1001/705 1354/1002/705
f 295/996/706 1354/1002/706 306/997/706
f 298/1003/707 1357/1004/707 1359/1005/707
f 298/1003/708 1359/1005/708 1362/1006/708
f 301/1007/709 297/1008/709 1371/1009/709
f 297/1008/710 1368/1010/710 1371/1009/710
f 305/1011/711 1329/1012/711 1326/1013/711
f 305/1011/712 1326/1013/712 1374/1014/712
f 303/1015/713 1376/1016/713 1378/1017/713
f 303/1015/714 1378/1017/714 1380/1018/714
f 304/1019/715 1383/1020/715 1331/1021/715
f 304/1019/716 1331/1021/716 1328/1022/716
f 303/1015/717 1380/1018/717 1385/1023/717
f 303/1015/718 1385/1023/718 1381/1024/718
f 302/1025/719 1373/1026/719 1387/1027/719
f 302/1025/720 1387/1027/720 1375/1028/720
f 309/1029/721 1390/1030/721 1392/1031/721
f 309/1029/722 1392/1031/722 1340/1032/722
f 310/1033/723 1393/1034/723 1397/1035/723
f 310/1033/724 1397/1035/724 1402/1036/724
f 311/1037/725 1403/1038/725 1405/1039/725
f 311/1037/726 1405/1039/726 1408/1040/726
f 310/1033/727 1407/1041/727 1409/1042/727
f 310/1033/728 1409/1042/728 1393/1034/728
f 312/1043/729 1411/1044/729 1409/1042/729
f 312/1043/730 1409/1042/730 1407/1041/730
f 314/1045/731 1408/1040/731 1405/1039/731
f 314/1045/732 1405/1039/732 1417/1046/732
f 319/1047/733 1421/1048/733 313/1049/733
f 319/1047/734 313/1049/734 1424/1050/734
f 324/1051/735 1426/1052/735 1429/1053/735
f 324/1051/736 1429/1053/736 1432/1054/736
f 322/1055/737 1433/1056/737 1434/1057/737
f 322/1055/738 1434/1057/738 1425/1058/738
f 322/1055/739 1436/1059/739 1437/1060/739
f 322/1055/740 1437/1060/740 1438/1061/740
f 322/1055/741 1438/1061/741 1439/1062/741
f 322/1055/742 1439/1062/742 1433/1056/742
f 326/1063/743 1441/1064/743 1444/1065/743
f 326/1063/744 1444/1065/744 1446/1066/744
f 329/1067/745 1443/1068/745 1449/1069/745
f 329/1067/746 1449/1069/746 1452/1070/746
f 329/1067/747 1452/1070/747 1454/1071/747
f 329/1067/748 1454/1071/748 1396/1072/748
f 329/1067/749 331/1073/749 1445/1074/749
f 329/1067/750 1445/1074/750 1443/1068/750
f 331/1073/751 1428/1075/751 1455/1076/751
f 331/1073/752 1455/1076/752 1445/1074/752
f 331/1073/753 1418/1077/753 1430/1078/753
f 331/1073/754 1430/1078/754 1428/1075/754
f 337/1079/755 1459/1080/755 1460/1081/755
f 337/1079/756 1460/1081/756 1463/1082/756
f 335/1083/757 1464/1084/757 1465/1085/757
f 335/1083/758 1465/1085/758 1458/1086/758
f 335/1083/759 1434/1057/759 1466/1087/759
f 335/1083/760 1466/1087/760 1467/1088/760
f 336/1089/761 1462/1090/761 1427/1091/761
f 336/1089/762 1427/1091/762 1435/1092/762
f 338/1093/763 1468/1094/763 1470/1095/763
f 338/1093/764 1470/1095/764 1471/1096/764
f 339/1097/765 1473/1098/765 1475/1099/765
f 339/1097/766 1475/1099/766 1469/1100/766
f 340/1101/767 1472/1102/767 1477/1103/767
f 340/1101/768 1477/1103/768 1474/1104/768
f 341/1105/769 693/1106/769 1478/1107/769
f 341/1105/770 1478/1107/770 1481/1108/770
f 341/1105/771 1481/1108/771 1484/1109/771
f 341/1105/772 1484/1109/772 689/277/772
f 343/1110/773 1485/1111/773 1486/1112/773
f 343/1110/774 1486/1112/774 1487/1113/774
f 343/1110/775 1488/1114/775 1489/1115/775
f 343/1110/776 1489/1115/776 1485/1111/776
f 343/1110/777 1487/1113/777 1490/1116/777
f 343/1110/778 1490/1116/778 1488/1114/778
f 344/1117/779 1491/1118/779 350/1119/779
f 344/1117/780 350/1119/780 1494/1120/780
f 344/1117/781 1497/1121/781 1500/1122/781
f 344/1117/782 1500/1122/782 1491/1118/782
f 344/1117/783 1494/1120/783 1502/1123/783
f 344/1117/784 1502/1123/784 1497/1121/784
f 345/1124/785 1506/1125/785 1504/1126/785
f 345/1124/786 1504/1126/786 1508/1127/786
f 345/1124/787 354/1128/787 365/1129/787
f 345/1124/788 365/1129/788 1506/1125/788
f 349/1130/789 1493/1131/789 1501/1132/789
f 349/1130/790 1501/1132/790 1513/1133/790
f 348/1134/791 1512/1135/791 376/1136/791
f 348/1134/792 376/1136/792 1516/1137/792
f 347/1138/793 1517/1139/793 1518/1140/793
f 347/1138/794 1518/1140/794 1519/1141/794
f 347/1138/795 1514/1142/795 1520/1143/795
f 347/1138/796 1520/1143/796 1517/1139/796
f 347/1138/797 1519/1141/797 351/1144/797
f 347/1138/798 351/1144/798 1492/1145/798
f 351/1144/799 1519/1141/799 1522/1146/799
f 351/1144/800 1522/1146/800 1495/1147/800
f 355/1148/801 346/1149/801 1509/1150/801
f 355/1148/802 1509/1150/802 1524/1151/802
f 353/1152/803 1525/1153/803 1528/1154/803
f 353/1152/804 1528/1154/804 364/1155/804
f 360/1156/805 1533/1157/805 1530/1158/805
f 360/1156/806 1530/1158/806 1534/1159/806
f 359/1160/807 1535/1161/807 1537/1162/807
f 359/1160/808 1537/1162/808 1532/1163/808
f 359/1160/809 368/1164/809 1535/1161/809
f 368/1164/810 370/1165/810 1535/1161/810
f 361/1166/811 1538/1167/811 1540/1168/811
f 361/1166/812 1540/1168/812 1541/1169/812
f 1544/1170/813 1545/1171/813 1539/1172/813
f 1544/1170/814 1539/1172/814 362/1173/814
f 361/1166/815 1541/1169/815 363/1174/815
f 361/1166/816 363/1174/816 1542/1175/816
f 363/1174/817 1546/1176/817 1547/1177/817
f 363/1174/818 1547/1177/818 1548/1178/818
f 363/1174/819 1548/1178/819 1549/1179/819
f 363/1174/820 1549/1179/820 1542/1175/820
f 365/1129/821 1529/1180/821 1531/1181/821
f 365/1129/822 1531/1181/822 1553/1182/822
f 357/1183/823 1552/1184/823 1554/1185/823
f 357/1183/824 1554/1185/824 366/1186/824
f 367/1187/825 1555/1188/825 1556/1189/825
f 367/1187/826 1556/1189/826 373/1190/826
f 367/1187/827 373/1190/827 1511/1191/827
f 367/1187/828 1511/1191/828 1559/1192/828
f 370/1165/829 374/1193/829 1557/1194/829
f 370/1165/830 1557/1194/830 1562/1195/830
f 375/1196/831 372/1197/831 1563/1198/831
f 375/1196/832 1563/1198/832 1515/1199/832
f 377/1200/833 1564/1201/833 1565/1202/833
f 377/1200/834 1565/1202/834 1566/1203/834
f 377/1200/835 1566/1203/835 1567/1204/835
f 377/1200/836 1567/1204/836 1568/1205/836
f 377/1200/837 1569/1206/837 1570/1207/837
f 377/1200/838 1570/1207/838 1571/1208/838
f 377/1200/839 1571/1208/839 1572/1209/839
f 377/1200/840 1572/1209/840 1564/1201/840
f 380/1210/841 1574/1211/841 1576/1212/841
f 380/1210/842 1576/1212/842 471/1213/842
f 379/1214/843 485/1215/843 1578/1216/843
f 379/1214/844 1578/1216/844 1573/1217/844
f 381/1218/845 1580/1219/845 1582/1220/845
f 381/1218/846 1582/1220/846 1583/1221/846
f 382/1222/847 1584/1223/847 1585/1224/847
f 382/1222/848 1585/1224/848 1587/1225/848
f 383/1226/849 1588/1227/849 1590/1228/849
f 383/1226/850 1590/1228/850 1581/1229/850
f 1590/1228/851 1579/1230/851 1592/1231/851
f 1590/1228/852 1592/1231/852 1594/1232/852
f 1590/1228/853 1594/1232/853 1596/1233/853
f 1590/1228/854 1596/1233/854 1581/1229/854
f 1589/1234/855 1586/1235/855 1573/1217/855
f 1589/1234/856 1573/1217/856 1578/1216/856
f 1595/1236/857 1593/1237/857 1597/1238/857
f 1595/1236/858 1597/1238/858 1599/1239/858
f 1595/1236/859 1599/1239/859 1600/1240/859
f 1595/1236/860 1600/1240/860 1601/1241/860
f 1595/1236/861 1601/1241/861 1582/1220/861
f 1595/1236/862 1582/1220/862 1580/1219/862
f 1601/1241/863 1600/1240/863 1602/1242/863
f 1601/1241/864 1602/1242/864 1603/1243/864
f 1601/1241/865 1603/1243/865 1604/1244/865
f 1601/1241/866 1604/1244/866 1582/1220/866
f 1604/1244/867 1603/1243/867 1605/1245/867
f 1604/1244/868 1605/1245/868 1606/1246/868
f 1604/1244/869 1606/1246/869 1607/1247/869
f 1604/1244/870 1607/1247/870 1608/1248/870
f 1604/1244/871 1608/1248/871 1583/1221/871
f 1604/1244/872 1583/1221/872 1582/1220/872
f 1608/1248/873 1607/1247/873 1610/1249/873
f 1608/1248/874 1610/1249/874 1612/1250/874
f 1609/1251/875 1613/1252/875 1585/1224/875
f 1609/1251/876 1585/1224/876 1584/1223/876
f 1613/1252/877 1611/1253/877 1615/1254/877
f 1613/1252/878 1615/1254/878 1617/1255/878
f 1613/1252/879 1617/1255/879 1577/1256/879
f 1613/1252/880 1577/1256/880 1585/1224/880
f 1616/1257/881 1614/1258/881 1620/1259/881
f 1616/1257/882 1620/1259/882 473/1260/882
f 1616/1257/883 473/1260/883 471/1213/883
f 1616/1257/884 471/1213/884 1576/1212/884
f 1621/1261/885 1615/1254/885 1623/1262/885
f 1621/1261/886 1623/1262/886 1625/1263/886
f 1618/1264/887 1624/1265/887 1626/1266/887
f 1618/1264/888 1626/1266/888 1628/1267/888
f 1619/1268/889 1629/1269/889 474/86/889
f 1619/1268/890 474/86/890 472/85/890
f 1630/1270/891 1627/1271/891 1632/1272/891
f 1630/1270/892 1632/1272/892 1634/1273/892
f 1631/1274/893 1635/1275/893 476/89/893
f 1631/1274/894 476/89/894 475/88/894
f 1635/1275/895 1633/1276/895 1637/1277/895
f 1635/1275/896 1637/1277/896 1638/1278/896
f 1635/1275/897 1638/1278/897 1639/1279/897
f 1635/1275/898 1639/1279/898 476/89/898
f 1639/1279/899 407/20/899 478/90/899
f 1639/1279/900 478/90/900 476/89/900
f 1639/1279/901 1638/1278/901 412/1280/901
f 1639/1279/902 412/1280/902 409/1281/902
f 1639/1279/903 409/1281/903 405/21/903
f 1639/1279/904 405/21/904 407/20/904
f 1638/1278/905 1637/1277/905 1641/1282/905
f 1638/1278/906 1641/1282/906 412/1280/906
f 1640/1283/907 1636/1284/907 1642/1285/907
f 1640/1283/908 1642/1285/908 1643/1286/908
f 1640/1283/909 1643/1286/909 1644/1287/909
f 1640/1283/910 1644/1287/910 395/1288/910
f 1640/1283/911 395/1288/911 392/1289/911
f 1640/1283/912 392/1289/912 411/1290/912
f 1644/1287/913 1643/1286/913 1646/1291/913
f 1644/1287/914 1646/1291/914 1647/1292/914
f 1645/1293/915 1648/1294/915 1649/1295/915
f 1645/1293/916 1649/1295/916 1651/1296/916
f 1645/1293/917 1651/1296/917 389/10/917
f 1645/1293/918 389/10/918 396/9/918
f 1651/1296/919 1649/1295/919 1652/1297/919
f 1651/1296/920 1652/1297/920 1656/1298/920
f 1650/1299/921 1654/1300/921 390/6/921
f 1650/1299/922 390/6/922 388/5/922
f 1657/1301/923 1653/1302/923 1660/1303/923
f 1657/1301/924 1660/1303/924 1663/1304/924
f 1655/1305/925 1661/1306/925 418/30/925
f 1655/1305/926 418/30/926 391/29/926
f 1662/1307/927 1659/1308/927 1665/1309/927
f 1662/1307/928 1665/1309/928 1667/1310/928
f 1662/1307/929 1667/1310/929 463/1311/929
f 1662/1307/930 463/1311/930 419/1312/930
f 1666/1313/931 1668/1314/931 464/76/931
f 1666/1313/932 464/76/932 462/75/932
f 1666/1313/933 1664/1315/933 1670/1316/933
f 1666/1313/934 1670/1316/934 1668/1314/934
f 1671/1317/935 1672/1318/935 1673/1319/935
f 1671/1317/936 1673/1319/936 1669/1320/936
f 1670/1316/937 1664/1315/937 1674/1321/937
f 1670/1316/938 1674/1321/938 1676/1322/938
f 1671/1317/939 1677/1323/939 1679/1324/939
f 1671/1317/940 1679/1324/940 1672/1318/940
f 1679/1324/941 442/56/941 441/55/941
f 1679/1324/942 441/55/942 1672/1318/942
f 1679/1324/943 1677/1323/943 1680/1325/943
f 1679/1324/944 1680/1325/944 1682/1326/944
f 1679/1324/945 1682/1326/945 1683/1327/945
f 1679/1324/946 1683/1327/946 442/56/946
f 1683/1327/947 1684/1328/947 443/57/947
f 1683/1327/948 443/57/948 442/56/948
f 1683/1327/949 1682/1326/949 1685/1329/949
f 1683/1327/950 1685/1329/950 1686/1330/950
f 1683/1327/951 1686/1330/951 1687/1331/951
f 1683/1327/952 1687/1331/952 1684/1328/952
f 1687/1331/953 1688/1332/953 1689/1333/953
f 1687/1331/954 1689/1333/954 1684/1328/954
f 1687/1331/955 1686/1330/955 1690/1334/955
f 1687/1331/956 1690/1334/956 1691/1335/956
f 1687/1331/957 1691/1335/957 1692/1336/957
f 1687/1331/958 1692/1336/958 1688/1332/958
f 1692/1336/959 1693/1337/959 1694/1338/959
f 1692/1336/960 1694/1338/960 1688/1332/960
f 1692/1336/961 1691/1335/961 1695/1339/961
f 1692/1336/962 1695/1339/962 1696/1340/962
f 1692/1336/963 1696/1340/963 1697/1341/963
f 1692/1336/964 1697/1341/964 1693/1337/964
f 1697/1341/965 1064/684/965 1698/1342/965
f 1697/1341/966 1698/1342/966 1693/1337/966
f 1697/1341/967 1696/1340/967 1699/1343/967
f 1697/1341/968 1699/1343/968 1700/1344/968
f 1697/1341/969 1700/1344/969 1060/680/969
f 1697/1341/970 1060/680/970 1064/684/970
f 1700/1344/971 1699/1343/971 1701/1345/971
f 1700/1344/972 1701/1345/972 1702/1346/972
f 1700/1344/973 1702/1346/973 1061/681/973
f 1700/1344/974 1061/681/974 1060/680/974
f 1702/1346/975 1701/1345/975 1703/1347/975
f 1702/1346/976 1703/1347/976 1704/1348/976
f 1702/1346/977 1704/1348/977 1705/1349/977
f 1702/1346/978 1705/1349/978 1061/681/978
f 1705/1349/979 1706/1350/979 1062/682/979
f 1705/1349/980 1062/682/980 1061/681/980
f 1705/1349/981 1704/1348/981 1707/1351/981
f 1705/1349/982 1707/1351/982 1708/1352/982
f 1705/1349/983 1708/1352/983 1709/1353/983
f 1705/1349/984 1709/1353/984 1706/1350/984
f 1709/1353/985 1710/1354/985 1711/1355/985
f 1709/1353/986 1711/1355/986 1706/1350/986
f 1709/1353/987 1708/1352/987 1712/1356/987
f 1709/1353/988 1712/1356/988 1713/1357/988
f 1709/1353/989 1713/1357/989 1714/1358/989
f 1709/1353/990 1714/1358/990 1710/1354/990
f 1714/1358/991 1715/1359/991 1716/1360/991
f 1714/1358/992 1716/1360/992 1710/1354/992
f 1714/1358/993 1713/1357/993 1717/1361/993
f 1714/1358/994 1717/1361/994 1718/1362/994
f 1714/1358/995 1718/1362/995 1719/1363/995
f 1714/1358/996 1719/1363/996 1715/1359/996
f 1719/1363/997 1720/1364/997 1721/1365/997
f 1719/1363/998 1721/1365/998 1715/1359/998
f 1719/1363/999 1718/1362/999 1722/1366/999
f 1719/1363/1000 1722/1366/1000 1723/1367/1000
f 1719/1363/1001 1723/1367/1001 1724/1368/1001
f 1719/1363/1002 1724/1368/1002 1720/1364/1002
f 1724/1368/1003 1725/1369/1003 1726/1370/1003
f 1724/1368/1004 1726/1370/1004 1720/1364/1004
f 1724/1368/1005 1723/1367/1005 1727/1371/1005
f 1724/1368/1006 1727/1371/1006 1728/1372/1006
f 1724/1368/1007 1728/1372/1007 1729/1373/1007
f 1724/1368/1008 1729/1373/1008 1725/1369/1008
f 1729/1373/1009 1731/1374/1009 1734/1375/1009
f 1729/1373/1010 1734/1375/1010 1725/1369/1010
f 1729/1373/1011 1728/1372/1011 1735/1376/1011
f 1729/1373/1012 1735/1376/1012 1736/1377/1012
f 1729/1373/1013 1736/1377/1013 1738/1378/1013
f 1729/1373/1014 1738/1378/1014 1731/1374/1014
f 1737/1379/1015 1739/1380/1015 1741/1381/1015
f 1737/1379/1016 1741/1381/1016 1730/1382/1016
f 1738/1378/1017 1736/1377/1017 1742/1383/1017
f 1738/1378/1018 1742/1383/1018 1744/1384/1018
f 1737/1379/1019 1743/1385/1019 1745/1386/1019
f 1737/1379/1020 1745/1386/1020 1739/1380/1020
f 1745/1386/1021 1747/1387/1021 1749/1388/1021
f 1745/1386/1022 1749/1388/1022 1739/1380/1022
f 1745/1386/1023 1743/1385/1023 1750/1389/1023
f 1745/1386/1024 1750/1389/1024 1752/1390/1024
f 1745/1386/1025 1752/1390/1025 1753/1391/1025
f 1745/1386/1026 1753/1391/1026 1747/1387/1026
f 1753/1391/1027 1754/1392/1027 1756/1393/1027
f 1753/1391/1028 1756/1393/1028 1747/1387/1028
f 1753/1391/1029 1752/1390/1029 1757/1394/1029
f 1753/1391/1030 1757/1394/1030 1758/1395/1030
f 1753/1391/1031 1758/1395/1031 1759/1396/1031
f 1753/1391/1032 1759/1396/1032 1754/1392/1032
f 1759/1396/1033 1760/1397/1033 1761/1398/1033
f 1759/1396/1034 1761/1398/1034 1754/1392/1034
f 1759/1396/1035 1758/1395/1035 1762/1399/1035
f 1759/1396/1036 1762/1399/1036 1764/1400/1036
f 1759/1396/1037 1764/1400/1037 1766/1401/1037
f 1759/1396/1038 1766/1401/1038 1760/1397/1038
f 1766/1401/1039 865/464/1039 1768/1402/1039
f 1766/1401/1040 1768/1402/1040 1760/1397/1040
f 1766/1401/1041 1764/1400/1041 1769/1403/1041
f 1766/1401/1042 1769/1403/1042 1771/1404/1042
f 1767/1405/1043 1772/1406/1043 868/1407/1043
f 1767/1405/1044 868/1407/1044 866/1408/1044
f 1771/1404/1045 1769/1403/1045 1773/1409/1045
f 1771/1404/1046 1773/1409/1046 1776/1410/1046
f 1772/1406/1047 1777/1411/1047 870/1412/1047
f 1772/1406/1048 870/1412/1048 868/1407/1048
f 1778/1413/1049 1774/1414/1049 1779/1415/1049
f 1778/1413/1050 1779/1415/1050 1782/1416/1050
f 1777/1411/1051 1781/1417/1051 1783/1418/1051
f 1777/1411/1052 1783/1418/1052 870/1412/1052
f 1784/1419/1053 1785/1420/1053 873/1421/1053
f 1784/1419/1054 873/1421/1054 871/1422/1054
f 1784/1419/1055 1782/1416/1055 1786/1423/1055
f 1784/1419/1056 1786/1423/1056 1787/1424/1056
f 1784/1419/1057 1787/1424/1057 1788/1425/1057
f 1784/1419/1058 1788/1425/1058 1785/1420/1058
f 1788/1425/1059 1789/1426/1059 1791/1427/1059
f 1788/1425/1060 1791/1427/1060 1785/1420/1060
f 1788/1425/1061 1787/1424/1061 1792/1428/1061
f 1788/1425/1062 1792/1428/1062 1793/1429/1062
f 1788/1425/1063 1793/1429/1063 1794/1430/1063
f 1788/1425/1064 1794/1430/1064 1789/1426/1064
f 1794/1430/1065 1795/1431/1065 1797/1432/1065
f 1794/1430/1066 1797/1432/1066 1789/1426/1066
f 1794/1430/1067 1793/1429/1067 863/461/1067
f 1794/1430/1068 863/461/1068 859/458/1068
f 1794/1430/1069 859/458/1069 858/457/1069
f 1794/1430/1070 858/457/1070 1795/1431/1070
f 1796/1433/1071 1799/1434/1071 1801/1435/1071
f 1796/1433/1072 1801/1435/1072 1802/1436/1072
f 1797/1432/1073 1803/1437/1073 1791/1427/1073
f 1797/1432/1074 1791/1427/1074 1789/1426/1074
f 1797/1432/1075 1795/1431/1075 1805/1438/1075
f 1797/1432/1076 1805/1438/1076 1800/1439/1076
f 1804/1440/1077 1806/1441/1077 1067/1442/1077
f 1804/1440/1078 1067/1442/1078 1798/1443/1078
f 1805/1438/1079 1795/1431/1079 858/457/1079
f 1805/1438/1080 858/457/1080 1810/1444/1080
f 1804/1440/1081 1808/1445/1081 1811/1446/1081
f 1804/1440/1082 1811/1446/1082 1806/1441/1082
f 1812/1447/1083 1813/1448/1083 1815/1449/1083
f 1812/1447/1084 1815/1449/1084 1807/1450/1084
f 1812/1447/1085 1809/1451/1085 1817/1452/1085
f 1812/1447/1086 1817/1452/1086 1819/1453/1086
f 1812/1447/1087 1819/1453/1087 558/161/1087
f 1812/1447/1088 558/161/1088 1813/1448/1088
f 1819/1453/1089 1817/1452/1089 1821/1454/1089
f 1819/1453/1090 1821/1454/1090 1822/1455/1090
f 1819/1453/1091 1822/1455/1091 554/157/1091
f 1819/1453/1092 554/157/1092 558/161/1092
f 1822/1455/1093 1821/1454/1093 1824/1456/1093
f 1822/1455/1094 1824/1456/1094 1825/1457/1094
f 1822/1455/1095 1825/1457/1095 555/158/1095
f 1822/1455/1096 555/158/1096 554/157/1096
f 1825/1457/1097 1824/1456/1097 1827/1458/1097
f 1825/1457/1098 1827/1458/1098 1829/1459/1098
f 1825/1457/1099 1829/1459/1099 1831/1460/1099
f 1825/1457/1100 1831/1460/1100 555/158/1100
f 1830/1461/1101 1828/1462/1101 1832/1463/1101
f 1830/1461/1102 1832/1463/1102 1834/1464/1102
f 1831/1460/1103 1835/1465/1103 1836/1466/1103
f 1831/1460/1104 1836/1466/1104 1837/1467/1104
f 1831/1460/1105 1837/1467/1105 556/159/1105
f 1831/1460/1106 556/159/1106 555/158/1106
f 1837/1467/1107 1836/1466/1107 1839/1468/1107
f 1837/1467/1108 1839/1468/1108 1841/1469/1108
f 1837/1467/1109 1841/1469/1109 559/162/1109
f 1837/1467/1110 559/162/1110 556/159/1110
f 1840/1470/1111 1838/1471/1111 1842/1472/1111
f 1840/1470/1112 1842/1472/1112 1844/1473/1112
f 1841/1469/1113 1845/1474/1113 1846/1475/1113
f 1841/1469/1114 1846/1475/1114 559/162/1114
f 1846/1475/1115 1847/1476/1115 557/160/1115
f 1846/1475/1116 557/160/1116 559/162/1116
f 1846/1475/1117 1845/1474/1117 1849/1477/1117
f 1846/1475/1118 1849/1477/1118 1851/1478/1118
f 1846/1475/1119 1851/1478/1119 1853/1479/1119
f 1846/1475/1120 1853/1479/1120 1847/1476/1120
f 1853/1479/1121 1815/1449/1121 1813/1448/1121
f 1853/1479/1122 1813/1448/1122 1847/1476/1122
f 1852/1480/1123 1850/1481/1123 1854/1482/1123
f 1852/1480/1124 1854/1482/1124 1073/1483/1124
f 1852/1480/1125 1073/1483/1125 1069/1484/1125
f 1852/1480/1126 1069/1484/1126 1814/1485/1126
f 1854/1482/1127 1850/1481/1127 1848/1486/1127
f 1854/1482/1128 1848/1486/1128 1856/1487/1128
f 1855/1488/1129 1857/1489/1129 1859/1490/1129
f 1855/1488/1130 1859/1490/1130 1860/1491/1130
f 1855/1488/1131 1860/1491/1131 1071/690/1131
f 1855/1488/1132 1071/690/1132 1074/692/1132
f 1860/1491/1133 1859/1490/1133 1861/1492/1133
f 1860/1491/1134 1861/1492/1134 1862/1493/1134
f 1860/1491/1135 1862/1493/1135 1072/691/1135
f 1860/1491/1136 1072/691/1136 1071/690/1136
f 1862/1493/1137 1861/1492/1137 1863/1494/1137
f 1862/1493/1138 1863/1494/1138 1864/1495/1138
f 1862/1493/1139 1864/1495/1139 1865/1496/1139
f 1862/1493/1140 1865/1496/1140 1072/691/1140
f 1865/1496/1141 1801/1435/1141 1066/687/1141
f 1865/1496/1142 1066/687/1142 1072/691/1142
f 1865/1496/1143 1864/1495/1143 1866/1497/1143
f 1865/1496/1144 1866/1497/1144 1867/1498/1144
f 1865/1496/1145 1867/1498/1145 1802/1436/1145
f 1865/1496/1146 1802/1436/1146 1801/1435/1146
f 1867/1498/1147 1866/1497/1147 864/463/1147
f 1867/1498/1148 864/463/1148 874/468/1148
f 1867/1498/1149 874/468/1149 1790/1499/1149
f 1867/1498/1150 1790/1499/1150 1802/1436/1150
f 1866/1497/1151 1864/1495/1151 1863/1494/1151
f 1866/1497/1152 1863/1494/1152 1768/1402/1152
f 1866/1497/1153 1768/1402/1153 865/464/1153
f 1866/1497/1154 865/464/1154 864/463/1154
f 1863/1494/1155 1861/1492/1155 1868/1500/1155
f 1863/1494/1156 1868/1500/1156 1761/1398/1156
f 1863/1494/1157 1761/1398/1157 1760/1397/1157
f 1863/1494/1158 1760/1397/1158 1768/1402/1158
f 1868/1500/1159 1861/1492/1159 1859/1490/1159
f 1868/1500/1160 1859/1490/1160 1870/1501/1160
f 1868/1500/1161 1870/1501/1161 1872/1502/1161
f 1868/1500/1162 1872/1502/1162 1756/1393/1162
f 1868/1500/1163 1756/1393/1163 1754/1392/1163
f 1868/1500/1164 1754/1392/1164 1761/1398/1164
f 1872/1502/1165 1870/1501/1165 1874/1503/1165
f 1872/1502/1166 1874/1503/1166 1876/1504/1166
f 1871/1505/1167 1875/1506/1167 1877/1507/1167
f 1871/1505/1168 1877/1507/1168 1748/1508/1168
f 1871/1505/1169 1748/1508/1169 1746/1509/1169
f 1871/1505/1170 1746/1509/1170 1755/1510/1170
f 1877/1507/1171 1875/1506/1171 1879/1511/1171
f 1877/1507/1172 1879/1511/1172 1881/1512/1172
f 1877/1507/1173 1881/1512/1173 1883/1513/1173
f 1877/1507/1174 1883/1513/1174 1740/1514/1174
f 1878/1515/1175 1741/1381/1175 1739/1380/1175
f 1878/1515/1176 1739/1380/1176 1749/1388/1176
f 1884/1516/1177 1882/1517/1177 1887/1518/1177
f 1884/1516/1178 1887/1518/1178 1888/1519/1178
f 1884/1516/1179 1888/1519/1179 1889/1520/1179
f 1884/1516/1180 1889/1520/1180 1732/1521/1180
f 1885/1522/1181 1733/1523/1181 1730/1382/1181
f 1885/1522/1182 1730/1382/1182 1741/1381/1182
f 1889/1520/1183 1888/1519/1183 1891/1524/1183
f 1889/1520/1184 1891/1524/1184 1892/1525/1184
f 1890/1526/1185 1893/1527/1185 1894/1528/1185
f 1890/1526/1186 1894/1528/1186 1726/1370/1186
f 1890/1526/1187 1726/1370/1187 1725/1369/1187
f 1890/1526/1188 1725/1369/1188 1734/1375/1188
f 1894/1528/1189 1893/1527/1189 1896/1529/1189
f 1894/1528/1190 1896/1529/1190 543/144/1190
f 1894/1528/1191 543/144/1191 542/143/1191
f 1894/1528/1192 542/143/1192 1721/1365/1192
f 1894/1528/1193 1721/1365/1193 1720/1364/1193
f 1894/1528/1194 1720/1364/1194 1726/1370/1194
f 1896/1529/1195 1898/1530/1195 1900/1531/1195
f 1896/1529/1196 1900/1531/1196 544/145/1196
f 1896/1529/1197 544/145/1197 38/141/1197
f 1896/1529/1198 38/141/1198 543/144/1198
f 1895/1532/1199 1892/1525/1199 1891/1524/1199
f 1895/1532/1200 1891/1524/1200 1897/1533/1200
f 1899/1534/1201 1901/1535/1201 1902/1536/1201
f 1899/1534/1202 1902/1536/1202 1904/1537/1202
f 1900/1531/1203 1905/1538/1203 545/146/1203
f 1900/1531/1204 545/146/1204 544/145/1204
f 1899/1534/1205 1897/1533/1205 1906/1539/1205
f 1899/1534/1206 1906/1539/1206 1901/1535/1206
f 1906/1539/1207 1907/1540/1207 1908/1541/1207
f 1906/1539/1208 1908/1541/1208 1901/1535/1208
f 1906/1539/1209 1897/1533/1209 1891/1524/1209
f 1906/1539/1210 1891/1524/1210 1910/1542/1210
f 1906/1539/1211 1910/1542/1211 1912/1543/1211
f 1906/1539/1212 1912/1543/1212 1907/1540/1212
f 1912/1543/1213 1839/1468/1213 1836/1466/1213
f 1912/1543/1214 1836/1466/1214 1907/1540/1214
f 1911/1544/1215 1909/1545/1215 1886/1546/1215
f 1911/1544/1216 1886/1546/1216 1913/1547/1216
f 1912/1543/1217 1914/1548/1217 1843/1549/1217
f 1912/1543/1218 1843/1549/1218 1839/1468/1218
f 1913/1547/1219 1886/1546/1219 1881/1512/1219
f 1913/1547/1220 1881/1512/1220 1879/1511/1220
f 1914/1548/1221 1880/1550/1221 1916/1551/1221
f 1914/1548/1222 1916/1551/1222 1843/1549/1222
f 1915/1552/1223 1848/1486/1223 1844/1473/1223
f 1915/1552/1224 1844/1473/1224 1842/1472/1224
f 1915/1552/1225 1879/1511/1225 1875/1506/1225
f 1915/1552/1226 1875/1506/1226 1873/1553/1226
f 1915/1552/1227 1873/1553/1227 1856/1487/1227
f 1915/1552/1228 1856/1487/1228 1848/1486/1228
f 1910/1542/1229 1891/1524/1229 1888/1519/1229
f 1910/1542/1230 1888/1519/1230 1887/1518/1230
f 1908/1541/1231 1835/1465/1231 1833/1554/1231
f 1908/1541/1232 1833/1554/1232 1918/1555/1232
f 1908/1541/1233 1918/1555/1233 1902/1536/1233
f 1908/1541/1234 1902/1536/1234 1901/1535/1234
f 1908/1541/1235 1907/1540/1235 1836/1466/1235
f 1908/1541/1236 1836/1466/1236 1835/1465/1236
f 1917/1556/1237 1832/1463/1237 1919/1557/1237
f 1917/1556/1238 1919/1557/1238 1920/1558/1238
f 1918/1555/1239 1921/1559/1239 578/1560/1239
f 1918/1555/1240 578/1560/1240 1902/1536/1240
f 1920/1558/1241 1919/1557/1241 1923/1561/1241
f 1920/1558/1242 1923/1561/1242 1925/1562/1242
f 1922/1563/1243 1927/1564/1243 574/1565/1243
f 1922/1563/1244 574/1565/1244 580/1566/1244
f 1925/1562/1245 1923/1561/1245 1928/1567/1245
f 1925/1562/1246 1928/1567/1246 1930/1568/1246
f 1926/1569/1247 1931/1570/1247 576/1571/1247
f 1926/1569/1248 576/1571/1248 573/1572/1248
f 1930/1568/1249 1928/1567/1249 1932/1573/1249
f 1930/1568/1250 1932/1573/1250 1934/1574/1250
f 1931/1570/1251 1935/1575/1251 1937/1576/1251
f 1931/1570/1252 1937/1576/1252 576/1571/1252
f 1937/1576/1253 1935/1575/1253 1938/1577/1253
f 1937/1576/1254 1938/1577/1254 1940/1578/1254
f 1936/1579/1255 1939/1580/1255 1941/1581/1255
f 1936/1579/1256 1941/1581/1256 1943/1582/1256
f 1936/1579/1257 1943/1582/1257 570/174/1257
f 1936/1579/1258 570/174/1258 575/178/1258
f 1943/1582/1259 1941/1581/1259 1944/1583/1259
f 1943/1582/1260 1944/1583/1260 850/449/1260
f 1943/1582/1261 850/449/1261 116/175/1261
f 1943/1582/1262 116/175/1262 570/174/1262
f 1944/1583/1263 1941/1581/1263 1945/1584/1263
f 1944/1583/1264 1945/1584/1264 1947/1585/1264
f 1944/1583/1265 1947/1585/1265 1948/1586/1265
f 1944/1583/1266 1948/1586/1266 1949/1587/1266
f 1944/1583/1267 1949/1587/1267 851/450/1267
f 1944/1583/1268 851/450/1268 850/449/1268
f 1949/1587/1269 1948/1586/1269 1950/1588/1269
f 1949/1587/1270 1950/1588/1270 1951/1589/1270
f 1949/1587/1271 1951/1589/1271 838/436/1271
f 1949/1587/1272 838/436/1272 851/450/1272
f 1951/1589/1273 1950/1588/1273 1952/1590/1273
f 1951/1589/1274 1952/1590/1274 1953/1591/1274
f 1951/1589/1275 1953/1591/1275 839/437/1275
f 1951/1589/1276 839/437/1276 838/436/1276
f 1953/1591/1277 1952/1590/1277 1954/1592/1277
f 1953/1591/1278 1954/1592/1278 1955/1593/1278
f 1953/1591/1279 1955/1593/1279 1956/1594/1279
f 1953/1591/1280 1956/1594/1280 839/437/1280
f 1956/1594/1281 1955/1593/1281 1957/1595/1281
f 1956/1594/1282 1957/1595/1282 1958/1596/1282
f 1956/1594/1283 1958/1596/1283 1959/1597/1283
f 1956/1594/1284 1959/1597/1284 840/438/1284
f 1956/1594/1285 840/438/1285 114/434/1285
f 1956/1594/1286 114/434/1286 839/437/1286
f 1959/1597/1287 1958/1596/1287 1960/1598/1287
f 1959/1597/1288 1960/1598/1288 1961/1599/1288
f 1959/1597/1289 1961/1599/1289 1962/1600/1289
f 1959/1597/1290 1962/1600/1290 1963/1601/1290
f 1959/1597/1291 1963/1601/1291 841/439/1291
f 1959/1597/1292 841/439/1292 840/438/1292
f 1963/1601/1293 1962/1600/1293 1964/1602/1293
f 1963/1601/1294 1964/1602/1294 1965/1603/1294
f 1963/1601/1295 1965/1603/1295 853/452/1295
f 1963/1601/1296 853/452/1296 841/439/1296
f 1965/1603/1297 1964/1602/1297 1966/1604/1297
f 1965/1603/1298 1966/1604/1298 1967/1605/1298
f 1965/1603/1299 1967/1605/1299 854/453/1299
f 1965/1603/1300 854/453/1300 853/452/1300
f 1967/1605/1301 1966/1604/1301 1968/1606/1301
f 1967/1605/1302 1968/1606/1302 1969/1607/1302
f 1967/1605/1303 1969/1607/1303 855/454/1303
f 1967/1605/1304 855/454/1304 854/453/1304
f 1969/1607/1305 1968/1606/1305 1970/1608/1305
f 1969/1607/1306 1970/1608/1306 1971/1609/1306
f 1969/1607/1307 1971/1609/1307 1972/1610/1307
f 1969/1607/1308 1972/1610/1308 855/454/1308
f 1972/1610/1309 560/164/1309 43/172/1309
f 1972/1610/1310 43/172/1310 855/454/1310
f 1972/1610/1311 1971/1609/1311 1974/1611/1311
f 1972/1610/1312 1974/1611/1312 585/186/1312
f 1973/1612/1313 586/1613/1313 563/1614/1313
f 1973/1612/1314 563/1614/1314 561/1615/1314
f 1974/1611/1315 1971/1609/1315 1970/1608/1315
f 1974/1611/1316 1970/1608/1316 1975/1616/1316
f 1974/1611/1317 1975/1616/1317 1976/1617/1317
f 1974/1611/1318 1976/1617/1318 1977/1618/1318
f 1974/1611/1319 1977/1618/1319 582/183/1319
f 1974/1611/1320 582/183/1320 585/186/1320
f 1977/1618/1321 1976/1617/1321 1978/1619/1321
f 1977/1618/1322 1978/1619/1322 1979/1620/1322
f 1977/1618/1323 1979/1620/1323 583/184/1323
f 1977/1618/1324 583/184/1324 582/183/1324
f 1979/1620/1325 1978/1619/1325 1980/1621/1325
f 1979/1620/1326 1980/1621/1326 1981/1622/1326
f 1979/1620/1327 1981/1622/1327 1982/1623/1327
f 1979/1620/1328 1982/1623/1328 583/184/1328
f 1982/1623/1329 1983/1624/1329 584/185/1329
f 1982/1623/1330 584/185/1330 583/184/1330
f 1982/1623/1331 1981/1622/1331 1984/1625/1331
f 1982/1623/1332 1984/1625/1332 1985/1626/1332
f 1982/1623/1333 1985/1626/1333 1986/1627/1333
f 1982/1623/1334 1986/1627/1334 1983/1624/1334
f 1986/1627/1335 1987/1628/1335 566/1629/1335
f 1986/1627/1336 566/1629/1336 1983/1624/1336
f 1986/1627/1337 1985/1626/1337 1988/1630/1337
f 1986/1627/1338 1988/1630/1338 1989/1631/1338
f 1986/1627/1339 1989/1631/1339 1990/1632/1339
f 1986/1627/1340 1990/1632/1340 1987/1628/1340
f 1990/1632/1341 581/181/1341 571/176/1341
f 1990/1632/1342 571/176/1342 1987/1628/1342
f 1990/1632/1343 1989/1631/1343 548/150/1343
f 1990/1632/1344 548/150/1344 546/147/1344
f 1990/1632/1345 546/147/1345 545/146/1345
f 1990/1632/1346 545/146/1346 581/181/1346
f 1989/1631/1347 1988/1630/1347 1991/1633/1347
f 1989/1631/1348 1991/1633/1348 548/150/1348
f 1991/1633/1349 1988/1630/1349 1992/1634/1349
f 1991/1633/1350 1992/1634/1350 1993/1635/1350
f 1991/1633/1351 1993/1635/1351 1994/1636/1351
f 1991/1633/1352 1994/1636/1352 551/153/1352
f 1991/1633/1353 551/153/1353 547/148/1353
f 1991/1633/1354 547/148/1354 548/150/1354
f 1994/1636/1355 1993/1635/1355 1995/1637/1355
f 1994/1636/1356 1995/1637/1356 1996/1638/1356
f 1994/1636/1357 1996/1638/1357 1694/1338/1357
f 1994/1636/1358 1694/1338/1358 1997/1639/1358
f 1994/1636/1359 1997/1639/1359 552/154/1359
f 1994/1636/1360 552/154/1360 551/153/1360
f 1997/1639/1361 1694/1338/1361 1693/1337/1361
f 1997/1639/1362 1693/1337/1362 1698/1342/1362
f 1997/1639/1363 1698/1342/1363 553/155/1363
f 1997/1639/1364 553/155/1364 552/154/1364
f 1996/1638/1365 1995/1637/1365 444/58/1365
f 1996/1638/1366 444/58/1366 1689/1333/1366
f 1996/1638/1367 1689/1333/1367 1688/1332/1367
f 1996/1638/1368 1688/1332/1368 1694/1338/1368
f 1995/1637/1369 1993/1635/1369 1992/1634/1369
f 1995/1637/1370 1992/1634/1370 1998/1640/1370
f 1995/1637/1371 1998/1640/1371 445/59/1371
f 1995/1637/1372 445/59/1372 444/58/1372
f 1998/1640/1373 1992/1634/1373 1984/1625/1373
f 1998/1640/1374 1984/1625/1374 1999/1641/1374
f 1998/1640/1375 1999/1641/1375 448/62/1375
f 1998/1640/1376 448/62/1376 445/59/1376
f 1999/1641/1377 1984/1625/1377 1981/1622/1377
f 1999/1641/1378 1981/1622/1378 1980/1621/1378
f 1999/1641/1379 1980/1621/1379 2000/1642/1379
f 1999/1641/1380 2000/1642/1380 448/62/1380
f 2000/1642/1381 1980/1621/1381 1978/1619/1381
f 2000/1642/1382 1978/1619/1382 2001/1643/1382
f 2000/1642/1383 2001/1643/1383 2002/1644/1383
f 2000/1642/1384 2002/1644/1384 2003/1645/1384
f 2000/1642/1385 2003/1645/1385 449/63/1385
f 2000/1642/1386 449/63/1386 448/62/1386
f 2003/1645/1387 2002/1644/1387 2004/1646/1387
f 2003/1645/1388 2004/1646/1388 2005/1647/1388
f 2003/1645/1389 2005/1647/1389 2006/1648/1389
f 2003/1645/1390 2006/1648/1390 449/63/1390
f 2006/1648/1391 2005/1647/1391 2007/1649/1391
f 2006/1648/1392 2007/1649/1392 2008/1650/1392
f 2006/1648/1393 2008/1650/1393 2009/1651/1393
f 2006/1648/1394 2009/1651/1394 446/60/1394
f 2006/1648/1395 446/60/1395 15/54/1395
f 2006/1648/1396 15/54/1396 449/63/1396
f 2009/1651/1397 2008/1650/1397 2011/1652/1397
f 2009/1651/1398 2011/1652/1398 2013/1653/1398
f 2009/1651/1399 2013/1653/1399 2015/1654/1399
f 2009/1651/1400 2015/1654/1400 2016/1655/1400
f 2009/1651/1401 2016/1655/1401 447/61/1401
f 2009/1651/1402 447/61/1402 446/60/1402
f 2016/1655/1403 2015/1654/1403 467/82/1403
f 2016/1655/1404 467/82/1404 469/81/1404
f 2016/1655/1405 469/81/1405 1673/1319/1405
f 2016/1655/1406 1673/1319/1406 447/61/1406
f 2014/1656/1407 2012/1657/1407 2017/1658/1407
f 2014/1656/1408 2017/1658/1408 2018/1659/1408
f 2014/1656/1409 2018/1659/1409 468/78/1409
f 2014/1656/1410 468/78/1410 466/77/1410
f 2018/1659/1411 2017/1658/1411 2019/1660/1411
f 2018/1659/1412 2019/1660/1412 2021/1661/1412
f 2018/1659/1413 2021/1661/1413 421/32/1413
f 2018/1659/1414 421/32/1414 468/78/1414
f 2021/1661/1415 2019/1660/1415 2023/1662/1415
f 2021/1661/1416 2023/1662/1416 2027/1663/1416
f 2021/1661/1417 2027/1663/1417 415/33/1417
f 2021/1661/1418 415/33/1418 421/32/1418
f 2026/1664/1419 2022/1665/1419 2028/1666/1419
f 2026/1664/1420 2028/1666/1420 2030/1667/1420
f 2026/1664/1421 2030/1667/1421 416/27/1421
f 2026/1664/1422 416/27/1422 414/26/1422
f 2030/1667/1423 2028/1666/1423 2032/1668/1423
f 2030/1667/1424 2032/1668/1424 2033/1669/1424
f 2031/1670/1425 2034/1671/1425 2036/1672/1425
f 2031/1670/1426 2036/1672/1426 417/1673/1426
f 2035/1674/1427 2033/1669/1427 2037/1675/1427
f 2035/1674/1428 2037/1675/1428 2038/1676/1428
f 2036/1672/1429 2039/1677/1429 2041/1678/1429
f 2036/1672/1430 2041/1678/1430 2042/1679/1430
f 2036/1672/1431 2042/1679/1431 385/1680/1431
f 2036/1672/1432 385/1680/1432 417/1673/1432
f 2042/1679/1433 2041/1678/1433 400/13/1433
f 2042/1679/1434 400/13/1434 398/12/1434
f 2042/1679/1435 398/12/1435 387/1681/1435
f 2042/1679/1436 387/1681/1436 385/1680/1436
f 2040/1682/1437 2038/1676/1437 2043/1683/1437
f 2040/1682/1438 2043/1683/1438 2044/1684/1438
f 2041/1678/1439 2045/1685/1439 2047/1686/1439
f 2041/1678/1440 2047/1686/1440 400/13/1440
f 2047/1686/1441 2045/1685/1441 2049/1687/1441
f 2047/1686/1442 2049/1687/1442 2051/1688/1442
f 2047/1686/1443 2051/1688/1443 483/1689/1443
f 2047/1686/1444 483/1689/1444 480/1690/1444
f 2046/1691/1445 479/93/1445 401/1692/1445
f 2046/1691/1446 401/1692/1446 399/1693/1446
f 2050/1694/1447 2048/1695/1447 2052/1696/1447
f 2050/1694/1448 2052/1696/1448 2054/1697/1448
f 2050/1694/1449 2054/1697/1449 486/98/1449
f 2050/1694/1450 486/98/1450 481/97/1450
f 2055/1698/1451 2053/1699/1451 2056/1700/1451
f 2055/1698/1452 2056/1700/1452 2058/1701/1452
f 2055/1698/1453 2058/1701/1453 1591/1702/1453
f 2055/1698/1454 1591/1702/1454 487/1703/1454
f 2059/1704/1455 2057/1705/1455 2061/1706/1455
f 2059/1704/1456 2061/1706/1456 1598/1707/1456
f 2059/1704/1457 1598/1707/1457 1594/1232/1457
f 2059/1704/1458 1594/1232/1458 1592/1231/1458
f 2061/1706/1459 2057/1705/1459 2064/1708/1459
f 2061/1706/1460 2064/1708/1460 2066/1709/1460
f 2060/1710/1461 2065/1711/1461 2067/1712/1461
f 2060/1710/1462 2067/1712/1462 2068/1713/1462
f 2060/1710/1463 2068/1713/1463 1599/1239/1463
f 2060/1710/1464 1599/1239/1464 1597/1238/1464
f 2068/1713/1465 2067/1712/1465 2069/1714/1465
f 2068/1713/1466 2069/1714/1466 2070/1715/1466
f 2068/1713/1467 2070/1715/1467 1600/1240/1467
f 2068/1713/1468 1600/1240/1468 1599/1239/1468
f 2070/1715/1469 2069/1714/1469 2071/1716/1469
f 2070/1715/1470 2071/1716/1470 2072/1717/1470
f 2070/1715/1471 2072/1717/1471 1602/1242/1471
f 2070/1715/1472 1602/1242/1472 1600/1240/1472
f 2072/1717/1473 2071/1716/1473 2073/1718/1473
f 2072/1717/1474 2073/1718/1474 2074/1719/1474
f 2072/1717/1475 2074/1719/1475 2075/1720/1475
f 2072/1717/1476 2075/1720/1476 1602/1242/1476
f 2075/1720/1477 2074/1719/1477 2076/1721/1477
f 2075/1720/1478 2076/1721/1478 2077/1722/1478
f 2075/1720/1479 2077/1722/1479 2078/1723/1479
f 2075/1720/1480 2078/1723/1480 1605/1245/1480
f 2075/1720/1481 1605/1245/1481 1603/1243/1481
f 2075/1720/1482 1603/1243/1482 1602/1242/1482
f 2078/1723/1479 2077/1722/1479 2079/1724/1479
f 2078/1723/1483 2079/1724/1483 2080/1725/1483
f 2078/1723/1484 2080/1725/1484 2081/1726/1484
f 2078/1723/1485 2081/1726/1485 2082/1727/1485
f 2078/1723/1486 2082/1727/1486 1606/1246/1486
f 2078/1723/1487 1606/1246/1487 1605/1245/1487
f 2082/1727/1488 2081/1726/1488 2083/1728/1488
f 2082/1727/1489 2083/1728/1489 2084/1729/1489
f 2082/1727/1490 2084/1729/1490 1607/1247/1490
f 2082/1727/1491 1607/1247/1491 1606/1246/1491
f 2084/1729/1492 2083/1728/1492 2085/1730/1492
f 2084/1729/1493 2085/1730/1493 2086/1731/1493
f 2084/1729/1494 2086/1731/1494 1610/1249/1494
f 2084/1729/1495 1610/1249/1495 1607/1247/1495
f 2086/1731/1496 2085/1730/1496 2088/1732/1496
f 2086/1731/1497 2088/1732/1497 1622/1733/1497
f 2087/1734/1498 1623/1262/1498 1615/1254/1498
f 2087/1734/1499 1615/1254/1499 1611/1253/1499
f 2088/1732/1500 2085/1730/1500 2090/1735/1500
f 2088/1732/1501 2090/1735/1501 2091/1736/1501
f 2089/1737/1502 2092/1738/1502 2094/1739/1502
f 2089/1737/1503 2094/1739/1503 2096/1740/1503
f 2089/1737/1504 2096/1740/1504 1625/1263/1504
f 2089/1737/1505 1625/1263/1505 1623/1262/1505
f 2096/1740/1506 2094/1739/1506 2099/1741/1506
f 2096/1740/1507 2099/1741/1507 2102/1742/1507
f 2095/1743/1508 2100/1744/1508 1626/1266/1508
f 2095/1743/1509 1626/1266/1509 1624/1265/1509
f 2101/1745/1510 2097/1746/1510 2103/1747/1510
f 2101/1745/1511 2103/1747/1511 2105/1748/1511
f 2101/1745/1512 2105/1748/1512 1632/1272/1512
f 2101/1745/1513 1632/1272/1513 1627/1271/1513
f 2105/1748/1514 2103/1747/1514 2106/1749/1514
f 2105/1748/1515 2106/1749/1515 1642/1285/1515
f 2105/1748/1516 1642/1285/1516 1636/1284/1516
f 2105/1748/1517 1636/1284/1517 1632/1272/1517
f 2106/1749/1518 2103/1747/1518 2107/1750/1518
f 2106/1749/1519 2107/1750/1519 2109/1751/1519
f 2106/1749/1520 2109/1751/1520 2110/1752/1520
f 2106/1749/1521 2110/1752/1521 1646/1291/1521
f 2106/1749/1522 1646/1291/1522 1643/1286/1522
f 2106/1749/1523 1643/1286/1523 1642/1285/1523
f 2110/1752/1524 2109/1751/1524 453/1753/1524
f 2110/1752/1525 453/1753/1525 451/65/1525
f 2110/1752/1526 451/65/1526 450/64/1526
f 2110/1752/1527 450/64/1527 2111/1754/1527
f 2110/1752/1528 2111/1754/1528 1647/1292/1528
f 2110/1752/1529 1647/1292/1529 1646/1291/1529
f 2111/1754/1530 450/64/1530 2113/1755/1530
f 2111/1754/1531 2113/1755/1531 2115/1756/1531
f 2112/1757/1532 2116/1758/1532 1649/1295/1532
f 2112/1757/1533 1649/1295/1533 1648/1294/1533
f 2116/1758/1534 2114/1759/1534 2117/1760/1534
f 2116/1758/1535 2117/1760/1535 2118/1761/1535
f 2116/1758/1536 2118/1761/1536 1652/1297/1536
f 2116/1758/1537 1652/1297/1537 1649/1295/1537
f 2119/1762/1538 2122/1763/1538 1660/1303/1538
f 2119/1762/1539 1660/1303/1539 1653/1302/1539
f 2118/1761/1540 2117/1760/1540 2125/1764/1540
f 2118/1761/1541 2125/1764/1541 2121/1765/1541
f 2123/1766/1542 2126/1767/1542 1674/1321/1542
f 2123/1766/1543 1674/1321/1543 2120/1768/1543
f 2125/1764/1544 2117/1760/1544 460/1769/1544
f 2125/1764/1545 460/1769/1545 2130/1770/1545
f 2124/1771/1546 2129/1772/1546 2131/1773/1546
f 2124/1771/1547 2131/1773/1547 2127/1774/1547
f 2132/1775/1548 2134/1776/1548 1681/1777/1548
f 2132/1775/1549 1681/1777/1549 2128/1778/1549
f 2131/1773/1550 2129/1772/1550 2135/1779/1550
f 2131/1773/1551 2135/1779/1551 2137/1780/1551
f 2132/1775/1552 2139/1781/1552 2142/1782/1552
f 2132/1775/1553 2142/1782/1553 2134/1776/1553
f 2141/1783/1554 2143/1784/1554 1685/1329/1554
f 2141/1783/1555 1685/1329/1555 2133/1785/1555
f 2140/1786/1556 2138/1787/1556 2145/1788/1556
f 2140/1786/1557 2145/1788/1557 2146/1789/1557
f 2141/1783/1558 2147/1790/1558 2149/1791/1558
f 2141/1783/1559 2149/1791/1559 2143/1784/1559
f 2149/1791/1560 2150/1792/1560 1690/1334/1560
f 2149/1791/1561 1690/1334/1561 2143/1784/1561
f 2148/1793/1562 2146/1789/1562 2151/1794/1562
f 2148/1793/1563 2151/1794/1563 2152/1795/1563
f 2149/1791/1564 2153/1796/1564 2154/1797/1564
f 2149/1791/1565 2154/1797/1565 2150/1792/1565
f 2154/1797/1566 2155/1798/1566 1695/1339/1566
f 2154/1797/1567 1695/1339/1567 2150/1792/1567
f 2154/1797/1568 2153/1796/1568 2157/1799/1568
f 2154/1797/1569 2157/1799/1569 2158/1800/1569
f 2154/1797/1570 2158/1800/1570 2159/1801/1570
f 2154/1797/1571 2159/1801/1571 2155/1798/1571
f 2159/1801/1572 1701/1345/1572 1699/1343/1572
f 2159/1801/1573 1699/1343/1573 2155/1798/1573
f 2159/1801/1574 2158/1800/1574 2160/1802/1574
f 2159/1801/1575 2160/1802/1575 2161/1803/1575
f 2159/1801/1576 2161/1803/1576 1703/1347/1576
f 2159/1801/1577 1703/1347/1577 1701/1345/1577
f 2161/1803/1578 2160/1802/1578 2162/1804/1578
f 2161/1803/1579 2162/1804/1579 2163/1805/1579
f 2161/1803/1580 2163/1805/1580 2164/1806/1580
f 2161/1803/1581 2164/1806/1581 1703/1347/1581
f 2164/1806/1582 1707/1351/1582 1704/1348/1582
f 2164/1806/1583 1704/1348/1583 1703/1347/1583
f 2164/1806/1584 2163/1805/1584 2165/1807/1584
f 2164/1806/1585 2165/1807/1585 2166/1808/1585
f 2164/1806/1586 2166/1808/1586 2167/1809/1586
f 2164/1806/1587 2167/1809/1587 1707/1351/1587
f 2167/1809/1588 1712/1356/1588 1708/1352/1588
f 2167/1809/1589 1708/1352/1589 1707/1351/1589
f 2167/1809/1590 2166/1808/1590 2168/1810/1590
f 2167/1809/1591 2168/1810/1591 2169/1811/1591
f 2167/1809/1592 2169/1811/1592 2170/1812/1592
f 2167/1809/1593 2170/1812/1593 1712/1356/1593
f 2170/1812/1594 1717/1361/1594 1713/1357/1594
f 2170/1812/1595 1713/1357/1595 1712/1356/1595
f 2170/1812/1596 2169/1811/1596 2171/1813/1596
f 2170/1812/1597 2171/1813/1597 1050/670/1597
f 2170/1812/1598 1050/670/1598 1049/667/1598
f 2170/1812/1599 1049/667/1599 1717/1361/1599
f 2171/1813/1600 2169/1811/1600 2168/1810/1600
f 2171/1813/1601 2168/1810/1601 2172/1814/1601
f 2171/1813/1602 2172/1814/1602 2173/1815/1602
f 2171/1813/1603 2173/1815/1603 2174/1816/1603
f 2171/1813/1604 2174/1816/1604 1051/668/1604
f 2171/1813/1605 1051/668/1605 1050/670/1605
f 2174/1816/1606 2173/1815/1606 2175/1817/1606
f 2174/1816/1607 2175/1817/1607 2176/1818/1607
f 2174/1816/1608 2176/1818/1608 2177/1819/1608
f 2174/1816/1609 2177/1819/1609 1051/668/1609
f 2177/1819/1610 2176/1818/1610 1056/675/1610
f 2177/1819/1611 1056/675/1611 1055/674/1611
f 2177/1819/1612 1055/674/1612 2178/1820/1612
f 2177/1819/1613 2178/1820/1613 2179/1821/1613
f 2177/1819/1614 2179/1821/1614 1052/669/1614
f 2177/1819/1615 1052/669/1615 1051/668/1615
f 2179/1821/1616 2178/1820/1616 2180/1822/1616
f 2179/1821/1617 2180/1822/1617 1046/659/1617
f 2179/1821/1618 1046/659/1618 1045/658/1618
f 2179/1821/1619 1045/658/1619 1052/669/1619
f 2180/1822/1620 2178/1820/1620 2181/1823/1620
f 2180/1822/1621 2181/1823/1621 2182/1824/1621
f 2180/1822/1622 2182/1824/1622 2183/1825/1622
f 2180/1822/1623 2183/1825/1623 2184/1826/1623
f 2180/1822/1624 2184/1826/1624 1040/654/1624
f 2180/1822/1625 1040/654/1625 1046/659/1625
f 2184/1826/1626 2183/1825/1626 2185/1827/1626
f 2184/1826/1627 2185/1827/1627 2187/1828/1627
f 2184/1826/1628 2187/1828/1628 1042/655/1628
f 2184/1826/1629 1042/655/1629 1040/654/1629
f 2188/1829/1630 2186/1830/1630 2190/1831/1630
f 2188/1829/1631 2190/1831/1631 2192/1832/1631
f 2187/1828/1632 2191/1833/1632 2194/1834/1632
f 2187/1828/1633 2194/1834/1633 1042/655/1633
f 2193/1835/1634 876/469/1634 882/472/1634
f 2193/1835/1635 882/472/1635 1041/1836/1635
f 2194/1834/1636 2191/1833/1636 2195/1837/1636
f 2194/1834/1637 2195/1837/1637 1022/636/1637
f 2194/1834/1638 1022/636/1638 879/635/1638
f 2194/1834/1639 879/635/1639 877/1838/1639
f 2195/1837/1640 2191/1833/1640 2189/1839/1640
f 2195/1837/1641 2189/1839/1641 2196/1840/1641
f 2195/1837/1642 2196/1840/1642 2197/1841/1642
f 2195/1837/1643 2197/1841/1643 2198/1842/1643
f 2195/1837/1644 2198/1842/1644 1019/632/1644
f 2195/1837/1645 1019/632/1645 1022/636/1645
f 2198/1842/1646 2197/1841/1646 2199/1843/1646
f 2198/1842/1647 2199/1843/1647 2200/1844/1647
f 2198/1842/1648 2200/1844/1648 1020/633/1648
f 2198/1842/1649 1020/633/1649 1019/632/1649
f 2200/1844/1650 2199/1843/1650 2201/1845/1650
f 2200/1844/1651 2201/1845/1651 2202/1846/1651
f 2200/1844/1652 2202/1846/1652 2203/1847/1652
f 2200/1844/1653 2203/1847/1653 1020/633/1653
f 2203/1847/1654 2204/1848/1654 1021/634/1654
f 2203/1847/1655 1021/634/1655 1020/633/1655
f 2203/1847/1656 2202/1846/1656 2205/1849/1656
f 2203/1847/1657 2205/1849/1657 2206/1850/1657
f 2203/1847/1658 2206/1850/1658 2207/1851/1658
f 2203/1847/1659 2207/1851/1659 2204/1848/1659
f 2207/1851/1660 885/475/1660 884/474/1660
f 2207/1851/1661 884/474/1661 2204/1848/1661
f 2207/1851/1662 2206/1850/1662 2208/1852/1662
f 2207/1851/1663 2208/1852/1663 2209/1853/1663
f 2207/1851/1664 2209/1853/1664 2210/1854/1664
f 2207/1851/1665 2210/1854/1665 885/475/1665
f 2210/1854/1666 2211/1855/1666 886/476/1666
f 2210/1854/1667 886/476/1667 885/475/1667
f 2210/1854/1668 2209/1853/1668 2212/1856/1668
f 2210/1854/1669 2212/1856/1669 2213/1857/1669
f 2210/1854/1670 2213/1857/1670 2214/1858/1670
f 2210/1854/1671 2214/1858/1671 2211/1855/1671
f 2214/1858/1672 2215/1859/1672 2216/1860/1672
f 2214/1858/1673 2216/1860/1673 2211/1855/1673
f 2214/1858/1674 2213/1857/1674 2217/1861/1674
f 2214/1858/1675 2217/1861/1675 844/443/1675
f 2214/1858/1676 844/443/1676 843/442/1676
f 2214/1858/1677 843/442/1677 2215/1859/1677
f 2217/1861/1678 2213/1857/1678 2212/1856/1678
f 2217/1861/1679 2212/1856/1679 2218/1862/1679
f 2217/1861/1679 2218/1862/1679 2219/1863/1679
f 2217/1861/1680 2219/1863/1680 847/446/1680
f 2217/1861/1681 847/446/1681 115/440/1681
f 2217/1861/1682 115/440/1682 844/443/1682
f 2219/1863/1683 2218/1862/1683 2220/1864/1683
f 2219/1863/1684 2220/1864/1684 2221/1865/1684
f 2219/1863/1685 2221/1865/1685 2222/1866/1685
f 2219/1863/1686 2222/1866/1686 2223/1867/1686
f 2219/1863/1687 2223/1867/1687 848/447/1687
f 2219/1863/1688 848/447/1688 847/446/1688
f 2223/1867/1689 2222/1866/1689 2224/1868/1689
f 2223/1867/1690 2224/1868/1690 2225/1869/1690
f 2223/1867/1691 2225/1869/1691 2226/1870/1691
f 2223/1867/1692 2226/1870/1692 848/447/1692
f 2226/1870/1693 2227/1871/1693 849/448/1693
f 2226/1870/1694 849/448/1694 848/447/1694
f 2226/1870/1695 2225/1869/1695 2228/1872/1695
f 2226/1870/1696 2228/1872/1696 2229/1873/1696
f 2226/1870/1697 2229/1873/1697 2230/1874/1697
f 2226/1870/1698 2230/1874/1698 2227/1871/1698
f 2229/1873/1699 2228/1872/1699 808/394/1699
f 2229/1873/1700 808/394/1700 807/393/1700
f 2229/1873/1701 807/393/1701 811/397/1701
f 2229/1873/1702 811/397/1702 2230/1874/1702
f 2228/1872/1703 2225/1869/1703 2224/1868/1703
f 2228/1872/1704 2224/1868/1704 2231/1875/1704
f 2228/1872/1705 2231/1875/1705 2232/1876/1705
f 2228/1872/1706 2232/1876/1706 808/394/1706
f 2232/1876/1707 2231/1875/1707 2233/1877/1707
f 2232/1876/1708 2233/1877/1708 2234/1878/1708
f 2232/1876/1709 2234/1878/1709 2235/1879/1709
f 2232/1876/1710 2235/1879/1710 2236/1880/1710
f 2232/1876/1711 2236/1880/1711 809/395/1711
f 2232/1876/1712 809/395/1712 808/394/1712
f 2236/1880/1713 2235/1879/1713 2237/1881/1713
f 2236/1880/1714 2237/1881/1714 2238/1882/1714
f 2236/1880/1715 2238/1882/1715 812/398/1715
f 2236/1880/1716 812/398/1716 809/395/1716
f 2238/1882/1717 2237/1881/1717 2239/1883/1717
f 2238/1882/1718 2239/1883/1718 2240/1884/1718
f 2238/1882/1719 2240/1884/1719 2241/1885/1719
f 2238/1882/1720 2241/1885/1720 812/398/1720
f 2241/1885/1721 2242/1886/1721 810/396/1721
f 2241/1885/1722 810/396/1722 812/398/1722
f 2241/1885/1723 2240/1884/1723 2243/1887/1723
f 2241/1885/1724 2243/1887/1724 2244/1888/1724
f 2241/1885/1725 2244/1888/1725 2245/1889/1725
f 2241/1885/1726 2245/1889/1726 2242/1886/1726
f 2245/1889/1727 1954/1592/1727 2246/1890/1727
f 2245/1889/1728 2246/1890/1728 2242/1886/1728
f 2245/1889/1729 2244/1888/1729 2247/1891/1729
f 2245/1889/1730 2247/1891/1730 1957/1595/1730
f 2245/1889/1731 1957/1595/1731 1955/1593/1731
f 2245/1889/1732 1955/1593/1732 1954/1592/1732
f 2247/1891/1733 2244/1888/1733 2243/1887/1733
f 2247/1891/1734 2243/1887/1734 2248/1892/1734
f 2247/1891/1735 2248/1892/1735 2249/1893/1735
f 2247/1891/1736 2249/1893/1736 1960/1598/1736
f 2247/1891/1737 1960/1598/1737 1958/1596/1737
f 2247/1891/1738 1958/1596/1738 1957/1595/1738
f 2249/1893/1739 2248/1892/1739 2250/1894/1739
f 2249/1893/1740 2250/1894/1740 2251/1895/1740
f 2249/1893/1741 2251/1895/1741 2252/1896/1741
f 2249/1893/1742 2252/1896/1742 2253/1897/1742
f 2249/1893/1743 2253/1897/1743 1961/1599/1743
f 2249/1893/1744 1961/1599/1744 1960/1598/1744
f 2253/1897/1745 2252/1896/1745 2254/1898/1745
f 2253/1897/1746 2254/1898/1746 2255/1899/1746
f 2253/1897/1747 2255/1899/1747 1962/1600/1747
f 2253/1897/1748 1962/1600/1748 1961/1599/1748
f 2255/1899/1749 2254/1898/1749 2256/1900/1749
f 2255/1899/1750 2256/1900/1750 2257/1901/1750
f 2255/1899/1751 2257/1901/1751 1964/1602/1751
f 2255/1899/1752 1964/1602/1752 1962/1600/1752
f 2257/1901/1753 2256/1900/1753 540/140/1753
f 2257/1901/1754 540/140/1754 539/139/1754
f 2257/1901/1755 539/139/1755 1966/1604/1755
f 2257/1901/1756 1966/1604/1756 1964/1602/1756
f 2256/1900/1757 2254/1898/1757 2258/1902/1757
f 2256/1900/1758 2258/1902/1758 2259/1903/1758
f 2256/1900/1759 2259/1903/1759 2260/1904/1759
f 2256/1900/1760 2260/1904/1760 540/140/1760
f 2259/1903/1761 2258/1902/1761 2261/1905/1761
f 2259/1903/1762 2261/1905/1762 2262/1906/1762
f 2259/1903/1763 2262/1906/1763 2263/1907/1763
f 2259/1903/1764 2263/1907/1764 2260/1904/1764
f 2263/1907/1765 2262/1906/1765 2264/1908/1765
f 2263/1907/1766 2264/1908/1766 2266/1909/1766
f 2263/1907/1767 2266/1909/1767 2268/1910/1767
f 2263/1907/1768 2268/1910/1768 2270/1911/1768
f 2263/1907/1769 2270/1911/1769 2271/1912/1769
f 2263/1907/1770 2271/1912/1770 2260/1904/1770
f 2270/1911/1771 2268/1910/1771 656/1913/1771
f 2270/1911/1772 656/1913/1772 653/1914/1772
f 2270/1911/1773 653/1914/1773 2272/1915/1773
f 2270/1911/1774 2272/1915/1774 2271/1912/1774
f 2269/1916/1775 2267/1917/1775 2274/1918/1775
f 2269/1916/1776 2274/1918/1776 638/231/1776
f 2269/1916/1777 638/231/1777 637/230/1777
f 2269/1916/1778 637/230/1778 657/1919/1778
f 2274/1918/1779 2267/1917/1779 2265/1920/1779
f 2274/1918/1780 2265/1920/1780 2275/1921/1780
f 2274/1918/1781 2275/1921/1781 2277/1922/1781
f 2274/1918/1782 2277/1922/1782 2279/1923/1782
f 2274/1918/1783 2279/1923/1783 640/232/1783
f 2274/1918/1784 640/232/1784 638/231/1784
f 2278/1924/1785 2276/1925/1785 2280/1926/1785
f 2278/1924/1786 2280/1926/1786 2282/1927/1786
f 2278/1924/1787 2282/1927/1787 641/234/1787
f 2278/1924/1788 641/234/1788 639/233/1788
f 2283/1928/1789 2281/1929/1789 2284/1930/1789
f 2283/1928/1790 2284/1930/1790 2286/1931/1790
f 2283/1928/1791 2286/1931/1791 2288/1932/1791
f 2283/1928/1792 2288/1932/1792 642/1933/1792
f 2287/1934/1793 2285/1935/1793 2289/1936/1793
f 2287/1934/1794 2289/1936/1794 2291/1937/1794
f 2287/1934/1795 2291/1937/1795 2292/1938/1795
f 2287/1934/1796 2292/1938/1796 2294/1939/1796
f 2288/1932/1797 2295/1940/1797 628/1941/1797
f 2288/1932/1798 628/1941/1798 642/1933/1798
f 2295/1940/1799 2293/1942/1799 688/1943/1799
f 2295/1940/1800 688/1943/1800 2297/1944/1800
f 2295/1940/1801 2297/1944/1801 630/1945/1801
f 2295/1940/1802 630/1945/1802 628/1941/1802
f 2296/1946/1803 687/274/1803 675/273/1803
f 2296/1946/1804 675/273/1804 648/241/1804
f 2296/1946/1805 648/241/1805 647/240/1805
f 2296/1946/1806 647/240/1806 629/223/1806
f 2292/1938/1807 2291/1937/1807 2298/1947/1807
f 2292/1938/1808 2298/1947/1808 678/266/1808
f 2293/1942/1809 679/1948/1809 671/1949/1809
f 2293/1942/1810 671/1949/1810 688/1943/1810
f 2298/1947/1811 2291/1937/1811 2289/1936/1811
f 2298/1947/1812 2289/1936/1812 2299/1950/1812
f 2298/1947/1813 2299/1950/1813 2300/1951/1813
f 2298/1947/1814 2300/1951/1814 2301/1952/1814
f 2298/1947/1815 2301/1952/1815 680/267/1815
f 2298/1947/1816 680/267/1816 678/266/1816
f 2301/1952/1817 2300/1951/1817 2302/1953/1817
f 2301/1952/1818 2302/1953/1818 2305/1954/1818
f 2301/1952/1819 2305/1954/1819 683/1955/1819
f 2301/1952/1820 683/1955/1820 680/267/1820
f 2306/1956/1821 2303/1957/1821 2308/1958/1821
f 2306/1956/1822 2308/1958/1822 2310/1959/1822
f 2304/1960/1823 2309/1961/1823 2311/1962/1823
f 2304/1960/1824 2311/1962/1824 682/1963/1824
f 2311/1962/1825 2309/1961/1825 2313/1964/1825
f 2311/1962/1826 2313/1964/1826 2315/1965/1826
f 2312/1966/1827 2316/1967/1827 2317/1968/1827
f 2312/1966/1828 2317/1968/1828 2319/1969/1828
f 2311/1962/1829 2318/1970/1829 685/1971/1829
f 2311/1962/1830 685/1971/1830 682/1963/1830
f 2319/1969/1831 2317/1968/1831 2320/1972/1831
f 2319/1969/1832 2320/1972/1832 2322/1973/1832
f 2318/1970/1833 2321/1974/1833 2324/1975/1833
f 2318/1970/1834 2324/1975/1834 685/1971/1834
f 2326/1976/1835 2329/1977/1835 68/268/1835
f 2326/1976/1836 68/268/1836 686/271/1836
f 2325/1978/1837 2323/1979/1837 2331/1980/1837
f 2325/1978/1838 2331/1980/1838 2333/1981/1838
f 2326/1976/1839 2334/1982/1839 2336/1983/1839
f 2326/1976/1840 2336/1983/1840 2329/1977/1840
f 2335/1984/1841 2337/1985/1841 2338/1986/1841
f 2335/1984/1842 2338/1986/1842 2327/1987/1842
f 2335/1984/1843 2332/1988/1843 2341/1989/1843
f 2335/1984/1844 2341/1989/1844 2343/1990/1844
f 2335/1984/1845 2343/1990/1845 2344/1991/1845
f 2335/1984/1846 2344/1991/1846 2337/1985/1846
f 2344/1991/1847 2345/1992/1847 2346/1993/1847
f 2344/1991/1848 2346/1993/1848 2337/1985/1848
f 2344/1991/1849 2343/1990/1849 2348/1994/1849
f 2344/1991/1850 2348/1994/1850 2349/1995/1850
f 2344/1991/1851 2349/1995/1851 2350/1996/1851
f 2344/1991/1852 2350/1996/1852 2345/1992/1852
f 2350/1996/1853 2351/1997/1853 2353/1998/1853
f 2350/1996/1854 2353/1998/1854 2345/1992/1854
f 2350/1996/1855 2349/1995/1855 2354/1999/1855
f 2350/1996/1856 2354/1999/1856 2355/2000/1856
f 2350/1996/1857 2355/2000/1857 2356/2001/1857
f 2350/1996/1858 2356/2001/1858 2351/1997/1858
f 2358/2002/1859 2361/2003/1859 2365/2004/1859
f 2358/2002/1860 2365/2004/1860 2352/2005/1860
f 2356/2001/1861 2355/2000/1861 494/103/1861
f 2356/2001/1862 494/103/1862 492/102/1862
f 2357/2006/1863 493/2007/1863 2367/2008/1863
f 2357/2006/1864 2367/2008/1864 2360/2009/1864
f 2366/2010/1865 2369/2011/1865 2371/2012/1865
f 2366/2010/1866 2371/2012/1866 2359/2013/1866
f 2367/2008/1867 493/2007/1867 491/2014/1867
f 2367/2008/1868 491/2014/1868 2373/2015/1868
f 2366/2010/1869 2372/2016/1869 2375/2017/1869
f 2366/2010/1870 2375/2017/1870 2369/2011/1870
f 2374/2018/1871 2376/2019/1871 2377/2020/1871
f 2374/2018/1872 2377/2020/1872 2368/2021/1872
f 2375/2017/1873 2372/2016/1873 2378/2022/1873
f 2375/2017/1874 2378/2022/1874 2382/2023/1874
f 2374/2018/1875 2381/2024/1875 2383/2025/1875
f 2374/2018/1876 2383/2025/1876 2376/2019/1876
f 2383/2025/1877 2010/2026/1877 2384/2027/1877
f 2383/2025/1878 2384/2027/1878 2376/2019/1878
f 2383/2025/1879 2381/2024/1879 2019/1660/1879
f 2383/2025/1880 2019/1660/1880 2017/1658/1880
f 2383/2025/1881 2017/1658/1881 2012/1657/1881
f 2383/2025/1882 2012/1657/1882 2010/2026/1882
f 2385/2028/1883 2007/1649/1883 2386/2029/1883
f 2385/2028/1884 2386/2029/1884 2388/2030/1884
f 2384/2027/1885 2387/2031/1885 2377/2020/1885
f 2384/2027/1886 2377/2020/1886 2376/2019/1886
f 2385/2028/1887 2011/1652/1887 2008/1650/1887
f 2385/2028/1888 2008/1650/1888 2007/1649/1888
f 2388/2030/1889 2386/2029/1889 2389/2032/1889
f 2388/2030/1890 2389/2032/1890 2391/2033/1890
f 2387/2031/1891 2390/2034/1891 2392/2035/1891
f 2387/2031/1892 2392/2035/1892 2377/2020/1892
f 2392/2035/1893 2390/2034/1893 2393/2036/1893
f 2392/2035/1894 2393/2036/1894 2395/2037/1894
f 2392/2035/1895 2395/2037/1895 2396/2038/1895
f 2392/2035/1896 2396/2038/1896 2370/2039/1896
f 2392/2035/1897 2370/2039/1897 2368/2021/1897
f 2392/2035/1898 2368/2021/1898 2377/2020/1898
f 2396/2038/1899 2395/2037/1899 2399/2040/1899
f 2396/2038/1900 2399/2040/1900 2401/2041/1900
f 2398/2042/1901 2402/2043/1901 2405/2044/1901
f 2398/2042/1902 2405/2044/1902 2364/2045/1902
f 2397/2046/1903 2363/2047/1903 2359/2013/1903
f 2397/2046/1904 2359/2013/1904 2371/2012/1904
f 2405/2044/1905 2402/2043/1905 2407/2048/1905
f 2405/2044/1906 2407/2048/1906 2411/2049/1906
f 2404/2050/1907 2409/2051/1907 2412/2052/1907
f 2404/2050/1908 2412/2052/1908 2353/1998/1908
f 2404/2050/1909 2353/1998/1909 2351/1997/1909
f 2404/2050/1910 2351/1997/1910 2362/2053/1910
f 2413/2054/1911 2410/2055/1911 526/2056/1911
f 2413/2054/1912 526/2056/1912 2415/2057/1912
f 2413/2054/1913 2415/2057/1913 2417/2058/1913
f 2413/2054/1914 2417/2058/1914 2347/2059/1914
f 2412/2052/1915 2346/1993/1915 2345/1992/1915
f 2412/2052/1916 2345/1992/1916 2353/1998/1916
f 2417/2058/1917 2415/2057/1917 2420/2060/1917
f 2417/2058/1918 2420/2060/1918 667/2061/1918
f 2418/2062/1919 668/255/1919 666/253/1919
f 2418/2062/1920 666/253/1920 2340/2063/1920
f 2416/2064/1921 2338/1986/1921 2337/1985/1921
f 2416/2064/1922 2337/1985/1922 2346/1993/1922
f 2422/2065/1923 524/2066/1923 614/2067/1923
f 2422/2065/1924 614/2067/1924 2425/2068/1924
f 2421/2069/1925 2424/2070/1925 663/254/1925
f 2421/2069/1926 663/254/1926 668/255/1926
f 2419/2071/1927 2414/2072/1927 525/128/1927
f 2419/2071/1928 525/128/1928 523/127/1928
f 2423/2073/1929 612/2074/1929 610/213/1929
f 2423/2073/1930 610/213/1930 619/212/1930
f 2423/2073/1931 619/212/1931 624/2075/1931
f 2423/2073/1932 624/2075/1932 661/2076/1932
f 2410/2055/1933 2406/2077/1933 520/2078/1933
f 2410/2055/1934 520/2078/1934 526/2056/1934
f 2406/2077/1935 2427/2079/1935 522/2080/1935
f 2406/2077/1936 522/2080/1936 520/2078/1936
f 2408/2081/1937 2403/2082/1937 2400/2083/1937
f 2408/2081/1938 2400/2083/1938 2428/2084/1938
f 2427/2079/1939 2430/2085/1939 2432/2086/1939
f 2427/2079/1940 2432/2086/1940 522/2080/1940
f 2426/2087/1941 2399/2040/1941 2433/2088/1941
f 2426/2087/1942 2433/2088/1942 2429/2089/1942
f 2434/2090/1943 2435/2091/1943 2437/2092/1943
f 2434/2090/1944 2437/2092/1944 2431/2093/1944
f 2433/2088/1945 2399/2040/1945 2395/2037/1945
f 2433/2088/1946 2395/2037/1946 2393/2036/1946
f 2434/2090/1947 2394/2094/1947 2438/2095/1947
f 2434/2090/1948 2438/2095/1948 2435/2091/1948
f 2438/2095/1949 2439/2096/1949 538/138/1949
f 2438/2095/1950 538/138/1950 2435/2091/1950
f 2438/2095/1951 2394/2094/1951 2391/2033/1951
f 2438/2095/1952 2391/2033/1952 2389/2032/1952
f 2438/2095/1953 2389/2032/1953 2440/2097/1953
f 2438/2095/1954 2440/2097/1954 2439/2096/1954
f 2440/2097/1955 2441/2098/1955 2442/2099/1955
f 2440/2097/1956 2442/2099/1956 2439/2096/1956
f 2440/2097/1957 2389/2032/1957 2386/2029/1957
f 2440/2097/1958 2386/2029/1958 2004/1646/1958
f 2440/2097/1959 2004/1646/1959 2002/1644/1959
f 2440/2097/1960 2002/1644/1960 2441/2098/1960
f 2442/2099/1961 2443/2100/1961 536/135/1961
f 2442/2099/1962 536/135/1962 535/134/1962
f 2442/2099/1963 535/134/1963 538/138/1963
f 2442/2099/1964 538/138/1964 2439/2096/1964
f 2442/2099/1965 2441/2098/1965 2444/2101/1965
f 2442/2099/1966 2444/2101/1966 2443/2100/1966
f 2444/2101/1967 1976/1617/1967 1975/1616/1967
f 2444/2101/1968 1975/1616/1968 2443/2100/1968
f 2444/2101/1969 2441/2098/1969 2002/1644/1969
f 2444/2101/1970 2002/1644/1970 2001/1643/1970
f 2444/2101/1971 2001/1643/1971 1978/1619/1971
f 2444/2101/1972 1978/1619/1972 1976/1617/1972
f 2443/2100/1973 1975/1616/1973 1970/1608/1973
f 2443/2100/1974 1970/1608/1974 536/135/1974
f 2436/2102/1975 533/132/1975 531/131/1975
f 2436/2102/1976 531/131/1976 2445/2103/1976
f 2436/2102/1977 2445/2103/1977 2432/2086/1977
f 2436/2102/1978 2432/2086/1978 2430/2085/1978
f 2437/2092/1979 2435/2091/1979 538/138/1979
f 2437/2092/1980 538/138/1980 534/137/1980
f 2446/2104/1981 532/2105/1981 2448/2106/1981
f 2446/2104/1982 2448/2106/1982 2451/2107/1982
f 2445/2103/1983 2450/2108/1983 2453/2109/1983
f 2445/2103/1984 2453/2109/1984 2432/2086/1984
f 2452/2110/1985 2449/2111/1985 2454/2112/1985
f 2452/2110/1986 2454/2112/1986 2455/2113/1986
f 2452/2110/1987 2455/2113/1987 516/123/1987
f 2452/2110/1988 516/123/1988 514/122/1988
f 2453/2109/1989 515/2114/1989 522/2080/1989
f 2453/2109/1990 522/2080/1990 2432/2086/1990
f 2455/2113/1991 2454/2112/1991 604/202/1991
f 2455/2113/1992 604/202/1992 609/207/1992
f 2455/2113/1993 609/207/1993 55/235/1993
f 2455/2113/1994 55/235/1994 516/123/1994
f 2454/2112/1995 2456/2115/1995 605/203/1995
f 2454/2112/1996 605/203/1996 604/202/1996
f 2454/2112/1997 2449/2111/1997 2447/2116/1997
f 2454/2112/1998 2447/2116/1998 2456/2115/1998
f 2456/2115/1999 596/2117/1999 2457/2118/1999
f 2456/2115/2000 2457/2118/2000 605/203/2000
f 2456/2115/2001 2447/2116/2001 598/2119/2001
f 2456/2115/2002 598/2119/2002 596/2117/2002
f 2458/2120/2003 597/198/2003 594/197/2003
f 2458/2120/2004 594/197/2004 659/2121/2004
f 2458/2120/2005 659/2121/2005 635/2122/2005
f 2458/2120/2006 635/2122/2006 633/2123/2006
f 2457/2118/2007 631/228/2007 606/204/2007
f 2457/2118/2008 606/204/2008 605/203/2008
f 2448/2106/2009 532/2105/2009 530/2124/2009
f 2448/2106/2010 530/2124/2010 601/2125/2010
f 2386/2029/2011 2007/1649/2011 2005/1647/2011
f 2386/2029/2012 2005/1647/2012 2004/1646/2012
f 2382/2023/2013 2378/2022/2013 2024/2126/2013
f 2382/2023/2014 2024/2126/2014 2020/2127/2014
f 2379/2128/2015 2373/2015/2015 491/2014/2015
f 2379/2128/2016 491/2014/2016 498/2129/2016
f 2380/2130/2017 499/2131/2017 2029/2132/2017
f 2380/2130/2018 2029/2132/2018 2025/2133/2018
f 2355/2000/2019 2354/1999/2019 432/2134/2019
f 2355/2000/2020 432/2134/2020 494/103/2020
f 2354/1999/2021 2349/1995/2021 2348/1994/2021
f 2354/1999/2022 2348/1994/2022 504/113/2022
f 2354/1999/2023 504/113/2023 423/112/2023
f 2354/1999/2024 423/112/2024 432/2134/2024
f 2348/1994/2025 2343/1990/2025 2341/1989/2025
f 2348/1994/2026 2341/1989/2026 2459/2135/2026
f 2348/1994/2027 2459/2135/2027 505/114/2027
f 2348/1994/2028 505/114/2028 504/113/2028
f 2460/2136/2029 2342/2137/2029 2462/2138/2029
f 2460/2136/2030 2462/2138/2030 2464/2139/2030
f 2460/2136/2031 2464/2139/2031 507/117/2031
f 2460/2136/2032 507/117/2032 506/116/2032
f 2465/2140/2033 2463/2141/2033 2467/2142/2033
f 2465/2140/2034 2467/2142/2034 2469/2143/2034
f 2465/2140/2035 2469/2143/2035 2471/2144/2035
f 2465/2140/2036 2471/2144/2036 508/2145/2036
f 2470/2146/2037 2468/2147/2037 2472/2148/2037
f 2470/2146/2038 2472/2148/2038 2473/2149/2038
f 2470/2146/2039 2473/2149/2039 2474/2150/2039
f 2470/2146/2040 2474/2150/2040 2475/2151/2040
f 2471/2144/2041 2477/2152/2041 510/2153/2041
f 2471/2144/2042 510/2153/2042 508/2145/2042
f 2475/2151/2043 2474/2150/2043 2478/2154/2043
f 2475/2151/2044 2478/2154/2044 2479/2155/2044
f 2476/2156/2045 2480/2157/2045 511/119/2045
f 2476/2156/2046 511/119/2046 509/118/2046
f 2479/2155/2047 2478/2154/2047 2481/2158/2047
f 2479/2155/2048 2481/2158/2048 2482/2159/2048
f 2480/2157/2049 2483/2160/2049 2484/2161/2049
f 2480/2157/2050 2484/2161/2050 511/119/2050
f 2484/2161/2051 2486/2162/2051 513/120/2051
f 2484/2161/2052 513/120/2052 511/119/2052
f 2484/2161/2053 2483/2160/2053 2488/2163/2053
f 2484/2161/2054 2488/2163/2054 2490/2164/2054
f 2484/2161/2055 2490/2164/2055 2492/2165/2055
f 2484/2161/2056 2492/2165/2056 2486/2162/2056
f 2491/2166/2057 2493/2167/2057 2494/2168/2057
f 2491/2166/2058 2494/2168/2058 2485/2169/2058
f 2491/2166/2059 2489/2170/2059 2495/2171/2059
f 2491/2166/2060 2495/2171/2060 2497/2172/2060
f 2491/2166/2061 2497/2172/2061 2498/2173/2061
f 2491/2166/2062 2498/2173/2062 2493/2167/2062
f 2498/2173/2063 2037/1675/2063 2499/2174/2063
f 2498/2173/2064 2499/2174/2064 2493/2167/2064
f 2498/2173/2065 2497/2172/2065 2500/2175/2065
f 2498/2173/2066 2500/2175/2066 2043/1683/2066
f 2498/2173/2067 2043/1683/2067 2038/1676/2067
f 2498/2173/2068 2038/1676/2068 2037/1675/2068
f 2500/2175/2069 2497/2172/2069 2495/2171/2069
f 2500/2175/2070 2495/2171/2070 2501/2176/2070
f 2500/2175/2071 2501/2176/2071 2052/1696/2071
f 2500/2175/2072 2052/1696/2072 2048/1695/2072
f 2500/2175/2073 2048/1695/2073 2044/1684/2073
f 2500/2175/2074 2044/1684/2074 2043/1683/2074
f 2502/2177/2075 2496/2178/2075 2504/2179/2075
f 2502/2177/2076 2504/2179/2076 2063/2180/2076
f 2502/2177/2077 2063/2180/2077 2056/1700/2077
f 2502/2177/2078 2056/1700/2078 2053/1699/2078
f 2504/2179/2079 2496/2178/2079 2490/2164/2079
f 2504/2179/2080 2490/2164/2080 2488/2163/2080
f 2503/2181/2081 2487/2182/2081 2505/2183/2081
f 2503/2181/2082 2505/2183/2082 2506/2184/2082
f 2503/2181/2083 2506/2184/2083 2065/1711/2083
f 2503/2181/2084 2065/1711/2084 2062/2185/2084
f 2506/2184/2085 2505/2183/2085 2507/2186/2085
f 2506/2184/2086 2507/2186/2086 2508/2187/2086
f 2506/2184/2087 2508/2187/2087 2067/1712/2087
f 2506/2184/2088 2067/1712/2088 2065/1711/2088
f 2508/2187/2089 2507/2186/2089 2509/2188/2089
f 2508/2187/2090 2509/2188/2090 2510/2189/2090
f 2508/2187/2091 2510/2189/2091 2069/1714/2091
f 2508/2187/2092 2069/1714/2092 2067/1712/2092
f 2510/2189/2093 2509/2188/2093 2511/2190/2093
f 2510/2189/2094 2511/2190/2094 2512/2191/2094
f 2510/2189/2095 2512/2191/2095 2071/1716/2095
f 2510/2189/2096 2071/1716/2096 2069/1714/2096
f 2512/2191/2097 2511/2190/2097 2513/2192/2097
f 2512/2191/2098 2513/2192/2098 2514/2193/2098
f 2512/2191/2099 2514/2193/2099 2073/1718/2099
f 2512/2191/2100 2073/1718/2100 2071/1716/2100
f 2514/2193/2101 2513/2192/2101 2515/2194/2101
f 2514/2193/2102 2515/2194/2102 2516/2195/2102
f 2514/2193/2103 2516/2195/2103 2517/2196/2103
f 2514/2193/2104 2517/2196/2104 2073/1718/2104
f 2517/2196/2105 2516/2195/2105 2518/2197/2105
f 2517/2196/2106 2518/2197/2106 2519/2198/2106
f 2517/2196/2107 2519/2198/2107 2520/2199/2107
f 2517/2196/2108 2520/2199/2108 2076/1721/2108
f 2517/2196/2109 2076/1721/2109 2074/1719/2109
f 2517/2196/2110 2074/1719/2110 2073/1718/2110
f 2520/2199/2111 2519/2198/2111 2521/2200/2111
f 2520/2199/2112 2521/2200/2112 2522/2201/2112
f 2520/2199/2113 2522/2201/2113 2523/2202/2113
f 2520/2199/2114 2523/2202/2114 2079/1724/2114
f 2520/2199/2115 2079/1724/2115 2077/1722/2115
f 2520/2199/2116 2077/1722/2116 2076/1721/2116
f 2523/2202/2117 2522/2201/2117 2524/2203/2117
f 2523/2202/2118 2524/2203/2118 2525/2204/2118
f 2523/2202/2119 2525/2204/2119 2526/2205/2119
f 2523/2202/2120 2526/2205/2120 2527/2206/2120
f 2523/2202/2121 2527/2206/2121 2080/1725/2121
f 2523/2202/2122 2080/1725/2122 2079/1724/2122
f 2527/2206/2123 2526/2205/2123 2528/2207/2123
f 2527/2206/2124 2528/2207/2124 2529/2208/2124
f 2527/2206/2125 2529/2208/2125 2081/1726/2125
f 2527/2206/2126 2081/1726/2126 2080/1725/2126
f 2529/2208/2127 2528/2207/2127 2530/2209/2127
f 2529/2208/2128 2530/2209/2128 2531/2210/2128
f 2529/2208/2129 2531/2210/2129 2083/1728/2129
f 2529/2208/2130 2083/1728/2130 2081/1726/2130
f 2531/2210/2131 2530/2209/2131 2532/2211/2131
f 2531/2210/2132 2532/2211/2132 2090/1735/2132
f 2531/2210/2133 2090/1735/2133 2085/1730/2133
f 2531/2210/2134 2085/1730/2134 2083/1728/2134
f 2532/2211/2135 2530/2209/2135 2533/2212/2135
f 2532/2211/2136 2533/2212/2136 2534/2213/2136
f 2532/2211/2137 2534/2213/2137 2535/2214/2137
f 2532/2211/2138 2535/2214/2138 2536/2215/2138
f 2532/2211/2139 2536/2215/2139 2091/1736/2139
f 2532/2211/2140 2091/1736/2140 2090/1735/2140
f 2536/2215/2141 2535/2214/2141 2537/2216/2141
f 2536/2215/2142 2537/2216/2142 2539/2217/2142
f 2536/2215/2143 2539/2217/2143 2093/2218/2143
f 2536/2215/2144 2093/2218/2144 2091/1736/2144
f 2540/2219/2145 2538/2220/2145 2542/2221/2145
f 2540/2219/2146 2542/2221/2146 2544/2222/2146
f 2540/2219/2147 2544/2222/2147 2099/1741/2147
f 2540/2219/2148 2099/1741/2148 2094/1739/2148
f 2543/2223/2149 2541/2224/2149 2547/2225/2149
f 2543/2223/2150 2547/2225/2150 2108/2226/2150
f 2543/2223/2151 2108/2226/2151 2104/2227/2151
f 2543/2223/2152 2104/2227/2152 2098/2228/2152
f 2548/2229/2153 2542/2221/2153 2550/2230/2153
f 2548/2229/2154 2550/2230/2154 2552/2231/2154
f 2546/2232/2155 2551/2233/2155 456/69/2155
f 2546/2232/2156 456/69/2156 454/68/2156
f 2545/2234/2157 453/1753/2157 2109/1751/2157
f 2545/2234/2158 2109/1751/2158 2107/1750/2158
f 2552/2231/2159 2550/2230/2159 2554/2235/2159
f 2552/2231/2160 2554/2235/2160 2556/2236/2160
f 2551/2233/2161 2555/2237/2161 2558/2238/2161
f 2551/2233/2162 2558/2238/2162 456/69/2162
f 2558/2238/2163 2555/2237/2163 2559/2239/2163
f 2558/2238/2164 2559/2239/2164 2562/2240/2164
f 2557/2241/2165 2561/2242/2165 2563/2243/2165
f 2557/2241/2166 2563/2243/2166 2564/2244/2166
f 2557/2241/2167 2564/2244/2167 16/50/2167
f 2557/2241/2168 16/50/2168 455/2245/2168
f 2564/2244/2169 2563/2243/2169 2566/2246/2169
f 2564/2244/2170 2566/2246/2170 439/52/2170
f 2565/2247/2171 440/2248/2171 14/2249/2171
f 2565/2247/2172 14/2249/2172 18/2250/2172
f 2566/2246/2173 2563/2243/2173 2567/2251/2173
f 2566/2246/2174 2567/2251/2174 2568/2252/2174
f 2566/2246/2175 2568/2252/2175 1089/708/2175
f 2566/2246/2176 1089/708/2176 2569/2253/2176
f 2566/2246/2177 2569/2253/2177 20/53/2177
f 2566/2246/2178 20/53/2178 439/52/2178
f 2569/2253/2179 2570/2254/2179 457/70/2179
f 2569/2253/2180 457/70/2180 20/53/2180
f 2569/2253/2181 1089/708/2181 1087/707/2181
f 2569/2253/2182 1087/707/2182 2570/2254/2182
f 2571/2255/2183 2573/2256/2183 2136/2257/2183
f 2571/2255/2184 2136/2257/2184 458/2258/2184
f 2571/2255/2185 1088/705/2185 1086/704/2185
f 2571/2255/2186 1086/704/2186 2573/2256/2186
f 2572/2259/2187 2144/2260/2187 2137/1780/2187
f 2572/2259/2188 2137/1780/2188 2135/1779/2188
f 2572/2259/2189 1085/2261/2189 2574/2262/2189
f 2572/2259/2190 2574/2262/2190 2144/2260/2190
f 2575/2263/2191 2151/1794/2191 2146/1789/2191
f 2575/2263/2192 2146/1789/2192 2145/1788/2192
f 2574/2262/2193 1085/2261/2193 1083/2264/2193
f 2574/2262/2194 1083/2264/2194 2576/2265/2194
f 2575/2263/2195 2577/2266/2195 2579/2267/2195
f 2575/2263/2196 2579/2267/2196 2151/1794/2196
f 2579/2267/2197 2156/2268/2197 2152/1795/2197
f 2579/2267/2198 2152/1795/2198 2151/1794/2198
f 2581/2269/2199 2578/2270/2199 2584/2271/2199
f 2581/2269/2200 2584/2271/2200 2587/2272/2200
f 2580/2273/2201 2586/2274/2201 2588/2275/2201
f 2580/2273/2202 2588/2275/2202 2157/1799/2202
f 2588/2275/2203 2160/1802/2203 2158/1800/2203
f 2588/2275/2204 2158/1800/2204 2157/1799/2204
f 2588/2275/2205 2586/2274/2205 2590/2276/2205
f 2588/2275/2206 2590/2276/2206 2591/2277/2206
f 2588/2275/2207 2591/2277/2207 2162/1804/2207
f 2588/2275/2208 2162/1804/2208 2160/1802/2208
f 2591/2277/2209 2590/2276/2209 2593/2278/2209
f 2591/2277/2210 2593/2278/2210 2594/2279/2210
f 2591/2277/2211 2594/2279/2211 2595/2280/2211
f 2591/2277/2212 2595/2280/2212 2162/1804/2212
f 2595/2280/2213 2165/1807/2213 2163/1805/2213
f 2595/2280/2214 2163/1805/2214 2162/1804/2214
f 2595/2280/2215 2594/2279/2215 2596/2281/2215
f 2595/2280/2216 2596/2281/2216 2597/2282/2216
f 2595/2280/2217 2597/2282/2217 2598/2283/2217
f 2595/2280/2218 2598/2283/2218 2165/1807/2218
f 2598/2283/2219 2168/1810/2219 2166/1808/2219
f 2598/2283/2220 2166/1808/2220 2165/1807/2220
f 2598/2283/2221 2597/2282/2221 2599/2284/2221
f 2598/2283/2222 2599/2284/2222 2600/2285/2222
f 2598/2283/2223 2600/2285/2223 2172/1814/2223
f 2598/2283/2224 2172/1814/2224 2168/1810/2224
f 2600/2285/2225 2599/2284/2225 2601/2286/2225
f 2600/2285/2226 2601/2286/2226 2602/2287/2226
f 2600/2285/2227 2602/2287/2227 2173/1815/2227
f 2600/2285/2228 2173/1815/2228 2172/1814/2228
f 2602/2287/2229 2601/2286/2229 2603/2288/2229
f 2602/2287/2230 2603/2288/2230 2604/2289/2230
f 2602/2287/2231 2604/2289/2231 2175/1817/2231
f 2602/2287/2232 2175/1817/2232 2173/1815/2232
f 2604/2289/2233 2603/2288/2233 2605/2290/2233
f 2604/2289/2234 2605/2290/2234 2606/2291/2234
f 2604/2289/2235 2606/2291/2235 1059/678/2235
f 2604/2289/2236 1059/678/2236 2175/1817/2236
f 2606/2291/2237 2605/2290/2237 2607/2292/2237
f 2606/2291/2238 2607/2292/2238 2608/2293/2238
f 2606/2291/2239 2608/2293/2239 1057/676/2239
f 2606/2291/2240 1057/676/2240 1059/678/2240
f 2608/2293/2241 2607/2292/2241 2609/2294/2241
f 2608/2293/2242 2609/2294/2242 2610/2295/2242
f 2608/2293/2243 2610/2295/2243 1058/677/2243
f 2608/2293/2244 1058/677/2244 1057/676/2244
f 2610/2295/2245 2609/2294/2245 2611/2296/2245
f 2610/2295/2246 2611/2296/2246 2612/2297/2246
f 2610/2295/2247 2612/2297/2247 2613/2298/2247
f 2610/2295/2248 2613/2298/2248 1058/677/2248
f 2613/2298/2249 2181/1823/2249 1054/673/2249
f 2613/2298/2250 1054/673/2250 1058/677/2250
f 2613/2298/2251 2612/2297/2251 217/626/2251
f 2613/2298/2252 217/626/2252 1013/625/2252
f 2613/2298/2253 1013/625/2253 2182/1824/2253
f 2613/2298/2254 2182/1824/2254 2181/1823/2254
f 2612/2297/2255 2611/2296/2255 1146/2299/2255
f 2612/2297/2256 1146/2299/2256 217/626/2256
f 2611/2296/2257 2609/2294/2257 2614/2300/2257
f 2611/2296/2258 2614/2300/2258 2615/2301/2258
f 2611/2296/2259 2615/2301/2259 2616/2302/2259
f 2611/2296/2260 2616/2302/2260 1146/2299/2260
f 2616/2302/2261 2615/2301/2261 2618/2303/2261
f 2616/2302/2262 2618/2303/2262 2620/2304/2262
f 2616/2302/2263 2620/2304/2263 2622/2305/2263
f 2616/2302/2264 2622/2305/2264 2624/2306/2264
f 2616/2302/2265 2624/2306/2265 1038/2307/2265
f 2616/2302/2266 1038/2307/2266 1146/2299/2266
f 2625/2308/2267 2623/2309/2267 2628/2310/2267
f 2625/2308/2268 2628/2310/2268 2629/2311/2268
f 2626/2312/2269 2630/2313/2269 1036/652/2269
f 2626/2312/2270 1036/652/2270 1039/651/2270
f 2629/2311/2271 2628/2310/2271 1031/2314/2271
f 2629/2311/2272 1031/2314/2272 1027/2315/2272
f 2629/2311/2273 1027/2315/2273 1025/2316/2273
f 2629/2311/2274 1025/2316/2274 1035/2317/2274
f 2628/2310/2275 2623/2309/2275 2633/2318/2275
f 2628/2310/2276 2633/2318/2276 2635/2319/2276
f 2627/2320/2277 2634/2321/2277 2636/2322/2277
f 2627/2320/2278 2636/2322/2278 1030/643/2278
f 2636/2322/2279 2634/2321/2279 2637/2323/2279
f 2636/2322/2280 2637/2323/2280 2638/2324/2280
f 2636/2322/2281 2638/2324/2281 2639/2325/2281
f 2636/2322/2282 2639/2325/2282 2640/2326/2282
f 2636/2322/2283 2640/2326/2283 1028/641/2283
f 2636/2322/2284 1028/641/2284 1030/643/2284
f 2640/2326/2285 2639/2325/2285 2641/2327/2285
f 2640/2326/2286 2641/2327/2286 2642/2328/2286
f 2640/2326/2287 2642/2328/2287 1029/642/2287
f 2640/2326/2288 1029/642/2288 1028/641/2288
f 2642/2328/2289 2641/2327/2289 986/595/2289
f 2642/2328/2290 986/595/2290 169/594/2290
f 2642/2328/2291 169/594/2291 980/2329/2291
f 2642/2328/2292 980/2329/2292 1029/642/2292
f 2641/2327/2293 2639/2325/2293 1152/783/2293
f 2641/2327/2294 1152/783/2294 2643/2330/2294
f 2641/2327/2295 2643/2330/2295 2645/2331/2295
f 2641/2327/2296 2645/2331/2296 986/595/2296
f 2644/2332/2297 2646/2333/2297 987/2334/2297
f 2644/2332/2298 987/2334/2298 985/2335/2298
f 2645/2331/2299 2643/2330/2299 1004/616/2299
f 2645/2331/2300 1004/616/2300 1003/615/2300
f 2644/2332/2301 1002/2336/2301 2647/2337/2301
f 2644/2332/2302 2647/2337/2302 2646/2333/2302
f 2647/2337/2303 2649/2338/2303 2651/2339/2303
f 2647/2337/2304 2651/2339/2304 2646/2333/2304
f 2648/2340/2305 1003/615/2305 1001/614/2305
f 2648/2340/2306 1001/614/2306 2652/2341/2306
f 2648/2340/2307 2652/2341/2307 2653/2342/2307
f 2648/2340/2308 2653/2342/2308 2650/2343/2308
f 2652/2341/2309 1001/614/2309 973/2344/2309
f 2652/2341/2310 973/2344/2310 2654/2345/2310
f 2652/2341/2311 2654/2345/2311 2655/2346/2311
f 2652/2341/2312 2655/2346/2312 2653/2342/2312
f 2654/2345/2313 973/2344/2313 166/574/2313
f 2654/2345/2314 166/574/2314 970/2347/2314
f 2654/2345/2315 970/2347/2315 2656/2348/2315
f 2654/2345/2316 2656/2348/2316 2655/2346/2316
f 2651/2339/2317 2658/2349/2317 987/2334/2317
f 2651/2339/2318 987/2334/2318 2646/2333/2318
f 2651/2339/2319 2649/2338/2319 2660/2350/2319
f 2651/2339/2320 2660/2350/2320 2662/2351/2320
f 2651/2339/2321 2662/2351/2321 2663/2352/2321
f 2651/2339/2322 2663/2352/2322 2658/2349/2322
f 2664/2353/2323 2665/2354/2323 2667/2355/2323
f 2664/2353/2324 2667/2355/2324 2659/2356/2324
f 2663/2352/2325 2662/2351/2325 2669/2357/2325
f 2663/2352/2326 2669/2357/2326 2670/2358/2326
f 2664/2353/2327 2671/2359/2327 2672/2360/2327
f 2664/2353/2328 2672/2360/2328 2665/2354/2328
f 2674/2361/2329 2677/2362/2329 2679/2363/2329
f 2674/2361/2330 2679/2363/2330 2666/2364/2330
f 2672/2360/2331 2671/2359/2331 2681/2365/2331
f 2672/2360/2332 2681/2365/2332 2683/2366/2332
f 2673/2367/2333 2684/2368/2333 2686/2369/2333
f 2673/2367/2334 2686/2369/2334 2676/2370/2334
f 2686/2369/2335 2689/2371/2335 2691/2372/2335
f 2686/2369/2336 2691/2372/2336 2676/2370/2336
f 2687/2373/2337 2685/2374/2337 2693/2375/2337
f 2687/2373/2338 2693/2375/2338 2695/2376/2338
f 2686/2369/2339 2694/2377/2339 2697/2378/2339
f 2686/2369/2340 2697/2378/2340 2689/2371/2340
f 2696/2379/2341 2698/2380/2341 2699/2381/2341
f 2696/2379/2342 2699/2381/2342 2688/2382/2342
f 2697/2378/2343 2694/2377/2343 2701/2383/2343
f 2697/2378/2344 2701/2383/2344 2704/2384/2344
f 2696/2379/2345 2703/2385/2345 2705/2386/2345
f 2696/2379/2346 2705/2386/2346 2698/2380/2346
f 2705/2386/2347 2707/2387/2347 2708/2388/2347
f 2705/2386/2348 2708/2388/2348 2698/2380/2348
f 2706/2389/2349 2704/2384/2349 2709/2390/2349
f 2706/2389/2350 2709/2390/2350 2712/2391/2350
f 2705/2386/2351 2711/2392/2351 2713/2393/2351
f 2705/2386/2352 2713/2393/2352 2707/2387/2352
f 2713/2393/2353 2714/2394/2353 2715/2395/2353
f 2713/2393/2354 2715/2395/2354 2707/2387/2354
f 2713/2393/2355 2711/2392/2355 2716/2396/2355
f 2713/2393/2356 2716/2396/2356 2718/2397/2356
f 2713/2393/2357 2718/2397/2357 2720/2398/2357
f 2713/2393/2358 2720/2398/2358 2714/2394/2358
f 2720/2398/2359 2721/2399/2359 2722/2400/2359
f 2720/2398/2360 2722/2400/2360 2714/2394/2360
f 2720/2398/2361 2718/2397/2361 2723/2401/2361
f 2720/2398/2362 2723/2401/2362 2725/2402/2362
f 2720/2398/2363 2725/2402/2363 2726/2403/2363
f 2720/2398/2364 2726/2403/2364 2721/2399/2364
f 2726/2403/2365 2727/2404/2365 2728/2405/2365
f 2726/2403/2366 2728/2405/2366 2721/2399/2366
f 2726/2403/2367 2725/2402/2367 2729/2406/2367
f 2726/2403/2368 2729/2406/2368 2730/2407/2368
f 2726/2403/2369 2730/2407/2369 2731/2408/2369
f 2726/2403/2370 2731/2408/2370 2727/2404/2370
f 2731/2408/2371 2222/1866/2371 2221/1865/2371
f 2731/2408/2372 2221/1865/2372 2727/2404/2372
f 2731/2408/2373 2730/2407/2373 2732/2409/2373
f 2731/2408/2374 2732/2409/2374 2733/2410/2374
f 2731/2408/2375 2733/2410/2375 2224/1868/2375
f 2731/2408/2376 2224/1868/2376 2222/1866/2376
f 2733/2410/2377 2732/2409/2377 2734/2411/2377
f 2733/2410/2378 2734/2411/2378 2233/1877/2378
f 2733/2410/2379 2233/1877/2379 2231/1875/2379
f 2733/2410/2380 2231/1875/2380 2224/1868/2380
f 2734/2411/2381 2732/2409/2381 2735/2412/2381
f 2734/2411/2382 2735/2412/2382 2736/2413/2382
f 2734/2411/2383 2736/2413/2383 2737/2414/2383
f 2734/2411/2384 2737/2414/2384 2738/2415/2384
f 2734/2411/2385 2738/2415/2385 2234/1878/2385
f 2734/2411/2386 2234/1878/2386 2233/1877/2386
f 2738/2415/2387 2737/2414/2387 2739/2416/2387
f 2738/2415/2388 2739/2416/2388 2740/2417/2388
f 2738/2415/2389 2740/2417/2389 2235/1879/2389
f 2738/2415/2390 2235/1879/2390 2234/1878/2390
f 2740/2417/2391 2739/2416/2391 2741/2418/2391
f 2740/2417/2392 2741/2418/2392 2742/2419/2392
f 2740/2417/2393 2742/2419/2393 2237/1881/2393
f 2740/2417/2394 2237/1881/2394 2235/1879/2394
f 2742/2419/2395 2741/2418/2395 733/316/2395
f 2742/2419/2396 733/316/2396 736/318/2396
f 2742/2419/2397 736/318/2397 2239/1883/2397
f 2742/2419/2398 2239/1883/2398 2237/1881/2398
f 2741/2418/2399 2739/2416/2399 2743/2420/2399
f 2741/2418/2400 2743/2420/2400 2745/2421/2400
f 2741/2418/2401 2745/2421/2401 734/317/2401
f 2741/2418/2402 734/317/2402 733/316/2402
f 2746/2422/2403 2744/2423/2403 2747/2424/2403
f 2746/2422/2404 2747/2424/2404 2748/2425/2404
f 2746/2422/2405 2748/2425/2405 2750/2426/2405
f 2746/2422/2406 2750/2426/2406 735/2427/2406
f 2750/2426/2407 2748/2425/2407 2752/2428/2407
f 2750/2426/2408 2752/2428/2408 2754/2429/2408
f 2750/2426/2409 2754/2429/2409 727/309/2409
f 2750/2426/2410 727/309/2410 722/308/2410
f 2749/2430/2411 721/303/2411 720/302/2411
f 2749/2430/2412 720/302/2412 734/317/2412
f 2753/2431/2413 2751/2432/2413 2755/2433/2413
f 2753/2431/2414 2755/2433/2414 2758/2434/2414
f 2754/2429/2415 2759/2435/2415 2762/2436/2415
f 2754/2429/2416 2762/2436/2416 727/309/2416
f 2762/2436/2417 793/379/2417 723/305/2417
f 2762/2436/2418 723/305/2418 727/309/2418
f 2763/2437/2419 2760/2438/2419 2765/2439/2419
f 2763/2437/2420 2765/2439/2420 2769/2440/2420
f 2763/2437/2421 2769/2440/2421 798/2441/2421
f 2763/2437/2422 798/2441/2422 794/2442/2422
f 2768/2443/2423 2764/2444/2423 2770/2445/2423
f 2768/2443/2424 2770/2445/2424 2772/2446/2424
f 2768/2443/2425 2772/2446/2425 2774/2447/2425
f 2768/2443/2426 2774/2447/2426 795/2448/2426
f 2775/2449/2427 777/358/2427 775/357/2427
f 2775/2449/2428 775/357/2428 796/2450/2428
f 2776/2451/2429 2773/2452/2429 2778/2453/2429
f 2776/2451/2430 2778/2453/2430 2779/2454/2430
f 2777/2455/2431 2780/2456/2431 780/361/2431
f 2777/2455/2432 780/361/2432 778/360/2432
f 2779/2454/2433 2778/2453/2433 2781/2457/2433
f 2779/2454/2434 2781/2457/2434 2782/2458/2434
f 2779/2454/2435 2782/2458/2435 790/2459/2435
f 2779/2454/2436 790/2459/2436 779/2460/2436
f 2782/2458/2437 2781/2457/2437 2783/2461/2437
f 2782/2458/2438 2783/2461/2438 708/294/2438
f 2782/2458/2439 708/294/2439 706/293/2439
f 2782/2458/2440 706/293/2440 790/2459/2440
f 2783/2461/2441 2781/2457/2441 2784/2462/2441
f 2783/2461/2442 2784/2462/2442 2785/2463/2442
f 2783/2461/2443 2785/2463/2443 2787/2464/2443
f 2783/2461/2444 2787/2464/2444 2789/2465/2444
f 2783/2461/2445 2789/2465/2445 709/295/2445
f 2783/2461/2446 709/295/2446 708/294/2446
f 2790/2466/2447 2788/2467/2447 2792/2468/2447
f 2790/2466/2448 2792/2468/2448 2795/2469/2448
f 2789/2465/2449 2794/2470/2449 711/296/2449
f 2789/2465/2450 711/296/2450 709/295/2450
f 2793/2471/2451 2791/2472/2451 2797/2473/2451
f 2793/2471/2452 2797/2473/2452 2799/2474/2452
f 2793/2471/2453 2799/2474/2453 2800/2475/2453
f 2793/2471/2454 2800/2475/2454 710/2476/2454
f 2800/2475/2455 2801/2477/2455 712/2478/2455
f 2800/2475/2456 712/2478/2456 710/2476/2456
f 2800/2475/2457 2799/2474/2457 2804/2479/2457
f 2800/2475/2458 2804/2479/2458 2806/2480/2458
f 2800/2475/2459 2806/2480/2459 2808/2481/2459
f 2800/2475/2460 2808/2481/2460 2801/2477/2460
f 2808/2481/2461 2809/2482/2461 2810/2483/2461
f 2808/2481/2462 2810/2483/2462 2801/2477/2462
f 2807/2484/2463 2805/2485/2463 2812/2486/2463
f 2807/2484/2464 2812/2486/2464 2813/2487/2464
f 2808/2481/2465 2814/2488/2465 2816/2489/2465
f 2808/2481/2466 2816/2489/2466 2809/2482/2466
f 2816/2489/2467 2818/2490/2467 2819/2491/2467
f 2816/2489/2468 2819/2491/2468 2809/2482/2468
f 2815/2492/2469 2813/2487/2469 2820/2493/2469
f 2815/2492/2470 2820/2493/2470 2821/2494/2470
f 2815/2492/2471 2821/2494/2471 2822/2495/2471
f 2815/2492/2472 2822/2495/2472 2817/2496/2472
f 2822/2495/2473 1473/1098/2473 1476/2497/2473
f 2822/2495/2474 1476/2497/2474 2817/2496/2474
f 2822/2495/2475 2821/2494/2475 2823/2498/2475
f 2822/2495/2476 2823/2498/2476 2824/2499/2476
f 2822/2495/2477 2824/2499/2477 1475/1099/2477
f 2822/2495/2478 1475/1099/2478 1473/1098/2478
f 2824/2499/2479 2823/2498/2479 2825/2500/2479
f 2824/2499/2480 2825/2500/2480 2826/2501/2480
f 2824/2499/2481 2826/2501/2481 2827/2502/2481
f 2824/2499/2482 2827/2502/2482 1475/1099/2482
f 2827/2502/2483 2829/2503/2483 1469/1100/2483
f 2827/2502/2484 1469/1100/2484 1475/1099/2484
f 2827/2502/2485 2826/2501/2485 2830/2504/2485
f 2827/2502/2486 2830/2504/2486 2831/2505/2486
f 2827/2502/2487 2831/2505/2487 2833/2506/2487
f 2827/2502/2488 2833/2506/2488 2829/2503/2488
f 2832/2507/2489 2834/2508/2489 2836/2509/2489
f 2832/2507/2490 2836/2509/2490 2828/2510/2490
f 2833/2506/2491 2831/2505/2491 2837/2511/2491
f 2833/2506/2492 2837/2511/2492 2838/2512/2492
f 2833/2506/2493 2838/2512/2493 2840/2513/2493
f 2833/2506/2494 2840/2513/2494 2835/2514/2494
f 2839/2515/2495 2841/2516/2495 2843/2517/2495
f 2839/2515/2496 2843/2517/2496 2834/2508/2496
f 2840/2513/2497 2838/2512/2497 2845/2518/2497
f 2840/2513/2498 2845/2518/2498 2847/2519/2498
f 2839/2515/2499 2846/2520/2499 2848/2521/2499
f 2839/2515/2500 2848/2521/2500 2841/2516/2500
f 2849/2522/2501 2852/2523/2501 746/2524/2501
f 2849/2522/2502 746/2524/2502 2842/2525/2502
f 2848/2521/2503 2846/2520/2503 2853/2526/2503
f 2848/2521/2504 2853/2526/2504 2855/2527/2504
f 2848/2521/2505 2855/2527/2505 2856/2528/2505
f 2848/2521/2506 2856/2528/2506 2850/2529/2506
f 2857/2530/2507 2858/2531/2507 2859/2532/2507
f 2857/2530/2508 2859/2532/2508 2851/2533/2508
f 2856/2528/2509 2855/2527/2509 2860/2534/2509
f 2856/2528/2510 2860/2534/2510 2862/2535/2510
f 2857/2530/2511 2863/2536/2511 2865/2537/2511
f 2857/2530/2512 2865/2537/2512 2858/2531/2512
f 2865/2537/2513 2867/2538/2513 2868/2539/2513
f 2865/2537/2514 2868/2539/2514 2858/2531/2514
f 2866/2540/2515 2864/2541/2515 772/352/2515
f 2866/2540/2516 772/352/2516 770/351/2516
f 2865/2537/2517 769/354/2517 773/353/2517
f 2865/2537/2518 773/353/2518 2867/2538/2518
f 2868/2539/2519 2869/2542/2519 2870/2543/2519
f 2868/2539/2520 2870/2543/2520 2872/2544/2520
f 2868/2539/2521 2872/2544/2521 2859/2532/2521
f 2868/2539/2522 2859/2532/2522 2858/2531/2522
f 2868/2539/2523 2867/2538/2523 2873/2545/2523
f 2868/2539/2524 2873/2545/2524 2869/2542/2524
f 2873/2545/2525 2874/2546/2525 2876/2547/2525
f 2873/2545/2526 2876/2547/2526 2869/2542/2526
f 2873/2545/2527 2867/2538/2527 773/353/2527
f 2873/2545/2528 773/353/2528 2878/2548/2528
f 2873/2545/2529 2878/2548/2529 2879/2549/2529
f 2873/2545/2530 2879/2549/2530 2874/2546/2530
f 2880/2550/2531 2881/2551/2531 2882/2552/2531
f 2880/2550/2532 2882/2552/2532 2875/2553/2532
f 2879/2549/2533 2878/2548/2533 2883/2554/2533
f 2879/2549/2534 2883/2554/2534 2884/2555/2534
f 2880/2550/2535 2885/2556/2535 2886/2557/2535
f 2880/2550/2536 2886/2557/2536 2881/2551/2536
f 2886/2557/2537 2888/2558/2537 2890/2559/2537
f 2886/2557/2538 2890/2559/2538 2881/2551/2538
f 2886/2557/2539 2885/2556/2539 2892/2560/2539
f 2886/2557/2540 2892/2560/2540 2893/2561/2540
f 2886/2557/2541 2893/2561/2541 2895/2562/2541
f 2886/2557/2542 2895/2562/2542 2888/2558/2542
f 2894/2563/2543 2896/2564/2543 2898/2565/2543
f 2894/2563/2544 2898/2565/2544 2887/2566/2544
f 2895/2562/2545 2893/2561/2545 2284/1930/2545
f 2895/2562/2546 2284/1930/2546 2281/1929/2546
f 2894/2563/2547 2280/1926/2547 2276/1925/2547
f 2894/2563/2548 2276/1925/2548 2896/2564/2548
f 2899/2567/2549 2902/2568/2549 2905/2569/2549
f 2899/2567/2550 2905/2569/2550 2907/2570/2550
f 2898/2565/2551 2906/2571/2551 2889/2572/2551
f 2898/2565/2552 2889/2572/2552 2887/2566/2552
f 2900/2573/2553 2897/2574/2553 2909/2575/2553
f 2900/2573/2554 2909/2575/2554 2903/2576/2554
f 2908/2577/2555 2910/2578/2555 2912/2579/2555
f 2908/2577/2556 2912/2579/2556 2901/2580/2556
f 2909/2575/2557 2897/2574/2557 2277/1922/2557
f 2909/2575/2558 2277/1922/2558 2275/1921/2558
f 2909/2575/2559 2275/1921/2559 2265/1920/2559
f 2909/2575/2560 2265/1920/2560 2911/2581/2560
f 2912/2579/2561 2913/2582/2561 2914/2583/2561
f 2912/2579/2562 2914/2583/2562 2915/2584/2562
f 2912/2579/2563 2915/2584/2563 2904/2585/2563
f 2912/2579/2564 2904/2585/2564 2901/2580/2564
f 2912/2579/2565 2910/2578/2565 2261/1905/2565
f 2912/2579/2566 2261/1905/2566 2913/2582/2566
f 2915/2584/2567 2914/2583/2567 730/313/2567
f 2915/2584/2568 730/313/2568 729/312/2568
f 2915/2584/2569 729/312/2569 2917/2586/2569
f 2915/2584/2570 2917/2586/2570 2904/2585/2570
f 2917/2586/2571 729/312/2571 728/311/2571
f 2917/2586/2572 728/311/2572 2920/2587/2572
f 2916/2588/2573 2919/2589/2573 2921/2590/2573
f 2916/2588/2574 2921/2590/2574 2923/2591/2574
f 2918/2592/2575 2925/2593/2575 2907/2570/2575
f 2918/2592/2576 2907/2570/2576 2905/2569/2576
f 2924/2594/2577 2922/2595/2577 2926/2596/2577
f 2924/2594/2578 2926/2596/2578 2928/2597/2578
f 2924/2594/2579 2928/2597/2579 2889/2572/2579
f 2924/2594/2580 2889/2572/2580 2906/2571/2580
f 2929/2598/2581 2927/2599/2581 2931/2600/2581
f 2929/2598/2582 2931/2600/2582 2882/2552/2582
f 2929/2598/2583 2882/2552/2583 2881/2551/2583
f 2929/2598/2584 2881/2551/2584 2890/2559/2584
f 2930/2601/2585 2926/2596/2585 792/377/2585
f 2930/2601/2586 792/377/2586 2932/2602/2586
f 2931/2600/2587 2933/2603/2587 2935/2604/2587
f 2931/2600/2588 2935/2604/2588 2877/2605/2588
f 2931/2600/2589 2877/2605/2589 2875/2553/2589
f 2931/2600/2590 2875/2553/2590 2882/2552/2590
f 2935/2604/2591 2933/2603/2591 784/2606/2591
f 2935/2604/2592 784/2606/2592 803/384/2592
f 2935/2604/2593 803/384/2593 800/383/2593
f 2935/2604/2594 800/383/2594 2871/2607/2594
f 2934/2608/2595 2870/2543/2595 2869/2542/2595
f 2934/2608/2596 2869/2542/2596 2876/2547/2596
f 2932/2602/2597 792/377/2597 774/356/2597
f 2932/2602/2598 774/356/2598 783/364/2598
f 2926/2596/2599 2922/2595/2599 90/376/2599
f 2926/2596/2600 90/376/2600 792/377/2600
f 2921/2590/2601 2919/2589/2601 724/2609/2601
f 2921/2590/2602 724/2609/2602 89/2610/2602
f 2920/2587/2603 728/311/2603 718/301/2603
f 2920/2587/2604 718/301/2604 725/2611/2604
f 2914/2583/2605 2936/2612/2605 731/314/2605
f 2914/2583/2606 731/314/2606 730/313/2606
f 2914/2583/2607 2913/2582/2607 2937/2613/2607
f 2914/2583/2608 2937/2613/2608 2936/2612/2608
f 2937/2613/2609 2252/1896/2609 2251/1895/2609
f 2937/2613/2610 2251/1895/2610 2936/2612/2610
f 2937/2613/2611 2913/2582/2611 2261/1905/2611
f 2937/2613/2612 2261/1905/2612 2258/1902/2612
f 2937/2613/2613 2258/1902/2613 2254/1898/2613
f 2937/2613/2614 2254/1898/2614 2252/1896/2614
f 2936/2612/2615 2251/1895/2615 2250/1894/2615
f 2936/2612/2616 2250/1894/2616 731/314/2616
f 2910/2578/2617 2264/1908/2617 2262/1906/2617
f 2910/2578/2618 2262/1906/2618 2261/1905/2618
f 2893/2561/2619 2892/2560/2619 2939/2614/2619
f 2893/2561/2620 2939/2614/2620 2284/1930/2620
f 2938/2615/2621 2891/2616/2621 2940/2617/2621
f 2938/2615/2622 2940/2617/2622 2941/2618/2622
f 2938/2615/2623 2941/2618/2623 2299/1950/2623
f 2938/2615/2624 2299/1950/2624 2289/1936/2624
f 2939/2614/2625 2290/2619/2625 2286/1931/2625
f 2939/2614/2626 2286/1931/2626 2284/1930/2626
f 2941/2618/2627 2940/2617/2627 763/345/2627
f 2941/2618/2628 763/345/2628 2942/2620/2628
f 2941/2618/2629 2942/2620/2629 2300/1951/2629
f 2941/2618/2630 2300/1951/2630 2299/1950/2630
f 2942/2620/2631 763/345/2631 761/344/2631
f 2942/2620/2632 761/344/2632 2943/2621/2632
f 2942/2620/2633 2943/2621/2633 2302/1953/2633
f 2942/2620/2634 2302/1953/2634 2300/1951/2634
f 2944/2622/2635 762/350/2635 768/349/2635
f 2944/2622/2636 768/349/2636 2946/2623/2636
f 2944/2622/2637 2946/2623/2637 2308/1958/2637
f 2944/2622/2638 2308/1958/2638 2303/1957/2638
f 2945/2624/2639 767/2625/2639 2947/2626/2639
f 2945/2624/2640 2947/2626/2640 2949/2627/2640
f 2945/2624/2641 2949/2627/2641 2951/2628/2641
f 2945/2624/2642 2951/2628/2642 2307/2629/2642
f 2952/2630/2643 2950/2631/2643 2953/2632/2643
f 2952/2630/2644 2953/2632/2644 2954/2633/2644
f 2952/2630/2645 2954/2633/2645 2955/2634/2645
f 2952/2630/2646 2955/2634/2646 2314/2635/2646
f 2951/2628/2647 2313/1964/2647 2309/1961/2647
f 2951/2628/2648 2309/1961/2648 2307/2629/2648
f 2955/2634/2649 2954/2633/2649 2956/2636/2649
f 2955/2634/2650 2956/2636/2650 2957/2637/2650
f 2955/2634/2651 2957/2637/2651 2958/2638/2651
f 2955/2634/2652 2958/2638/2652 2959/2639/2652
f 2955/2634/2653 2959/2639/2653 2316/1967/2653
f 2955/2634/2654 2316/1967/2654 2314/2635/2654
f 2959/2639/2655 2958/2638/2655 2960/2640/2655
f 2959/2639/2656 2960/2640/2656 2961/2641/2656
f 2959/2639/2657 2961/2641/2657 2317/1968/2657
f 2959/2639/2658 2317/1968/2658 2316/1967/2658
f 2961/2641/2659 2960/2640/2659 2962/2642/2659
f 2961/2641/2660 2962/2642/2660 2963/2643/2660
f 2961/2641/2661 2963/2643/2661 2320/1972/2661
f 2961/2641/2662 2320/1972/2662 2317/1968/2662
f 2963/2643/2663 2962/2642/2663 2964/2644/2663
f 2963/2643/2664 2964/2644/2664 2965/2645/2664
f 2963/2643/2665 2965/2645/2665 2966/2646/2665
f 2963/2643/2666 2966/2646/2666 2320/1972/2666
f 2966/2646/2667 2330/2647/2667 2322/1973/2667
f 2966/2646/2668 2322/1973/2668 2320/1972/2668
f 2966/2646/2669 2965/2645/2669 2967/2648/2669
f 2966/2646/2670 2967/2648/2670 2466/2649/2670
f 2966/2646/2671 2466/2649/2671 2461/2650/2671
f 2966/2646/2672 2461/2650/2672 2330/2647/2672
f 2967/2648/2673 2965/2645/2673 2964/2644/2673
f 2967/2648/2674 2964/2644/2674 2968/2651/2674
f 2967/2648/2675 2968/2651/2675 2969/2652/2675
f 2967/2648/2676 2969/2652/2676 2472/2148/2676
f 2967/2648/2677 2472/2148/2677 2468/2147/2677
f 2967/2648/2678 2468/2147/2678 2466/2649/2678
f 2969/2652/2679 2968/2651/2679 2970/2653/2679
f 2969/2652/2680 2970/2653/2680 2971/2654/2680
f 2969/2652/2681 2971/2654/2681 2972/2655/2681
f 2969/2652/2682 2972/2655/2682 2973/2656/2682
f 2969/2652/2683 2973/2656/2683 2473/2149/2683
f 2969/2652/2684 2473/2149/2684 2472/2148/2684
f 2973/2656/2685 2972/2655/2685 2974/2657/2685
f 2973/2656/2686 2974/2657/2686 2975/2658/2686
f 2973/2656/2687 2975/2658/2687 2474/2150/2687
f 2973/2656/2688 2474/2150/2688 2473/2149/2688
f 2975/2658/2689 2974/2657/2689 2976/2659/2689
f 2975/2658/2690 2976/2659/2690 2977/2660/2690
f 2975/2658/2691 2977/2660/2691 2478/2154/2691
f 2975/2658/2692 2478/2154/2692 2474/2150/2692
f 2977/2660/2693 2976/2659/2693 2978/2661/2693
f 2977/2660/2694 2978/2661/2694 2979/2662/2694
f 2977/2660/2695 2979/2662/2695 2481/2158/2695
f 2977/2660/2696 2481/2158/2696 2478/2154/2696
f 2979/2662/2697 2978/2661/2697 2509/2188/2697
f 2979/2662/2698 2509/2188/2698 2507/2186/2698
f 2979/2662/2699 2507/2186/2699 2505/2183/2699
f 2979/2662/2700 2505/2183/2700 2481/2158/2700
f 2978/2661/2701 2976/2659/2701 2980/2663/2701
f 2978/2661/2702 2980/2663/2702 2981/2664/2702
f 2978/2661/2703 2981/2664/2703 2511/2190/2703
f 2978/2661/2704 2511/2190/2704 2509/2188/2704
f 2981/2664/2705 2980/2663/2705 2982/2665/2705
f 2981/2664/2706 2982/2665/2706 2983/2666/2706
f 2981/2664/2707 2983/2666/2707 2513/2192/2707
f 2981/2664/2708 2513/2192/2708 2511/2190/2708
f 2983/2666/2709 2982/2665/2709 2984/2667/2709
f 2983/2666/2710 2984/2667/2710 2985/2668/2710
f 2983/2666/2711 2985/2668/2711 2515/2194/2711
f 2983/2666/2712 2515/2194/2712 2513/2192/2712
f 2985/2668/2713 2984/2667/2713 2986/2669/2713
f 2985/2668/2714 2986/2669/2714 2987/2670/2714
f 2985/2668/2715 2987/2670/2715 2988/2671/2715
f 2985/2668/2716 2988/2671/2716 2515/2194/2716
f 2988/2671/2717 2987/2670/2717 2989/2672/2717
f 2988/2671/2718 2989/2672/2718 2990/2673/2718
f 2988/2671/2719 2990/2673/2719 2991/2674/2719
f 2988/2671/2720 2991/2674/2720 2518/2197/2720
f 2988/2671/2721 2518/2197/2721 2516/2195/2721
f 2988/2671/2722 2516/2195/2722 2515/2194/2722
f 2991/2674/2723 2990/2673/2723 2992/2675/2723
f 2991/2674/2724 2992/2675/2724 2993/2676/2724
f 2991/2674/2725 2993/2676/2725 2994/2677/2725
f 2991/2674/2726 2994/2677/2726 2521/2200/2726
f 2991/2674/2727 2521/2200/2727 2519/2198/2727
f 2991/2674/2728 2519/2198/2728 2518/2197/2728
f 2994/2677/2729 2993/2676/2729 2995/2678/2729
f 2994/2677/2730 2995/2678/2730 2996/2679/2730
f 2994/2677/2731 2996/2679/2731 2997/2680/2731
f 2994/2677/2732 2997/2680/2732 2524/2203/2732
f 2994/2677/2733 2524/2203/2733 2522/2201/2733
f 2994/2677/2734 2522/2201/2734 2521/2200/2734
f 2997/2680/2735 2996/2679/2735 2998/2681/2735
f 2997/2680/2736 2998/2681/2736 2999/2682/2736
f 2997/2680/2737 2999/2682/2737 3000/2683/2737
f 2997/2680/2738 3000/2683/2738 3001/2684/2738
f 2997/2680/2739 3001/2684/2739 2525/2204/2739
f 2997/2680/2740 2525/2204/2740 2524/2203/2740
f 3001/2684/2741 3000/2683/2741 3002/2685/2741
f 3001/2684/2742 3002/2685/2742 3003/2686/2742
f 3001/2684/2743 3003/2686/2743 2526/2205/2743
f 3001/2684/2744 2526/2205/2744 2525/2204/2744
f 3003/2686/2745 3002/2685/2745 3004/2687/2745
f 3003/2686/2746 3004/2687/2746 3005/2688/2746
f 3003/2686/2747 3005/2688/2747 2528/2207/2747
f 3003/2686/2748 2528/2207/2748 2526/2205/2748
f 3005/2688/2749 3004/2687/2749 3006/2689/2749
f 3005/2688/2750 3006/2689/2750 2533/2212/2750
f 3005/2688/2751 2533/2212/2751 2530/2209/2751
f 3005/2688/2752 2530/2209/2752 2528/2207/2752
f 3006/2689/2753 3004/2687/2753 3007/2690/2753
f 3006/2689/2754 3007/2690/2754 3008/2691/2754
f 3006/2689/2755 3008/2691/2755 3009/2692/2755
f 3006/2689/2756 3009/2692/2756 3010/2693/2756
f 3006/2689/2757 3010/2693/2757 2534/2213/2757
f 3006/2689/2758 2534/2213/2758 2533/2212/2758
f 3010/2693/2759 3009/2692/2759 3011/2694/2759
f 3010/2693/2760 3011/2694/2760 3012/2695/2760
f 3010/2693/2761 3012/2695/2761 2535/2214/2761
f 3010/2693/2762 2535/2214/2762 2534/2213/2762
f 3012/2695/2763 3011/2694/2763 3013/2696/2763
f 3012/2695/2764 3013/2696/2764 3014/2697/2764
f 3012/2695/2765 3014/2697/2765 2537/2216/2765
f 3012/2695/2766 2537/2216/2766 2535/2214/2766
f 3014/2697/2767 3013/2696/2767 2553/2698/2767
f 3014/2697/2768 2553/2698/2768 2549/2699/2768
f 3015/2700/2769 2550/2230/2769 2542/2221/2769
f 3015/2700/2770 2542/2221/2770 2538/2220/2770
f 3013/2696/2771 3011/2694/2771 3016/2701/2771
f 3013/2696/2772 3016/2701/2772 3017/2702/2772
f 3013/2696/2773 3017/2702/2773 3018/2703/2773
f 3013/2696/2774 3018/2703/2774 2553/2698/2774
f 3018/2703/2775 3017/2702/2775 3020/2704/2775
f 3018/2703/2776 3020/2704/2776 3021/2705/2776
f 3019/2706/2777 3022/2707/2777 3024/2708/2777
f 3019/2706/2778 3024/2708/2778 2560/2709/2778
f 3019/2706/2779 2560/2709/2779 2556/2236/2779
f 3019/2706/2780 2556/2236/2780 2554/2235/2780
f 3024/2708/2781 3022/2707/2781 3026/2710/2781
f 3024/2708/2782 3026/2710/2782 3028/2711/2782
f 3023/2712/2783 3027/2713/2783 1110/732/2783
f 3023/2712/2784 1110/732/2784 3030/2714/2784
f 3023/2712/2785 3030/2714/2785 2562/2240/2785
f 3023/2712/2786 2562/2240/2786 2559/2239/2786
f 3029/2715/2787 1109/2716/2787 1107/741/2787
f 3029/2715/2788 1107/741/2788 2567/2251/2788
f 3029/2715/2789 2567/2251/2789 2563/2243/2789
f 3029/2715/2790 2563/2243/2790 2561/2242/2790
f 3028/2711/2791 3026/2710/2791 3032/2717/2791
f 3028/2711/2792 3032/2717/2792 3034/2718/2792
f 3027/2713/2793 3033/2719/2793 1111/733/2793
f 3027/2713/2794 1111/733/2794 1110/732/2794
f 3034/2718/2795 3032/2717/2795 3036/2720/2795
f 3034/2718/2796 3036/2720/2796 3038/2721/2796
f 3033/2719/2797 3037/2722/2797 1113/2723/2797
f 3033/2719/2798 1113/2723/2798 1111/733/2798
f 3038/2721/2799 3036/2720/2799 3040/2724/2799
f 3038/2721/2800 3040/2724/2800 3042/2725/2800
f 3037/2722/2801 3041/2726/2801 3043/2727/2801
f 3037/2722/2802 3043/2727/2802 1113/2723/2802
f 3043/2727/2803 3041/2726/2803 3046/2728/2803
f 3043/2727/2804 3046/2728/2804 3049/2729/2804
f 3044/2730/2805 3050/2731/2805 3051/2732/2805
f 3044/2730/2806 3051/2732/2806 3052/2733/2806
f 3044/2730/2807 3052/2733/2807 1105/737/2807
f 3044/2730/2808 1105/737/2808 1114/736/2808
f 3052/2733/2809 3051/2732/2809 3053/2734/2809
f 3052/2733/2810 3053/2734/2810 3054/2735/2810
f 3052/2733/2811 3054/2735/2811 202/722/2811
f 3052/2733/2812 202/722/2812 1105/737/2812
f 3054/2735/2813 3053/2734/2813 1123/748/2813
f 3054/2735/2814 1123/748/2814 3055/2736/2814
f 3054/2735/2815 3055/2736/2815 1104/723/2815
f 3054/2735/2816 1104/723/2816 202/722/2816
f 3055/2736/2817 1123/748/2817 1121/747/2817
f 3055/2736/2818 1121/747/2818 3056/2737/2818
f 3055/2736/2819 3056/2737/2819 3058/2738/2819
f 3055/2736/2820 3058/2738/2820 1104/723/2820
f 3058/2738/2821 3059/2739/2821 196/2740/2821
f 3058/2738/2822 196/2740/2822 1092/2741/2822
f 3058/2738/2823 1092/2741/2823 1098/724/2823
f 3058/2738/2824 1098/724/2824 1104/723/2824
f 3058/2738/2825 3056/2737/2825 3061/2742/2825
f 3058/2738/2826 3061/2742/2826 3059/2739/2826
f 3062/2743/2827 3064/2744/2827 3066/2745/2827
f 3062/2743/2828 3066/2745/2828 3060/2746/2828
f 3062/2743/2829 3057/2747/2829 1122/746/2829
f 3062/2743/2830 1122/746/2830 1120/745/2830
f 3062/2743/2831 1120/745/2831 3069/2748/2831
f 3062/2743/2832 3069/2748/2832 3064/2744/2832
f 3068/2749/2833 3071/2750/2833 3073/2751/2833
f 3068/2749/2834 3073/2751/2834 3063/2752/2834
f 3069/2748/2835 1120/745/2835 1119/744/2835
f 3069/2748/2836 1119/744/2836 3076/2753/2836
f 3067/2754/2837 3074/2755/2837 3077/2756/2837
f 3067/2754/2838 3077/2756/2838 3070/2757/2838
f 3077/2756/2839 3078/2758/2839 2592/2759/2839
f 3077/2756/2840 2592/2759/2840 3070/2757/2840
f 3077/2756/2841 3074/2755/2841 3080/2760/2841
f 3077/2756/2842 3080/2760/2842 3082/2761/2842
f 3077/2756/2843 3082/2761/2843 3083/2762/2843
f 3077/2756/2844 3083/2762/2844 3078/2758/2844
f 3084/2763/2845 3085/2764/2845 2596/2281/2845
f 3084/2763/2846 2596/2281/2846 3079/2765/2846
f 3083/2762/2847 3082/2761/2847 3086/2766/2847
f 3083/2762/2848 3086/2766/2848 3087/2767/2848
f 3084/2763/2849 3088/2768/2849 3089/2769/2849
f 3084/2763/2850 3089/2769/2850 3085/2764/2850
f 3089/2769/2851 2601/2286/2851 2599/2284/2851
f 3089/2769/2852 2599/2284/2852 3085/2764/2852
f 3089/2769/2853 3088/2768/2853 3091/2770/2853
f 3089/2769/2854 3091/2770/2854 3092/2771/2854
f 3089/2769/2855 3092/2771/2855 2603/2288/2855
f 3089/2769/2856 2603/2288/2856 2601/2286/2856
f 3092/2771/2857 3091/2770/2857 3094/2772/2857
f 3092/2771/2858 3094/2772/2858 3095/2773/2858
f 3092/2771/2859 3095/2773/2859 2605/2290/2859
f 3092/2771/2860 2605/2290/2860 2603/2288/2860
f 3095/2773/2861 3094/2772/2861 3097/2774/2861
f 3095/2773/2862 3097/2774/2862 3098/2775/2862
f 3095/2773/2863 3098/2775/2863 2607/2292/2863
f 3095/2773/2864 2607/2292/2864 2605/2290/2864
f 3098/2775/2865 3097/2774/2865 3100/2776/2865
f 3098/2775/2866 3100/2776/2866 2614/2300/2866
f 3098/2775/2867 2614/2300/2867 2609/2294/2867
f 3098/2775/2868 2609/2294/2868 2607/2292/2868
f 3099/2777/2869 3096/2778/2869 3101/2779/2869
f 3099/2777/2870 3101/2779/2870 3102/2780/2870
f 3099/2777/2871 3102/2780/2871 3103/2781/2871
f 3099/2777/2872 3103/2781/2872 2617/2782/2872
f 3100/2776/2873 2618/2303/2873 2615/2301/2873
f 3100/2776/2874 2615/2301/2874 2614/2300/2874
f 3103/2781/2875 3102/2780/2875 3104/2783/2875
f 3103/2781/2876 3104/2783/2876 3106/2784/2876
f 3103/2781/2877 3106/2784/2877 3109/2785/2877
f 3103/2781/2878 3109/2785/2878 3112/2786/2878
f 3103/2781/2879 3112/2786/2879 2619/2787/2879
f 3103/2781/2880 2619/2787/2880 2617/2782/2880
f 3113/2788/2881 3110/2789/2881 3114/2790/2881
f 3113/2788/2882 3114/2790/2882 2632/2791/2882
f 3112/2786/2883 2631/2792/2883 2621/2793/2883
f 3112/2786/2884 2621/2793/2884 2619/2787/2884
f 3115/2794/2885 3111/2795/2885 3117/2796/2885
f 3115/2794/2886 3117/2796/2886 3119/2797/2886
f 3114/2790/2887 3118/2798/2887 1148/779/2887
f 3114/2790/2888 1148/779/2888 2637/2323/2888
f 3114/2790/2889 2637/2323/2889 2634/2321/2889
f 3114/2790/2890 2634/2321/2890 2632/2791/2890
f 3118/2798/2891 3116/2799/2891 3120/2800/2891
f 3118/2798/2892 3120/2800/2892 3121/2801/2892
f 3118/2798/2893 3121/2801/2893 1149/780/2893
f 3118/2798/2894 1149/780/2894 1148/779/2894
f 3121/2801/2895 3120/2800/2895 3122/2802/2895
f 3121/2801/2896 3122/2802/2896 3123/2803/2896
f 3121/2801/2897 3123/2803/2897 1151/781/2897
f 3121/2801/2898 1151/781/2898 1149/780/2898
f 3123/2803/2899 3122/2802/2899 3124/2804/2899
f 3123/2803/2900 3124/2804/2900 3125/2805/2900
f 3123/2803/2901 3125/2805/2901 964/575/2901
f 3123/2803/2902 964/575/2902 1151/781/2902
f 3125/2805/2903 3126/2806/2903 965/576/2903
f 3125/2805/2904 965/576/2904 964/575/2904
f 3125/2805/2905 3124/2804/2905 3127/2807/2905
f 3125/2805/2906 3127/2807/2906 3126/2806/2906
f 3127/2807/2907 3129/2808/2907 3131/2809/2907
f 3127/2807/2908 3131/2809/2908 3126/2806/2908
f 3127/2807/2909 3124/2804/2909 1143/769/2909
f 3127/2807/2910 1143/769/2910 1142/768/2910
f 3127/2807/2911 1142/768/2911 3133/2810/2911
f 3127/2807/2912 3133/2810/2912 3129/2808/2912
f 3132/2811/2913 3134/2812/2913 3135/2813/2913
f 3132/2811/2914 3135/2813/2914 3128/2814/2914
f 3133/2810/2915 1142/768/2915 1141/767/2915
f 3133/2810/2916 1141/767/2916 3138/2815/2916
f 3132/2811/2917 3137/2816/2917 3140/2817/2917
f 3132/2811/2918 3140/2817/2918 3134/2812/2918
f 3140/2817/2919 3142/2818/2919 3144/2819/2919
f 3140/2817/2920 3144/2819/2920 3134/2812/2920
f 3139/2820/2921 3136/2821/2921 3145/2822/2921
f 3139/2820/2922 3145/2822/2922 3147/2823/2922
f 3140/2817/2923 3148/2824/2923 3151/2825/2923
f 3140/2817/2924 3151/2825/2924 3142/2818/2924
f 3150/2826/2925 3152/2827/2925 3154/2828/2925
f 3150/2826/2926 3154/2828/2926 3141/2829/2926
f 3151/2825/2927 3148/2824/2927 3155/2830/2927
f 3151/2825/2928 3155/2830/2928 3157/2831/2928
f 3151/2825/2929 3157/2831/2929 3159/2832/2929
f 3151/2825/2930 3159/2832/2930 3153/2833/2930
f 3158/2834/2931 3160/2835/2931 3161/2836/2931
f 3158/2834/2932 3161/2836/2932 3152/2827/2932
f 3159/2832/2933 3157/2831/2933 3162/2837/2933
f 3159/2832/2934 3162/2837/2934 3165/2838/2934
f 3158/2834/2935 3164/2839/2935 3166/2840/2935
f 3158/2834/2936 3166/2840/2936 3160/2835/2936
f 3166/2840/2937 3167/2841/2937 3168/2842/2937
f 3166/2840/2938 3168/2842/2938 3160/2835/2938
f 3166/2840/2939 3164/2839/2939 3169/2843/2939
f 3166/2840/2940 3169/2843/2940 3171/2844/2940
f 3166/2840/2941 3171/2844/2941 3172/2845/2941
f 3166/2840/2942 3172/2845/2942 3167/2841/2942
f 3172/2845/2943 3173/2846/2943 3174/2847/2943
f 3172/2845/2944 3174/2847/2944 3167/2841/2944
f 3172/2845/2945 3171/2844/2945 3175/2848/2945
f 3172/2845/2946 3175/2848/2946 3176/2849/2946
f 3172/2845/2947 3176/2849/2947 3177/2850/2947
f 3172/2845/2948 3177/2850/2948 3173/2846/2948
f 3177/2850/2949 3178/2851/2949 3179/2852/2949
f 3177/2850/2950 3179/2852/2950 3180/2853/2950
f 3177/2850/2951 3180/2853/2951 3181/2854/2951
f 3177/2850/2952 3181/2854/2952 3173/2846/2952
f 3177/2850/2953 3176/2849/2953 3182/2855/2953
f 3177/2850/2954 3182/2855/2954 3178/2851/2954
f 3182/2855/2955 3183/2856/2955 3184/2857/2955
f 3182/2855/2956 3184/2857/2956 3178/2851/2956
f 3182/2855/2957 3176/2849/2957 3175/2848/2957
f 3182/2855/2958 3175/2848/2958 3185/2858/2958
f 3182/2855/2959 3185/2858/2959 3186/2859/2959
f 3182/2855/2960 3186/2859/2960 3183/2856/2960
f 3186/2859/2961 3187/2860/2961 3188/2861/2961
f 3186/2859/2962 3188/2861/2962 3183/2856/2962
f 3186/2859/2963 3185/2858/2963 3189/2862/2963
f 3186/2859/2964 3189/2862/2964 3192/2863/2964
f 3186/2859/2965 3192/2863/2965 3194/2864/2965
f 3186/2859/2966 3194/2864/2966 3187/2860/2966
f 3194/2864/2967 3196/2865/2967 3198/2866/2967
f 3194/2864/2968 3198/2866/2968 3187/2860/2968
f 3195/2867/2969 3193/2868/2969 3200/2869/2969
f 3195/2867/2970 3200/2869/2970 3203/2870/2970
f 3195/2867/2971 3203/2870/2971 3205/2871/2971
f 3195/2867/2972 3205/2871/2972 3197/2872/2972
f 3205/2871/2973 3040/2724/2973 3207/2873/2973
f 3205/2871/2974 3207/2873/2974 3197/2872/2974
f 3204/2874/2975 3202/2875/2975 3208/2876/2975
f 3204/2874/2976 3208/2876/2976 3045/2877/2976
f 3205/2871/2977 3048/2878/2977 3042/2725/2977
f 3205/2871/2978 3042/2725/2978 3040/2724/2978
f 3208/2876/2979 3202/2875/2979 3199/2879/2979
f 3208/2876/2980 3199/2879/2980 3211/2880/2980
f 3209/2881/2981 3212/2882/2981 3215/2883/2981
f 3209/2881/2982 3215/2883/2982 3217/2884/2982
f 3210/2885/2983 3218/2886/2983 3050/2731/2983
f 3210/2885/2984 3050/2731/2984 3047/2887/2984
f 3217/2884/2985 3215/2883/2985 3219/2888/2985
f 3217/2884/2986 3219/2888/2986 3221/2889/2986
f 3218/2886/2987 3222/2890/2987 3051/2732/2987
f 3218/2886/2988 3051/2732/2988 3050/2731/2988
f 3221/2889/2989 3219/2888/2989 1080/2891/2989
f 3221/2889/2990 1080/2891/2990 1116/2892/2990
f 3222/2890/2991 1117/742/2991 3053/2734/2991
f 3222/2890/2992 3053/2734/2992 3051/2732/2992
f 3220/2893/2993 3216/2894/2993 3223/2895/2993
f 3220/2893/2994 3223/2895/2994 3224/2896/2994
f 3220/2893/2995 3224/2896/2995 1078/697/2995
f 3220/2893/2996 1078/697/2996 1081/700/2996
f 3224/2896/2997 3223/2895/2997 1130/756/2997
f 3224/2896/2998 1130/756/2998 1129/755/2998
f 3224/2896/2999 1129/755/2999 1079/698/2999
f 3224/2896/3000 1079/698/3000 1078/697/3000
f 3223/2895/3001 3216/2894/3001 3213/2897/3001
f 3223/2895/3002 3213/2897/3002 3225/2898/3002
f 3223/2895/3003 3225/2898/3003 3227/2899/3003
f 3223/2895/3004 3227/2899/3004 1130/756/3004
f 3228/2900/3005 3226/2901/3005 3231/2902/3005
f 3228/2900/3006 3231/2902/3006 3233/2903/3006
f 3228/2900/3007 3233/2903/3007 3235/2904/3007
f 3228/2900/3008 3235/2904/3008 3237/2905/3008
f 3227/2899/3009 3236/2906/3009 1127/753/3009
f 3227/2899/3010 1127/753/3010 1130/756/3010
f 3237/2905/3011 3235/2904/3011 3163/2907/3011
f 3237/2905/3012 3163/2907/3012 3240/2908/3012
f 3236/2906/3013 3239/2909/3013 1128/754/3013
f 3236/2906/3014 1128/754/3014 1127/753/3014
f 3238/2910/3015 3162/2837/3015 3157/2831/3015
f 3238/2910/3016 3157/2831/3016 3155/2830/3016
f 3239/2909/3017 3156/2911/3017 3241/2912/3017
f 3239/2909/3018 3241/2912/3018 1128/754/3018
f 3241/2912/3019 3156/2911/3019 3149/2913/3019
f 3241/2912/3020 3149/2913/3020 3146/2914/3020
f 3241/2912/3021 3146/2914/3021 1140/766/3021
f 3241/2912/3022 1140/766/3022 3242/2915/3022
f 3241/2912/3023 3242/2915/3023 1124/750/3023
f 3241/2912/3024 1124/750/3024 1128/754/3024
f 3242/2915/3025 1140/766/3025 1131/758/3025
f 3242/2915/3026 1131/758/3026 1137/764/3026
f 3242/2915/3027 1137/764/3027 1125/751/3027
f 3242/2915/3028 1125/751/3028 1124/750/3028
f 3234/2916/3029 3232/2917/3029 3244/2918/3029
f 3234/2916/3030 3244/2918/3030 3170/2919/3030
f 3234/2916/3031 3170/2919/3031 3165/2838/3031
f 3234/2916/3032 3165/2838/3032 3162/2837/3032
f 3243/2920/3033 3189/2862/3033 3185/2858/3033
f 3243/2920/3034 3185/2858/3034 3175/2848/3034
f 3243/2920/3035 3175/2848/3035 3171/2844/3035
f 3243/2920/3036 3171/2844/3036 3169/2843/3036
f 3244/2918/3037 3232/2917/3037 3229/2921/3037
f 3244/2918/3038 3229/2921/3038 3190/2922/3038
f 3230/2923/3039 3200/2869/3039 3193/2868/3039
f 3230/2923/3040 3193/2868/3040 3191/2924/3040
f 3231/2902/3041 3226/2901/3041 3214/2925/3041
f 3231/2902/3042 3214/2925/3042 3201/2926/3042
f 3206/2927/3043 3245/2928/3043 3246/2929/3043
f 3206/2927/3044 3246/2929/3044 3247/2930/3044
f 3206/2927/3045 3247/2930/3045 3198/2866/3045
f 3206/2927/3046 3198/2866/3046 3196/2865/3046
f 3206/2927/3047 3039/2931/3047 3035/2932/3047
f 3206/2927/3048 3035/2932/3048 3245/2928/3048
f 3247/2930/3049 3246/2929/3049 3248/2933/3049
f 3247/2930/3050 3248/2933/3050 3249/2934/3050
f 3247/2930/3051 3249/2934/3051 3250/2935/3051
f 3247/2930/3052 3250/2935/3052 3198/2866/3052
f 3250/2935/3053 3249/2934/3053 3251/2936/3053
f 3250/2935/3054 3251/2936/3054 3252/2937/3054
f 3250/2935/3055 3252/2937/3055 3253/2938/3055
f 3250/2935/3056 3253/2938/3056 3188/2861/3056
f 3250/2935/3057 3188/2861/3057 3187/2860/3057
f 3250/2935/3058 3187/2860/3058 3198/2866/3058
f 3253/2938/3059 3252/2937/3059 3254/2939/3059
f 3253/2938/3060 3254/2939/3060 3255/2940/3060
f 3253/2938/3061 3255/2940/3061 3256/2941/3061
f 3253/2938/3062 3256/2941/3062 3184/2857/3062
f 3253/2938/3063 3184/2857/3063 3183/2856/3063
f 3253/2938/3064 3183/2856/3064 3188/2861/3064
f 3256/2941/3065 3255/2940/3065 3257/2942/3065
f 3256/2941/3066 3257/2942/3066 3258/2943/3066
f 3256/2941/3067 3258/2943/3067 3259/2944/3067
f 3256/2941/3068 3259/2944/3068 3179/2852/3068
f 3256/2941/3069 3179/2852/3069 3178/2851/3069
f 3256/2941/3070 3178/2851/3070 3184/2857/3070
f 3259/2944/3071 3258/2943/3071 3260/2945/3071
f 3259/2944/3072 3260/2945/3072 3261/2946/3072
f 3259/2944/3073 3261/2946/3073 3262/2947/3073
f 3259/2944/3074 3262/2947/3074 3263/2948/3074
f 3259/2944/3075 3263/2948/3075 3180/2853/3075
f 3259/2944/3076 3180/2853/3076 3179/2852/3076
f 3263/2948/3077 3262/2947/3077 3264/2949/3077
f 3263/2948/3078 3264/2949/3078 3265/2950/3078
f 3263/2948/3079 3265/2950/3079 3181/2854/3079
f 3263/2948/3080 3181/2854/3080 3180/2853/3080
f 3265/2950/3081 3264/2949/3081 3266/2951/3081
f 3265/2950/3082 3266/2951/3082 3267/2952/3082
f 3265/2950/3083 3267/2952/3083 3268/2953/3083
f 3265/2950/3084 3268/2953/3084 3181/2854/3084
f 3268/2953/3085 3267/2952/3085 3269/2954/3085
f 3268/2953/3086 3269/2954/3086 3270/2955/3086
f 3268/2953/3087 3270/2955/3087 3271/2956/3087
f 3268/2953/3088 3271/2956/3088 3174/2847/3088
f 3268/2953/3088 3174/2847/3088 3173/2846/3088
f 3268/2953/3089 3173/2846/3089 3181/2854/3089
f 3271/2956/3090 3270/2955/3090 3272/2957/3090
f 3271/2956/3091 3272/2957/3091 3273/2958/3091
f 3271/2956/3092 3273/2958/3092 3274/2959/3092
f 3271/2956/3093 3274/2959/3093 3168/2842/3093
f 3271/2956/3094 3168/2842/3094 3167/2841/3094
f 3271/2956/3095 3167/2841/3095 3174/2847/3095
f 3274/2959/3096 3273/2958/3096 3275/2960/3096
f 3274/2959/3097 3275/2960/3097 3276/2961/3097
f 3274/2959/3098 3276/2961/3098 3277/2962/3098
f 3274/2959/3099 3277/2962/3099 3161/2836/3099
f 3274/2959/3100 3161/2836/3100 3160/2835/3100
f 3274/2959/3101 3160/2835/3101 3168/2842/3101
f 3277/2962/3102 3276/2961/3102 3278/2963/3102
f 3277/2962/3103 3278/2963/3103 3279/2964/3103
f 3277/2962/3104 3279/2964/3104 3280/2965/3104
f 3277/2962/3105 3280/2965/3105 3154/2828/3105
f 3277/2962/3106 3154/2828/3106 3152/2827/3106
f 3277/2962/3107 3152/2827/3107 3161/2836/3107
f 3280/2965/3108 3279/2964/3108 3281/2966/3108
f 3280/2965/3109 3281/2966/3109 3282/2967/3109
f 3280/2965/3110 3282/2967/3110 3283/2968/3110
f 3280/2965/3111 3283/2968/3111 3143/2969/3111
f 3280/2965/3112 3143/2969/3112 3141/2829/3112
f 3280/2965/3113 3141/2829/3113 3154/2828/3113
f 3283/2968/3114 3282/2967/3114 3285/2970/3114
f 3283/2968/3115 3285/2970/3115 3286/2971/3115
f 3284/2972/3116 3287/2973/3116 3288/2974/3116
f 3284/2972/3117 3288/2974/3117 3135/2813/3117
f 3284/2972/3118 3135/2813/3118 3134/2812/3118
f 3284/2972/3119 3134/2812/3119 3144/2819/3119
f 3288/2974/3120 3287/2973/3120 3290/2975/3120
f 3288/2974/3121 3290/2975/3121 3292/2976/3121
f 3288/2974/3122 3292/2976/3122 3294/2977/3122
f 3288/2974/3123 3294/2977/3123 3130/2978/3123
f 3288/2974/3124 3130/2978/3124 3128/2814/3124
f 3288/2974/3125 3128/2814/3125 3135/2813/3125
f 3295/2979/3126 3293/2980/3126 3298/2981/3126
f 3295/2979/3127 3298/2981/3127 3299/2982/3127
f 3296/2983/3128 3300/2984/3128 966/577/3128
f 3296/2983/3129 966/577/3129 965/576/3129
f 3296/2983/3130 965/576/3130 3126/2806/3130
f 3296/2983/3131 3126/2806/3131 3131/2809/3131
f 3299/2982/3132 3298/2981/3132 3303/2985/3132
f 3299/2982/3133 3303/2985/3133 3304/2986/3133
f 3301/2987/3134 3305/2988/3134 969/580/3134
f 3301/2987/3135 969/580/3135 967/579/3135
f 3305/2988/3136 3307/2989/3136 3309/2990/3136
f 3305/2988/3137 3309/2990/3137 969/580/3137
f 3304/2986/3138 3303/2985/3138 3311/2991/3138
f 3304/2986/3139 3311/2991/3139 3306/2992/3139
f 3311/2991/3140 3313/2993/3140 3314/2994/3140
f 3311/2991/3141 3314/2994/3141 3306/2992/3141
f 3310/2995/3142 3302/2996/3142 3316/2997/3142
f 3310/2995/3143 3316/2997/3143 3317/2998/3143
f 3310/2995/3144 3317/2998/3144 3318/2999/3144
f 3310/2995/3145 3318/2999/3145 3312/3000/3145
f 3318/2999/3146 3319/3001/3146 3320/3002/3146
f 3318/2999/3147 3320/3002/3147 3312/3000/3147
f 3318/2999/3148 3317/2998/3148 3322/3003/3148
f 3318/2999/3149 3322/3003/3149 3323/3004/3149
f 3318/2999/3150 3323/3004/3150 3324/3005/3150
f 3318/2999/3151 3324/3005/3151 3319/3001/3151
f 3324/3005/3152 3325/3006/3152 3326/3007/3152
f 3324/3005/3153 3326/3007/3153 3319/3001/3153
f 3324/3005/3154 3323/3004/3154 3327/3008/3154
f 3324/3005/3155 3327/3008/3155 3328/3009/3155
f 3324/3005/3156 3328/3009/3156 3329/3010/3156
f 3324/3005/3157 3329/3010/3157 3325/3006/3157
f 3329/3010/3158 3330/3011/3158 3331/3012/3158
f 3329/3010/3159 3331/3012/3159 3325/3006/3159
f 3329/3010/3160 3328/3009/3160 3332/3013/3160
f 3329/3010/3161 3332/3013/3161 3333/3014/3161
f 3329/3010/3162 3333/3014/3162 3334/3015/3162
f 3329/3010/3163 3334/3015/3163 3330/3011/3163
f 3334/3015/3164 3335/3016/3164 3336/3017/3164
f 3334/3015/3165 3336/3017/3165 3330/3011/3165
f 3334/3015/3166 3333/3014/3166 3337/3018/3166
f 3334/3015/3167 3337/3018/3167 3338/3019/3167
f 3334/3015/3168 3338/3019/3168 3339/3020/3168
f 3334/3015/3169 3339/3020/3169 3335/3016/3169
f 3339/3020/3170 3340/3021/3170 3341/3022/3170
f 3339/3020/3171 3341/3022/3171 3335/3016/3171
f 3339/3020/3172 3338/3019/3172 3342/3023/3172
f 3339/3020/3173 3342/3023/3173 3343/3024/3173
f 3339/3020/3174 3343/3024/3174 3344/3025/3174
f 3339/3020/3175 3344/3025/3175 3340/3021/3175
f 3344/3025/3176 3345/3026/3176 3346/3027/3176
f 3344/3025/3177 3346/3027/3177 3340/3021/3177
f 3344/3025/3178 3343/3024/3178 3347/3028/3178
f 3344/3025/3178 3347/3028/3178 3348/3029/3178
f 3344/3025/3179 3348/3029/3179 3349/3030/3179
f 3344/3025/3180 3349/3030/3180 3345/3026/3180
f 3349/3030/3181 1314/966/3181 3350/3031/3181
f 3349/3030/3182 3350/3031/3182 3345/3026/3182
f 3349/3030/3183 3348/3029/3183 3351/3032/3183
f 3349/3030/3184 3351/3032/3184 3352/3033/3184
f 3349/3030/3185 3352/3033/3185 1315/967/3185
f 3349/3030/3186 1315/967/3186 1314/966/3186
f 3352/3033/3187 3351/3032/3187 3353/3034/3187
f 3352/3033/3188 3353/3034/3188 1301/950/3188
f 3352/3033/3189 1301/950/3189 1299/949/3189
f 3352/3033/3190 1299/949/3190 1315/967/3190
f 3353/3034/3191 3351/3032/3191 3354/3035/3191
f 3353/3034/3192 3354/3035/3192 3355/3036/3192
f 3353/3034/3193 3355/3036/3193 3356/3037/3193
f 3353/3034/3194 3356/3037/3194 3357/3038/3194
f 3353/3034/3195 3357/3038/3195 1302/953/3195
f 3353/3034/3196 1302/953/3196 1301/950/3196
f 3357/3038/3197 3356/3037/3197 3358/3039/3197
f 3357/3038/3198 3358/3039/3198 3359/3040/3198
f 3357/3038/3199 3359/3040/3199 3360/3041/3199
f 3357/3038/3200 3360/3041/3200 1302/953/3200
f 3360/3041/3201 3361/3042/3201 1303/951/3201
f 3360/3041/3202 1303/951/3202 1302/953/3202
f 3360/3041/3203 3359/3040/3203 3362/3043/3203
f 3360/3041/3204 3362/3043/3204 3363/3044/3204
f 3360/3041/3205 3363/3044/3205 3364/3045/3205
f 3360/3041/3206 3364/3045/3206 3361/3042/3206
f 3364/3045/3207 3365/3046/3207 3366/3047/3207
f 3364/3045/3208 3366/3047/3208 3361/3042/3208
f 3364/3045/3209 3363/3044/3209 3367/3048/3209
f 3364/3045/3210 3367/3048/3210 3368/3049/3210
f 3364/3045/3211 3368/3049/3211 3369/3050/3211
f 3364/3045/3212 3369/3050/3212 3365/3046/3212
f 3369/3050/3213 3370/3051/3213 3371/3052/3213
f 3369/3050/3214 3371/3052/3214 3365/3046/3214
f 3369/3050/3215 3368/3049/3215 1193/825/3215
f 3369/3050/3216 1193/825/3216 3372/3053/3216
f 3369/3050/3217 3372/3053/3217 3373/3054/3217
f 3369/3050/3218 3373/3054/3218 3370/3051/3218
f 3373/3054/3219 3374/3055/3219 3375/3056/3219
f 3373/3054/3220 3375/3056/3220 3370/3051/3220
f 3373/3054/3221 3372/3053/3221 3376/3057/3221
f 3373/3054/3222 3376/3057/3222 3377/3058/3222
f 3373/3054/1485 3377/3058/1485 3378/3059/1485
f 3373/3054/3223 3378/3059/3223 3374/3055/3223
f 3378/3059/3224 3379/3060/3224 3380/3061/3224
f 3378/3059/3225 3380/3061/3225 3374/3055/3225
f 3378/3059/3226 3377/3058/3226 3381/3062/3226
f 3378/3059/3227 3381/3062/3227 3382/3063/3227
f 3378/3059/3228 3382/3063/3228 3383/3064/3228
f 3378/3059/3229 3383/3064/3229 3379/3060/3229
f 3383/3064/3230 3384/3065/3230 3385/3066/3230
f 3383/3064/3231 3385/3066/3231 3379/3060/3231
f 3383/3064/3232 3382/3063/3232 3386/3067/3232
f 3383/3064/3233 3386/3067/3233 3387/3068/3233
f 3383/3064/3234 3387/3068/3234 1540/1168/3234
f 3383/3064/3235 1540/1168/3235 3384/3065/3235
f 3387/3068/3236 3386/3067/3236 3388/3069/3236
f 3387/3068/3237 3388/3069/3237 3389/3070/3237
f 3387/3068/3238 3389/3070/3238 1541/1169/3238
f 3387/3068/3239 1541/1169/3239 1540/1168/3239
f 3389/3070/3240 3388/3069/3240 3390/3071/3240
f 3389/3070/3241 3390/3071/3241 3391/3072/3241
f 3389/3070/3242 3391/3072/3242 3392/3073/3242
f 3389/3070/3243 3392/3073/3243 1541/1169/3243
f 3392/3073/3244 3393/3074/3244 363/1174/3244
f 3392/3073/3245 363/1174/3245 1541/1169/3245
f 3392/3073/3246 3391/3072/3246 3394/3075/3246
f 3392/3073/3247 3394/3075/3247 3395/3076/3247
f 3392/3073/3248 3395/3076/3248 2998/2681/3248
f 3392/3073/3249 2998/2681/3249 3393/3074/3249
f 3395/3076/3250 3394/3075/3250 3396/3077/3250
f 3395/3076/3251 3396/3077/3251 3397/3078/3251
f 3395/3076/3252 3397/3078/3252 2999/2682/3252
f 3395/3076/3253 2999/2682/3253 2998/2681/3253
f 3397/3078/3254 3396/3077/3254 3398/3079/3254
f 3397/3078/3255 3398/3079/3255 3399/3080/3255
f 3397/3078/3256 3399/3080/3256 3000/2683/3256
f 3397/3078/3257 3000/2683/3257 2999/2682/3257
f 3399/3080/3258 3398/3079/3258 3400/3081/3258
f 3399/3080/3259 3400/3081/3259 3401/3082/3259
f 3399/3080/3260 3401/3082/3260 3002/2685/3260
f 3399/3080/3261 3002/2685/3261 3000/2683/3261
f 3401/3082/3262 3400/3081/3262 3402/3083/3262
f 3401/3082/3263 3402/3083/3263 3007/2690/3263
f 3401/3082/3264 3007/2690/3264 3004/2687/3264
f 3401/3082/3265 3004/2687/3265 3002/2685/3265
f 3402/3083/3266 3400/3081/3266 3403/3084/3266
f 3402/3083/3267 3403/3084/3267 3404/3085/3267
f 3402/3083/3268 3404/3085/3268 3405/3086/3268
f 3402/3083/3269 3405/3086/3269 3406/3087/3269
f 3402/3083/3270 3406/3087/3270 3008/2691/3270
f 3402/3083/3271 3008/2691/3271 3007/2690/3271
f 3406/3087/3272 3405/3086/3272 3407/3088/3272
f 3406/3087/3273 3407/3088/3273 3408/3089/3273
f 3406/3087/3274 3408/3089/3274 3009/2692/3274
f 3406/3087/3275 3009/2692/3275 3008/2691/3275
f 3408/3089/3276 3407/3088/3276 3409/3090/3276
f 3408/3089/3277 3409/3090/3277 3016/2701/3277
f 3408/3089/3278 3016/2701/3278 3011/2694/3278
f 3408/3089/3279 3011/2694/3279 3009/2692/3279
f 3409/3090/3280 3407/3088/3280 3410/3091/3280
f 3409/3090/3281 3410/3091/3281 3411/3092/3281
f 3409/3090/3282 3411/3092/3282 3412/3093/3282
f 3409/3090/3283 3412/3093/3283 3020/2704/3283
f 3409/3090/3284 3020/2704/3284 3017/2702/3284
f 3409/3090/3285 3017/2702/3285 3016/2701/3285
f 3412/3093/3286 3411/3092/3286 3413/3094/3286
f 3412/3093/3287 3413/3094/3287 3414/3095/3287
f 3412/3093/3288 3414/3095/3288 3031/3096/3288
f 3412/3093/3289 3031/3096/3289 3025/3097/3289
f 3412/3093/3290 3025/3097/3290 3021/2705/3290
f 3412/3093/3291 3021/2705/3291 3020/2704/3291
f 3414/3095/3292 3413/3094/3292 3246/2929/3292
f 3414/3095/3293 3246/2929/3293 3245/2928/3293
f 3414/3095/3294 3245/2928/3294 3035/2932/3294
f 3414/3095/3295 3035/2932/3295 3031/3096/3295
f 3413/3094/3296 3411/3092/3296 3410/3091/3296
f 3413/3094/3297 3410/3091/3297 3415/3098/3297
f 3413/3094/3298 3415/3098/3298 3248/2933/3298
f 3413/3094/3299 3248/2933/3299 3246/2929/3299
f 3415/3098/3300 3410/3091/3300 3416/3099/3300
f 3415/3098/3301 3416/3099/3301 3417/3100/3301
f 3415/3098/3302 3417/3100/3302 3418/3101/3302
f 3415/3098/3303 3418/3101/3303 3248/2933/3303
f 3418/3101/3304 3417/3100/3304 3419/3102/3304
f 3418/3101/3305 3419/3102/3305 3420/3103/3305
f 3418/3101/3306 3420/3103/3306 3421/3104/3306
f 3418/3101/3307 3421/3104/3307 3251/2936/3307
f 3418/3101/3308 3251/2936/3308 3249/2934/3308
f 3418/3101/3303 3249/2934/3303 3248/2933/3303
f 3421/3104/3309 3420/3103/3309 3422/3105/3309
f 3421/3104/3310 3422/3105/3310 3423/3106/3310
f 3421/3104/3311 3423/3106/3311 3424/3107/3311
f 3421/3104/3312 3424/3107/3312 3254/2939/3312
f 3421/3104/3313 3254/2939/3313 3252/2937/3313
f 3421/3104/3314 3252/2937/3314 3251/2936/3314
f 3424/3107/3315 3423/3106/3315 3425/3108/3315
f 3424/3107/3316 3425/3108/3316 3426/3109/3316
f 3424/3107/3317 3426/3109/3317 3427/3110/3317
f 3424/3107/3318 3427/3110/3318 3257/2942/3318
f 3424/3107/3319 3257/2942/3319 3255/2940/3319
f 3424/3107/3320 3255/2940/3320 3254/2939/3320
f 3427/3110/3321 3426/3109/3321 3428/3111/3321
f 3427/3110/3322 3428/3111/3322 3429/3112/3322
f 3427/3110/3323 3429/3112/3323 3430/3113/3323
f 3427/3110/3324 3430/3113/3324 3260/2945/3324
f 3427/3110/3325 3260/2945/3325 3258/2943/3325
f 3427/3110/3326 3258/2943/3326 3257/2942/3326
f 3430/3113/3327 3429/3112/3327 3431/3114/3327
f 3430/3113/3328 3431/3114/3328 3432/3115/3328
f 3430/3113/3329 3432/3115/3329 1285/935/3329
f 3430/3113/3330 1285/935/3330 3433/3116/3330
f 3430/3113/3331 3433/3116/3331 3261/2946/3331
f 3430/3113/3332 3261/2946/3332 3260/2945/3332
f 3433/3116/3333 1285/935/3333 1284/934/3333
f 3433/3116/3334 1284/934/3334 3434/3117/3334
f 3433/3116/3335 3434/3117/3335 3262/2947/3335
f 3433/3116/3336 3262/2947/3336 3261/2946/3336
f 3434/3117/3337 1284/934/3337 1289/939/3337
f 3434/3117/3338 1289/939/3338 3435/3118/3338
f 3434/3117/3339 3435/3118/3339 3264/2949/3339
f 3434/3117/3340 3264/2949/3340 3262/2947/3340
f 3435/3118/3341 1289/939/3341 3436/3119/3341
f 3435/3118/3342 3436/3119/3342 3437/3120/3342
f 3435/3118/3343 3437/3120/3343 3266/2951/3343
f 3435/3118/3344 3266/2951/3344 3264/2949/3344
f 3437/3120/3345 3436/3119/3345 3438/3121/3345
f 3437/3120/3346 3438/3121/3346 3439/3122/3346
f 3437/3120/3347 3439/3122/3347 3440/3123/3347
f 3437/3120/3348 3440/3123/3348 3266/2951/3348
f 3440/3123/3349 3439/3122/3349 3441/3124/3349
f 3440/3123/3350 3441/3124/3350 3442/3125/3350
f 3440/3123/3351 3442/3125/3351 3443/3126/3351
f 3440/3123/3352 3443/3126/3352 3269/2954/3352
f 3440/3123/3353 3269/2954/3353 3267/2952/3353
f 3440/3123/3354 3267/2952/3354 3266/2951/3354
f 3443/3126/3355 3442/3125/3355 3444/3127/3355
f 3443/3126/3356 3444/3127/3356 3445/3128/3356
f 3443/3126/3357 3445/3128/3357 3446/3129/3357
f 3443/3126/3358 3446/3129/3358 3272/2957/3358
f 3443/3126/3359 3272/2957/3359 3270/2955/3359
f 3443/3126/3360 3270/2955/3360 3269/2954/3360
f 3446/3129/3361 3445/3128/3361 3447/3130/3361
f 3446/3129/3362 3447/3130/3362 3448/3131/3362
f 3446/3129/3363 3448/3131/3363 3449/3132/3363
f 3446/3129/3364 3449/3132/3364 3275/2960/3364
f 3446/3129/3365 3275/2960/3365 3273/2958/3365
f 3446/3129/3366 3273/2958/3366 3272/2957/3366
f 3449/3132/3367 3448/3131/3367 3450/3133/3367
f 3449/3132/3368 3450/3133/3368 3451/3134/3368
f 3449/3132/3369 3451/3134/3369 3452/3135/3369
f 3449/3132/3370 3452/3135/3370 3278/2963/3370
f 3449/3132/3371 3278/2963/3371 3276/2961/3371
f 3449/3132/3372 3276/2961/3372 3275/2960/3372
f 3452/3135/3373 3451/3134/3373 3453/3136/3373
f 3452/3135/3374 3453/3136/3374 3454/3137/3374
f 3452/3135/3375 3454/3137/3375 3455/3138/3375
f 3452/3135/3376 3455/3138/3376 3281/2966/3376
f 3452/3135/3377 3281/2966/3377 3279/2964/3377
f 3452/3135/3378 3279/2964/3378 3278/2963/3378
f 3455/3138/3379 3454/3137/3379 3456/3139/3379
f 3455/3138/3380 3456/3139/3380 3457/3140/3380
f 3455/3138/3381 3457/3140/3381 3458/3141/3381
f 3455/3138/3382 3458/3141/3382 3285/2970/3382
f 3455/3138/3383 3285/2970/3383 3282/2967/3383
f 3455/3138/3384 3282/2967/3384 3281/2966/3384
f 3458/3141/3385 3457/3140/3385 3459/3142/3385
f 3458/3141/3386 3459/3142/3386 3460/3143/3386
f 3458/3141/3387 3460/3143/3387 3461/3144/3387
f 3458/3141/3388 3461/3144/3388 3289/3145/3388
f 3458/3141/3389 3289/3145/3389 3286/2971/3389
f 3458/3141/3390 3286/2971/3390 3285/2970/3390
f 3461/3144/3391 3460/3143/3391 3463/3146/3391
f 3461/3144/3392 3463/3146/3392 3316/2997/3392
f 3461/3144/3393 3316/2997/3393 3302/2996/3393
f 3461/3144/3394 3302/2996/3394 3297/3147/3394
f 3462/3148/3395 3298/2981/3395 3293/2980/3395
f 3462/3148/3396 3293/2980/3396 3291/3149/3396
f 3463/3146/3397 3322/3003/3397 3317/2998/3397
f 3463/3146/3398 3317/2998/3398 3316/2997/3398
f 3463/3146/3399 3460/3143/3399 3459/3142/3399
f 3463/3146/3400 3459/3142/3400 3464/3150/3400
f 3463/3146/3401 3464/3150/3401 3465/3151/3401
f 3463/3146/3402 3465/3151/3402 3322/3003/3402
f 3465/3151/3403 3327/3008/3403 3323/3004/3403
f 3465/3151/3404 3323/3004/3404 3322/3003/3404
f 3465/3151/3405 3464/3150/3405 3466/3152/3405
f 3465/3151/3406 3466/3152/3406 3467/3153/3406
f 3465/3151/3407 3467/3153/3407 3468/3154/3407
f 3465/3151/3408 3468/3154/3408 3327/3008/3408
f 3468/3154/3409 3332/3013/3409 3328/3009/3409
f 3468/3154/3410 3328/3009/3410 3327/3008/3410
f 3468/3154/3411 3467/3153/3411 3469/3155/3411
f 3468/3154/3412 3469/3155/3412 3470/3156/3412
f 3468/3154/3413 3470/3156/3413 3471/3157/3413
f 3468/3154/3414 3471/3157/3414 3332/3013/3414
f 3471/3157/3415 3337/3018/3415 3333/3014/3415
f 3471/3157/3416 3333/3014/3416 3332/3013/3416
f 3471/3157/3417 3470/3156/3417 3472/3158/3417
f 3471/3157/3418 3472/3158/3418 3473/3159/3418
f 3471/3157/3419 3473/3159/3419 3474/3160/3419
f 3471/3157/3420 3474/3160/3420 3337/3018/3420
f 3474/3160/3421 3342/3023/3421 3338/3019/3421
f 3474/3160/3422 3338/3019/3422 3337/3018/3422
f 3474/3160/3423 3473/3159/3423 3475/3161/3423
f 3474/3160/3424 3475/3161/3424 3476/3162/3424
f 3474/3160/3425 3476/3162/3425 3477/3163/3425
f 3474/3160/3426 3477/3163/3426 3342/3023/3426
f 3477/3163/3427 3347/3028/3427 3343/3024/3427
f 3477/3163/3428 3343/3024/3428 3342/3023/3428
f 3477/3163/3429 3476/3162/3429 3478/3164/3429
f 3477/3163/3430 3478/3164/3430 3479/3165/3430
f 3477/3163/3431 3479/3165/3431 3354/3035/3431
f 3477/3163/3432 3354/3035/3432 3347/3028/3432
f 3479/3165/3433 3478/3164/3433 3480/3166/3433
f 3479/3165/3434 3480/3166/3434 3481/3167/3434
f 3479/3165/3435 3481/3167/3435 3355/3036/3435
f 3479/3165/3436 3355/3036/3436 3354/3035/3436
f 3481/3167/3437 3480/3166/3437 3482/3168/3437
f 3481/3167/3438 3482/3168/3438 3483/3169/3438
f 3481/3167/3439 3483/3169/3439 3356/3037/3439
f 3481/3167/3440 3356/3037/3440 3355/3036/3440
f 3483/3169/3441 3482/3168/3441 3484/3170/3441
f 3483/3169/3442 3484/3170/3442 3485/3171/3442
f 3483/3169/3443 3485/3171/3443 3358/3039/3443
f 3483/3169/3444 3358/3039/3444 3356/3037/3444
f 3485/3171/3445 3484/3170/3445 3486/3172/3445
f 3485/3171/3446 3486/3172/3446 3487/3173/3446
f 3485/3171/3446 3487/3173/3446 3488/3174/3446
f 3485/3171/3447 3488/3174/3447 3358/3039/3447
f 3488/3174/3203 3362/3043/3203 3359/3040/3203
f 3488/3174/3448 3359/3040/3448 3358/3039/3448
f 3488/3174/3449 3487/3173/3449 3489/3175/3449
f 3488/3174/3450 3489/3175/3450 3490/3176/3450
f 3488/3174/3451 3490/3176/3451 3491/3177/3451
f 3488/3174/3452 3491/3177/3452 3362/3043/3452
f 3491/3177/3453 3367/3048/3453 3363/3044/3453
f 3491/3177/3454 3363/3044/3454 3362/3043/3454
f 3491/3177/3455 3490/3176/3455 3492/3178/3455
f 3491/3177/3456 3492/3178/3456 1186/820/3456
f 3491/3177/3457 1186/820/3457 231/819/3457
f 3491/3177/3458 231/819/3458 3367/3048/3458
f 3492/3178/3459 3490/3176/3459 3489/3175/3459
f 3492/3178/3460 3489/3175/3460 3493/3179/3460
f 3492/3178/3461 3493/3179/3461 3494/3180/3461
f 3492/3178/3462 3494/3180/3462 3495/3181/3462
f 3492/3178/3463 3495/3181/3463 243/821/3463
f 3492/3178/3464 243/821/3464 1186/820/3464
f 3495/3181/3465 3494/3180/3465 3496/3182/3465
f 3495/3181/3466 3496/3182/3466 3497/3183/3466
f 3495/3181/3467 3497/3183/3467 1217/3184/3467
f 3495/3181/3468 1217/3184/3468 243/821/3468
f 3496/3182/3469 3494/3180/3469 3498/3185/3469
f 3496/3182/3470 3498/3185/3470 3499/3186/3470
f 3496/3182/3471 3499/3186/3471 3500/3187/3471
f 3496/3182/3472 3500/3187/3472 3501/3188/3472
f 3496/3182/3473 3501/3188/3473 3502/3189/3473
f 3496/3182/3474 3502/3189/3474 3497/3183/3474
f 3501/3188/3475 3500/3187/3475 3503/3190/3475
f 3501/3188/3476 3503/3190/3476 3504/3191/3476
f 3501/3188/3477 3504/3191/3477 3505/3192/3477
f 3501/3188/3478 3505/3192/3478 3502/3189/3478
f 3505/3192/3479 3506/3193/3479 272/925/3479
f 3505/3192/3480 272/925/3480 3502/3189/3480
f 3505/3192/3481 3504/3191/3481 3431/3114/3481
f 3505/3192/3482 3431/3114/3482 3507/3194/3482
f 3505/3192/3483 3507/3194/3483 3508/3195/3483
f 3505/3192/3484 3508/3195/3484 3506/3193/3484
f 3508/3195/3485 3509/3196/3485 3510/3197/3485
f 3508/3195/3486 3510/3197/3486 3506/3193/3486
f 3508/3195/3487 3507/3194/3487 3428/3111/3487
f 3508/3195/3488 3428/3111/3488 3511/3198/3488
f 3508/3195/3489 3511/3198/3489 3512/3199/3489
f 3508/3195/3490 3512/3199/3490 3509/3196/3490
f 3512/3199/3491 3513/3200/3491 3514/3201/3491
f 3512/3199/3492 3514/3201/3492 3509/3196/3492
f 3512/3199/3493 3511/3198/3493 3425/3108/3493
f 3512/3199/3494 3425/3108/3494 3515/3202/3494
f 3512/3199/3495 3515/3202/3495 3516/3203/3495
f 3512/3199/3496 3516/3203/3496 3513/3200/3496
f 3516/3203/3497 3517/3204/3497 3518/3205/3497
f 3516/3203/3498 3518/3205/3498 3513/3200/3498
f 3516/3203/3499 3515/3202/3499 3422/3105/3499
f 3516/3203/3500 3422/3105/3500 3519/3206/3500
f 3516/3203/3501 3519/3206/3501 3520/3207/3501
f 3516/3203/3502 3520/3207/3502 3517/3204/3502
f 3520/3207/3503 3403/3084/3503 3521/3208/3503
f 3520/3207/3504 3521/3208/3504 3517/3204/3504
f 3520/3207/3505 3519/3206/3505 3419/3102/3505
f 3520/3207/3506 3419/3102/3506 3522/3209/3506
f 3520/3207/3507 3522/3209/3507 3404/3085/3507
f 3520/3207/3508 3404/3085/3508 3403/3084/3508
f 3522/3209/3509 3419/3102/3509 3417/3100/3509
f 3522/3209/3510 3417/3100/3510 3416/3099/3510
f 3522/3209/3511 3416/3099/3511 3405/3086/3511
f 3522/3209/3512 3405/3086/3512 3404/3085/3512
f 3521/3208/3513 3398/3079/3513 3396/3077/3513
f 3521/3208/3514 3396/3077/3514 3523/3210/3514
f 3521/3208/3515 3523/3210/3515 3518/3205/3515
f 3521/3208/3516 3518/3205/3516 3517/3204/3516
f 3521/3208/3517 3403/3084/3517 3400/3081/3517
f 3521/3208/3518 3400/3081/3518 3398/3079/3518
f 3523/3210/3519 3396/3077/3519 3394/3075/3519
f 3523/3210/3520 3394/3075/3520 3524/3211/3520
f 3523/3210/3521 3524/3211/3521 3525/3212/3521
f 3523/3210/3522 3525/3212/3522 3518/3205/3522
f 3525/3212/3523 3524/3211/3523 3390/3071/3523
f 3525/3212/3524 3390/3071/3524 3526/3213/3524
f 3525/3212/3525 3526/3213/3525 3527/3214/3525
f 3525/3212/3526 3527/3214/3526 3514/3201/3526
f 3525/3212/3527 3514/3201/3527 3513/3200/3527
f 3525/3212/3528 3513/3200/3528 3518/3205/3528
f 3527/3214/3529 3526/3213/3529 3528/3215/3529
f 3527/3214/3530 3528/3215/3530 3529/3216/3530
f 3527/3214/3531 3529/3216/3531 1275/926/3531
f 3527/3214/3532 1275/926/3532 3510/3197/3532
f 3527/3214/3533 3510/3197/3533 3509/3196/3533
f 3527/3214/3534 3509/3196/3534 3514/3201/3534
f 3529/3216/3535 3528/3215/3535 3530/3217/3535
f 3529/3216/3536 3530/3217/3536 3531/3218/3536
f 3529/3216/3537 3531/3218/3537 1276/927/3537
f 3529/3216/3538 1276/927/3538 1275/926/3538
f 3531/3218/3539 3530/3217/3539 3381/3062/3539
f 3531/3218/3540 3381/3062/3540 3532/3219/3540
f 3531/3218/3541 3532/3219/3541 3533/3220/3541
f 3531/3218/3542 3533/3220/3542 1276/927/3542
f 3533/3220/3543 3532/3219/3543 3376/3057/3543
f 3533/3220/3544 3376/3057/3544 1192/824/3544
f 3533/3220/3545 1192/824/3545 1190/823/3545
f 3533/3220/3546 1190/823/3546 3534/3221/3546
f 3533/3220/3547 3534/3221/3547 1277/928/3547
f 3533/3220/3548 1277/928/3548 1276/927/3548
f 3534/3221/3549 1190/823/3549 1194/3222/3549
f 3534/3221/3550 1194/3222/3550 3536/3223/3550
f 3535/3224/3551 3537/3225/3551 1280/3226/3551
f 3535/3224/3552 1280/3226/3552 1278/3227/3552
f 3537/3225/3553 1195/828/3553 3538/3228/3553
f 3537/3225/3554 3538/3228/3554 3539/3229/3554
f 3537/3225/3555 3539/3229/3555 3540/3230/3555
f 3537/3225/3556 3540/3230/3556 1280/3226/3556
f 3540/3230/3557 3539/3229/3557 1222/3231/3557
f 3540/3230/3558 1222/3231/3558 1230/3232/3558
f 3541/3233/3559 1231/862/3559 3543/3234/3559
f 3541/3233/3560 3543/3234/3560 3545/3235/3560
f 3541/3233/3561 3545/3235/3561 1283/932/3561
f 3541/3233/3562 1283/932/3562 1281/931/3562
f 3544/3236/3563 3542/3237/3563 3547/3238/3563
f 3544/3236/3564 3547/3238/3564 3549/3239/3564
f 3544/3236/3565 3549/3239/3565 3551/3240/3565
f 3544/3236/3566 3551/3240/3566 1282/3241/3566
f 3548/3242/3567 3546/3243/3567 3552/3244/3567
f 3548/3242/3568 3552/3244/3568 1219/855/3568
f 3548/3242/3569 1219/855/3569 1216/854/3569
f 3548/3242/3570 1216/854/3570 3550/3245/3570
f 3552/3244/3571 3553/3246/3571 3554/3247/3571
f 3552/3244/3572 3554/3247/3572 3555/3248/3572
f 3552/3244/3573 3555/3248/3573 1211/851/3573
f 3552/3244/3574 1211/851/3574 1219/855/3574
f 3552/3244/3575 3546/3243/3575 3557/3249/3575
f 3552/3244/3576 3557/3249/3576 3553/3246/3576
f 3557/3249/3577 3559/3250/3577 3562/3251/3577
f 3557/3249/3578 3562/3251/3578 3553/3246/3578
f 3558/3252/3579 3547/3238/3579 3542/3237/3579
f 3558/3252/3580 3542/3237/3580 3563/3253/3580
f 3558/3252/3581 3563/3253/3581 1237/3254/3581
f 3558/3252/3582 1237/3254/3582 3561/3255/3582
f 3564/3256/3583 3543/3234/3583 1231/862/3583
f 3564/3256/3584 1231/862/3584 1229/861/3584
f 3564/3256/3585 1229/861/3585 1227/860/3585
f 3564/3256/3586 1227/860/3586 1238/3257/3586
f 3562/3251/3587 3565/3258/3587 3567/3259/3587
f 3562/3251/3588 3567/3259/3588 3569/3260/3588
f 3562/3251/3589 3569/3260/3589 3554/3247/3589
f 3562/3251/3590 3554/3247/3590 3553/3246/3590
f 3562/3251/3591 3559/3250/3591 1250/3261/3591
f 3562/3251/3592 1250/3261/3592 3565/3258/3592
f 3569/3260/3593 3567/3259/3593 3570/3262/3593
f 3569/3260/3594 3570/3262/3594 3573/3263/3594
f 3569/3260/3595 3573/3263/3595 3575/3264/3595
f 3569/3260/3596 3575/3264/3596 3554/3247/3596
f 3576/3265/3597 3574/3266/3597 1197/3267/3597
f 3576/3265/3598 1197/3267/3598 1202/3268/3598
f 3577/3269/3599 1203/3270/3599 1225/3271/3599
f 3577/3269/3600 1225/3271/3600 3579/3272/3600
f 3575/3264/3601 3578/3273/3601 3555/3248/3601
f 3575/3264/3602 3555/3248/3602 3554/3247/3602
f 3579/3272/3603 1225/3271/3603 3538/3228/3603
f 3579/3272/3604 3538/3228/3604 1214/3274/3604
f 3580/3275/3605 1215/3276/3605 1212/3277/3605
f 3580/3275/3606 1212/3277/3606 3556/3278/3606
f 3574/3266/3607 3571/3279/3607 1199/3280/3607
f 3574/3266/3608 1199/3280/3608 1197/3267/3608
f 3571/3279/3609 3581/3281/3609 1207/3282/3609
f 3571/3279/3610 1207/3282/3610 1199/3280/3610
f 3572/3283/3611 3568/3284/3611 3583/3285/3611
f 3572/3283/3612 3583/3285/3612 3582/3286/3612
f 3583/3285/3613 3584/3287/3613 3585/3288/3613
f 3583/3285/3614 3585/3288/3614 3582/3286/3614
f 3583/3285/3615 3568/3284/3615 3566/3289/3615
f 3583/3285/3616 3566/3289/3616 3586/3290/3616
f 3583/3285/3617 3586/3290/3617 3587/3291/3617
f 3583/3285/3618 3587/3291/3618 3584/3287/3618
f 3587/3291/3619 3588/3292/3619 3589/3293/3619
f 3587/3291/3620 3589/3293/3620 3584/3287/3620
f 3587/3291/3621 3586/3290/3621 1248/3294/3621
f 3587/3291/3622 1248/3294/3622 1256/3295/3622
f 3587/3291/3623 1256/3295/3623 3590/3296/3623
f 3587/3291/3624 3590/3296/3624 3588/3292/3624
f 3590/3296/3625 3591/3297/3625 3592/3298/3625
f 3590/3296/3626 3592/3298/3626 3588/3292/3626
f 3590/3296/3627 1256/3295/3627 1253/3299/3627
f 3590/3296/3628 1253/3299/3628 1272/3300/3628
f 3590/3296/3629 1272/3300/3629 3593/3301/3629
f 3590/3296/3630 3593/3301/3630 3591/3297/3630
f 3593/3301/3631 3595/3302/3631 3597/3303/3631
f 3593/3301/3632 3597/3303/3632 3591/3297/3632
f 3594/3304/3633 1273/3305/3633 1264/3306/3633
f 3594/3304/3634 1264/3306/3634 3598/3307/3634
f 3594/3304/3635 3598/3307/3635 3600/3308/3635
f 3594/3304/3636 3600/3308/3636 3596/3309/3636
f 3600/3308/3637 3602/3310/3637 3605/3311/3637
f 3600/3308/3638 3605/3311/3638 3596/3309/3638
f 3601/3312/3639 3599/3313/3639 3606/3314/3639
f 3601/3312/3640 3606/3314/3640 3607/3315/3640
f 3601/3312/3641 3607/3315/3641 3608/3316/3641
f 3601/3312/3642 3608/3316/3642 3603/3317/3642
f 3608/3316/3643 3609/3318/3643 3611/3319/3643
f 3608/3316/3644 3611/3319/3644 3603/3317/3644
f 3608/3316/3645 3607/3315/3645 3612/3320/3645
f 3608/3316/3646 3612/3320/3646 3613/3321/3646
f 3608/3316/3647 3613/3321/3647 3614/3322/3647
f 3608/3316/3648 3614/3322/3648 3609/3318/3648
f 3614/3322/3649 3615/3323/3649 3616/3324/3649
f 3614/3322/3650 3616/3324/3650 3609/3318/3650
f 3614/3322/3651 3613/3321/3651 3617/3325/3651
f 3614/3322/3652 3617/3325/3652 3618/3326/3652
f 3614/3322/3653 3618/3326/3653 3619/3327/3653
f 3614/3322/3654 3619/3327/3654 3615/3323/3654
f 3619/3327/3655 3620/3328/3655 3621/3329/3655
f 3619/3327/3656 3621/3329/3656 3615/3323/3656
f 3619/3327/3657 3618/3326/3657 3622/3330/3657
f 3619/3327/3658 3622/3330/3658 3623/3331/3658
f 3619/3327/3659 3623/3331/3659 3624/3332/3659
f 3619/3327/3660 3624/3332/3660 3620/3328/3660
f 3624/3332/3661 3625/3333/3661 3627/3334/3661
f 3624/3332/3662 3627/3334/3662 3620/3328/3662
f 3624/3332/3663 3623/3331/3663 3629/3335/3663
f 3624/3332/3664 3629/3335/3664 3631/3336/3664
f 3624/3332/3665 3631/3336/3665 3634/3337/3665
f 3624/3332/3666 3634/3337/3666 3625/3333/3666
f 3635/3338/3667 1563/1198/3667 3636/3339/3667
f 3635/3338/3668 3636/3339/3668 3626/3340/3668
f 3635/3338/3669 3633/3341/3669 3639/3342/3669
f 3635/3338/3670 3639/3342/3670 1521/3343/3670
f 3635/3338/3671 1521/3343/3671 1515/1199/3671
f 3635/3338/3672 1515/1199/3672 1563/1198/3672
f 3638/3344/3673 3632/3345/3673 3630/3346/3673
f 3638/3344/3674 3630/3346/3674 3641/3347/3674
f 3637/3348/3675 3640/3349/3675 3642/3350/3675
f 3637/3348/3676 3642/3350/3676 3643/3351/3676
f 3637/3348/3677 3643/3351/3677 1517/1139/3677
f 3637/3348/3678 1517/1139/3678 1520/1143/3678
f 3643/3351/3679 3642/3350/3679 3644/3352/3679
f 3643/3351/3680 3644/3352/3680 3645/3353/3680
f 3643/3351/3681 3645/3353/3681 1518/1140/3681
f 3643/3351/3682 1518/1140/3682 1517/1139/3682
f 3645/3353/3683 3644/3352/3683 3646/3354/3683
f 3645/3353/3684 3646/3354/3684 3647/3355/3684
f 3645/3353/3685 3647/3355/3685 3648/3356/3685
f 3645/3353/3686 3648/3356/3686 1518/1140/3686
f 3648/3356/3687 1522/1146/3687 1519/1141/3687
f 3648/3356/3688 1519/1141/3688 1518/1140/3688
f 3648/3356/3689 3647/3355/3689 3649/3357/3689
f 3648/3356/3690 3649/3357/3690 1523/3358/3690
f 3648/3356/3691 1523/3358/3691 1507/3359/3691
f 3648/3356/3692 1507/3359/3692 1522/1146/3692
f 3649/3357/3693 3647/3355/3693 3646/3354/3693
f 3649/3357/3694 3646/3354/3694 3650/3360/3694
f 3649/3357/3695 3650/3360/3695 3651/3361/3695
f 3649/3357/3696 3651/3361/3696 3653/3362/3696
f 3649/3357/3697 3653/3362/3697 352/3363/3697
f 3649/3357/3698 352/3363/3698 1523/3358/3698
f 3654/3364/3699 3652/3365/3699 3655/3366/3699
f 3654/3364/3700 3655/3366/3700 3657/3367/3700
f 3654/3364/3701 3657/3367/3701 1525/1153/3701
f 3654/3364/3702 1525/1153/3702 353/1152/3702
f 3658/3368/3703 3656/3369/3703 3616/3324/3703
f 3658/3368/3704 3616/3324/3704 3659/3370/3704
f 3658/3368/3705 3659/3370/3705 3660/3371/3705
f 3658/3368/3706 3660/3371/3706 1526/3372/3706
f 3661/3373/3707 1534/1159/3707 1530/1158/3707
f 3661/3373/3708 1530/1158/3708 1527/3374/3708
f 3660/3371/3709 3659/3370/3709 3621/3329/3709
f 3660/3371/3710 3621/3329/3710 3662/3375/3710
f 3661/3373/3711 3663/3376/3711 3664/3377/3711
f 3661/3373/3712 3664/3377/3712 1534/1159/3712
f 3662/3375/3713 3621/3329/3713 3620/3328/3713
f 3662/3375/3714 3620/3328/3714 3627/3334/3714
f 3663/3376/3715 3628/3378/3715 3667/3379/3715
f 3663/3376/3716 3667/3379/3716 3664/3377/3716
f 3659/3370/3717 3616/3324/3717 3615/3323/3717
f 3659/3370/3718 3615/3323/3718 3621/3329/3718
f 3655/3366/3719 3652/3365/3719 3670/3380/3719
f 3655/3366/3720 3670/3380/3720 3610/3381/3720
f 3656/3369/3721 3611/3319/3721 3609/3318/3721
f 3656/3369/3722 3609/3318/3722 3616/3324/3722
f 3669/3382/3723 3651/3361/3723 3650/3360/3723
f 3669/3382/3724 3650/3360/3724 3671/3383/3724
f 3669/3382/3725 3671/3383/3725 3672/3384/3725
f 3669/3382/3726 3672/3384/3726 3604/3385/3726
f 3670/3380/3727 3605/3311/3727 3602/3310/3727
f 3670/3380/3728 3602/3310/3728 3610/3381/3728
f 3672/3384/3729 3671/3383/3729 3673/3386/3729
f 3672/3384/3730 3673/3386/3730 3674/3387/3730
f 3672/3384/3731 3674/3387/3731 3675/3388/3731
f 3672/3384/3732 3675/3388/3732 3597/3303/3732
f 3672/3384/3733 3597/3303/3733 3595/3302/3733
f 3672/3384/3734 3595/3302/3734 3604/3385/3734
f 3675/3388/3735 3674/3387/3735 3676/3389/3735
f 3675/3388/3736 3676/3389/3736 3677/3390/3736
f 3675/3388/3737 3677/3390/3737 3678/3391/3737
f 3675/3388/3738 3678/3391/3738 3592/3298/3738
f 3675/3388/3739 3592/3298/3739 3591/3297/3739
f 3675/3388/3740 3591/3297/3740 3597/3303/3740
f 3678/3391/3741 3677/3390/3741 3679/3392/3741
f 3678/3391/3742 3679/3392/3742 3680/3393/3742
f 3678/3391/3743 3680/3393/3743 3681/3394/3743
f 3678/3391/3744 3681/3394/3744 3589/3293/3744
f 3678/3391/3745 3589/3293/3745 3588/3292/3745
f 3678/3391/3746 3588/3292/3746 3592/3298/3746
f 3681/3394/3747 3680/3393/3747 3682/3395/3747
f 3681/3394/3748 3682/3395/3748 1241/3396/3748
f 3681/3394/3749 1241/3396/3749 1239/3397/3749
f 3681/3394/3750 1239/3397/3750 3585/3288/3750
f 3681/3394/3751 3585/3288/3751 3584/3287/3751
f 3681/3394/3752 3584/3287/3752 3589/3293/3752
f 3683/3398/3753 3685/3399/3753 3687/3400/3753
f 3683/3398/3754 3687/3400/3754 3689/3401/3754
f 3683/3398/3755 3689/3401/3755 1244/879/3755
f 3683/3398/3756 1244/879/3756 1242/878/3756
f 3682/3395/3757 3680/3393/3757 3679/3392/3757
f 3682/3395/3758 3679/3392/3758 3684/3402/3758
f 3688/3403/3759 3686/3404/3759 3690/3405/3759
f 3688/3403/3759 3690/3405/3759 3691/3406/3759
f 3688/3403/3760 3691/3406/3760 1247/886/3760
f 3688/3403/3761 1247/886/3761 1243/885/3761
f 3691/3406/3762 3690/3405/3762 3692/3407/3762
f 3691/3406/3763 3692/3407/3763 3693/3408/3763
f 3691/3406/3764 3693/3408/3764 3694/3409/3764
f 3691/3406/3765 3694/3409/3765 1247/886/3765
f 3694/3409/3766 3693/3408/3766 3695/3410/3766
f 3694/3409/3767 3695/3410/3767 3696/3411/3767
f 3694/3409/3768 3696/3411/3768 3697/3412/3768
f 3694/3409/3769 3697/3412/3769 3700/3413/3769
f 3694/3409/3770 3700/3413/3770 1245/887/3770
f 3694/3409/3771 1245/887/3771 1247/886/3771
f 3701/3414/3772 3698/3415/3772 3703/3416/3772
f 3701/3414/3773 3703/3416/3773 3704/3417/3773
f 3701/3414/3774 3704/3417/3774 1178/809/3774
f 3701/3414/3775 1178/809/3775 1246/883/3775
f 3704/3417/3776 3703/3416/3776 1166/3418/3776
f 3704/3417/3777 1166/3418/3777 1175/3419/3777
f 3704/3417/3778 1175/3419/3778 1180/810/3778
f 3704/3417/3779 1180/810/3779 1178/809/3779
f 3702/3420/3780 3699/3421/3780 1262/907/3780
f 3702/3420/3781 1262/907/3781 1270/906/3781
f 3703/3416/3782 1271/914/3782 1169/913/3782
f 3703/3416/3783 1169/913/3783 1166/3418/3783
f 3697/3412/3784 3696/3411/3784 1263/902/3784
f 3697/3412/3785 1263/902/3785 1261/901/3785
f 3696/3411/3786 3695/3410/3786 3606/3314/3786
f 3696/3411/3787 3606/3314/3787 1263/902/3787
f 3695/3410/3788 3612/3320/3788 3607/3315/3788
f 3695/3410/3789 3607/3315/3789 3606/3314/3789
f 3695/3410/3790 3693/3408/3790 3692/3407/3790
f 3695/3410/3790 3692/3407/3790 3612/3320/3790
f 3692/3407/3791 3617/3325/3791 3613/3321/3791
f 3692/3407/3792 3613/3321/3792 3612/3320/3792
f 3692/3407/3793 3690/3405/3793 3705/3422/3793
f 3692/3407/3794 3705/3422/3794 3617/3325/3794
f 3705/3422/3795 3622/3330/3795 3618/3326/3795
f 3705/3422/3796 3618/3326/3796 3617/3325/3796
f 3705/3422/3797 3690/3405/3797 3686/3404/3797
f 3705/3422/3798 3686/3404/3798 3706/3423/3798
f 3705/3422/3799 3706/3423/3799 3708/3424/3799
f 3705/3422/3800 3708/3424/3800 3622/3330/3800
f 3708/3424/3801 3629/3335/3801 3623/3331/3801
f 3708/3424/3802 3623/3331/3802 3622/3330/3802
f 3709/3425/3803 3707/3426/3803 3711/3427/3803
f 3709/3425/3804 3711/3427/3804 3713/3428/3804
f 3709/3425/3805 3713/3428/3805 3641/3347/3805
f 3709/3425/3806 3641/3347/3806 3630/3346/3806
f 3712/3429/3807 3710/3430/3807 3714/3431/3807
f 3712/3429/3808 3714/3431/3808 3715/3432/3808
f 3712/3429/3809 3715/3432/3809 3642/3350/3809
f 3712/3429/3810 3642/3350/3810 3640/3349/3810
f 3715/3432/3811 3714/3431/3811 3676/3389/3811
f 3715/3432/3812 3676/3389/3812 3716/3433/3812
f 3715/3432/3813 3716/3433/3813 3644/3352/3813
f 3715/3432/3814 3644/3352/3814 3642/3350/3814
f 3716/3433/3815 3676/3389/3815 3674/3387/3815
f 3716/3433/3816 3674/3387/3816 3673/3386/3816
f 3716/3433/3817 3673/3386/3817 3646/3354/3817
f 3716/3433/3818 3646/3354/3818 3644/3352/3818
f 3714/3431/3819 3710/3430/3819 3684/3402/3819
f 3714/3431/3820 3684/3402/3820 3679/3392/3820
f 3714/3431/3821 3679/3392/3821 3677/3390/3821
f 3714/3431/3822 3677/3390/3822 3676/3389/3822
f 3711/3427/3823 3707/3426/3823 3687/3400/3823
f 3711/3427/3824 3687/3400/3824 3685/3399/3824
f 3673/3386/3825 3671/3383/3825 3650/3360/3825
f 3673/3386/3826 3650/3360/3826 3646/3354/3826
f 3628/3378/3827 3626/3340/3827 3636/3339/3827
f 3628/3378/3828 3636/3339/3828 3667/3379/3828
f 3606/3314/3829 3599/3313/3829 1265/903/3829
f 3606/3314/3830 1265/903/3830 1263/902/3830
f 3586/3290/3831 3566/3289/3831 1251/3434/3831
f 3586/3290/3832 1251/3434/3832 1248/3294/3832
f 3585/3288/3833 1239/3397/3833 1208/3435/3833
f 3585/3288/3834 1208/3435/3834 3582/3286/3834
f 3560/3436/3835 1236/3437/3835 1233/891/3835
f 3560/3436/3836 1233/891/3836 1252/890/3836
f 3539/3229/3837 3538/3228/3837 1225/3271/3837
f 3539/3229/3838 1225/3271/3838 1222/3231/3838
f 3538/3228/3839 1195/828/3839 1189/827/3839
f 3538/3228/3840 1189/827/3840 1214/3274/3840
f 3532/3219/3841 3381/3062/3841 3377/3058/3841
f 3532/3219/3842 3377/3058/3842 3376/3057/3842
f 3530/3217/3843 3386/3067/3843 3382/3063/3843
f 3530/3217/3844 3382/3063/3844 3381/3062/3844
f 3530/3217/3845 3528/3215/3845 3388/3069/3845
f 3530/3217/3846 3388/3069/3846 3386/3067/3846
f 3528/3215/3847 3526/3213/3847 3390/3071/3847
f 3528/3215/3848 3390/3071/3848 3388/3069/3848
f 3524/3211/3849 3394/3075/3849 3391/3072/3849
f 3524/3211/3850 3391/3072/3850 3390/3071/3850
f 3519/3206/3851 3422/3105/3851 3420/3103/3851
f 3519/3206/3852 3420/3103/3852 3419/3102/3852
f 3515/3202/3853 3425/3108/3853 3423/3106/3853
f 3515/3202/3854 3423/3106/3854 3422/3105/3854
f 3511/3198/3855 3428/3111/3855 3426/3109/3855
f 3511/3198/3856 3426/3109/3856 3425/3108/3856
f 3510/3197/3857 1275/926/3857 272/925/3857
f 3510/3197/3858 272/925/3858 3506/3193/3858
f 3507/3194/3859 3431/3114/3859 3429/3112/3859
f 3507/3194/3860 3429/3112/3860 3428/3111/3860
f 3504/3191/3861 3503/3190/3861 3432/3115/3861
f 3504/3191/3862 3432/3115/3862 3431/3114/3862
f 3503/3190/3863 3500/3187/3863 1287/937/3863
f 3503/3190/3864 1287/937/3864 1286/936/3864
f 3503/3190/3865 1286/936/3865 1285/935/3865
f 3503/3190/3866 1285/935/3866 3432/3115/3866
f 3500/3187/3867 3499/3186/3867 3717/3438/3867
f 3500/3187/3868 3717/3438/3868 1287/937/3868
f 3717/3438/3869 3499/3186/3869 3498/3185/3869
f 3717/3438/3870 3498/3185/3870 3718/3439/3870
f 3717/3438/3871 3718/3439/3871 3719/3440/3871
f 3717/3438/3872 3719/3440/3872 3720/3441/3872
f 3717/3438/3873 3720/3441/3873 1288/938/3873
f 3717/3438/3874 1288/938/3874 1287/937/3874
f 3720/3441/3875 3719/3440/3875 3438/3121/3875
f 3720/3441/3876 3438/3121/3876 3436/3119/3876
f 3720/3441/3877 3436/3119/3877 1289/939/3877
f 3720/3441/3878 1289/939/3878 1288/938/3878
f 3719/3440/3879 3718/3439/3879 3721/3442/3879
f 3719/3440/3880 3721/3442/3880 3722/3443/3880
f 3719/3440/3881 3722/3443/3881 3723/3444/3881
f 3719/3440/3882 3723/3444/3882 3438/3121/3882
f 3723/3444/3883 3722/3443/3883 3724/3445/3883
f 3723/3444/3203 3724/3445/3203 3725/3446/3203
f 3723/3444/3884 3725/3446/3884 3726/3447/3884
f 3723/3444/3885 3726/3447/3885 3441/3124/3885
f 3723/3444/3886 3441/3124/3886 3439/3122/3886
f 3723/3444/3887 3439/3122/3887 3438/3121/3887
f 3726/3447/3888 3725/3446/3888 3727/3448/3888
f 3726/3447/3889 3727/3448/3889 3728/3449/3889
f 3726/3447/3890 3728/3449/3890 3729/3450/3890
f 3726/3447/3891 3729/3450/3891 3444/3127/3891
f 3726/3447/3892 3444/3127/3892 3442/3125/3892
f 3726/3447/3893 3442/3125/3893 3441/3124/3893
f 3729/3450/3894 3728/3449/3894 3730/3451/3894
f 3729/3450/3895 3730/3451/3895 3731/3452/3895
f 3729/3450/3896 3731/3452/3896 3732/3453/3896
f 3729/3450/3897 3732/3453/3897 3447/3130/3897
f 3729/3450/3898 3447/3130/3898 3445/3128/3898
f 3729/3450/3899 3445/3128/3899 3444/3127/3899
f 3732/3453/3900 3731/3452/3900 3733/3454/3900
f 3732/3453/3901 3733/3454/3901 3734/3455/3901
f 3732/3453/3902 3734/3455/3902 3735/3456/3902
f 3732/3453/3903 3735/3456/3903 3450/3133/3903
f 3732/3453/3904 3450/3133/3904 3448/3131/3904
f 3732/3453/3905 3448/3131/3905 3447/3130/3905
f 3735/3456/3906 3734/3455/3906 1294/945/3906
f 3735/3456/3907 1294/945/3907 3736/3457/3907
f 3735/3456/3908 3736/3457/3908 3737/3458/3908
f 3735/3456/3909 3737/3458/3909 3453/3136/3909
f 3735/3456/3910 3453/3136/3910 3451/3134/3910
f 3735/3456/3911 3451/3134/3911 3450/3133/3911
f 3737/3458/3912 3736/3457/3912 3738/3459/3912
f 3737/3458/3913 3738/3459/3913 3739/3460/3913
f 3737/3458/3914 3739/3460/3914 3740/3461/3914
f 3737/3458/3915 3740/3461/3915 3456/3139/3915
f 3737/3458/3916 3456/3139/3916 3454/3137/3916
f 3737/3458/3917 3454/3137/3917 3453/3136/3917
f 3740/3461/3918 3739/3460/3918 3741/3462/3918
f 3740/3461/3919 3741/3462/3919 3466/3152/3919
f 3740/3461/3920 3466/3152/3920 3464/3150/3920
f 3740/3461/3921 3464/3150/3921 3459/3142/3921
f 3740/3461/3922 3459/3142/3922 3457/3140/3922
f 3740/3461/3923 3457/3140/3923 3456/3139/3923
f 3741/3462/3924 3469/3155/3924 3467/3153/3924
f 3741/3462/3925 3467/3153/3925 3466/3152/3925
f 3741/3462/3926 3739/3460/3926 3738/3459/3926
f 3741/3462/3927 3738/3459/3927 3742/3463/3927
f 3741/3462/3928 3742/3463/3928 3743/3464/3928
f 3741/3462/3929 3743/3464/3929 3469/3155/3929
f 3743/3464/3930 3472/3158/3930 3470/3156/3930
f 3743/3464/3931 3470/3156/3931 3469/3155/3931
f 3743/3464/3932 3742/3463/3932 1295/946/3932
f 3743/3464/3933 1295/946/3933 3744/3465/3933
f 3743/3464/3934 3744/3465/3934 3745/3466/3934
f 3743/3464/3935 3745/3466/3935 3472/3158/3935
f 3745/3466/3936 3475/3161/3936 3473/3159/3936
f 3745/3466/3937 3473/3159/3937 3472/3158/3937
f 3745/3466/3938 3744/3465/3938 3746/3467/3938
f 3745/3466/3939 3746/3467/3939 3747/3468/3939
f 3745/3466/3940 3747/3468/3940 3748/3469/3940
f 3745/3466/3941 3748/3469/3941 3475/3161/3941
f 3748/3469/3225 3478/3164/3225 3476/3162/3225
f 3748/3469/3942 3476/3162/3942 3475/3161/3942
f 3748/3469/3943 3747/3468/3943 3749/3470/3943
f 3748/3469/3944 3749/3470/3944 3750/3471/3944
f 3748/3469/3945 3750/3471/3945 3480/3166/3945
f 3748/3469/3946 3480/3166/3946 3478/3164/3946
f 3750/3471/3947 3749/3470/3947 3751/3472/3947
f 3750/3471/3948 3751/3472/3948 3752/3473/3948
f 3750/3471/3949 3752/3473/3949 3482/3168/3949
f 3750/3471/3950 3482/3168/3950 3480/3166/3950
f 3752/3473/3946 3751/3472/3946 3753/3474/3946
f 3752/3473/3951 3753/3474/3951 3754/3475/3951
f 3752/3473/3952 3754/3475/3952 3484/3170/3952
f 3752/3473/3953 3484/3170/3953 3482/3168/3953
f 3754/3475/3954 3753/3474/3954 3755/3476/3954
f 3754/3475/3955 3755/3476/3955 3756/3477/3955
f 3754/3475/3956 3756/3477/3956 3486/3172/3956
f 3754/3475/3957 3486/3172/3957 3484/3170/3957
f 3756/3477/3958 3755/3476/3958 3724/3445/3958
f 3756/3477/3959 3724/3445/3959 3757/3478/3959
f 3756/3477/3960 3757/3478/3960 3758/3479/3960
f 3756/3477/3961 3758/3479/3961 3486/3172/3961
f 3758/3479/3962 3489/3175/3962 3487/3173/3962
f 3758/3479/3963 3487/3173/3963 3486/3172/3963
f 3758/3479/3964 3757/3478/3964 3721/3442/3964
f 3758/3479/3965 3721/3442/3965 3759/3480/3965
f 3758/3479/3966 3759/3480/3966 3493/3179/3966
f 3758/3479/3967 3493/3179/3967 3489/3175/3967
f 3759/3480/3968 3721/3442/3968 3718/3439/3968
f 3759/3480/3969 3718/3439/3969 3498/3185/3969
f 3759/3480/3970 3498/3185/3970 3494/3180/3970
f 3759/3480/3971 3494/3180/3971 3493/3179/3971
f 3757/3478/3972 3724/3445/3972 3722/3443/3972
f 3757/3478/3973 3722/3443/3973 3721/3442/3973
f 3755/3476/3974 3753/3474/3974 3760/3481/3974
f 3755/3476/3975 3760/3481/3975 3727/3448/3975
f 3755/3476/3976 3727/3448/3976 3725/3446/3976
f 3755/3476/3977 3725/3446/3977 3724/3445/3977
f 3760/3481/3978 3753/3474/3978 3751/3472/3978
f 3760/3481/3979 3751/3472/3979 3761/3482/3979
f 3760/3481/3980 3761/3482/3980 3762/3483/3980
f 3760/3481/3981 3762/3483/3981 3730/3451/3981
f 3760/3481/3982 3730/3451/3982 3728/3449/3982
f 3760/3481/3983 3728/3449/3983 3727/3448/3983
f 3762/3483/3984 3761/3482/3984 3763/3484/3984
f 3762/3483/3985 3763/3484/3985 1291/942/3985
f 3762/3483/3986 1291/942/3986 1290/941/3986
f 3762/3483/3987 1290/941/3987 3733/3454/3987
f 3762/3483/3988 3733/3454/3988 3731/3452/3988
f 3762/3483/3989 3731/3452/3989 3730/3451/3989
f 3763/3484/3990 3749/3470/3990 3747/3468/3990
f 3763/3484/3991 3747/3468/3991 3746/3467/3991
f 3763/3484/3992 3746/3467/3992 1292/943/3992
f 3763/3484/3993 1292/943/3993 1291/942/3993
f 3763/3484/3994 3761/3482/3994 3751/3472/3994
f 3763/3484/3995 3751/3472/3995 3749/3470/3995
f 3746/3467/3996 3744/3465/3996 1295/946/3996
f 3746/3467/3997 1295/946/3997 1292/943/3997
f 3742/3463/3998 3738/3459/3998 1293/944/3998
f 3742/3463/3999 1293/944/3999 1295/946/3999
f 3738/3459/4000 3736/3457/4000 1294/945/4000
f 3738/3459/4001 1294/945/4001 1293/944/4001
f 3734/3455/4002 3733/3454/4002 1290/941/4002
f 3734/3455/4003 1290/941/4003 1294/945/4003
f 3416/3099/4004 3410/3091/4004 3407/3088/4004
f 3416/3099/4005 3407/3088/4005 3405/3086/4005
f 3393/3074/4006 2995/2678/4006 1546/1176/4006
f 3393/3074/4007 1546/1176/4007 363/1174/4007
f 3393/3074/4008 2998/2681/4008 2996/2679/4008
f 3393/3074/4009 2996/2679/4009 2995/2678/4009
f 3380/3061/4010 3764/3485/4010 3765/3486/4010
f 3380/3061/4011 3765/3486/4011 3766/3487/4011
f 3380/3061/4012 3766/3487/4012 3375/3056/4012
f 3380/3061/4013 3375/3056/4013 3374/3055/4013
f 3380/3061/4014 3379/3060/4014 3385/3066/4014
f 3380/3061/837 3385/3066/837 3764/3485/837
f 3766/3487/4015 3765/3486/4015 3767/3488/4015
f 3766/3487/4016 3767/3488/4016 3768/3489/4016
f 3766/3487/4017 3768/3489/4017 3769/3490/4017
f 3766/3487/4018 3769/3490/4018 3375/3056/4018
f 3769/3490/4019 3768/3489/4019 3770/3491/4019
f 3769/3490/4020 3770/3491/4020 3771/3492/4020
f 3769/3490/4021 3771/3492/4021 3772/3493/4021
f 3769/3490/4022 3772/3493/4022 3371/3052/4022
f 3769/3490/4022 3371/3052/4022 3370/3051/4022
f 3769/3490/3442 3370/3051/3442 3375/3056/3442
f 3772/3493/4023 3771/3492/4023 3773/3494/4023
f 3772/3493/4024 3773/3494/4024 3774/3495/4024
f 3772/3493/4025 3774/3495/4025 1311/962/4025
f 3772/3493/4026 1311/962/4026 3366/3047/4026
f 3772/3493/4027 3366/3047/4027 3365/3046/4027
f 3772/3493/4028 3365/3046/4028 3371/3052/4028
f 3774/3495/4029 3773/3494/4029 3775/3496/4029
f 3774/3495/4030 3775/3496/4030 3776/3497/4030
f 3774/3495/4031 3776/3497/4031 1312/963/4031
f 3774/3495/4032 1312/963/4032 1311/962/4032
f 3776/3497/4033 3775/3496/4033 3777/3498/4033
f 3776/3497/4034 3777/3498/4034 3778/3499/4034
f 3776/3497/4035 3778/3499/4035 1318/969/4035
f 3776/3497/4036 1318/969/4036 1312/963/4036
f 3778/3499/4037 3777/3498/4037 3779/3500/4037
f 3778/3499/4038 3779/3500/4038 3780/3501/4038
f 3778/3499/4039 3780/3501/4039 1319/970/4039
f 3778/3499/4040 1319/970/4040 1318/969/4040
f 3780/3501/4038 3779/3500/4038 3781/3502/4038
f 3780/3501/4041 3781/3502/4041 3782/3503/4041
f 3780/3501/4042 3782/3503/4042 3783/3504/4042
f 3780/3501/4043 3783/3504/4043 1319/970/4043
f 3783/3504/4044 3782/3503/4044 3784/3505/4044
f 3783/3504/4045 3784/3505/4045 3785/3506/4045
f 3783/3504/4046 3785/3506/4046 3786/3507/4046
f 3783/3504/4047 3786/3507/4047 1313/965/4047
f 3783/3504/4048 1313/965/4048 281/964/4048
f 3783/3504/4049 281/964/4049 1319/970/4049
f 3786/3507/4050 3785/3506/4050 3787/3508/4050
f 3786/3507/4051 3787/3508/4051 3788/3509/4051
f 3786/3507/3469 3788/3509/3469 3789/3510/3469
f 3786/3507/4052 3789/3510/4052 3350/3031/4052
f 3786/3507/4053 3350/3031/4053 1314/966/4053
f 3786/3507/4054 1314/966/4054 1313/965/4054
f 3789/3510/4055 3788/3509/4055 3790/3511/4055
f 3789/3510/4056 3790/3511/4056 3791/3512/4056
f 3789/3510/4057 3791/3512/4057 3792/3513/4057
f 3789/3510/4058 3792/3513/4058 3346/3027/4058
f 3789/3510/4059 3346/3027/4059 3345/3026/4059
f 3789/3510/4060 3345/3026/4060 3350/3031/4060
f 3792/3513/4061 3791/3512/4061 3793/3514/4061
f 3792/3513/4062 3793/3514/4062 3794/3515/4062
f 3792/3513/4063 3794/3515/4063 3795/3516/4063
f 3792/3513/4064 3795/3516/4064 3341/3022/4064
f 3792/3513/4065 3341/3022/4065 3340/3021/4065
f 3792/3513/4066 3340/3021/4066 3346/3027/4066
f 3795/3516/4067 3794/3515/4067 3796/3517/4067
f 3795/3516/4068 3796/3517/4068 3797/3518/4068
f 3795/3516/4069 3797/3518/4069 3798/3519/4069
f 3795/3516/4070 3798/3519/4070 3336/3017/4070
f 3795/3516/4071 3336/3017/4071 3335/3016/4071
f 3795/3516/4072 3335/3016/4072 3341/3022/4072
f 3798/3519/4073 3797/3518/4073 3799/3520/4073
f 3798/3519/4074 3799/3520/4074 3800/3521/4074
f 3798/3519/4075 3800/3521/4075 3801/3522/4075
f 3798/3519/4076 3801/3522/4076 3331/3012/4076
f 3798/3519/4077 3331/3012/4077 3330/3011/4077
f 3798/3519/4078 3330/3011/4078 3336/3017/4078
f 3801/3522/4079 3800/3521/4079 3802/3523/4079
f 3801/3522/4080 3802/3523/4080 3803/3524/4080
f 3801/3522/4081 3803/3524/4081 3804/3525/4081
f 3801/3522/4082 3804/3525/4082 3326/3007/4082
f 3801/3522/4083 3326/3007/4083 3325/3006/4083
f 3801/3522/4084 3325/3006/4084 3331/3012/4084
f 3804/3525/4085 3803/3524/4085 3805/3526/4085
f 3804/3525/4086 3805/3526/4086 3807/3527/4086
f 3804/3525/4087 3807/3527/4087 3809/3528/4087
f 3804/3525/4088 3809/3528/4088 3320/3002/4088
f 3804/3525/4089 3320/3002/4089 3319/3001/4089
f 3804/3525/4090 3319/3001/4090 3326/3007/4090
f 3812/3529/4091 3808/3530/4091 3815/3531/4091
f 3812/3529/4092 3815/3531/4092 3818/3532/4092
f 3811/3533/4093 3817/3534/4093 3819/3535/4093
f 3811/3533/4094 3819/3535/4094 3315/3536/4094
f 3810/3537/4095 3314/2994/4095 3313/2993/4095
f 3810/3537/4096 3313/2993/4096 3321/3538/4096
f 3819/3535/4097 3817/3534/4097 932/3539/4097
f 3819/3535/4098 932/3539/4098 930/3540/4098
f 3819/3535/4099 930/3540/4099 2657/3541/4099
f 3819/3535/4100 2657/3541/4100 3309/2990/4100
f 3819/3535/4101 3309/2990/4101 3307/2989/4101
f 3819/3535/4102 3307/2989/4102 3315/3536/4102
f 3816/3542/4103 3814/3543/4103 3821/3544/4103
f 3816/3542/4104 3821/3544/4104 931/543/4104
f 3820/3545/4105 3822/3546/4105 936/3547/4105
f 3820/3545/4106 936/3547/4106 940/3548/4106
f 3821/3544/4107 941/554/4107 933/544/4107
f 3821/3544/4108 933/544/4108 931/543/4108
f 3820/3545/4109 3813/3549/4109 3824/3550/4109
f 3820/3545/4110 3824/3550/4110 3822/3546/4110
f 3825/3551/4111 3827/3552/4111 3829/3553/4111
f 3825/3551/4112 3829/3553/4112 3823/3554/4112
f 3825/3551/4113 3815/3531/4113 3808/3530/4113
f 3825/3551/4114 3808/3530/4114 3806/3555/4114
f 3825/3551/4115 3806/3555/4115 3831/3556/4115
f 3825/3551/4116 3831/3556/4116 3827/3552/4116
f 3830/3557/4117 3832/3558/4117 3833/3559/4117
f 3830/3557/4118 3833/3559/4118 3826/3560/4118
f 3830/3557/4119 3805/3526/4119 3803/3524/4119
f 3830/3557/4120 3803/3524/4120 3802/3523/4120
f 3830/3557/4121 3802/3523/4121 3836/3561/4121
f 3830/3557/4122 3836/3561/4122 3832/3558/4122
f 3836/3561/4123 3837/3562/4123 3838/3563/4123
f 3836/3561/4124 3838/3563/4124 3832/3558/4124
f 3836/3561/4125 3802/3523/4125 3800/3521/4125
f 3836/3561/4126 3800/3521/4126 3799/3520/4126
f 3836/3561/4127 3799/3520/4127 3839/3564/4127
f 3836/3561/4128 3839/3564/4128 3837/3562/4128
f 3839/3564/4129 3840/3565/4129 3841/3566/4129
f 3839/3564/4130 3841/3566/4130 3837/3562/4130
f 3839/3564/4131 3799/3520/4131 3797/3518/4131
f 3839/3564/4132 3797/3518/4132 3796/3517/4132
f 3839/3564/4133 3796/3517/4133 3842/3567/4133
f 3839/3564/4134 3842/3567/4134 3840/3565/4134
f 3842/3567/4135 3843/3568/4135 3844/3569/4135
f 3842/3567/4136 3844/3569/4136 3840/3565/4136
f 3842/3567/4137 3796/3517/4137 3794/3515/4137
f 3842/3567/4138 3794/3515/4138 3793/3514/4138
f 3842/3567/4139 3793/3514/4139 3845/3570/4139
f 3842/3567/4140 3845/3570/4140 3843/3568/4140
f 3845/3570/4141 3846/3571/4141 3847/3572/4141
f 3845/3570/4142 3847/3572/4142 3843/3568/4142
f 3845/3570/4143 3793/3514/4143 3791/3512/4143
f 3845/3570/4144 3791/3512/4144 3790/3511/4144
f 3845/3570/4145 3790/3511/4145 3848/3573/4145
f 3845/3570/4146 3848/3573/4146 3846/3571/4146
f 3848/3573/4147 3849/3574/4147 3850/3575/4147
f 3848/3573/4148 3850/3575/4148 3846/3571/4148
f 3848/3573/4149 3790/3511/4149 3788/3509/4149
f 3848/3573/4150 3788/3509/4150 3787/3508/4150
f 3848/3573/4151 3787/3508/4151 3851/3576/4151
f 3848/3573/4152 3851/3576/4152 3849/3574/4152
f 3851/3576/4153 3852/3577/4153 3853/3578/4153
f 3851/3576/4154 3853/3578/4154 3849/3574/4154
f 3851/3576/4155 3787/3508/4155 3785/3506/4155
f 3851/3576/4156 3785/3506/4156 3784/3505/4156
f 3851/3576/4157 3784/3505/4157 3854/3579/4157
f 3851/3576/4158 3854/3579/4158 3852/3577/4158
f 3854/3579/4159 3855/3580/4159 3856/3581/4159
f 3854/3579/4160 3856/3581/4160 3852/3577/4160
f 3854/3579/4161 3784/3505/4161 3782/3503/4161
f 3854/3579/4162 3782/3503/4162 3781/3502/4162
f 3854/3579/3180 3781/3502/3180 3857/3582/3180
f 3854/3579/4163 3857/3582/4163 3855/3580/4163
f 3857/3582/4164 3858/3583/4164 3859/3584/4164
f 3857/3582/4165 3859/3584/4165 3855/3580/4165
f 3857/3582/4166 3781/3502/4166 3779/3500/4166
f 3857/3582/4167 3779/3500/4167 3860/3585/4167
f 3857/3582/4168 3860/3585/4168 3861/3586/4168
f 3857/3582/4169 3861/3586/4169 3858/3583/4169
f 3861/3586/4170 1464/1084/4170 3862/3587/4170
f 3861/3586/4171 3862/3587/4171 3858/3583/4171
f 3861/3586/4172 3860/3585/4172 3863/3588/4172
f 3861/3586/4173 3863/3588/4173 3864/3589/4173
f 3861/3586/4174 3864/3589/4174 1465/1085/4174
f 3861/3586/4175 1465/1085/4175 1464/1084/4175
f 3864/3589/4176 3863/3588/4176 3865/3590/4176
f 3864/3589/4177 3865/3590/4177 3866/3591/4177
f 3864/3589/4178 3866/3591/4178 3867/3592/4178
f 3864/3589/4179 3867/3592/4179 1465/1085/4179
f 3866/3591/4180 3865/3590/4180 3868/3593/4180
f 3866/3591/4181 3868/3593/4181 3869/3594/4181
f 3866/3591/4182 3869/3594/4182 1436/1059/4182
f 3866/3591/4183 1436/1059/4183 3867/3592/4183
f 3869/3594/4184 3868/3593/4184 3770/3491/4184
f 3869/3594/4185 3770/3491/4185 3870/3595/4185
f 3869/3594/4186 3870/3595/4186 1437/1060/4186
f 3869/3594/4187 1437/1060/4187 1436/1059/4187
f 3870/3595/4188 3770/3491/4188 3768/3489/4188
f 3870/3595/4189 3768/3489/4189 3767/3488/4189
f 3870/3595/4190 3767/3488/4190 3871/3596/4190
f 3870/3595/4191 3871/3596/4191 1437/1060/4191
f 3871/3596/4192 3872/3597/4192 1438/1061/4192
f 3871/3596/4193 1438/1061/4193 1437/1060/4193
f 3871/3596/4194 3767/3488/4194 3765/3486/4194
f 3871/3596/4195 3765/3486/4195 3873/3598/4195
f 3871/3596/4196 3873/3598/4196 3874/3599/4196
f 3871/3596/4197 3874/3599/4197 3872/3597/4197
f 3874/3599/4198 3875/3600/4198 3876/3601/4198
f 3874/3599/4199 3876/3601/4199 3872/3597/4199
f 3874/3599/838 3873/3598/838 3877/3602/838
f 3874/3599/4200 3877/3602/4200 3878/3603/4200
f 3874/3599/4201 3878/3603/4201 1572/1209/4201
f 3874/3599/4202 1572/1209/4202 3875/3600/4202
f 3878/3603/4203 3877/3602/4203 3879/3604/4203
f 3878/3603/4204 3879/3604/4204 3880/3605/4204
f 3878/3603/4205 3880/3605/4205 1564/1201/4205
f 3878/3603/4206 1564/1201/4206 1572/1209/4206
f 3880/3605/4207 3879/3604/4207 3881/3606/4207
f 3880/3605/4208 3881/3606/4208 3883/3607/4208
f 3880/3605/4209 3883/3607/4209 1565/1202/4209
f 3880/3605/4210 1565/1202/4210 1564/1201/4210
f 3883/3607/4211 3881/3606/4211 3884/3608/4211
f 3883/3607/4212 3884/3608/4212 3886/3609/4212
f 3883/3607/4213 3886/3609/4213 3887/3610/4213
f 3883/3607/4214 3887/3610/4214 1565/1202/4214
f 3887/3610/4215 3888/3611/4215 1566/1203/4215
f 3887/3610/4216 1566/1203/4216 1565/1202/4216
f 3887/3610/4217 3886/3609/4217 1548/1178/4217
f 3887/3610/4218 1548/1178/4218 1547/1177/4218
f 3887/3610/4219 1547/1177/4219 3889/3612/4219
f 3887/3610/4215 3889/3612/4215 3888/3611/4215
f 3889/3612/4220 2989/2672/4220 3890/3613/4220
f 3889/3612/4221 3890/3613/4221 3888/3611/4221
f 3889/3612/4222 1547/1177/4222 1546/1176/4222
f 3889/3612/4223 1546/1176/4223 2992/2675/4223
f 3889/3612/4224 2992/2675/4224 2990/2673/4224
f 3889/3612/4225 2990/2673/4225 2989/2672/4225
f 3890/3613/4226 2986/2669/4226 3891/3614/4226
f 3890/3613/4227 3891/3614/4227 1567/1204/4227
f 3890/3613/4228 1567/1204/4228 1566/1203/4228
f 3890/3613/4229 1566/1203/4229 3888/3611/4229
f 3890/3613/4230 2989/2672/4230 2987/2670/4230
f 3890/3613/4231 2987/2670/4231 2986/2669/4231
f 3891/3614/4232 3892/3615/4232 3893/3616/4232
f 3891/3614/4233 3893/3616/4233 3894/3617/4233
f 3891/3614/4234 3894/3617/4234 1568/1205/4234
f 3891/3614/4235 1568/1205/4235 1567/1204/4235
f 3891/3614/4236 2986/2669/4236 2984/2667/4236
f 3891/3614/4237 2984/2667/4237 3892/3615/4237
f 3894/3617/4238 3893/3616/4238 3895/3618/4238
f 3894/3617/4239 3895/3618/4239 3896/3619/4239
f 3894/3617/4240 3896/3619/4240 3897/3620/4240
f 3894/3617/3209 3897/3620/3209 1568/1205/3209
f 3897/3620/4241 3896/3619/4241 3898/3621/4241
f 3897/3620/4242 3898/3621/4242 3899/3622/4242
f 3897/3620/4243 3899/3622/4243 3900/3623/4243
f 3897/3620/4244 3900/3623/4244 1569/1206/4244
f 3897/3620/4245 1569/1206/4245 377/1200/4245
f 3897/3620/4246 377/1200/4246 1568/1205/4246
f 3900/3623/4247 3901/3624/4247 3902/3625/4247
f 3900/3623/4248 3902/3625/4248 3903/3626/4248
f 3900/3623/4249 3903/3626/4249 1570/1207/4249
f 3900/3623/4250 1570/1207/4250 1569/1206/4250
f 3900/3623/4251 3899/3622/4251 1490/1116/4251
f 3900/3623/4252 1490/1116/4252 3901/3624/4252
f 3903/3626/4253 3902/3625/4253 3904/3627/4253
f 3903/3626/4254 3904/3627/4254 3905/3628/4254
f 3903/3626/4255 3905/3628/4255 3906/3629/4255
f 3903/3626/4256 3906/3629/4256 1570/1207/4256
f 3906/3629/4257 3905/3628/4257 3907/3630/4257
f 3906/3629/4258 3907/3630/4258 3908/3631/4258
f 3906/3629/4259 3908/3631/4259 3909/3632/4259
f 3906/3629/4260 3909/3632/4260 3910/3633/4260
f 3906/3629/4261 3910/3633/4261 1571/1208/4261
f 3906/3629/4262 1571/1208/4262 1570/1207/4262
f 3910/3633/4263 3909/3632/4263 3876/3601/4263
f 3910/3633/4264 3876/3601/4264 3875/3600/4264
f 3910/3633/4265 3875/3600/4265 1572/1209/4265
f 3910/3633/4266 1572/1209/4266 1571/1208/4266
f 3909/3632/4267 3908/3631/4267 3911/3634/4267
f 3909/3632/4268 3911/3634/4268 3912/3635/4268
f 3909/3632/4269 3912/3635/4269 1439/1062/4269
f 3909/3632/4270 1439/1062/4270 3876/3601/4270
f 3912/3635/4271 3911/3634/4271 3913/3636/4271
f 3912/3635/4272 3913/3636/4272 3914/3637/4272
f 3912/3635/4273 3914/3637/4273 1433/1056/4273
f 3912/3635/4274 1433/1056/4274 1439/1062/4274
f 3914/3637/4275 3913/3636/4275 3915/3638/4275
f 3914/3637/4276 3915/3638/4276 1466/1087/4276
f 3914/3637/4277 1466/1087/4277 1434/1057/4277
f 3914/3637/4278 1434/1057/4278 1433/1056/4278
f 3915/3638/4279 3916/3639/4279 3917/3640/4279
f 3915/3638/4280 3917/3640/4280 3918/3641/4280
f 3915/3638/4281 3918/3641/4281 1467/1088/4281
f 3915/3638/4282 1467/1088/4282 1466/1087/4282
f 3915/3638/4283 3913/3636/4283 3919/3642/4283
f 3915/3638/4284 3919/3642/4284 3916/3639/4284
f 3919/3642/4285 3920/3643/4285 3921/3644/4285
f 3919/3642/4286 3921/3644/4286 3916/3639/4286
f 3919/3642/4287 3913/3636/4287 3911/3634/4287
f 3919/3642/4288 3911/3634/4288 3922/3645/4288
f 3919/3642/4289 3922/3645/4289 3923/3646/4289
f 3919/3642/4200 3923/3646/4200 3920/3643/4200
f 3923/3646/4290 3924/3647/4290 3925/3648/4290
f 3923/3646/4291 3925/3648/4291 3920/3643/4291
f 3923/3646/4292 3922/3645/4292 3907/3630/4292
f 3923/3646/4293 3907/3630/4293 3926/3649/4293
f 3923/3646/4294 3926/3649/4294 3927/3650/4294
f 3923/3646/4295 3927/3650/4295 3924/3647/4295
f 3927/3650/4296 3928/3651/4296 3929/3652/4296
f 3927/3650/4297 3929/3652/4297 3924/3647/4297
f 3927/3650/4298 3926/3649/4298 3904/3627/4298
f 3927/3650/4299 3904/3627/4299 3930/3653/4299
f 3927/3650/4300 3930/3653/4300 3931/3654/4300
f 3927/3650/4301 3931/3654/4301 3928/3651/4301
f 3931/3654/4302 3932/3655/4302 3933/3656/4302
f 3931/3654/4303 3933/3656/4303 3928/3651/4303
f 3931/3654/4304 3930/3653/4304 3934/3657/4304
f 3931/3654/4305 3934/3657/4305 3935/3658/4305
f 3931/3654/4306 3935/3658/4306 3936/3659/4306
f 3931/3654/4307 3936/3659/4307 3932/3655/4307
f 3936/3659/4308 3937/3660/4308 3938/3661/4308
f 3936/3659/4309 3938/3661/4309 3932/3655/4309
f 3936/3659/4310 3935/3658/4310 3939/3662/4310
f 3936/3659/4311 3939/3662/4311 3940/3663/4311
f 3936/3659/4312 3940/3663/4312 3941/3664/4312
f 3936/3659/4313 3941/3664/4313 3937/3660/4313
f 3941/3664/4314 3942/3665/4314 3943/3666/4314
f 3941/3664/4315 3943/3666/4315 3937/3660/4315
f 3941/3664/4316 3940/3663/4316 3944/3667/4316
f 3941/3664/4317 3944/3667/4317 3945/3668/4317
f 3941/3664/4318 3945/3668/4318 3946/3669/4318
f 3941/3664/4319 3946/3669/4319 3942/3665/4319
f 3946/3669/4320 2960/2640/4320 2958/2638/4320
f 3946/3669/4321 2958/2638/4321 3942/3665/4321
f 3946/3669/4322 3945/3668/4322 3947/3670/4322
f 3946/3669/4323 3947/3670/4323 3948/3671/4323
f 3946/3669/4324 3948/3671/4324 2962/2642/4324
f 3946/3669/4325 2962/2642/4325 2960/2640/4325
f 3948/3671/4326 3947/3670/4326 3949/3672/4326
f 3948/3671/4327 3949/3672/4327 3950/3673/4327
f 3948/3671/4328 3950/3673/4328 2964/2644/4328
f 3948/3671/4329 2964/2644/4329 2962/2642/4329
f 3950/3673/4330 3949/3672/4330 3951/3674/4330
f 3950/3673/4331 3951/3674/4331 2970/2653/4331
f 3950/3673/4332 2970/2653/4332 2968/2651/4332
f 3950/3673/4333 2968/2651/4333 2964/2644/4333
f 3951/3674/4334 3949/3672/4334 3952/3675/4334
f 3951/3674/4335 3952/3675/4335 3953/3676/4335
f 3951/3674/4336 3953/3676/4336 3954/3677/4336
f 3951/3674/4337 3954/3677/4337 3955/3678/4337
f 3951/3674/4338 3955/3678/4338 2971/2654/4338
f 3951/3674/4339 2971/2654/4339 2970/2653/4339
f 3955/3678/4340 3954/3677/4340 3956/3679/4340
f 3955/3678/4341 3956/3679/4341 3957/3680/4341
f 3955/3678/4342 3957/3680/4342 2972/2655/4342
f 3955/3678/4343 2972/2655/4343 2971/2654/4343
f 3957/3680/4344 3956/3679/4344 3958/3681/4344
f 3957/3680/4345 3958/3681/4345 3959/3682/4345
f 3957/3680/4346 3959/3682/4346 2974/2657/4346
f 3957/3680/4346 2974/2657/4346 2972/2655/4346
f 3959/3682/4347 3958/3681/4347 2982/2665/4347
f 3959/3682/4348 2982/2665/4348 2980/2663/4348
f 3959/3682/4349 2980/2663/4349 2976/2659/4349
f 3959/3682/4350 2976/2659/4350 2974/2657/4350
f 3958/3681/4351 3956/3679/4351 3893/3616/4351
f 3958/3681/4352 3893/3616/4352 3892/3615/4352
f 3958/3681/4353 3892/3615/4353 2984/2667/4353
f 3958/3681/4354 2984/2667/4354 2982/2665/4354
f 3956/3679/4355 3954/3677/4355 3895/3618/4355
f 3956/3679/4356 3895/3618/4356 3893/3616/4356
f 3954/3677/4357 3953/3676/4357 3960/3683/4357
f 3954/3677/4358 3960/3683/4358 3895/3618/4358
f 3960/3683/4359 3953/3676/4359 3952/3675/4359
f 3960/3683/4360 3952/3675/4360 1489/1115/4360
f 3960/3683/4361 1489/1115/4361 1488/1114/4361
f 3960/3683/4362 1488/1114/4362 3898/3621/4362
f 3960/3683/4363 3898/3621/4363 3896/3619/4363
f 3960/3683/4364 3896/3619/4364 3895/3618/4364
f 3952/3675/4365 3949/3672/4365 3947/3670/4365
f 3952/3675/4366 3947/3670/4366 3961/3684/4366
f 3952/3675/4367 3961/3684/4367 1485/1111/4367
f 3952/3675/4368 1485/1111/4368 1489/1115/4368
f 3961/3684/4369 3947/3670/4369 3945/3668/4369
f 3961/3684/4370 3945/3668/4370 3944/3667/4370
f 3961/3684/4371 3944/3667/4371 1486/1112/4371
f 3961/3684/4372 1486/1112/4372 1485/1111/4372
f 3944/3667/4373 3940/3663/4373 3939/3662/4373
f 3944/3667/4374 3939/3662/4374 1486/1112/4374
f 3943/3666/4375 2957/2637/4375 2956/2636/4375
f 3943/3666/4376 2956/2636/4376 3962/3685/4376
f 3943/3666/4377 3962/3685/4377 3938/3661/4377
f 3943/3666/4378 3938/3661/4378 3937/3660/4378
f 3943/3666/4379 3942/3665/4379 2958/2638/4379
f 3943/3666/4380 2958/2638/4380 2957/2637/4380
f 3962/3685/4381 2956/2636/4381 3963/3686/4381
f 3962/3685/4382 3963/3686/4382 3964/3687/4382
f 3962/3685/4383 3964/3687/4383 3965/3688/4383
f 3962/3685/4384 3965/3688/4384 3938/3661/4384
f 3965/3688/4385 3964/3687/4385 3966/3689/4385
f 3965/3688/4386 3966/3689/4386 3967/3690/4386
f 3965/3688/4387 3967/3690/4387 3968/3691/4387
f 3965/3688/4388 3968/3691/4388 3933/3656/4388
f 3965/3688/4389 3933/3656/4389 3932/3655/4389
f 3965/3688/4390 3932/3655/4390 3938/3661/4390
f 3968/3691/4391 3967/3690/4391 3969/3692/4391
f 3968/3691/4392 3969/3692/4392 3970/3693/4392
f 3968/3691/4393 3970/3693/4393 3971/3694/4393
f 3968/3691/4394 3971/3694/4394 3929/3652/4394
f 3968/3691/4395 3929/3652/4395 3928/3651/4395
f 3968/3691/4396 3928/3651/4396 3933/3656/4396
f 3971/3694/4397 3970/3693/4397 3972/3695/4397
f 3971/3694/4398 3972/3695/4398 3973/3696/4398
f 3971/3694/4399 3973/3696/4399 3974/3697/4399
f 3971/3694/4400 3974/3697/4400 3925/3648/4400
f 3971/3694/4401 3925/3648/4401 3924/3647/4401
f 3971/3694/4402 3924/3647/4402 3929/3652/4402
f 3974/3697/4403 3973/3696/4403 3975/3698/4403
f 3974/3697/4404 3975/3698/4404 3976/3699/4404
f 3974/3697/4405 3976/3699/4405 3977/3700/4405
f 3974/3697/4406 3977/3700/4406 3921/3644/4406
f 3974/3697/4407 3921/3644/4407 3920/3643/4407
f 3974/3697/4408 3920/3643/4408 3925/3648/4408
f 3977/3700/4409 3976/3699/4409 3978/3701/4409
f 3977/3700/4410 3978/3701/4410 3979/3702/4410
f 3977/3700/4411 3979/3702/4411 3980/3703/4411
f 3977/3700/4412 3980/3703/4412 3917/3640/4412
f 3977/3700/4413 3917/3640/4413 3916/3639/4413
f 3977/3700/4414 3916/3639/4414 3921/3644/4414
f 3980/3703/3533 3979/3702/3533 3981/3704/3533
f 3980/3703/4415 3981/3704/4415 3982/3705/4415
f 3980/3703/4416 3982/3705/4416 3983/3706/4416
f 3980/3703/4417 3983/3706/4417 3984/3707/4417
f 3980/3703/4418 3984/3707/4418 3918/3641/4418
f 3980/3703/4419 3918/3641/4419 3917/3640/4419
f 3984/3707/4420 3983/3706/4420 3985/3708/4420
f 3984/3707/4421 3985/3708/4421 3986/3709/4421
f 3984/3707/4422 3986/3709/4422 1467/1088/4422
f 3984/3707/4423 1467/1088/4423 3918/3641/4423
f 3986/3709/4424 3985/3708/4424 3987/3710/4424
f 3986/3709/4425 3987/3710/4425 3988/3711/4425
f 3986/3709/4426 3988/3711/4426 335/1083/4426
f 3986/3709/4427 335/1083/4427 1467/1088/4427
f 3988/3711/3446 3987/3710/3446 3989/3712/3446
f 3988/3711/4428 3989/3712/4428 3862/3587/4428
f 3988/3711/4429 3862/3587/4429 1464/1084/4429
f 3988/3711/4430 1464/1084/4430 335/1083/4430
f 3989/3712/4431 3987/3710/4431 3990/3713/4431
f 3989/3712/4432 3990/3713/4432 3991/3714/4432
f 3989/3712/4433 3991/3714/4433 3992/3715/4433
f 3989/3712/4434 3992/3715/4434 3859/3584/4434
f 3989/3712/4435 3859/3584/4435 3858/3583/4435
f 3989/3712/4436 3858/3583/4436 3862/3587/4436
f 3992/3715/4437 3991/3714/4437 3993/3716/4437
f 3992/3715/4438 3993/3716/4438 3994/3717/4438
f 3992/3715/4439 3994/3717/4439 3995/3718/4439
f 3992/3715/4440 3995/3718/4440 3856/3581/4440
f 3992/3715/4441 3856/3581/4441 3855/3580/4441
f 3992/3715/4442 3855/3580/4442 3859/3584/4442
f 3995/3718/4443 3994/3717/4443 3996/3719/4443
f 3995/3718/4444 3996/3719/4444 3997/3720/4444
f 3995/3718/4445 3997/3720/4445 3998/3721/4445
f 3995/3718/4446 3998/3721/4446 3853/3578/4446
f 3995/3718/4447 3853/3578/4447 3852/3577/4447
f 3995/3718/4448 3852/3577/4448 3856/3581/4448
f 3998/3721/4449 3997/3720/4449 3999/3722/4449
f 3998/3721/4450 3999/3722/4450 4000/3723/4450
f 3998/3721/4451 4000/3723/4451 4001/3724/4451
f 3998/3721/4452 4001/3724/4452 3850/3575/4452
f 3998/3721/4453 3850/3575/4453 3849/3574/4453
f 3998/3721/4454 3849/3574/4454 3853/3578/4454
f 4001/3724/4455 4000/3723/4455 4002/3725/4455
f 4001/3724/4456 4002/3725/4456 4003/3726/4456
f 4001/3724/4457 4003/3726/4457 4004/3727/4457
f 4001/3724/4458 4004/3727/4458 3847/3572/4458
f 4001/3724/4459 3847/3572/4459 3846/3571/4459
f 4001/3724/4460 3846/3571/4460 3850/3575/4460
f 4004/3727/4461 4003/3726/4461 4005/3728/4461
f 4004/3727/4462 4005/3728/4462 4006/3729/4462
f 4004/3727/4463 4006/3729/4463 4007/3730/4463
f 4004/3727/4464 4007/3730/4464 3844/3569/4464
f 4004/3727/4465 3844/3569/4465 3843/3568/4465
f 4004/3727/4466 3843/3568/4466 3847/3572/4466
f 4007/3730/4467 4006/3729/4467 4008/3731/4467
f 4007/3730/4468 4008/3731/4468 4009/3732/4468
f 4007/3730/4469 4009/3732/4469 4010/3733/4469
f 4007/3730/4470 4010/3733/4470 3841/3566/4470
f 4007/3730/4471 3841/3566/4471 3840/3565/4471
f 4007/3730/4472 3840/3565/4472 3844/3569/4472
f 4010/3733/4473 4009/3732/4473 4011/3734/4473
f 4010/3733/4474 4011/3734/4474 4013/3735/4474
f 4010/3733/4475 4013/3735/4475 4015/3736/4475
f 4010/3733/4476 4015/3736/4476 3838/3563/4476
f 4010/3733/4477 3838/3563/4477 3837/3562/4477
f 4010/3733/4478 3837/3562/4478 3841/3566/4478
f 4016/3737/4479 4014/3738/4479 4017/3739/4479
f 4016/3737/4480 4017/3739/4480 4019/3740/4480
f 4016/3737/4481 4019/3740/4481 4021/3741/4481
f 4016/3737/4482 4021/3741/4482 3834/3742/4482
f 4015/3736/4483 3833/3559/4483 3832/3558/4483
f 4015/3736/4484 3832/3558/4484 3838/3563/4484
f 4020/3743/4485 4018/3744/4485 951/3745/4485
f 4020/3743/4486 951/3745/4486 4023/3746/4486
f 4020/3743/4487 4023/3746/4487 938/3747/4487
f 4020/3743/4488 938/3747/4488 3828/3748/4488
f 4022/3749/4489 3829/3553/4489 3827/3552/4489
f 4022/3749/4490 3827/3552/4490 3835/3750/4490
f 4023/3746/4491 951/3745/4491 918/528/4491
f 4023/3746/4492 918/528/4492 4025/3751/4492
f 4024/3752/4493 4026/3753/4493 934/552/4493
f 4024/3752/4494 934/552/4494 939/551/4494
f 4025/3751/4495 918/528/4495 916/527/4495
f 4025/3751/4496 916/527/4496 927/3754/4496
f 4026/3753/4497 928/539/4497 152/555/4497
f 4026/3753/4498 152/555/4498 934/552/4498
f 4019/3740/4499 4017/3739/4499 954/3755/4499
f 4019/3740/4500 954/3755/4500 952/3756/4500
f 4017/3739/4501 4028/3757/4501 4029/3758/4501
f 4017/3739/4502 4029/3758/4502 954/3755/4502
f 4017/3739/4503 4014/3738/4503 4012/3759/4503
f 4017/3739/4504 4012/3759/4504 4028/3757/4504
f 4030/3760/4505 4033/3761/4505 4035/3762/4505
f 4030/3760/4506 4035/3762/4506 4036/3763/4506
f 4030/3760/4507 4036/3763/4507 159/566/4507
f 4030/3760/4508 159/566/4508 955/569/4508
f 4029/3758/4509 4028/3757/4509 4038/3764/4509
f 4029/3758/4510 4038/3764/4510 4032/3765/4510
f 4038/3764/4511 4040/3766/4511 4042/3767/4511
f 4038/3764/4512 4042/3767/4512 4032/3765/4512
f 4037/3768/4513 4027/3769/4513 4011/3734/4513
f 4037/3768/4514 4011/3734/4514 4043/3770/4514
f 4037/3768/4515 4043/3770/4515 4044/3771/4515
f 4037/3768/4516 4044/3771/4516 4039/3772/4516
f 4044/3771/4517 4045/3773/4517 4046/3774/4517
f 4044/3771/4518 4046/3774/4518 4039/3772/4518
f 4044/3771/4519 4043/3770/4519 4008/3731/4519
f 4044/3771/4520 4008/3731/4520 4048/3775/4520
f 4044/3771/4521 4048/3775/4521 4049/3776/4521
f 4044/3771/4522 4049/3776/4522 4045/3773/4522
f 4049/3776/4523 4050/3777/4523 4051/3778/4523
f 4049/3776/4524 4051/3778/4524 4045/3773/4524
f 4049/3776/4525 4048/3775/4525 4005/3728/4525
f 4049/3776/4526 4005/3728/4526 4052/3779/4526
f 4049/3776/4527 4052/3779/4527 4053/3780/4527
f 4049/3776/4528 4053/3780/4528 4050/3777/4528
f 4053/3780/4529 4054/3781/4529 4055/3782/4529
f 4053/3780/4530 4055/3782/4530 4050/3777/4530
f 4053/3780/4531 4052/3779/4531 4002/3725/4531
f 4053/3780/4532 4002/3725/4532 4056/3783/4532
f 4053/3780/4533 4056/3783/4533 4057/3784/4533
f 4053/3780/4534 4057/3784/4534 4054/3781/4534
f 4057/3784/4535 4058/3785/4535 4059/3786/4535
f 4057/3784/4536 4059/3786/4536 4054/3781/4536
f 4057/3784/4537 4056/3783/4537 3999/3722/4537
f 4057/3784/4538 3999/3722/4538 4060/3787/4538
f 4057/3784/4539 4060/3787/4539 4061/3788/4539
f 4057/3784/4540 4061/3788/4540 4058/3785/4540
f 4061/3788/4541 4062/3789/4541 4063/3790/4541
f 4061/3788/4542 4063/3790/4542 4058/3785/4542
f 4061/3788/4543 4060/3787/4543 3996/3719/4543
f 4061/3788/4544 3996/3719/4544 4064/3791/4544
f 4061/3788/4545 4064/3791/4545 4065/3792/4545
f 4061/3788/4546 4065/3792/4546 4062/3789/4546
f 4065/3792/4547 4066/3793/4547 4067/3794/4547
f 4065/3792/4548 4067/3794/4548 4062/3789/4548
f 4065/3792/4549 4064/3791/4549 3993/3716/4549
f 4065/3792/4550 3993/3716/4550 4068/3795/4550
f 4065/3792/4551 4068/3795/4551 4069/3796/4551
f 4065/3792/4552 4069/3796/4552 4066/3793/4552
f 4069/3796/4553 4070/3797/4553 4071/3798/4553
f 4069/3796/4554 4071/3798/4554 4066/3793/4554
f 4069/3796/4555 4068/3795/4555 3990/3713/4555
f 4069/3796/4556 3990/3713/4556 4072/3799/4556
f 4069/3796/4557 4072/3799/4557 4073/3800/4557
f 4069/3796/4558 4073/3800/4558 4070/3797/4558
f 4073/3800/4559 4074/3801/4559 4075/3802/4559
f 4073/3800/4560 4075/3802/4560 4070/3797/4560
f 4073/3800/4561 4072/3799/4561 3985/3708/4561
f 4073/3800/4562 3985/3708/4562 3983/3706/4562
f 4073/3800/4563 3983/3706/4563 3982/3705/4563
f 4073/3800/4564 3982/3705/4564 4074/3801/4564
f 4075/3802/4565 4076/3803/4565 4077/3804/4565
f 4075/3802/4566 4077/3804/4566 4078/3805/4566
f 4075/3802/4567 4078/3805/4567 4071/3798/4567
f 4075/3802/4568 4071/3798/4568 4070/3797/4568
f 4075/3802/4569 4074/3801/4569 4079/3806/4569
f 4075/3802/4570 4079/3806/4570 4076/3803/4570
f 4079/3806/4571 4080/3807/4571 4081/3808/4571
f 4079/3806/4572 4081/3808/4572 4076/3803/4572
f 4079/3806/4573 4074/3801/4573 3982/3705/4573
f 4079/3806/4574 3982/3705/4574 3981/3704/4574
f 4079/3806/4575 3981/3704/4575 4082/3809/4575
f 4079/3806/4576 4082/3809/4576 4080/3807/4576
f 4082/3809/4577 4083/3810/4577 4084/3811/4577
f 4082/3809/4578 4084/3811/4578 4080/3807/4578
f 4082/3809/4579 3981/3704/4579 3979/3702/4579
f 4082/3809/4580 3979/3702/4580 3978/3701/4580
f 4082/3809/4581 3978/3701/4581 4085/3812/4581
f 4082/3809/4582 4085/3812/4582 4083/3810/4582
f 4085/3812/4583 4086/3813/4583 4087/3814/4583
f 4085/3812/4584 4087/3814/4584 4083/3810/4584
f 4085/3812/4585 3978/3701/4585 3976/3699/4585
f 4085/3812/4586 3976/3699/4586 3975/3698/4586
f 4085/3812/4587 3975/3698/4587 4088/3815/4587
f 4085/3812/4588 4088/3815/4588 4086/3813/4588
f 4088/3815/4589 4089/3816/4589 4090/3817/4589
f 4088/3815/4590 4090/3817/4590 4086/3813/4590
f 4088/3815/4591 3975/3698/4591 3973/3696/4591
f 4088/3815/4592 3973/3696/4592 3972/3695/4592
f 4088/3815/4593 3972/3695/4593 4091/3818/4593
f 4088/3815/4594 4091/3818/4594 4089/3816/4594
f 4091/3818/4595 4092/3819/4595 4093/3820/4595
f 4091/3818/4596 4093/3820/4596 4089/3816/4596
f 4091/3818/4597 3972/3695/4597 3970/3693/4597
f 4091/3818/4598 3970/3693/4598 3969/3692/4598
f 4091/3818/4599 3969/3692/4599 4094/3821/4599
f 4091/3818/4600 4094/3821/4600 4092/3819/4600
f 4094/3821/4601 4095/3822/4601 4096/3823/4601
f 4094/3821/4602 4096/3823/4602 4092/3819/4602
f 4094/3821/4603 3969/3692/4603 3967/3690/4603
f 4094/3821/4604 3967/3690/4604 3966/3689/4604
f 4094/3821/4605 3966/3689/4605 4097/3824/4605
f 4094/3821/4606 4097/3824/4606 4095/3822/4606
f 4097/3824/4607 4098/3825/4607 4099/3826/4607
f 4097/3824/4608 4099/3826/4608 4095/3822/4608
f 4097/3824/4609 3966/3689/4609 3964/3687/4609
f 4097/3824/4610 3964/3687/4610 3963/3686/4610
f 4097/3824/4611 3963/3686/4611 2953/2632/4611
f 4097/3824/4612 2953/2632/4612 4098/3825/4612
f 4099/3826/4613 4101/3827/4613 4103/3828/4613
f 4099/3826/4614 4103/3828/4614 4104/3829/4614
f 4099/3826/4615 4104/3829/4615 4096/3823/4615
f 4099/3826/4616 4096/3823/4616 4095/3822/4616
f 4099/3826/4617 4098/3825/4617 2948/3830/4617
f 4099/3826/4618 2948/3830/4618 4101/3827/4618
f 4104/3829/4619 4103/3828/4619 2861/3831/4619
f 4104/3829/4620 2861/3831/4620 4106/3832/4620
f 4104/3829/4621 4106/3832/4621 4107/3833/4621
f 4104/3829/4622 4107/3833/4622 4096/3823/4622
f 4107/3833/4623 4106/3832/4623 2854/3834/4623
f 4107/3833/4624 2854/3834/4624 4108/3835/4624
f 4107/3833/4625 4108/3835/4625 4109/3836/4625
f 4107/3833/4626 4109/3836/4626 4093/3820/4626
f 4107/3833/4627 4093/3820/4627 4092/3819/4627
f 4107/3833/4628 4092/3819/4628 4096/3823/4628
f 4109/3836/4629 4108/3835/4629 2845/2518/4629
f 4109/3836/4630 2845/2518/4630 4110/3837/4630
f 4109/3836/4631 4110/3837/4631 4111/3838/4631
f 4109/3836/4632 4111/3838/4632 4090/3817/4632
f 4109/3836/4633 4090/3817/4633 4089/3816/4633
f 4109/3836/4634 4089/3816/4634 4093/3820/4634
f 4111/3838/4635 4110/3837/4635 2837/2511/4635
f 4111/3838/4636 2837/2511/4636 4112/3839/4636
f 4111/3838/4637 4112/3839/4637 4113/3840/4637
f 4111/3838/4638 4113/3840/4638 4087/3814/4638
f 4111/3838/4639 4087/3814/4639 4086/3813/4639
f 4111/3838/4640 4086/3813/4640 4090/3817/4640
f 4113/3840/4641 4112/3839/4641 2830/2504/4641
f 4113/3840/4642 2830/2504/4642 4114/3841/4642
f 4113/3840/4643 4114/3841/4643 4115/3842/4643
f 4113/3840/4644 4115/3842/4644 4084/3811/4644
f 4113/3840/4645 4084/3811/4645 4083/3810/4645
f 4113/3840/4646 4083/3810/4646 4087/3814/4646
f 4115/3842/4647 4114/3841/4647 2825/2500/4647
f 4115/3842/4648 2825/2500/4648 4116/3843/4648
f 4115/3842/4649 4116/3843/4649 4117/3844/4649
f 4115/3842/4650 4117/3844/4650 4081/3808/4650
f 4115/3842/4651 4081/3808/4651 4080/3807/4651
f 4115/3842/4652 4080/3807/4652 4084/3811/4652
f 4117/3844/4653 4116/3843/4653 4118/3845/4653
f 4117/3844/4654 4118/3845/4654 4119/3846/4654
f 4117/3844/4655 4119/3846/4655 4120/3847/4655
f 4117/3844/4656 4120/3847/4656 4077/3804/4656
f 4117/3844/4657 4077/3804/4657 4076/3803/4657
f 4117/3844/4658 4076/3803/4658 4081/3808/4658
f 4120/3847/4659 4119/3846/4659 4121/3848/4659
f 4120/3847/4660 4121/3848/4660 4122/3849/4660
f 4120/3847/4661 4122/3849/4661 4123/3850/4661
f 4120/3847/4662 4123/3850/4662 4124/3851/4662
f 4120/3847/4663 4124/3851/4663 4078/3805/4663
f 4120/3847/4664 4078/3805/4664 4077/3804/4664
f 4124/3851/4665 4123/3850/4665 4125/3852/4665
f 4124/3851/4666 4125/3852/4666 4126/3853/4666
f 4124/3851/4667 4126/3853/4667 4071/3798/4667
f 4124/3851/4668 4071/3798/4668 4078/3805/4668
f 4126/3853/4669 4125/3852/4669 4127/3854/4669
f 4126/3853/4670 4127/3854/4670 4067/3794/4670
f 4126/3853/4671 4067/3794/4671 4066/3793/4671
f 4126/3853/4672 4066/3793/4672 4071/3798/4672
f 4127/3854/4673 4125/3852/4673 4128/3855/4673
f 4127/3854/4674 4128/3855/4674 4129/3856/4674
f 4127/3854/4675 4129/3856/4675 4130/3857/4675
f 4127/3854/4676 4130/3857/4676 4063/3790/4676
f 4127/3854/4677 4063/3790/4677 4062/3789/4677
f 4127/3854/4678 4062/3789/4678 4067/3794/4678
f 4130/3857/4679 4129/3856/4679 4131/3858/4679
f 4130/3857/4680 4131/3858/4680 4132/3859/4680
f 4130/3857/4681 4132/3859/4681 4133/3860/4681
f 4130/3857/4682 4133/3860/4682 4059/3786/4682
f 4130/3857/4683 4059/3786/4683 4058/3785/4683
f 4130/3857/4684 4058/3785/4684 4063/3790/4684
f 4133/3860/4685 4132/3859/4685 4134/3861/4685
f 4133/3860/4686 4134/3861/4686 4135/3862/4686
f 4133/3860/4687 4135/3862/4687 4136/3863/4687
f 4133/3860/4688 4136/3863/4688 4055/3782/4688
f 4133/3860/4689 4055/3782/4689 4054/3781/4689
f 4133/3860/4690 4054/3781/4690 4059/3786/4690
f 4136/3863/4691 4135/3862/4691 4137/3864/4691
f 4136/3863/4692 4137/3864/4692 4139/3865/4692
f 4136/3863/4693 4139/3865/4693 4141/3866/4693
f 4136/3863/4694 4141/3866/4694 4051/3778/4694
f 4136/3863/4695 4051/3778/4695 4050/3777/4695
f 4136/3863/4696 4050/3777/4696 4055/3782/4696
f 4142/3867/4697 4140/3868/4697 4143/3869/4697
f 4142/3867/4698 4143/3869/4698 4145/3870/4698
f 4142/3867/4699 4145/3870/4699 4148/3871/4699
f 4142/3867/4700 4148/3871/4700 4047/3872/4700
f 4141/3866/4701 4046/3774/4701 4045/3773/4701
f 4141/3866/4702 4045/3773/4702 4051/3778/4702
f 4149/3873/4703 4146/3874/4703 4150/3875/4703
f 4149/3873/4704 4150/3875/4704 910/513/4704
f 4147/3876/4705 909/3877/4705 907/3878/4705
f 4147/3876/4706 907/3878/4706 4041/3879/4706
f 4148/3871/4707 4042/3767/4707 4040/3766/4707
f 4148/3871/4708 4040/3766/4708 4047/3872/4708
f 4150/3875/4709 4151/3880/4709 4152/3881/4709
f 4150/3875/4710 4152/3881/4710 4153/3882/4710
f 4150/3875/4711 4153/3882/4711 131/510/4711
f 4150/3875/4712 131/510/4712 910/513/4712
f 4150/3875/4713 4146/3874/4713 4144/3883/4713
f 4150/3875/4714 4144/3883/4714 4151/3880/4714
f 4153/3882/4715 4152/3881/4715 4154/3884/4715
f 4153/3882/4716 4154/3884/4716 890/482/4716
f 4153/3882/4717 890/482/4717 889/481/4717
f 4153/3882/4718 889/481/4718 131/510/4718
f 4154/3884/4719 835/431/4719 833/430/4719
f 4154/3884/4720 833/430/4720 4155/3885/4720
f 4154/3884/4721 4155/3885/4721 891/483/4721
f 4154/3884/4722 891/483/4722 890/482/4722
f 4154/3884/4723 4152/3881/4723 836/432/4723
f 4154/3884/4724 836/432/4724 835/431/4724
f 4156/3886/4725 834/3887/4725 4158/3888/4725
f 4156/3886/4726 4158/3888/4726 4160/3889/4726
f 4155/3885/4727 4159/3890/4727 892/484/4727
f 4155/3885/4728 892/484/4728 891/483/4728
f 4160/3889/4729 4158/3888/4729 4163/3891/4729
f 4160/3889/4730 4163/3891/4730 4165/3892/4730
f 4160/3889/4731 4165/3892/4731 4167/3893/4731
f 4160/3889/4732 4167/3893/4732 893/3894/4732
f 4166/3895/4733 4168/3896/4733 4169/3897/4733
f 4166/3895/4734 4169/3897/4734 4170/3898/4734
f 4167/3893/4735 4172/3899/4735 897/3900/4735
f 4167/3893/4736 897/3900/4736 893/3894/4736
f 4166/3895/4737 4164/3901/4737 4173/3902/4737
f 4166/3895/4738 4173/3902/4738 4168/3896/4738
f 4173/3902/4739 4175/3903/4739 4177/3904/4739
f 4173/3902/4740 4177/3904/4740 4168/3896/4740
f 4173/3902/4741 4164/3901/4741 4162/3905/4741
f 4173/3902/4742 4162/3905/4742 4178/3906/4742
f 4173/3902/4743 4178/3906/4743 4180/3907/4743
f 4173/3902/4744 4180/3907/4744 4175/3903/4744
f 4179/3908/4745 2737/2414/4745 2736/2413/4745
f 4179/3908/4746 2736/2413/4746 4174/3909/4746
f 4180/3907/4747 4178/3906/4747 2747/2424/4747
f 4180/3907/4748 2747/2424/4748 2744/2423/4748
f 4179/3908/4749 2743/2420/4749 2739/2416/4749
f 4179/3908/4750 2739/2416/4750 2737/2414/4750
f 4178/3906/4751 4162/3905/4751 4182/3910/4751
f 4178/3906/4752 4182/3910/4752 2747/2424/4752
f 4181/3911/4753 4161/3912/4753 4157/3913/4753
f 4181/3911/4754 4157/3913/4754 4183/3914/4754
f 4181/3911/4755 4183/3914/4755 2755/2433/4755
f 4181/3911/4756 2755/2433/4756 2751/2432/4756
f 4182/3910/4757 2752/2428/4757 2748/2425/4757
f 4182/3910/4758 2748/2425/4758 2747/2424/4758
f 4184/3915/4759 4158/3888/4759 834/3887/4759
f 4184/3915/4760 834/3887/4760 831/3916/4760
f 4185/3917/4761 832/3918/4761 829/3919/4761
f 4185/3917/4762 829/3919/4762 2757/3920/4762
f 4176/3921/4763 2735/2412/4763 2729/2406/4763
f 4176/3921/4764 2729/2406/4764 4186/3922/4764
f 4177/3904/4765 4187/3923/4765 4169/3897/4765
f 4177/3904/4766 4169/3897/4766 4168/3896/4766
f 4176/3921/4767 4174/3909/4767 2736/2413/4767
f 4176/3921/4768 2736/2413/4768 2735/2412/4768
f 4186/3922/4769 2729/2406/4769 2725/2402/4769
f 4186/3922/4770 2725/2402/4770 2723/2401/4770
f 4187/3923/4771 2724/3924/4771 4188/3925/4771
f 4187/3923/4772 4188/3925/4772 4169/3897/4772
f 4188/3925/4773 2724/3924/4773 2719/3926/4773
f 4188/3925/4774 2719/3926/4774 2717/3927/4774
f 4188/3925/4775 2717/3927/4775 4189/3928/4775
f 4188/3925/4776 4189/3928/4776 4191/3929/4776
f 4188/3925/4777 4191/3929/4777 4170/3898/4777
f 4188/3925/4778 4170/3898/4778 4169/3897/4778
f 4192/3930/4779 4190/3931/4779 4194/3932/4779
f 4192/3930/4780 4194/3932/4780 904/3933/4780
f 4192/3930/4781 904/3933/4781 896/3934/4781
f 4192/3930/4782 896/3934/4782 4171/3935/4782
f 4194/3932/4783 4190/3931/4783 2710/3936/4783
f 4194/3932/4784 2710/3936/4784 4197/3937/4784
f 4193/3938/4785 4195/3939/4785 4198/3940/4785
f 4193/3938/4786 4198/3940/4786 4199/3941/4786
f 4193/3938/4787 4199/3941/4787 138/497/4787
f 4193/3938/4788 138/497/4788 903/496/4788
f 4199/3941/4789 4198/3940/4789 947/3942/4789
f 4199/3941/4790 947/3942/4790 4201/3943/4790
f 4200/3944/4791 4202/3945/4791 913/521/4791
f 4200/3944/4792 913/521/4792 140/3946/4792
f 4202/3945/4793 948/564/4793 945/563/4793
f 4202/3945/4794 945/563/4794 4203/3947/4794
f 4202/3945/4795 4203/3947/4795 915/522/4795
f 4202/3945/4796 915/522/4796 913/521/4796
f 4203/3947/4797 945/563/4797 920/3948/4797
f 4203/3947/4798 920/3948/4798 4204/3949/4798
f 4203/3947/4799 4204/3949/4799 4205/3950/4799
f 4203/3947/4800 4205/3950/4800 915/522/4800
f 4205/3950/4801 135/511/4801 911/523/4801
f 4205/3950/4802 911/523/4802 915/522/4802
f 4205/3950/4803 4204/3949/4803 4036/3763/4803
f 4205/3950/4804 4036/3763/4804 4035/3762/4804
f 4205/3950/4805 4035/3762/4805 908/512/4805
f 4205/3950/4806 908/512/4806 135/511/4806
f 4204/3949/4807 920/3948/4807 159/566/4807
f 4204/3949/4808 159/566/4808 4036/3763/4808
f 4198/3940/4809 4195/3939/4809 2700/3951/4809
f 4198/3940/4810 2700/3951/4810 4206/3952/4810
f 4198/3940/4811 4206/3952/4811 949/3953/4811
f 4198/3940/4812 949/3953/4812 947/3942/4812
f 4207/3954/4813 2702/3955/4813 2695/2376/4813
f 4207/3954/4814 2695/2376/4814 2693/2375/4814
f 4206/3952/4815 2692/3956/4815 4208/3957/4815
f 4206/3952/4816 4208/3957/4816 949/3953/4816
f 4208/3957/4817 2692/3956/4817 2682/3958/4817
f 4208/3957/4818 2682/3958/4818 2680/3959/4818
f 4208/3957/4819 2680/3959/4819 4209/3960/4819
f 4208/3957/4820 4209/3960/4820 4211/3961/4820
f 4208/3957/4821 4211/3961/4821 154/3962/4821
f 4208/3957/4822 154/3962/4822 949/3953/4822
f 4212/3963/4823 4210/3964/4823 944/557/4823
f 4212/3963/4824 944/557/4824 942/556/4824
f 4212/3963/4825 942/556/4825 926/538/4825
f 4212/3963/4826 926/538/4826 155/540/4826
f 4209/3960/4827 2680/3959/4827 2670/2358/4827
f 4209/3960/4828 2670/2358/4828 2669/2357/4828
f 4209/3960/4829 2669/2357/4829 4213/3965/4829
f 4209/3960/4830 4213/3965/4830 943/3966/4830
f 4196/3967/4831 2709/2390/4831 2704/2384/4831
f 4196/3967/4832 2704/2384/4832 2701/2383/4832
f 4189/3928/4833 2717/3927/4833 2712/2391/4833
f 4189/3928/4834 2712/2391/4834 2709/2390/4834
f 4152/3881/4835 4151/3880/4835 4215/3968/4835
f 4152/3881/4836 4215/3968/4836 836/432/4836
f 4215/3968/4837 98/403/4837 822/433/4837
f 4215/3968/4838 822/433/4838 836/432/4838
f 4215/3968/4839 4151/3880/4839 4144/3883/4839
f 4215/3968/4840 4144/3883/4840 4217/3969/4840
f 4215/3968/4841 4217/3969/4841 816/404/4841
f 4215/3968/4842 816/404/4842 98/403/4842
f 4216/3970/4843 4143/3869/4843 4140/3868/4843
f 4216/3970/4844 4140/3868/4844 4138/3971/4844
f 4216/3970/4845 4138/3971/4845 4219/3972/4845
f 4216/3970/4846 4219/3972/4846 815/3973/4846
f 4219/3972/4847 4221/3974/4847 817/3975/4847
f 4219/3972/4848 817/3975/4848 815/3973/4848
f 4218/3976/4849 4137/3864/4849 4135/3862/4849
f 4218/3976/4850 4135/3862/4850 4134/3861/4850
f 4218/3976/4851 4134/3861/4851 4222/3977/4851
f 4218/3976/4852 4222/3977/4852 4220/3978/4852
f 4222/3977/4853 4223/3979/4853 4225/3980/4853
f 4222/3977/4854 4225/3980/4854 4220/3978/4854
f 4222/3977/4855 4134/3861/4855 4132/3859/4855
f 4222/3977/4856 4132/3859/4856 4131/3858/4856
f 4222/3977/4857 4131/3858/4857 4227/3981/4857
f 4222/3977/4858 4227/3981/4858 4223/3979/4858
f 4227/3981/4859 4228/3982/4859 2796/3983/4859
f 4227/3981/4860 2796/3983/4860 4223/3979/4860
f 4227/3981/4861 4131/3858/4861 4129/3856/4861
f 4227/3981/4862 4129/3856/4862 4128/3855/4862
f 4227/3981/4863 4128/3855/4863 4229/3984/4863
f 4227/3981/4864 4229/3984/4864 4228/3982/4864
f 4229/3984/4865 4230/3985/4865 2803/3986/4865
f 4229/3984/4866 2803/3986/4866 4228/3982/4866
f 4229/3984/4867 4128/3855/4867 4125/3852/4867
f 4229/3984/4868 4125/3852/4868 4123/3850/4868
f 4229/3984/4869 4123/3850/4869 4122/3849/4869
f 4229/3984/4870 4122/3849/4870 4230/3985/4870
f 4230/3985/4871 2812/2486/4871 2805/2485/4871
f 4230/3985/4872 2805/2485/4872 2803/3986/4872
f 4230/3985/4873 4122/3849/4873 4121/3848/4873
f 4230/3985/4874 4121/3848/4874 2812/2486/4874
f 4228/3982/4875 2803/3986/4875 2798/3987/4875
f 4228/3982/4876 2798/3987/4876 2796/3983/4876
f 4226/3988/4877 2791/2472/4877 2786/3989/4877
f 4226/3988/4878 2786/3989/4878 4231/3990/4878
f 4226/3988/4879 4231/3990/4879 817/3975/4879
f 4226/3988/4880 817/3975/4880 4221/3974/4880
f 4226/3988/4881 4224/3991/4881 2797/2473/4881
f 4226/3988/4882 2797/2473/4882 2791/2472/4882
f 4232/3992/4883 2787/2464/4883 2785/2463/4883
f 4232/3992/4884 2785/2463/4884 824/415/4884
f 4232/3992/4885 824/415/4885 814/406/4885
f 4232/3992/4886 814/406/4886 818/405/4886
f 4121/3848/4887 2820/2493/4887 2813/2487/4887
f 4121/3848/4888 2813/2487/4888 2812/2486/4888
f 4121/3848/4889 4119/3846/4889 4118/3845/4889
f 4121/3848/4890 4118/3845/4890 2820/2493/4890
f 4118/3845/4891 2823/2498/4891 2821/2494/4891
f 4118/3845/4892 2821/2494/4892 2820/2493/4892
f 4118/3845/4893 4116/3843/4893 2825/2500/4893
f 4118/3845/4894 2825/2500/4894 2823/2498/4894
f 4114/3841/4895 2830/2504/4895 2826/2501/4895
f 4114/3841/4896 2826/2501/4896 2825/2500/4896
f 4112/3839/4897 2837/2511/4897 2831/2505/4897
f 4112/3839/4898 2831/2505/4898 2830/2504/4898
f 4110/3837/4899 2845/2518/4899 2838/2512/4899
f 4110/3837/4900 2838/2512/4900 2837/2511/4900
f 4108/3835/4901 2854/3834/4901 2847/2519/4901
f 4108/3835/4902 2847/2519/4902 2845/2518/4902
f 4105/3993/4903 2860/2534/4903 2855/2527/4903
f 4105/3993/4904 2855/2527/4904 2853/2526/4904
f 4102/3994/4905 771/3995/4905 2862/2535/4905
f 4102/3994/4906 2862/2535/4906 2860/2534/4906
f 4102/3994/4907 4100/3996/4907 765/3997/4907
f 4102/3994/4908 765/3997/4908 771/3995/4908
f 4100/3996/4909 2947/2626/4909 767/2625/4909
f 4100/3996/4910 767/2625/4910 765/3997/4910
f 4098/3825/4911 2953/2632/4911 2950/2631/4911
f 4098/3825/4912 2950/2631/4912 2948/3830/4912
f 4072/3799/4913 3990/3713/4913 3987/3710/4913
f 4072/3799/4914 3987/3710/4914 3985/3708/4914
f 4068/3795/4915 3993/3716/4915 3991/3714/4915
f 4068/3795/4916 3991/3714/4916 3990/3713/4916
f 4064/3791/4917 3996/3719/4917 3994/3717/4917
f 4064/3791/4918 3994/3717/4918 3993/3716/4918
f 4060/3787/4919 3999/3722/4919 3997/3720/4919
f 4060/3787/4920 3997/3720/4920 3996/3719/4920
f 4056/3783/4921 4002/3725/4921 4000/3723/4921
f 4056/3783/4922 4000/3723/4922 3999/3722/4922
f 4052/3779/4923 4005/3728/4923 4003/3726/4923
f 4052/3779/4924 4003/3726/4924 4002/3725/4924
f 4048/3775/4925 4008/3731/4925 4006/3729/4925
f 4048/3775/4926 4006/3729/4926 4005/3728/4926
f 4043/3770/4927 4011/3734/4927 4009/3732/4927
f 4043/3770/4928 4009/3732/4928 4008/3731/4928
f 4041/3879/4929 907/3878/4929 4034/3998/4929
f 4041/3879/4930 4034/3998/4930 4031/3999/4930
f 3963/3686/4931 2956/2636/4931 2954/2633/4931
f 3963/3686/4932 2954/2633/4932 2953/2632/4932
f 3939/3662/4933 3935/3658/4933 3934/3657/4933
f 3939/3662/4934 3934/3657/4934 4233/4000/4934
f 3939/3662/4935 4233/4000/4935 1487/1113/4935
f 3939/3662/4936 1487/1113/4936 1486/1112/4936
f 4233/4000/4937 3934/3657/4937 3902/3625/4937
f 4233/4000/4938 3902/3625/4938 3901/3624/4938
f 4233/4000/4939 3901/3624/4939 1490/1116/4939
f 4233/4000/4940 1490/1116/4940 1487/1113/4940
f 3934/3657/4941 3930/3653/4941 3904/3627/4941
f 3934/3657/4942 3904/3627/4942 3902/3625/4942
f 3926/3649/4943 3907/3630/4943 3905/3628/4943
f 3926/3649/4944 3905/3628/4944 3904/3627/4944
f 3922/3645/4945 3911/3634/4945 3908/3631/4945
f 3922/3645/4946 3908/3631/4946 3907/3630/4946
f 3899/3622/4947 3898/3621/4947 1488/1114/4947
f 3899/3622/4948 1488/1114/4948 1490/1116/4948
f 3886/3609/4949 3884/3608/4949 1549/1179/4949
f 3886/3609/4950 1549/1179/4950 1548/1178/4950
f 3877/3602/4951 3873/3598/4951 3765/3486/4951
f 3877/3602/3458 3765/3486/3458 3764/3485/3458
f 3877/3602/4952 3764/3485/4952 3385/3066/4952
f 3877/3602/4953 3385/3066/4953 3879/3604/4953
f 3876/3601/4954 1439/1062/4954 1438/1061/4954
f 3876/3601/4955 1438/1061/4955 3872/3597/4955
f 3868/3593/4956 3865/3590/4956 3775/3496/4956
f 3868/3593/4957 3775/3496/4957 3773/3494/4957
f 3868/3593/4958 3773/3494/4958 3771/3492/4958
f 3868/3593/4959 3771/3492/4959 3770/3491/4959
f 3865/3590/4960 3863/3588/4960 3777/3498/4960
f 3865/3590/4961 3777/3498/4961 3775/3496/4961
f 3863/3588/4962 3860/3585/4962 3779/3500/4962
f 3863/3588/4963 3779/3500/4963 3777/3498/4963
f 3828/3748/4964 938/3747/4964 936/3547/4964
f 3828/3748/4965 936/3547/4965 3822/3546/4965
f 3376/3057/4966 3372/3053/4966 1193/825/4966
f 3376/3057/4967 1193/825/4967 1192/824/4967
f 3368/3049/4968 3367/3048/4968 231/819/4968
f 3368/3049/4969 231/819/4969 1193/825/4969
f 3366/3047/4970 1311/962/4970 1303/951/4970
f 3366/3047/4971 1303/951/4971 3361/3042/4971
f 3354/3035/4972 3351/3032/4972 3348/3029/4972
f 3354/3035/4973 3348/3029/4973 3347/3028/4973
f 3308/4001/4974 2656/2348/4974 970/2347/4974
f 3308/4001/4975 970/2347/4975 968/4002/4975
f 3146/2914/4976 3138/2815/4976 1141/767/4976
f 3146/2914/4977 1141/767/4977 1140/766/4977
f 3124/2804/4978 3122/2802/4978 1144/770/4978
f 3124/2804/4979 1144/770/4979 1143/769/4979
f 3122/2802/4980 3120/2800/4980 4234/4003/4980
f 3122/2802/4981 4234/4003/4981 1144/770/4981
f 4234/4003/4982 4235/4004/4982 4237/4005/4982
f 4234/4003/4983 4237/4005/4983 1133/761/4983
f 4234/4003/4984 1133/761/4984 1132/760/4984
f 4234/4003/4985 1132/760/4985 1144/770/4985
f 4234/4003/4986 3120/2800/4986 3116/2799/4986
f 4234/4003/4987 3116/2799/4987 4235/4004/4987
f 4237/4005/4988 3105/4006/4988 4239/4007/4988
f 4237/4005/4989 4239/4007/4989 4240/4008/4989
f 4237/4005/4990 4240/4008/4990 1134/762/4990
f 4237/4005/4991 1134/762/4991 1133/761/4991
f 4237/4005/4992 4235/4004/4992 3107/4009/4992
f 4237/4005/4993 3107/4009/4993 3105/4006/4993
f 4240/4008/4994 4239/4007/4994 4243/4010/4994
f 4240/4008/4995 4243/4010/4995 4244/4011/4995
f 4241/4012/4996 4245/4013/4996 1139/4014/4996
f 4241/4012/4997 1139/4014/4997 1135/4015/4997
f 4244/4011/4998 4243/4010/4998 4247/4016/4998
f 4244/4011/4999 4247/4016/4999 4248/4017/4999
f 4245/4013/5000 4249/4018/5000 4251/4019/5000
f 4245/4013/5001 4251/4019/5001 1139/4014/5001
f 4251/4019/5002 4249/4018/5002 4253/4020/5002
f 4251/4019/5003 4253/4020/5003 4255/4021/5003
f 4250/4022/5004 4254/4023/5004 4256/4024/5004
f 4250/4022/5005 4256/4024/5005 4257/4025/5005
f 4250/4022/5006 4257/4025/5006 1136/763/5006
f 4250/4022/5007 1136/763/5007 1138/765/5007
f 4257/4025/5008 4256/4024/5008 1126/752/5008
f 4257/4025/5009 1126/752/5009 1125/751/5009
f 4257/4025/5010 1125/751/5010 1137/764/5010
f 4257/4025/5011 1137/764/5011 1136/763/5011
f 4256/4024/5012 4254/4023/5012 1076/695/5012
f 4256/4024/5013 1076/695/5013 1075/694/5013
f 4256/4024/5014 1075/694/5014 1079/698/5014
f 4256/4024/5015 1079/698/5015 1126/752/5015
f 4255/4021/5016 4253/4020/5016 4259/4026/5016
f 4255/4021/5017 4259/4026/5017 1077/4027/5017
f 4258/4028/5018 3081/4029/5018 3075/4030/5018
f 4258/4028/5019 3075/4030/5019 1118/4031/5019
f 4259/4026/5020 1119/744/5020 211/743/5020
f 4259/4026/5021 211/743/5021 1077/4027/5021
f 4258/4028/5022 4252/4032/5022 4261/4033/5022
f 4258/4028/5023 4261/4033/5023 3081/4029/5023
f 4260/4034/5024 3086/2766/5024 3082/2761/5024
f 4260/4034/5025 3082/2761/5025 3080/2760/5025
f 4261/4033/5026 4252/4032/5026 4248/4017/5026
f 4261/4033/5027 4248/4017/5027 4247/4016/5027
f 4260/4034/5028 4246/4035/5028 4262/4036/5028
f 4260/4034/5029 4262/4036/5029 3086/2766/5029
f 4262/4036/5030 3090/4037/5030 3087/2767/5030
f 4262/4036/5031 3087/2767/5031 3086/2766/5031
f 4262/4036/5032 4246/4035/5032 4242/4038/5032
f 4262/4036/5033 4242/4038/5033 4263/4039/5033
f 4262/4036/5034 4263/4039/5034 3093/4040/5034
f 4262/4036/5035 3093/4040/5035 3090/4037/5035
f 4263/4039/5036 4242/4038/5036 4238/4041/5036
f 4263/4039/5037 4238/4041/5037 3101/2779/5037
f 4263/4039/5038 3101/2779/5038 3096/2778/5038
f 4263/4039/5039 3096/2778/5039 3093/4040/5039
f 4238/4041/5040 3104/2783/5040 3102/2780/5040
f 4238/4041/5041 3102/2780/5041 3101/2779/5041
f 4236/4042/5042 3117/2796/5042 3111/2795/5042
f 4236/4042/5043 3111/2795/5043 3108/4043/5043
f 3085/2764/5044 2599/2284/5044 2597/2282/5044
f 3085/2764/5045 2597/2282/5045 2596/2281/5045
f 3079/2765/5046 2596/2281/5046 2594/2279/5046
f 3079/2765/5047 2594/2279/5047 2593/2278/5047
f 3072/4044/5048 2589/4045/5048 2585/4046/5048
f 3072/4044/5049 2585/4046/5049 2582/4047/5049
f 3073/2751/5050 2583/4048/5050 3065/4049/5050
f 3073/2751/5051 3065/4049/5051 3063/2752/5051
f 3072/4044/5052 3070/2757/5052 2592/2759/5052
f 3072/4044/5053 2592/2759/5053 2589/4045/5053
f 3065/4049/5054 2583/4048/5054 2576/2265/5054
f 3065/4049/5055 2576/2265/5055 1083/2264/5055
f 3066/2745/5056 1084/703/5056 197/702/5056
f 3066/2745/5057 197/702/5057 3060/2746/5057
f 3053/2734/5058 1117/742/5058 1082/701/5058
f 3053/2734/5059 1082/701/5059 1123/748/5059
f 2995/2678/5060 2993/2676/5060 2992/2675/5060
f 2995/2678/5061 2992/2675/5061 1546/1176/5061
f 2940/2617/5062 2891/2616/5062 2884/2555/5062
f 2940/2617/5063 2884/2555/5063 2883/2554/5063
f 2940/2617/5064 2883/2554/5064 764/346/5064
f 2940/2617/5065 764/346/5065 763/345/5065
f 2883/2554/5066 2878/2548/5066 773/353/5066
f 2883/2554/5067 773/353/5067 764/346/5067
f 2872/2544/5068 2870/2543/5068 799/4050/5068
f 2872/2544/5069 799/4050/5069 740/327/5069
f 2872/2544/5070 740/327/5070 739/326/5070
f 2872/2544/5071 739/326/5071 2859/2532/5071
f 2859/2532/5072 739/326/5072 745/330/5072
f 2859/2532/5073 745/330/5073 2851/2533/5073
f 2844/4051/5074 738/324/5074 691/278/5074
f 2844/4051/5075 691/278/5075 4265/4052/5075
f 2843/2517/5076 4264/4053/5076 2836/2509/5076
f 2843/2517/5077 2836/2509/5077 2834/2508/5077
f 2844/4051/5078 2842/2525/5078 746/2524/5078
f 2844/4051/5079 746/2524/5079 738/324/5079
f 4265/4052/5080 691/278/5080 689/277/5080
f 4265/4052/5081 689/277/5081 1484/1109/5081
f 4264/4053/5082 1483/4054/5082 1470/1095/5082
f 4264/4053/5083 1470/1095/5083 2836/2509/5083
f 2836/2509/5084 1470/1095/5084 1468/1094/5084
f 2836/2509/5085 1468/1094/5085 2828/2510/5085
f 2819/2491/5086 1479/4055/5086 694/4056/5086
f 2819/2491/5087 694/4056/5087 699/4057/5087
f 2819/2491/5088 699/4057/5088 2810/2483/5088
f 2819/2491/5089 2810/2483/5089 2809/2482/5089
f 2819/2491/5090 2818/2490/5090 1477/1103/5090
f 2819/2491/5091 1477/1103/5091 1479/4055/5091
f 2811/4058/5092 700/285/5092 696/284/5092
f 2811/4058/5093 696/284/5093 714/298/5093
f 2811/4058/5094 714/298/5094 713/297/5094
f 2811/4058/5095 713/297/5095 2802/4059/5095
f 2785/2463/5096 2784/2462/5096 825/416/5096
f 2785/2463/5097 825/416/5097 824/415/5097
f 2784/2462/5098 2781/2457/5098 2778/2453/5098
f 2784/2462/5099 2778/2453/5099 4266/4060/5099
f 2784/2462/5100 4266/4060/5100 826/423/5100
f 2784/2462/5101 826/423/5101 825/416/5101
f 4266/4060/5102 2778/2453/5102 2773/2452/5102
f 4266/4060/5103 2773/2452/5103 2771/4061/5103
f 4266/4060/5104 2771/4061/5104 107/424/5104
f 4266/4060/5105 107/424/5105 826/423/5105
f 2771/4061/5106 2766/4062/5106 827/425/5106
f 2771/4061/5107 827/425/5107 107/424/5107
f 2767/4063/5108 2761/4064/5108 2756/4065/5108
f 2767/4063/5109 2756/4065/5109 828/4066/5109
f 2735/2412/5110 2732/2409/5110 2730/2407/5110
f 2735/2412/5111 2730/2407/5111 2729/2406/5111
f 2728/2405/5112 2220/1864/5112 4267/4067/5112
f 2728/2405/5113 4267/4067/5113 4268/4068/5113
f 2728/2405/5114 4268/4068/5114 2722/2400/5114
f 2728/2405/5115 2722/2400/5115 2721/2399/5115
f 2728/2405/5116 2727/2404/5116 2221/1865/5116
f 2728/2405/5117 2221/1865/5117 2220/1864/5117
f 4268/4068/5118 4267/4067/5118 2208/1852/5118
f 4268/4068/5119 2208/1852/5119 4269/4069/5119
f 4268/4068/5120 4269/4069/5120 4270/4070/5120
f 4268/4068/5121 4270/4070/5121 2722/2400/5121
f 4270/4070/5122 4269/4069/5122 2205/1849/5122
f 4270/4070/5123 2205/1849/5123 4271/4071/5123
f 4270/4070/5124 4271/4071/5124 4272/4072/5124
f 4270/4070/5125 4272/4072/5125 2715/2395/5125
f 4270/4070/5126 2715/2395/5126 2714/2394/5126
f 4270/4070/5127 2714/2394/5127 2722/2400/5127
f 4272/4072/5128 4271/4071/5128 2201/1845/5128
f 4272/4072/5129 2201/1845/5129 4273/4073/5129
f 4272/4072/5130 4273/4073/5130 4274/4074/5130
f 4272/4072/5131 4274/4074/5131 2708/2388/5131
f 4272/4072/5132 2708/2388/5132 2707/2387/5132
f 4272/4072/5133 2707/2387/5133 2715/2395/5133
f 4274/4074/5134 4273/4073/5134 4275/4075/5134
f 4274/4074/5135 4275/4075/5135 4276/4076/5135
f 4274/4074/5136 4276/4076/5136 4277/4077/5136
f 4274/4074/5137 4277/4077/5137 2699/2381/5137
f 4274/4074/5138 2699/2381/5138 2698/2380/5138
f 4274/4074/5139 2698/2380/5139 2708/2388/5139
f 4277/4077/5140 4276/4076/5140 4278/4078/5140
f 4277/4077/5141 4278/4078/5141 4279/4079/5141
f 4277/4077/5142 4279/4079/5142 4280/4080/5142
f 4277/4077/5143 4280/4080/5143 2690/4081/5143
f 4277/4077/5144 2690/4081/5144 2688/2382/5144
f 4277/4077/5145 2688/2382/5145 2699/2381/5145
f 4280/4080/5146 4279/4079/5146 4281/4082/5146
f 4280/4080/5147 4281/4082/5147 4282/4083/5147
f 4280/4080/5148 4282/4083/5148 4283/4084/5148
f 4280/4080/5149 4283/4084/5149 2678/4085/5149
f 4280/4080/5150 2678/4085/5150 2675/4086/5150
f 4280/4080/5151 2675/4086/5151 2690/4081/5151
f 4283/4084/5152 4282/4083/5152 4285/4087/5152
f 4283/4084/5153 4285/4087/5153 983/4088/5153
f 4284/4089/5154 984/592/5154 982/591/5154
f 4284/4089/5155 982/591/5155 2668/4090/5155
f 4284/4089/5156 2668/4090/5156 2666/2364/5156
f 4284/4089/5157 2666/2364/5157 2679/2363/5157
f 4285/4087/5158 4286/4091/5158 992/4092/5158
f 4285/4087/5159 992/4092/5159 990/4093/5159
f 4285/4087/5160 990/4093/5160 975/4094/5160
f 4285/4087/5161 975/4094/5161 983/4088/5161
f 4285/4087/5162 4282/4083/5162 4281/4082/5162
f 4285/4087/5163 4281/4082/5163 4286/4091/5163
f 4286/4091/5164 4287/4095/5164 1007/4096/5164
f 4286/4091/5165 1007/4096/5165 992/4092/5165
f 4286/4091/5166 4281/4082/5166 4288/4097/5166
f 4286/4091/5167 4288/4097/5167 4287/4095/5167
f 4288/4097/5168 4289/4098/5168 4290/4099/5168
f 4288/4097/5169 4290/4099/5169 4287/4095/5169
f 4288/4097/5170 4281/4082/5170 4279/4079/5170
f 4288/4097/5171 4279/4079/5171 4278/4078/5171
f 4288/4097/5172 4278/4078/5172 4291/4100/5172
f 4288/4097/5173 4291/4100/5173 4289/4098/5173
f 4291/4100/5174 2197/1841/5174 2196/1840/5174
f 4291/4100/5175 2196/1840/5175 4289/4098/5175
f 4291/4100/5176 4278/4078/5176 4276/4076/5176
f 4291/4100/5177 4276/4076/5177 4275/4075/5177
f 4291/4100/5178 4275/4075/5178 2199/1843/5178
f 4291/4100/5179 2199/1843/5179 2197/1841/5179
f 4290/4099/5180 2189/1839/5180 2185/1827/5180
f 4290/4099/5181 2185/1827/5181 1009/4101/5181
f 4290/4099/5182 1009/4101/5182 1007/4096/5182
f 4290/4099/5183 1007/4096/5183 4287/4095/5183
f 4290/4099/5184 4289/4098/5184 2196/1840/5184
f 4290/4099/5185 2196/1840/5185 2189/1839/5185
f 4275/4075/5186 4273/4073/5186 2201/1845/5186
f 4275/4075/5187 2201/1845/5187 2199/1843/5187
f 4271/4071/5188 2205/1849/5188 2202/1846/5188
f 4271/4071/5189 2202/1846/5189 2201/1845/5189
f 4269/4069/5190 2208/1852/5190 2206/1850/5190
f 4269/4069/5191 2206/1850/5191 2205/1849/5191
f 4267/4067/5192 2212/1856/5192 2209/1853/5192
f 4267/4067/5193 2209/1853/5193 2208/1852/5193
f 4267/4067/5194 2220/1864/5194 2218/1862/5194
f 4267/4067/5195 2218/1862/5195 2212/1856/5195
f 2669/2357/5196 2662/2351/5196 2660/2350/5196
f 2669/2357/5197 2660/2350/5197 4213/3965/5197
f 2667/2355/5198 981/597/5198 988/596/5198
f 2667/2355/5199 988/596/5199 2659/2356/5199
f 2650/2343/5200 2653/2342/5200 4292/4102/5200
f 2650/2343/5201 4292/4102/5201 2661/4103/5201
f 2643/2330/5202 1152/783/5202 1006/618/5202
f 2643/2330/5203 1006/618/5203 1004/616/5203
f 2639/2325/5204 2638/2324/5204 1147/778/5204
f 2639/2325/5205 1147/778/5205 1152/783/5205
f 2638/2324/5206 2637/2323/5206 1148/779/5206
f 2638/2324/5207 1148/779/5207 1147/778/5207
f 2568/2252/5208 2567/2251/5208 1107/741/5208
f 2568/2252/5209 1107/741/5209 1115/740/5209
f 2568/2252/5210 1115/740/5210 1090/709/5210
f 2568/2252/5211 1090/709/5211 1089/708/5211
f 2505/2183/5212 2487/2182/5212 2482/2159/5212
f 2505/2183/5213 2482/2159/5213 2481/2158/5213
f 2499/2174/5214 2032/1668/5214 496/104/5214
f 2499/2174/5215 496/104/5215 500/106/5215
f 2499/2174/5216 500/106/5216 2494/2168/5216
f 2499/2174/5217 2494/2168/5217 2493/2167/5217
f 2499/2174/5218 2037/1675/5218 2033/1669/5218
f 2499/2174/5219 2033/1669/5219 2032/1668/5219
f 2494/2168/5220 500/106/5220 488/100/5220
f 2494/2168/5221 488/100/5221 501/4104/5221
f 2494/2168/5222 501/4104/5222 512/4105/5222
f 2494/2168/5223 512/4105/5223 2485/2169/5223
f 2462/2138/5224 2342/2137/5224 2333/1981/5224
f 2462/2138/5225 2333/1981/5225 2331/1980/5225
f 2339/4106/5226 664/4107/5226 2328/4108/5226
f 664/4107/5227 66/4109/5227 2328/4108/5227
f 2250/1894/5228 2248/1892/5228 2243/1887/5228
f 2250/1894/5229 2243/1887/5229 4293/4110/5229
f 2250/1894/5230 4293/4110/5230 732/315/5230
f 2250/1894/5231 732/315/5231 731/314/5231
f 4293/4110/5232 2243/1887/5232 2240/1884/5232
f 4293/4110/5233 2240/1884/5233 2239/1883/5233
f 4293/4110/5234 2239/1883/5234 736/318/5234
f 4293/4110/5235 736/318/5235 732/315/5235
f 2246/1890/5236 4294/4111/5236 2230/1874/5236
f 2246/1890/5237 2230/1874/5237 811/397/5237
f 2246/1890/5238 811/397/5238 810/396/5238
f 2246/1890/5239 810/396/5239 2242/1886/5239
f 2246/1890/5240 1954/1592/5240 1952/1590/5240
f 2246/1890/5241 1952/1590/5241 4294/4111/5241
f 2216/1860/5242 4295/4112/5242 4296/4113/5242
f 2216/1860/5243 4296/4113/5243 4297/4114/5243
f 2216/1860/5244 4297/4114/5244 886/476/5244
f 2216/1860/5245 886/476/5245 2211/1855/5245
f 2216/1860/5246 2215/1859/5246 4298/4115/5246
f 2216/1860/5247 4298/4115/5247 4295/4112/5247
f 4298/4115/5248 4300/4116/5248 4302/4117/5248
f 4298/4115/5249 4302/4117/5249 4295/4112/5249
f 4298/4115/5250 2215/1859/5250 843/442/5250
f 4298/4115/5251 843/442/5251 4303/4118/5251
f 4298/4115/5252 4303/4118/5252 4305/4119/5252
f 4298/4115/5253 4305/4119/5253 4300/4116/5253
f 4304/4120/5254 4306/4121/5254 4308/4122/5254
f 4304/4120/5255 4308/4122/5255 4299/4123/5255
f 4305/4119/5256 4303/4118/5256 4309/4124/5256
f 4305/4119/5257 4309/4124/5257 4311/4125/5257
f 4304/4120/5258 4310/4126/5258 4313/4127/5258
f 4304/4120/5259 4313/4127/5259 4306/4121/5259
f 4315/4128/5260 4318/4129/5260 4321/4130/5260
f 4315/4128/5261 4321/4130/5261 4307/4131/5261
f 4314/4132/5262 4312/4133/5262 4323/4134/5262
f 4314/4132/5263 4323/4134/5263 4324/4135/5263
f 4314/4132/5264 4324/4135/5264 4325/4136/5264
f 4314/4132/5265 4325/4136/5265 4316/4137/5265
f 4326/4138/5266 1780/4139/5266 1775/4140/5266
f 4326/4138/5267 1775/4140/5267 4317/4141/5267
f 4325/4136/5268 4324/4135/5268 4327/4142/5268
f 4325/4136/5269 4327/4142/5269 4328/4143/5269
f 4326/4138/5270 4329/4144/5270 4331/4145/5270
f 4326/4138/5271 4331/4145/5271 1780/4139/5271
f 4330/4146/5272 1786/1423/5272 1782/1416/5272
f 4330/4146/5273 1782/1416/5273 1779/1415/5273
f 4330/4146/5274 4328/4143/5274 1938/1577/5274
f 4330/4146/5275 1938/1577/5275 4332/4147/5275
f 4330/4146/5276 4332/4147/5276 4333/4148/5276
f 4330/4146/5277 4333/4148/5277 1786/1423/5277
f 4333/4148/5278 1792/1428/5278 1787/1424/5278
f 4333/4148/5279 1787/1424/5279 1786/1423/5279
f 4333/4148/5280 4332/4147/5280 1933/4149/5280
f 4333/4148/5281 1933/4149/5281 4334/4150/5281
f 4333/4148/5282 4334/4150/5282 4335/4151/5282
f 4333/4148/5283 4335/4151/5283 1792/1428/5283
f 4335/4151/5284 863/461/5284 1793/1429/5284
f 4335/4151/5285 1793/1429/5285 1792/1428/5285
f 4335/4151/5286 4334/4150/5286 4336/4152/5286
f 4335/4151/5287 4336/4152/5287 4337/4153/5287
f 4335/4151/5288 4337/4153/5288 860/459/5288
f 4335/4151/5289 860/459/5289 863/461/5289
f 4337/4153/5290 4336/4152/5290 4339/4154/5290
f 4337/4153/5291 4339/4154/5291 4341/4155/5291
f 4337/4153/5292 4341/4155/5292 862/460/5292
f 4337/4153/5293 862/460/5293 860/459/5293
f 4340/4156/5294 4338/4157/5294 1826/4158/5294
f 4340/4156/5295 1826/4158/5295 1823/4159/5295
f 4340/4156/5296 1823/4159/5296 1820/4160/5296
f 4340/4156/5297 1820/4160/5297 861/4161/5297
f 4339/4154/5298 4336/4152/5298 1929/4162/5298
f 4339/4154/5299 1929/4162/5299 1924/4163/5299
f 4338/4157/5300 1923/1561/5300 1919/1557/5300
f 4338/4157/5301 1919/1557/5301 1826/4158/5301
f 4336/4152/5302 4334/4150/5302 1933/4149/5302
f 4336/4152/5303 1933/4149/5303 1929/4162/5303
f 4332/4147/5304 1938/1577/5304 1935/1575/5304
f 4332/4147/5305 1935/1575/5305 1933/4149/5305
f 4328/4143/5306 4327/4142/5306 1940/1578/5306
f 4328/4143/5307 1940/1578/5307 1938/1577/5307
f 4327/4142/5308 4324/4135/5308 4323/4134/5308
f 4327/4142/5309 4323/4134/5309 1946/4164/5309
f 4327/4142/5310 1946/4164/5310 1942/4165/5310
f 4327/4142/5311 1942/4165/5311 1940/1578/5311
f 4322/4166/5312 4311/4125/5312 4309/4124/5312
f 4322/4166/5313 4309/4124/5313 4342/4167/5313
f 4322/4166/5314 4342/4167/5314 1947/1585/5314
f 4322/4166/5315 1947/1585/5315 1945/1584/5315
f 4342/4167/5316 4309/4124/5316 842/441/5316
f 4342/4167/5317 842/441/5317 846/445/5317
f 4342/4167/5318 846/445/5318 1948/1586/5318
f 4342/4167/5319 1948/1586/5319 1947/1585/5319
f 4320/4168/5320 1770/4169/5320 1765/4170/5320
f 4320/4168/5321 1765/4170/5321 1763/4171/5321
f 4319/4172/5322 1762/1399/5322 4308/4122/5322
f 4319/4172/5323 4308/4122/5323 4306/4121/5323
f 4320/4168/5324 4317/4141/5324 1775/4140/5324
f 4320/4168/5325 1775/4140/5325 1770/4169/5325
f 4309/4124/5326 4303/4118/5326 843/442/5326
f 4309/4124/5327 843/442/5327 842/441/5327
f 4308/4122/5328 1762/1399/5328 1758/1395/5328
f 4308/4122/5329 1758/1395/5329 1757/1394/5329
f 4308/4122/5330 1757/1394/5330 4301/4173/5330
f 4308/4122/5331 4301/4173/5331 4299/4123/5331
f 4301/4173/5332 1757/1394/5332 1752/1390/5332
f 4301/4173/5333 1752/1390/5333 1750/1389/5333
f 4302/4117/5334 1751/4174/5334 4296/4113/5334
f 4302/4117/5335 4296/4113/5335 4295/4112/5335
f 4297/4114/5336 4296/4113/5336 1742/1383/5336
f 4297/4114/5337 1742/1383/5337 4343/4175/5337
f 4297/4114/5338 4343/4175/5338 887/479/5338
f 4297/4114/5339 887/479/5339 886/476/5339
f 4343/4175/5340 1742/1383/5340 1736/1377/5340
f 4343/4175/5341 1736/1377/5341 1735/1376/5341
f 4343/4175/5342 1735/1376/5342 1043/656/5342
f 4343/4175/5343 1043/656/5343 887/479/5343
f 4296/4113/5344 1751/4174/5344 1744/1384/5344
f 4296/4113/5345 1744/1384/5345 1742/1383/5345
f 2204/1848/5346 884/474/5346 881/478/5346
f 2204/1848/5347 881/478/5347 1021/634/5347
f 2185/1827/5348 2183/1825/5348 1011/624/5348
f 2185/1827/5349 1011/624/5349 1009/4101/5349
f 2183/1825/5350 2182/1824/5350 1013/625/5350
f 2183/1825/5351 1013/625/5351 1011/624/5351
f 2181/1823/5352 2178/1820/5352 1055/674/5352
f 2181/1823/5353 1055/674/5353 1054/673/5353
f 2176/1818/5354 2175/1817/5354 1059/678/5354
f 2176/1818/5355 1059/678/5355 1056/675/5355
f 2155/1798/5356 1699/1343/5356 1696/1340/5356
f 2155/1798/5357 1696/1340/5357 1695/1339/5357
f 2150/1792/5358 1695/1339/5358 1691/1335/5358
f 2150/1792/5359 1691/1335/5359 1690/1334/5359
f 2143/1784/5360 1690/1334/5360 1686/1330/5360
f 2143/1784/5361 1686/1330/5361 1685/1329/5361
f 2136/2257/5362 2130/1770/5362 460/1769/5362
f 2136/2257/5363 460/1769/5363 458/2258/5363
f 2133/1785/5364 1685/1329/5364 1682/1326/5364
f 2133/1785/5365 1682/1326/5365 1680/1325/5365
f 2128/1778/5366 1681/1777/5366 1678/4176/5366
f 2128/1778/5367 1678/4176/5367 1675/4177/5367
f 2120/1768/5368 1674/1321/5368 1664/1315/5368
f 2120/1768/5369 1664/1315/5369 1658/4178/5369
f 2117/1760/5370 2114/1759/5370 436/4179/5370
f 2117/1760/5371 436/4179/5371 460/1769/5371
f 2113/1755/5372 450/64/5372 438/49/5372
f 2113/1755/5373 438/49/5373 435/72/5373
f 2032/1668/5374 2028/1666/5374 497/105/5374
f 2032/1668/5375 497/105/5375 496/104/5375
f 1992/1634/5376 1988/1630/5376 1985/1626/5376
f 1992/1634/5377 1985/1626/5377 1984/1625/5377
f 1987/1628/5378 571/176/5378 568/171/5378
f 1987/1628/5379 568/171/5379 566/1629/5379
f 1983/1624/5380 566/1629/5380 564/166/5380
f 1983/1624/5381 564/166/5381 584/185/5381
f 1970/1608/5382 1968/1606/5382 537/136/5382
f 1970/1608/5383 537/136/5383 536/135/5383
f 1968/1606/5384 1966/1604/5384 539/139/5384
f 1968/1606/5385 539/139/5385 537/136/5385
f 1952/1590/5386 1950/1588/5386 845/444/5386
f 1952/1590/5387 845/444/5387 4294/4111/5387
f 1950/1588/5388 1948/1586/5388 846/445/5388
f 1950/1588/5389 846/445/5389 845/444/5389
f 1919/1557/5390 1832/1463/5390 1828/1462/5390
f 1919/1557/5391 1828/1462/5391 1826/4158/5391
f 1905/1538/5392 1903/4180/5392 579/180/5392
f 1905/1538/5393 579/180/5393 577/179/5393
f 1905/1538/5394 577/179/5394 581/181/5394
f 1905/1538/5395 581/181/5395 545/146/5395
f 1873/1553/5396 1869/4181/5396 1858/4182/5396
f 1873/1553/5397 1858/4182/5397 1856/1487/5397
f 1847/1476/5398 1813/1448/5398 558/161/5398
f 1847/1476/5399 558/161/5399 557/160/5399
f 1820/4160/5400 1816/4183/5400 856/4184/5400
f 1820/4160/5401 856/4184/5401 861/4161/5401
f 1818/4185/5402 1810/1444/5402 858/457/5402
f 1818/4185/5403 858/457/5403 857/456/5403
f 1814/1485/5404 1069/1484/5404 1067/1442/5404
f 1814/1485/5405 1067/1442/5405 1806/1441/5405
f 1801/1435/5406 1799/1434/5406 1068/688/5406
f 1801/1435/5407 1068/688/5407 1066/687/5407
f 1791/1427/5408 875/4186/5408 873/1421/5408
f 1791/1427/5409 873/1421/5409 1785/1420/5409
f 1735/1376/5410 1728/1372/5410 1727/1371/5410
f 1735/1376/5411 1727/1371/5411 1043/656/5411
f 1727/1371/5412 1723/1367/5412 1722/1366/5412
f 1727/1371/5413 1722/1366/5413 1053/671/5413
f 1727/1371/5414 1053/671/5414 1044/657/5414
f 1727/1371/5415 1044/657/5415 1043/656/5415
f 1722/1366/5416 1718/1362/5416 1717/1361/5416
f 1722/1366/5417 1717/1361/5417 1049/667/5417
f 1722/1366/5418 1049/667/5418 1048/666/5418
f 1722/1366/5419 1048/666/5419 1053/671/5419
f 1721/1365/5420 542/143/5420 1716/1360/5420
f 1721/1365/5421 1716/1360/5421 1715/1359/5421
f 1716/1360/5422 542/143/5422 541/142/5422
f 1716/1360/5423 541/142/5423 550/152/5423
f 1716/1360/5424 550/152/5424 1711/1355/5424
f 1716/1360/5425 1711/1355/5425 1710/1354/5425
f 1711/1355/5426 550/152/5426 549/151/5426
f 1711/1355/5427 549/151/5427 1065/685/5427
f 1711/1355/5428 1065/685/5428 1062/682/5428
f 1711/1355/5429 1062/682/5429 1706/1350/5429
f 1698/1342/5430 1064/684/5430 1063/683/5430
f 1698/1342/5431 1063/683/5431 553/155/5431
f 1689/1333/5432 444/58/5432 443/57/5432
f 1689/1333/5433 443/57/5433 1684/1328/5433
f 1673/1319/5434 469/81/5434 465/80/5434
f 1673/1319/5435 465/80/5435 1669/1320/5435
f 1673/1319/5436 1672/1318/5436 441/55/5436
f 1673/1319/5437 441/55/5437 447/61/5437
f 1591/1702/5438 1578/1216/5438 485/1215/5438
f 1591/1702/5439 485/1215/5439 487/1703/5439
f 1587/1225/5440 1585/1224/5440 1577/1256/5440
f 1587/1225/5441 1577/1256/5441 1575/4187/5441
f 4345/4188/5442 1562/1195/5442 1557/1194/5442
f 4345/4188/5443 1557/1194/5443 4349/4189/5443
f 4344/4190/5444 3384/3065/5444 1540/1168/5444
f 4344/4190/5445 1540/1168/5445 1538/1167/5445
f 4345/4188/5446 1539/1172/5446 1545/1171/5446
f 4345/4188/5447 1545/1171/5447 1562/1195/5447
f 1562/1195/5448 1545/1171/5448 1535/1161/5448
f 1562/1195/5449 1535/1161/5449 370/1165/5449
f 371/4191/5450 369/4192/5450 1561/4193/5450
f 371/4191/5451 1561/4193/5451 3668/4194/5451
f 3636/3339/5452 1563/1198/5452 372/1197/5452
f 3636/3339/5453 372/1197/5453 3667/3379/5453
f 3666/4195/5454 1560/4196/5454 4351/4197/5454
f 3666/4195/5455 4351/4197/5455 3665/4198/5455
f 1558/4199/5456 1510/4200/5456 1499/4201/5456
f 1558/4199/5457 1499/4201/5457 4350/4202/5457
f 1556/1189/5458 1555/1188/5458 4354/4203/5458
f 1556/1189/5459 4354/4203/5459 4348/4204/5459
f 1555/1188/5460 1553/1182/5460 4356/4205/5460
f 1555/1188/5461 4356/4205/5461 4354/4203/5461
f 4355/4206/5462 1550/4207/5462 3885/4208/5462
f 4355/4206/5463 3885/4208/5463 4353/4209/5463
f 4356/4205/5464 1553/1182/5464 1531/1181/5464
f 4356/4205/5465 1531/1181/5465 1536/4210/5465
f 4356/4205/5466 1536/4210/5466 1543/4211/5466
f 4356/4205/5467 1543/4211/5467 1551/4212/5467
f 1545/1171/5468 1544/1170/5468 1537/1162/5468
f 1545/1171/5469 1537/1162/5469 1535/1161/5469
f 4350/4202/5470 1499/4201/5470 1496/4213/5470
f 4350/4202/5471 1496/4213/5471 4357/4214/5471
f 4358/4215/5472 1498/4216/5472 1504/1126/5472
f 4358/4215/5473 1504/1126/5473 1506/1125/5473
f 360/1156/5474 1534/1159/5474 3664/3377/5474
f 360/1156/5475 3664/3377/5475 4352/4217/5475
f 4357/4214/5476 1505/4218/5476 356/4219/5476
f 4357/4214/5477 356/4219/5477 4350/4202/5477
f 1522/1146/5478 1507/3359/5478 1503/4220/5478
f 1522/1146/5479 1503/4220/5479 1495/1147/5479
f 1483/4054/5480 1480/4221/5480 1471/1096/5480
f 1483/4054/5481 1471/1096/5481 1470/1095/5481
f 1482/4222/5482 1479/4055/5482 1477/1103/5482
f 1482/4222/5483 1477/1103/5483 1472/1102/5483
f 1465/1085/5484 3867/3592/5484 4359/4223/5484
f 1465/1085/5485 4359/4223/5485 1458/1086/5485
f 1463/1082/5486 1460/1081/5486 4362/4224/5486
f 1463/1082/5487 4362/4224/5487 1456/4225/5487
f 1461/4226/5488 1457/4227/5488 1429/1053/5488
f 1461/4226/5489 1429/1053/5489 1426/1052/5489
f 1460/1081/5490 1459/1080/5490 4361/4228/5490
f 1460/1081/5491 4361/4228/5491 4364/4229/5491
f 1460/1081/5492 4364/4229/5492 320/4230/5492
f 1460/1081/5493 320/4230/5493 4362/4224/5493
f 1454/1071/5494 4366/4231/5494 1401/4232/5494
f 1454/1071/5495 1401/4232/5495 1396/1072/5495
f 1453/4233/5496 1451/4234/5496 4367/4235/5496
f 1453/4233/5497 4367/4235/5497 4368/4236/5497
f 1453/4233/5498 4368/4236/5498 4369/4237/5498
f 1453/4233/5499 4369/4237/5499 4365/4238/5499
f 4369/4237/5500 4370/4239/5500 4371/4240/5500
f 4369/4237/5501 4371/4240/5501 4365/4238/5501
f 4369/4237/5502 4368/4236/5502 4373/4241/5502
f 4369/4237/5503 4373/4241/5503 4374/4242/5503
f 4369/4237/5504 4374/4242/5504 4375/4243/5504
f 4369/4237/5505 4375/4243/5505 4370/4239/5505
f 4375/4243/5506 4376/4244/5506 4378/4245/5506
f 4375/4243/5507 4378/4245/5507 4370/4239/5507
f 4375/4243/5508 4374/4242/5508 4380/4246/5508
f 4375/4243/5509 4380/4246/5509 4381/4247/5509
f 4375/4243/5510 4381/4247/5510 4382/4248/5510
f 4375/4243/5511 4382/4248/5511 4376/4244/5511
f 4382/4248/5512 4381/4247/5512 4384/4249/5512
f 4382/4248/5513 4384/4249/5513 4385/4250/5513
f 4383/4251/5514 4386/4252/5514 4388/4253/5514
f 4383/4251/5515 4388/4253/5515 4390/4254/5515
f 4383/4251/5516 4390/4254/5516 4392/4255/5516
f 4383/4251/5517 4392/4255/5517 4377/4256/5517
f 4392/4255/5518 4394/4257/5518 4379/4258/5518
f 4392/4255/5519 4379/4258/5519 4377/4256/5519
f 4391/4259/5520 4389/4260/5520 4395/4261/5520
f 4391/4259/5521 4395/4261/5521 4396/4262/5521
f 4391/4259/5522 4396/4262/5522 4397/4263/5522
f 4391/4259/5523 4397/4263/5523 4393/4264/5523
f 4397/4263/5524 4398/4265/5524 4400/4266/5524
f 4397/4263/5525 4400/4266/5525 4393/4264/5525
f 4397/4263/5526 4396/4262/5526 4403/4267/5526
f 4397/4263/5527 4403/4267/5527 4404/4268/5527
f 4397/4263/5528 4404/4268/5528 4405/4269/5528
f 4397/4263/5529 4405/4269/5529 4398/4265/5529
f 4406/4270/5530 4407/4271/5530 4408/4272/5530
f 4406/4270/5531 4408/4272/5531 4399/4273/5531
f 4405/4269/5532 4404/4268/5532 4409/4274/5532
f 4405/4269/5533 4409/4274/5533 4410/4275/5533
f 4406/4270/5534 4411/4276/5534 4412/4277/5534
f 4406/4270/5535 4412/4277/5535 4407/4271/5535
f 4412/4277/5536 4414/4278/5536 4416/4279/5536
f 4412/4277/5537 4416/4279/5537 4407/4271/5537
f 4412/4277/5538 4411/4276/5538 4418/4280/5538
f 4412/4277/5539 4418/4280/5539 4419/4281/5539
f 4412/4277/5540 4419/4281/5540 1441/1064/5540
f 4412/4277/5541 1441/1064/5541 4414/4278/5541
f 4419/4281/5542 4418/4280/5542 4421/4282/5542
f 4419/4281/5543 4421/4282/5543 1450/4283/5543
f 4419/4281/5544 1450/4283/5544 1444/1065/5544
f 4419/4281/5545 1444/1065/5545 1441/1064/5545
f 4421/4282/5546 4418/4280/5546 4423/4284/5546
f 4421/4282/5547 4423/4284/5547 4425/4285/5547
f 4420/4286/5548 4424/4287/5548 4426/4288/5548
f 4420/4286/5549 4426/4288/5549 4367/4235/5549
f 4420/4286/5550 4367/4235/5550 1451/4234/5550
f 4420/4286/5551 1451/4234/5551 1448/4289/5551
f 4426/4288/5552 4373/4241/5552 4368/4236/5552
f 4426/4288/5553 4368/4236/5553 4367/4235/5553
f 4426/4288/5554 4424/4287/5554 4427/4290/5554
f 4426/4288/5555 4427/4290/5555 4430/4291/5555
f 4426/4288/5556 4430/4291/5556 4431/4292/5556
f 4426/4288/5557 4431/4292/5557 4373/4241/5557
f 4431/4292/5558 4380/4246/5558 4374/4242/5558
f 4431/4292/5559 4374/4242/5559 4373/4241/5559
f 4431/4292/5560 4430/4291/5560 4432/4293/5560
f 4431/4292/5561 4432/4293/5561 4433/4294/5561
f 4431/4292/5562 4433/4294/5562 4434/4295/5562
f 4431/4292/5563 4434/4295/5563 4380/4246/5563
f 4434/4295/5564 4384/4249/5564 4381/4247/5564
f 4434/4295/5565 4381/4247/5565 4380/4246/5565
f 4434/4295/5566 4433/4294/5566 4435/4296/5566
f 4434/4295/5567 4435/4296/5567 4436/4297/5567
f 4434/4295/5568 4436/4297/5568 4437/4298/5568
f 4434/4295/5569 4437/4298/5569 4384/4249/5569
f 4437/4298/5570 4436/4297/5570 4438/4299/5570
f 4437/4298/5571 4438/4299/5571 4439/4300/5571
f 4437/4298/5572 4439/4300/5572 4440/4301/5572
f 4437/4298/5573 4440/4301/5573 4443/4302/5573
f 4437/4298/5574 4443/4302/5574 4385/4250/5574
f 4437/4298/5575 4385/4250/5575 4384/4249/5575
f 4444/4303/5576 4442/4304/5576 4446/4305/5576
f 4444/4303/5577 4446/4305/5577 4448/4306/5577
f 4444/4303/5578 4448/4306/5578 4388/4253/5578
f 4444/4303/5579 4388/4253/5579 4386/4252/5579
f 4447/4307/5580 4445/4308/5580 4449/4309/5580
f 4447/4307/5581 4449/4309/5581 4450/4310/5581
f 4447/4307/5582 4450/4310/5582 4451/4311/5582
f 4447/4307/5583 4451/4311/5583 4387/4312/5583
f 4451/4311/5584 4395/4261/5584 4389/4260/5584
f 4451/4311/5585 4389/4260/5585 4387/4312/5585
f 4451/4311/5586 4450/4310/5586 4452/4313/5586
f 4451/4311/5587 4452/4313/5587 4453/4314/5587
f 4451/4311/5588 4453/4314/5588 4454/4315/5588
f 4451/4311/5589 4454/4315/5589 4395/4261/5589
f 4454/4315/5590 4403/4267/5590 4396/4262/5590
f 4454/4315/5591 4396/4262/5591 4395/4261/5591
f 4454/4315/5592 4453/4314/5592 4455/4316/5592
f 4454/4315/5593 4455/4316/5593 4456/4317/5593
f 4454/4315/5594 4456/4317/5594 4457/4318/5594
f 4454/4315/5595 4457/4318/5595 4403/4267/5595
f 4457/4318/5596 4409/4274/5596 4404/4268/5596
f 4457/4318/5597 4404/4268/5597 4403/4267/5597
f 4457/4318/5598 4456/4317/5598 4458/4319/5598
f 4457/4318/5599 4458/4319/5599 4460/4320/5599
f 4457/4318/5600 4460/4320/5600 4422/4321/5600
f 4457/4318/5601 4422/4321/5601 4409/4274/5601
f 4462/4322/5602 4459/4323/5602 4464/4324/5602
f 4462/4322/5603 4464/4324/5603 4429/4325/5603
f 4461/4326/5604 4428/4327/5604 4425/4285/5604
f 4461/4326/5605 4425/4285/5605 4423/4284/5605
f 4464/4324/5606 4459/4323/5606 4466/4328/5606
f 4464/4324/5607 4466/4328/5607 4468/4329/5607
f 4463/4330/5608 4467/4331/5608 4469/4332/5608
f 4463/4330/5609 4469/4332/5609 4432/4293/5609
f 4463/4330/5610 4432/4293/5610 4430/4291/5610
f 4463/4330/5611 4430/4291/5611 4427/4290/5611
f 4469/4332/5612 4467/4331/5612 4470/4333/5612
f 4469/4332/5613 4470/4333/5613 4472/4334/5613
f 4469/4332/5614 4472/4334/5614 4473/4335/5614
f 4469/4332/5615 4473/4335/5615 4435/4296/5615
f 4469/4332/5616 4435/4296/5616 4433/4294/5616
f 4469/4332/5617 4433/4294/5617 4432/4293/5617
f 4473/4335/5618 4472/4334/5618 4474/4336/5618
f 4473/4335/5619 4474/4336/5619 4475/4337/5619
f 4473/4335/5620 4475/4337/5620 4476/4338/5620
f 4473/4335/5621 4476/4338/5621 4438/4299/5621
f 4473/4335/5622 4438/4299/5622 4436/4297/5622
f 4473/4335/5623 4436/4297/5623 4435/4296/5623
f 4476/4338/5624 4475/4337/5624 4477/4339/5624
f 4476/4338/5625 4477/4339/5625 4478/4340/5625
f 4476/4338/5626 4478/4340/5626 1377/4341/5626
f 4476/4338/5627 1377/4341/5627 4479/4342/5627
f 4476/4338/5628 4479/4342/5628 4439/4300/5628
f 4476/4338/5629 4439/4300/5629 4438/4299/5629
f 4480/4343/5630 1378/1017/5630 1376/1016/5630
f 4480/4343/5631 1376/1016/5631 4483/4344/5631
f 4479/4342/5632 4481/4345/5632 4440/4301/5632
f 4479/4342/5633 4440/4301/5633 4439/4300/5633
f 4482/4346/5634 1375/1028/5634 1387/1027/5634
f 4482/4346/5635 1387/1027/5635 4484/4347/5635
f 4482/4346/5636 4484/4347/5636 4445/4308/5636
f 4482/4346/5637 4445/4308/5637 4441/4348/5637
f 4484/4347/5638 1387/1027/5638 4486/4349/5638
f 4484/4347/5639 4486/4349/5639 4487/4350/5639
f 4484/4347/5640 4487/4350/5640 4449/4309/5640
f 4484/4347/5641 4449/4309/5641 4445/4308/5641
f 4487/4350/5642 4486/4349/5642 4489/4351/5642
f 4487/4350/5643 4489/4351/5643 4490/4352/5643
f 4487/4350/5644 4490/4352/5644 4491/4353/5644
f 4487/4350/5645 4491/4353/5645 4449/4309/5645
f 4491/4353/5646 4452/4313/5646 4450/4310/5646
f 4491/4353/5647 4450/4310/5647 4449/4309/5647
f 4491/4353/5648 4490/4352/5648 4492/4354/5648
f 4491/4353/5649 4492/4354/5649 4493/4355/5649
f 4491/4353/5650 4493/4355/5650 4494/4356/5650
f 4491/4353/5651 4494/4356/5651 4452/4313/5651
f 4494/4356/5652 4455/4316/5652 4453/4314/5652
f 4494/4356/5653 4453/4314/5653 4452/4313/5653
f 4494/4356/5654 4493/4355/5654 4495/4357/5654
f 4494/4356/5655 4495/4357/5655 4497/4358/5655
f 4494/4356/5656 4497/4358/5656 4465/4359/5656
f 4494/4356/5657 4465/4359/5657 4455/4316/5657
f 4498/4360/5658 4496/4361/5658 4500/4362/5658
f 4498/4360/5659 4500/4362/5659 4471/4363/5659
f 4498/4360/5660 4471/4363/5660 4468/4329/5660
f 4498/4360/5661 4468/4329/5661 4466/4328/5661
f 4500/4362/5662 4496/4361/5662 4502/4364/5662
f 4500/4362/5663 4502/4364/5663 4504/4365/5663
f 4499/4366/5664 4503/4367/5664 4505/4368/5664
f 4499/4366/5665 4505/4368/5665 4474/4336/5665
f 4499/4366/5666 4474/4336/5666 4472/4334/5666
f 4499/4366/5667 4472/4334/5667 4470/4333/5667
f 4505/4368/5668 4503/4367/5668 1341/4369/5668
f 4505/4368/5669 1341/4369/5669 4506/4370/5669
f 4505/4368/5670 4506/4370/5670 4507/4371/5670
f 4505/4368/5671 4507/4371/5671 4477/4339/5671
f 4505/4368/5672 4477/4339/5672 4475/4337/5672
f 4505/4368/5673 4475/4337/5673 4474/4336/5673
f 4507/4371/5674 4506/4370/5674 1391/4372/5674
f 4507/4371/5675 1391/4372/5675 4508/4373/5675
f 4507/4371/5676 4508/4373/5676 4509/4374/5676
f 4507/4371/5677 4509/4374/5677 4510/4375/5677
f 4507/4371/5678 4510/4375/5678 4478/4340/5678
f 4507/4371/5679 4478/4340/5679 4477/4339/5679
f 4510/4375/5680 4509/4374/5680 1384/4376/5680
f 4510/4375/5681 1384/4376/5681 1379/4377/5681
f 4510/4375/5682 1379/4377/5682 1377/4341/5682
f 4510/4375/5683 1377/4341/5683 4478/4340/5683
f 4509/4374/5684 4508/4373/5684 4511/4378/5684
f 4509/4374/5685 4511/4378/5685 4513/4379/5685
f 4509/4374/5686 4513/4379/5686 4516/4380/5686
f 4509/4374/5687 4516/4380/5687 1384/4376/5687
f 4518/4381/5688 4515/4382/5688 4521/4383/5688
f 4518/4381/5689 4521/4383/5689 1358/4384/5689
f 4517/4385/5690 1357/1004/5690 298/1003/5690
f 4517/4385/5691 298/1003/5691 1369/4386/5691
f 4519/4387/5692 1370/4388/5692 1382/4389/5692
f 4519/4387/5693 1382/4389/5693 1386/4390/5693
f 4520/4391/5694 4514/4392/5694 4512/4393/5694
f 4520/4391/5695 4512/4393/5695 4523/4394/5695
f 4520/4391/5696 4523/4394/5696 4524/4395/5696
f 4520/4391/5697 4524/4395/5697 4525/4396/5697
f 4521/4383/5698 4526/4397/5698 1361/4398/5698
f 4521/4383/5699 1361/4398/5699 1358/4384/5699
f 4525/4396/5700 4524/4395/5700 4527/4399/5700
f 4525/4396/5701 4527/4399/5701 4528/4400/5701
f 4526/4397/5702 4529/4401/5702 4530/4402/5702
f 4526/4397/5703 4530/4402/5703 1361/4398/5703
f 4530/4402/5704 4529/4401/5704 1307/956/5704
f 4530/4402/5705 1307/956/5705 1304/955/5705
f 4531/4403/5706 1305/961/5706 1310/960/5706
f 4531/4403/5707 1310/960/5707 4532/4404/5707
f 4531/4403/5708 4532/4404/5708 1363/4405/5708
f 4531/4403/5709 1363/4405/5709 1360/4406/5709
f 4532/4404/5710 1310/960/5710 1321/972/5710
f 4532/4404/5711 1321/972/5711 4534/4407/5711
f 4532/4404/5712 4534/4407/5712 4536/4408/5712
f 4532/4404/5713 4536/4408/5713 1363/4405/5713
f 4537/4409/5714 1356/4410/5714 300/4411/5714
f 4537/4409/5715 300/4411/5715 1364/4412/5715
f 4535/4413/5716 4533/4414/5716 4538/4415/5716
f 4535/4413/5717 4538/4415/5717 4540/4416/5717
f 4535/4413/5718 4540/4416/5718 4543/4417/5718
f 4535/4413/5719 4543/4417/5719 1355/4418/5719
f 4543/4417/5720 1389/4419/5720 308/4420/5720
f 4543/4417/5721 308/4420/5721 1355/4418/5721
f 4544/4421/5722 4541/4422/5722 4524/4395/5722
f 4544/4421/5723 4524/4395/5723 4523/4394/5723
f 4542/4423/5724 4522/4424/5724 4511/4378/5724
f 4542/4423/5725 4511/4378/5725 1388/4425/5725
f 4541/4422/5726 4539/4426/5726 4527/4399/5726
f 4541/4422/5727 4527/4399/5727 4524/4395/5727
f 4538/4415/5728 4533/4414/5728 1320/4427/5728
f 4538/4415/5729 1320/4427/5729 4545/4428/5729
f 4539/4426/5730 4546/4429/5730 4547/4430/5730
f 4539/4426/5731 4547/4430/5731 4527/4399/5731
f 4528/4400/5732 4527/4399/5732 4547/4430/5732
f 4528/4400/5733 4547/4430/5733 1306/4431/5733
f 4511/4378/5734 4508/4373/5734 1391/4372/5734
f 4511/4378/5735 1391/4372/5735 1388/4425/5735
f 4506/4370/5736 1341/4369/5736 1338/4432/5736
f 4506/4370/5737 1338/4432/5737 1391/4372/5737
f 4504/4365/5738 4502/4364/5738 1334/980/5738
f 4504/4365/5739 1334/980/5739 1342/979/5739
f 4501/4433/5740 4495/4357/5740 4493/4355/5740
f 4501/4433/5741 4493/4355/5741 4492/4354/5741
f 4501/4433/5742 4492/4354/5742 1336/4434/5742
f 4501/4433/5743 1336/4434/5743 1333/4435/5743
f 4492/4354/5744 4490/4352/5744 4489/4351/5744
f 4492/4354/5745 4489/4351/5745 1336/4434/5745
f 4488/4436/5746 4485/4437/5746 4548/4438/5746
f 4488/4436/5747 4548/4438/5747 4551/4439/5747
f 4488/4436/5748 4551/4439/5748 1337/976/5748
f 4488/4436/5749 1337/976/5749 1335/975/5749
f 4551/4439/5750 4548/4438/5750 4552/4440/5750
f 4551/4439/5751 4552/4440/5751 4554/4441/5751
f 4551/4439/5752 4554/4441/5752 1346/984/5752
f 4551/4439/5753 1346/984/5753 1337/976/5753
f 4554/4441/5754 4552/4440/5754 4556/4442/5754
f 4554/4441/5755 4556/4442/5755 1352/4443/5755
f 4554/4441/5756 1352/4443/5756 1348/4444/5756
f 4554/4441/5757 1348/4444/5757 1346/984/5757
f 4556/4442/5758 4552/4440/5758 1324/4445/5758
f 4556/4442/5759 1324/4445/5759 1322/4446/5759
f 4557/4447/5760 1323/4448/5760 1330/4449/5760
f 4557/4447/5761 1330/4449/5761 1366/4450/5761
f 4555/4451/5762 1365/4452/5762 294/4453/5762
f 4555/4451/5763 294/4453/5763 1351/4454/5763
f 4553/4455/5764 4550/4456/5764 1374/1014/5764
f 4553/4455/5765 1374/1014/5765 1326/1013/5765
f 4549/4457/5766 4486/4349/5766 1387/1027/5766
f 4549/4457/5767 1387/1027/5767 1373/1026/5767
f 4465/4359/5768 4458/4319/5768 4456/4317/5768
f 4465/4359/5769 4456/4317/5769 4455/4316/5769
f 4422/4321/5770 4417/4458/5770 4410/4275/5770
f 4422/4321/5771 4410/4275/5771 4409/4274/5771
f 4415/4459/5772 1410/4460/5772 1412/4461/5772
f 4415/4459/5773 1412/4461/5773 4558/4462/5773
f 4416/4279/5774 4559/4463/5774 4408/4272/5774
f 4416/4279/5775 4408/4272/5775 4407/4271/5775
f 4415/4459/5776 4413/4464/5776 1395/4465/5776
f 4415/4459/5777 1395/4465/5777 1410/4460/5777
f 4408/4272/5778 4559/4463/5778 1423/4466/5778
f 4408/4272/5779 1423/4466/5779 4560/4467/5779
f 4408/4272/5780 4560/4467/5780 4401/4468/5780
f 4408/4272/5781 4401/4468/5781 4399/4273/5781
f 4561/4469/5782 1424/1050/5782 313/1049/5782
f 4561/4469/5783 313/1049/5783 1415/4470/5783
f 4561/4469/5784 1415/4470/5784 4563/4471/5784
f 4561/4469/5785 4563/4471/5785 4402/4472/5785
f 4564/4473/5786 1416/4474/5786 1406/4475/5786
f 4564/4473/5787 1406/4475/5787 4372/4476/5787
f 4562/4477/5788 4371/4240/5788 4370/4239/5788
f 4562/4477/5789 4370/4239/5789 4378/4245/5789
f 4563/4471/5790 4379/4258/5790 4394/4257/5790
f 4563/4471/5791 4394/4257/5791 4402/4472/5791
f 4371/4240/5792 1404/4478/5792 1400/4479/5792
f 4371/4240/5793 1400/4479/5793 4365/4238/5793
f 4359/4223/5794 3867/3592/5794 1436/1059/5794
f 4359/4223/5795 1436/1059/5795 322/1055/5795
f 4360/4480/5796 323/4481/5796 1431/4482/5796
f 4360/4480/5797 1431/4482/5797 4363/4483/5797
f 4363/4483/5798 1431/4482/5798 1420/4484/5798
f 4363/4483/5799 1420/4484/5799 317/4485/5799
f 1383/1020/5800 1372/4486/5800 1367/4487/5800
f 1383/1020/5801 1367/4487/5801 1331/1021/5801
f 1318/969/5802 1308/968/5802 278/952/5802
f 1318/969/5803 278/952/5803 1312/963/5803
f 4545/4428/5804 1320/4427/5804 282/4488/5804
f 4545/4428/5805 282/4488/5805 1316/4489/5805
f 4546/4429/5806 1317/4490/5806 1300/4491/5806
f 4546/4429/5807 1300/4491/5807 4547/4430/5807
f 4547/4430/5808 1300/4491/5808 1297/4492/5808
f 4547/4430/5809 1297/4492/5809 1306/4431/5809
f 1217/3184/5810 3497/3183/5810 3502/3189/5810
f 1217/3184/5811 3502/3189/5811 272/925/5811
f 3551/3240/5812 1218/4493/5812 273/4494/5812
f 3551/3240/5813 273/4494/5813 1282/3241/5813
f 1182/813/5814 1179/812/5814 1174/801/5814
f 1182/813/5815 1174/801/5815 1171/800/5815
f 1115/740/5816 1095/739/5816 199/4495/5816
f 1115/740/5817 199/4495/5817 1090/709/5817
f 1065/685/5818 549/151/5818 553/155/5818
f 1065/685/5819 553/155/5819 1063/683/5819
f 1052/669/5820 1045/658/5820 1044/657/5820
f 1052/669/5821 1044/657/5821 1047/665/5821
f 1033/648/5822 1024/639/5822 1023/638/5822
f 1033/648/5823 1023/638/5823 4566/4496/5823
f 1032/645/5824 4565/4497/5824 996/4498/5824
f 1032/645/5825 996/4498/5825 1017/630/5825
f 4566/4496/5826 1023/638/5826 1029/642/5826
f 4566/4496/5827 1029/642/5827 980/2329/5827
f 4565/4497/5828 979/589/5828 977/588/5828
f 4565/4497/5829 977/588/5829 996/4498/5829
f 1018/4499/5830 997/604/5830 995/603/5830
f 1018/4499/5831 995/603/5831 180/4500/5831
f 1007/4096/5832 179/623/5832 994/4501/5832
f 1007/4096/5833 994/4501/5833 992/4092/5833
f 4214/4502/5834 4567/4503/5834 161/553/5834
f 4214/4502/5835 161/553/5835 944/557/5835
f 942/556/5836 152/555/5836 928/539/5836
f 942/556/5837 928/539/5837 926/538/5837
f 941/554/5838 161/553/5838 4567/4503/5838
f 941/554/5839 4567/4503/5839 933/544/5839
f 2655/2346/5840 2656/2348/5840 929/542/5840
f 2655/2346/5841 929/542/5841 149/541/5841
f 2655/2346/5842 149/541/5842 4292/4102/5842
f 2655/2346/5843 4292/4102/5843 2653/2342/5843
f 853/452/5844 852/451/5844 837/435/5844
f 853/452/5845 837/435/5845 841/439/5845
f 852/451/5846 851/450/5846 838/436/5846
f 852/451/5847 838/436/5847 837/435/5847
f 826/423/5848 823/413/5848 103/412/5848
f 826/423/5849 103/412/5849 825/416/5849
f 806/390/5850 782/4504/5850 788/4505/5850
f 806/390/5851 788/4505/5851 749/391/5851
f 804/4506/5852 802/4507/5852 783/364/5852
f 804/4506/5853 783/364/5853 781/363/5853
f 92/321/5854 760/372/5854 786/368/5854
f 92/321/5855 786/368/5855 789/367/5855
f 787/366/5856 785/365/5856 759/340/5856
f 787/366/5857 759/340/5857 757/339/5857
f 787/366/5858 757/339/5858 750/4508/5858
f 787/366/5859 750/4508/5859 747/4509/5859
f 717/320/5860 715/4510/5860 697/4511/5860
f 717/320/5861 697/4511/5861 703/370/5861
f 676/4512/5862 673/4513/5862 644/4514/5862
f 676/4512/5863 644/4514/5863 649/4515/5863
f 674/261/5864 623/218/5864 622/217/5864
f 674/261/5865 622/217/5865 646/4516/5865
f 660/4517/5866 595/4518/5866 603/4519/5866
f 660/4517/5867 603/4519/5867 651/4520/5867
f 654/4521/5868 651/4520/5868 603/4519/5868
f 654/4521/5869 603/4519/5869 2273/4522/5869
f 2273/4522/5870 603/4519/5870 600/4523/5870
f 2273/4522/5871 600/4523/5871 529/4524/5871
f 647/240/5872 608/206/5872 607/205/5872
f 647/240/5873 607/205/5873 629/223/5873
f 647/240/5874 55/235/5874 609/207/5874
f 647/240/5875 609/207/5875 608/206/5875
f 621/239/5876 615/4525/5876 589/190/5876
f 621/239/5877 589/190/5877 588/189/5877
f 614/2067/5878 524/2066/5878 35/4526/5878
f 614/2067/5879 35/4526/5879 593/4527/5879
f 2272/1915/5880 528/4528/5880 37/133/5880
f 2272/1915/5881 37/133/5881 540/140/5881
f 2271/1912/5882 2272/1915/5882 540/140/5882
f 2271/1912/5883 540/140/5883 2260/1904/5883
f 513/120/5884 502/4529/5884 426/4530/5884
f 513/120/5885 426/4530/5885 32/115/5885
f 495/4531/5886 433/4532/5886 430/4533/5886
f 495/4531/5887 430/4533/5887 27/4534/5887
f 479/93/5888 477/92/5888 406/4535/5888
f 479/93/5889 406/4535/5889 401/1692/5889
f 468/78/5890 421/32/5890 420/31/5890
f 468/78/5891 420/31/5891 461/74/5891
f 462/75/5892 461/74/5892 420/31/5892
f 462/75/5893 420/31/5893 418/30/5893
f 408/4536/5894 1/1/5894 386/4/5894
f 408/4536/5895 386/4/5895 404/16/5895
f 1323/4448/5896 1325/4537/5896 1327/4538/5896
f 1323/4448/5897 1327/4538/5897 1330/4449/5897
f 247/4539/5898 1220/4540/5898 1170/4541/5898
f 1220/4540/5899 244/4542/5899 1170/4541/5899
f 1506/1125/5900 365/1129/5900 358/4543/5900
f 365/1129/5901 1553/1182/5901 358/4543/5901
f 849/448/5902 2227/1871/5902 845/444/5902
f 849/448/5903 845/444/5903 115/440/5903
f 2227/1871/5904 2230/1874/5904 4294/4111/5904
f 2227/1871/5905 4294/4111/5905 845/444/5905
f 933/544/5906 4567/4503/5906 4292/4102/5906
f 933/544/5907 4292/4102/5907 149/541/5907
f 4567/4503/5908 4214/4502/5908 2661/4103/5908
f 4567/4503/5909 2661/4103/5909 4292/4102/5909
f 318/4544/5910 1423/4466/5910 1413/4545/5910
f 1423/4466/5911 4559/4463/5911 1413/4545/5911
f 330/4546/5912 1399/4547/5912 4572/4548/5912
f 330/4546/5913 4572/4548/5913 334/4549/5913
f 4568/4550/5914 4571/4551/5914 1394/4552/5914
f 4571/4551/5915 1398/4553/5915 1394/4552/5915
f 4413/4464/5916 1440/4554/5916 4569/4555/5916
f 4413/4464/5917 4569/4555/5917 1395/4465/5917
f 1422/4556/5918 321/4557/5918 1414/4558/5918
f 1422/4556/5919 1414/4558/5919 315/4559/5919
f 1442/4560/5920 328/4561/5920 4570/4562/5920
f 328/4561/5921 333/4563/5921 4573/4564/5921
f 328/4561/5922 4573/4564/5922 4570/4562/5922
f 1419/4565/5923 332/4566/5923 325/4567/5923
f 1419/4565/5924 325/4567/5924 316/4568/5924
f 327/4569/5925 4362/4224/5925 320/4230/5925
f 327/4569/5926 1447/4570/5926 1456/4225/5926
f 327/4569/5927 1456/4225/5927 4362/4224/5927
f 4347/4571/5928 4353/4209/5928 3885/4208/5928
f 4347/4571/5929 3885/4208/5929 3882/4572/5929
f 4344/4190/5930 4346/4573/5930 3385/3066/5930
f 4344/4190/5931 3385/3066/5931 3384/3065/5931
f 4346/4573/5932 3881/3606/5932 3879/3604/5932
f 4346/4573/5933 3879/3604/5933 3385/3066/5933
