# Blender 3.3.1
# www.blender.org
mtllib Sheath.mtl
o Sheath
v 0.078728 0.075146 0.051573
v 0.038037 0.080212 0.025526
v 0.013518 0.065089 0.021318
v 0.034662 0.085371 -0.006116
v 3.305648 0.167928 0.160360
v 2.976531 0.110690 0.142370
v 7.315413 0.076087 0.019208
v 7.156620 0.069067 0.013935
v 3.262969 0.065024 0.024317
v 2.970776 0.074017 0.053844
v 2.739072 0.055996 0.059767
v 2.738851 0.058429 0.077646
v 2.574554 0.071582 0.090948
v 2.791664 0.071455 0.075876
v 2.874599 0.076515 0.055884
v 2.931110 0.052285 0.035143
v 2.675202 0.064357 0.062668
v 2.555683 0.051262 0.033841
v 2.431822 0.063671 0.029618
v 2.241012 0.123432 0.029075
v 2.435793 0.065978 0.056044
v 2.442779 0.040468 0.064253
v 2.623002 0.095076 0.126276
v 2.661456 0.059538 0.133285
v 2.695214 0.133434 0.109078
v 2.622835 0.122525 0.133638
v 2.588356 0.116395 0.178587
v 2.734750 0.088946 0.155284
v 2.740721 0.061647 0.147442
v 2.717441 0.052019 0.159151
v 2.720923 0.059246 0.187390
v 2.629787 0.062099 0.160083
v 2.627695 0.060345 0.174207
v 2.804252 0.029004 0.087901
v 2.897087 0.035865 0.079444
v 3.345643 0.015626 0.057724
v 6.573436 0.040460 0.033274
v 7.372600 -0.082963 0.034248
v 7.351873 -0.218876 0.004446
v 2.767187 -0.135770 0.105547
v 2.729113 -0.222297 0.193038
v 2.724044 -0.130179 0.174995
v 2.729877 -0.162973 0.181614
v 2.772948 -0.090742 0.149630
v 2.754528 -0.116909 0.133965
v 2.716337 -0.215723 0.139545
v 2.680469 -0.237179 0.168127
v 2.590878 -0.198595 0.134364
v 2.637449 -0.207462 0.151353
v 2.548841 -0.134755 0.178211
v 2.616427 -0.137663 0.179424
v 2.673014 -0.133240 0.184767
v 2.625198 -0.197816 0.169588
v 2.521612 -0.220919 0.195836
v 2.516618 -0.145712 0.174423
v 2.531025 -0.238417 0.164934
v 2.552965 -0.221781 0.143350
v 2.510911 -0.152997 0.105207
v 2.512320 -0.103737 0.130322
v 2.495959 -0.081223 0.208856
v 2.482334 -0.066556 0.201046
v 2.484760 -0.090546 0.148406
v 2.376694 -0.105502 0.084474
v 2.558756 0.021043 0.133761
v 2.616090 0.028212 0.167403
v 2.603464 -0.011871 0.167910
v 2.615036 0.050618 0.175816
v 2.638130 0.010211 0.167466
v 2.756079 -0.056458 0.191907
v 2.712958 -0.090340 0.211265
v 2.603930 -0.088482 0.212833
v 2.730184 -0.039164 0.122626
v 2.756808 -0.011114 0.105013
v 2.736504 0.008090 0.104410
v 2.734114 0.033634 0.113084
v 2.716093 0.026220 0.140153
v 2.618046 0.016334 0.088719
v 2.592263 0.020800 0.101261
v 2.629972 0.055991 0.106063
v 2.655664 0.047248 0.060672
v 0.645002 0.015610 0.047327
v 0.617352 -0.178229 0.053326
v -0.046523 -0.190576 0.005818
v 0.730075 -0.205897 0.018925
v 0.631988 -0.186125 -0.027637
v 0.637437 -0.002296 -0.031386
v 0.628928 0.012753 -0.034752
v 0.737251 -0.203292 -0.001577
v -0.046948 -0.187403 -0.024499
v -0.019610 -0.183334 -0.027991
v -0.045968 -0.186831 -0.008100
v -0.020490 -0.175157 -0.011095
v -0.028448 -0.180278 0.009193
v 0.726875 0.036541 0.000795
v 0.704340 0.037209 -0.010328
v 0.651654 0.021613 -0.020979
v -0.001100 0.072082 -0.015467
v 0.016369 0.065458 0.001248
v 7.367417 -0.184344 0.023942
v 7.372966 -0.083911 -0.009449
v 7.368753 0.004385 0.001708
v 6.631790 0.042393 -0.006423
v 2.292530 0.121241 -0.070064
v 2.260211 0.129675 -0.049148
v 1.886206 0.148537 -0.236957
v 1.896263 0.165801 -0.245208
v 0.063892 0.082523 0.041061
v 0.116630 0.083086 0.040473
v 0.121068 0.069666 0.053019
v 0.068423 0.047735 0.061280
v 0.033762 0.050367 0.051632
v 0.112420 0.041278 0.061348
v 0.021241 0.046558 0.035818
v -0.004482 0.052004 0.045374
v 0.028486 0.076672 0.005393
v 0.059710 0.088938 0.002123
v 0.002881 0.085696 0.016275
v 0.026549 0.073878 -0.021870
v 0.064424 0.087258 -0.014328
v 0.062648 0.073154 -0.036639
v 3.281044 0.199609 0.154429
v 3.273295 0.173206 0.135114
v 3.299303 0.160990 0.137100
v 3.297202 0.138317 0.143379
v 3.303104 0.147731 0.163121
v 2.963970 0.133651 0.140099
v 2.913783 0.114198 0.141349
v 2.925652 0.091310 0.152833
v 3.002919 0.082663 0.169181
v 3.017531 0.094623 0.153354
v 3.017235 0.091073 0.136276
v 2.991174 0.108475 0.130646
v 7.257885 0.078221 0.013770
v 7.266391 0.069405 0.039633
v 7.328471 0.063948 0.037435
v 7.344704 0.059622 0.019397
v 7.333344 0.068962 0.003683
v 7.279981 0.076219 -0.007312
v 7.077987 0.056566 0.042304
v 7.176521 0.061111 0.046124
v 7.189325 0.074192 -0.009840
v 7.089716 0.069380 -0.013109
v 7.054341 0.063263 0.008558
v 3.280983 0.044501 0.001835
v 3.155892 0.047185 0.006114
v 3.157389 0.052368 0.032666
v 3.161069 0.068207 0.049769
v 3.246518 0.078082 0.042178
v 3.289771 0.097287 0.029593
v 3.310425 0.090741 0.009961
v 2.992138 0.076506 0.073663
v 3.066731 0.074285 0.074118
v 3.053329 0.066626 0.052059
v 2.989154 0.084287 0.050622
v 2.991241 0.089744 0.069043
v 2.965744 0.094318 0.033904
v 2.744434 0.045561 0.079686
v 2.777176 0.052078 0.079945
v 2.861799 0.070386 0.028429
v 2.694383 0.053077 0.035328
v 2.741727 0.089099 0.080085
v 2.802287 0.094143 0.081938
v 2.687994 0.094216 0.065702
v 2.614046 0.068826 0.084109
v 2.626175 0.069167 0.101220
v 2.600176 0.080744 0.107731
v 2.609447 0.065155 0.113497
v 2.599870 0.044874 0.108313
v 2.567481 0.038220 0.079835
v 2.550868 0.054897 0.058740
v 2.559159 0.078462 0.059623
v 2.885858 0.108240 0.069758
v 2.880778 0.095618 0.058075
v 2.953158 0.112628 0.038135
v 3.033560 0.044190 0.032279
v 2.638612 0.038867 0.078331
v 2.629216 0.052440 0.082005
v 2.620934 0.080323 0.068149
v 2.630112 0.100071 0.063433
v 2.668591 0.052117 0.002890
v 2.503100 0.053135 0.003527
v 2.591299 0.038175 0.052266
v 2.476779 0.067975 0.025839
v 2.346017 0.044468 -0.002605
v 2.332099 0.027449 0.024409
v 2.359847 0.072689 0.004716
v 2.376103 0.074092 -0.010957
v 2.330830 0.012149 0.057035
v 2.422326 0.024416 0.052451
v 2.329818 0.110218 0.054039
v 2.338125 0.129419 0.050164
v 2.260925 0.152163 0.028371
v 2.203869 0.172816 0.011949
v 2.192820 0.151794 0.016882
v 2.180201 0.116481 0.015980
v 2.179790 0.087145 0.024163
v 2.245568 0.090724 0.037525
v 2.428849 0.070980 0.070530
v 2.341941 0.076224 0.043934
v 2.350432 0.074932 0.026320
v 2.467577 0.013595 0.090159
v 2.495502 0.034784 0.094480
v 2.505832 0.052613 0.103448
v 2.681058 0.091303 0.142879
v 2.644611 0.100983 0.150925
v 2.605859 0.121705 0.156404
v 2.613598 0.086012 0.162134
v 2.640053 0.119820 0.162506
v 2.628265 0.072106 0.133996
v 2.675214 0.058543 0.157582
v 2.643007 0.062755 0.134213
v 2.647708 0.058104 0.159498
v 2.738005 0.080958 0.148698
v 2.747418 0.116074 0.112078
v 2.744712 0.107047 0.093001
v 2.696397 0.116448 0.082097
v 2.712165 0.125175 0.153351
v 2.748549 0.117138 0.137695
v 2.631436 0.119342 0.070811
v 2.620380 0.130787 0.083420
v 2.648237 0.142617 0.126650
v 2.672740 0.133324 0.164936
v 2.603489 0.134285 0.099756
v 2.582991 0.136002 0.115895
v 2.558592 0.135416 0.143242
v 2.540530 0.114604 0.162310
v 2.529478 0.083306 0.170702
v 2.582705 0.085177 0.189318
v 2.724872 0.095177 0.182848
v 2.683155 0.083726 0.161906
v 2.826589 0.086893 0.148372
v 2.826753 0.101884 0.144770
v 2.826208 0.066919 0.147874
v 2.765683 0.045323 0.134377
v 2.829628 0.053764 0.134970
v 2.685525 0.026143 0.181021
v 2.673544 0.011868 0.159725
v 2.686363 0.100208 0.199112
v 2.687204 0.056803 0.203033
v 2.645290 0.060115 0.200927
v 2.646297 0.097249 0.190777
v 2.649847 0.082733 0.170548
v 2.645294 0.030963 0.188154
v 2.810936 0.002980 0.090690
v 2.908496 0.041069 0.096729
v 2.843490 0.042795 0.098164
v 3.000534 0.028532 0.081392
v 3.005291 0.034943 0.104925
v 2.890398 0.008731 0.071591
v 2.994010 0.011918 0.068918
v 3.273562 0.036310 0.064988
v 3.129320 0.019985 0.067893
v 3.139065 -0.002685 0.074891
v 3.140190 -0.031701 0.081630
v 3.353092 -0.022816 0.077902
v 6.542572 0.027215 0.059438
v 6.684295 0.029277 0.056491
v 6.697045 0.042791 0.029587
v 6.566459 0.043952 0.013696
v 7.375400 -0.029873 0.030223
v 7.365236 -0.040098 0.056353
v 7.356404 -0.079327 0.069566
v 7.364047 -0.118795 0.055526
v 7.371227 -0.129774 0.032818
v 7.372316 -0.131007 0.003429
v 7.356094 -0.202623 -0.016232
v 7.364541 -0.195481 0.003447
v 7.356826 -0.208611 0.025551
v 7.330150 -0.231250 0.006688
v 7.341461 -0.221982 -0.024484
v 7.338147 -0.225870 0.027137
v 2.753696 -0.144536 0.108436
v 2.670490 -0.164658 0.114790
v 2.689420 -0.158742 0.104013
v 2.834208 -0.132380 0.092822
v 2.852293 -0.094668 0.088589
v 2.773677 -0.121297 0.106055
v 2.758765 -0.206968 0.188163
v 2.736054 -0.191425 0.195714
v 2.707204 -0.212732 0.199859
v 2.722963 -0.234001 0.180034
v 2.763731 -0.218567 0.167383
v 2.688769 -0.229393 0.189024
v 2.723836 -0.139027 0.193710
v 2.693415 -0.121743 0.167533
v 2.754942 -0.113999 0.164032
v 2.788714 -0.122384 0.184488
v 2.718427 -0.097271 0.153151
v 2.715822 -0.143365 0.172537
v 2.688578 -0.161534 0.180993
v 2.711520 -0.178284 0.189290
v 2.756808 -0.163705 0.180246
v 2.740078 -0.125488 0.161966
v 2.808913 -0.079278 0.158393
v 2.746113 -0.068061 0.136141
v 2.766158 -0.047184 0.132225
v 2.802836 -0.069301 0.101660
v 2.807264 -0.029053 0.096022
v 2.737216 -0.062398 0.112992
v 2.773548 -0.145672 0.128611
v 2.711273 -0.097507 0.145912
v 2.746261 -0.221893 0.145049
v 2.708035 -0.237749 0.157547
v 2.678093 -0.226722 0.146980
v 2.705634 -0.199403 0.131853
v 2.760131 -0.194035 0.131296
v 2.658256 -0.211651 0.191274
v 2.651870 -0.224513 0.171266
v 2.577218 -0.233258 0.157810
v 2.689435 -0.182851 0.124124
v 2.555774 -0.174165 0.119713
v 2.581283 -0.225992 0.184494
v 2.580158 -0.125016 0.171444
v 2.550454 -0.140677 0.194665
v 2.487784 -0.134338 0.189605
v 2.514136 -0.125167 0.170883
v 2.553341 -0.109835 0.161180
v 2.582039 -0.132646 0.169247
v 2.603857 -0.152725 0.175973
v 2.624284 -0.170331 0.178175
v 2.644653 -0.159346 0.177998
v 2.671909 -0.145685 0.174565
v 2.664001 -0.123977 0.209897
v 2.611424 -0.122042 0.208267
v 2.721781 -0.129789 0.216406
v 2.693421 -0.124412 0.164704
v 2.546743 -0.128794 0.219444
v 2.602205 -0.184086 0.184681
v 2.565047 -0.205810 0.199864
v 2.640089 -0.188185 0.182762
v 2.524592 -0.232776 0.182725
v 2.499440 -0.203738 0.194856
v 2.487697 -0.218202 0.174992
v 2.541354 -0.187181 0.194045
v 2.523389 -0.165743 0.184231
v 2.557284 -0.150379 0.177231
v 2.539478 -0.128206 0.165570
v 2.491796 -0.140824 0.167982
v 2.486435 -0.174968 0.183780
v 2.524098 -0.109165 0.151495
v 2.501687 -0.226851 0.151034
v 2.487388 -0.202179 0.136043
v 2.474859 -0.161919 0.125231
v 2.487906 -0.121220 0.115836
v 2.358360 -0.163776 0.082337
v 2.511370 -0.184062 0.098687
v 2.456609 -0.078442 0.099953
v 2.471392 -0.145167 0.151334
v 2.556871 -0.086701 0.145641
v 2.528661 -0.072076 0.138155
v 2.507197 -0.053646 0.110354
v 2.527554 -0.078984 0.202245
v 2.502821 -0.054755 0.190490
v 2.484229 -0.097694 0.219846
v 2.541374 -0.101070 0.222540
v 2.456179 -0.072171 0.200360
v 2.467038 -0.041582 0.179803
v 2.491857 -0.107559 0.160016
v 2.452990 -0.106321 0.170382
v 2.455334 -0.078330 0.146562
v 2.486543 -0.059687 0.131706
v 2.508796 -0.077712 0.141561
v 2.531114 -0.093057 0.152465
v 2.443201 -0.039677 0.090116
v 2.352162 -0.051486 0.081854
v 2.176714 -0.051507 0.081438
v 2.174498 -0.093022 0.083302
v 2.170916 -0.154684 0.082408
v 2.597383 0.024232 0.157906
v 2.582882 0.046836 0.175300
v 2.541464 0.050148 0.157035
v 2.582392 -0.017653 0.141725
v 2.493885 0.069620 0.118179
v 2.528512 0.000846 0.114015
v 2.543932 -0.026668 0.121875
v 2.553756 -0.022585 0.155838
v 2.571052 -0.030602 0.178205
v 2.625988 -0.032697 0.189572
v 2.654529 -0.010835 0.180330
v 2.596555 -0.051530 0.192406
v 2.671812 -0.005922 0.158013
v 2.740251 -0.077244 0.200494
v 2.775414 -0.090214 0.213728
v 2.788846 -0.053057 0.191187
v 2.744807 -0.027000 0.173037
v 2.723839 -0.043028 0.184911
v 2.699661 -0.065371 0.193812
v 2.719703 -0.107722 0.222511
v 2.679235 -0.083715 0.208048
v 2.667674 -0.101703 0.217063
v 2.566693 -0.065773 0.197154
v 2.631655 -0.069242 0.202270
v 2.724249 -0.029191 0.121002
v 2.695441 0.001000 0.130909
v 2.707905 -0.023041 0.141107
v 2.782045 0.047078 0.108114
v 2.605146 0.028828 0.070591
v 2.630489 0.035951 0.100988
v 0.673884 0.030253 0.030361
v 0.692842 0.040933 0.020774
v 0.708105 0.031473 0.014651
v 0.675546 0.030165 0.017422
v 0.574989 0.021048 0.055680
v 0.575815 0.044591 0.037158
v 0.640412 0.042346 0.029654
v 0.637180 0.012267 0.020344
v 0.627949 -0.009549 0.058294
v 0.571012 -0.005980 0.061337
v 0.632955 -0.013372 0.026691
v 0.606127 -0.149480 0.059159
v 0.620342 -0.144086 0.034373
v 0.622568 -0.172315 0.031630
v 0.550359 -0.180792 0.055134
v 0.551507 -0.152100 0.060481
v 0.613481 -0.205623 0.033148
v 0.547837 -0.204277 0.034877
v 0.652979 -0.198420 0.032363
v 0.664768 -0.193815 0.047706
v 0.669930 -0.205311 0.030982
v -0.046604 -0.184121 0.018983
v -0.034456 -0.205748 0.008036
v -0.038259 -0.202187 0.031408
v -0.032595 -0.204199 -0.011918
v 0.714564 -0.206773 0.011197
v 0.701889 -0.199809 0.034700
v 0.701870 -0.201576 0.025272
v 0.719911 -0.204558 0.027385
v 0.676120 -0.203746 -0.013696
v 0.670093 -0.200223 -0.007887
v 0.631149 -0.190354 -0.012968
v 0.610825 -0.163349 -0.034798
v 0.551854 -0.166820 -0.037434
v 0.550466 -0.193915 -0.026969
v 0.622319 -0.164021 -0.014381
v 0.635584 0.009104 -0.010199
v 0.684187 0.030077 -0.004027
v 0.635943 0.040900 -0.017699
v 0.634428 -0.020501 -0.029482
v 0.631799 -0.016605 -0.004132
v 0.616861 -0.015779 -0.040023
v 0.572509 0.022743 -0.036104
v 0.567130 -0.004013 -0.041462
v 0.575283 0.044584 -0.018156
v 0.689729 -0.201316 0.005298
v -0.048066 -0.175263 -0.032818
v -0.030597 -0.183322 -0.046494
v -0.033415 -0.197906 -0.031350
v -0.045872 -0.170960 -0.017213
v -0.006172 -0.155587 -0.039881
v -0.018294 -0.149543 -0.019547
v 0.023447 -0.186356 -0.029535
v 0.031438 -0.159709 -0.041768
v 0.019391 -0.196080 -0.006732
v 0.013986 -0.196679 0.019642
v -0.042075 -0.148758 -0.021792
v -0.046168 -0.172320 0.034299
v -0.021398 -0.169622 0.030911
v 0.695841 0.042562 0.004683
v 0.638339 0.046566 0.005748
v -0.004116 0.052506 -0.028031
v -0.001406 0.045733 -0.013380
v 0.000170 0.069749 -0.003628
v 0.006087 0.086769 -0.022069
v 0.006819 0.058671 -0.046263
v 0.004945 0.092020 0.002838
v 0.017478 0.040972 -0.012145
v 0.026004 0.044219 -0.036604
v 7.370820 -0.169794 0.004967
v 7.371119 -0.157171 0.022312
v 7.358209 -0.193256 0.044130
v 7.362303 -0.160856 0.049007
v 7.365456 -0.091388 -0.037596
v 7.364771 -0.058819 -0.036051
v 7.374825 -0.039626 -0.003496
v 7.374831 -0.018365 0.007580
v 7.364864 -0.017478 -0.026510
v 7.359716 0.015608 -0.024172
v 7.367062 0.018406 0.017567
v 7.371675 -0.000504 0.025959
v 6.775373 0.048238 -0.007018
v 6.768848 0.035456 -0.034823
v 6.570665 0.031100 -0.033471
v 2.309048 0.090745 -0.064397
v 2.249177 0.089415 -0.091057
v 2.244213 0.114720 -0.088945
v 2.241601 0.138374 -0.095220
v 2.255289 0.160106 -0.094517
v 2.316808 0.145591 -0.061912
v 2.216683 0.115752 -0.056557
v 2.210652 0.114126 -0.036629
v 2.239362 0.136458 -0.034612
v 2.179766 0.147246 -0.054596
v 2.199376 0.142221 -0.069644
v 2.217261 0.137048 -0.081673
v 2.258934 0.129398 -0.062456
v 2.230344 0.119056 -0.072667
v 1.921686 0.161187 -0.218422
v 1.902689 0.163726 -0.192993
v 1.868665 0.153073 -0.205244
v 1.865460 0.127835 -0.207029
v 1.877781 0.119386 -0.239828
v 1.927777 0.173671 -0.230899
v 1.836413 0.153380 -0.258245
v 1.861424 0.185676 -0.251635
v 1.916660 0.196728 -0.225137
v 0.168357 0.073606 0.046930
v 0.115086 0.089303 0.020295
v 0.178933 0.084203 0.019932
v 0.274869 0.075505 0.018958
v 0.273984 0.065552 0.044046
v 0.182299 0.057974 0.055436
v 0.269311 0.045697 0.055487
v 0.261724 0.018082 0.060280
v 0.175089 0.029923 0.060966
v 0.251362 -0.019302 0.063976
v 0.165612 -0.011236 0.064088
v 0.105847 -0.002645 0.064358
v 0.061301 0.003243 0.064555
v 0.155040 -0.064214 0.065436
v 0.093927 -0.061130 0.065831
v 0.048206 -0.056998 0.066198
v 0.007048 -0.052561 0.059882
v 0.021328 0.008428 0.061426
v 0.081771 -0.114991 0.064562
v 0.033218 -0.112304 0.064924
v -0.004523 -0.108603 0.053525
v -0.031370 -0.106683 0.046821
v -0.016285 -0.048804 0.044691
v 0.020233 -0.152799 0.060634
v -0.014257 -0.147627 0.045379
v -0.042523 -0.148646 0.045181
v -0.032486 -0.154618 0.068416
v -0.024231 -0.108770 0.069999
v -0.042000 -0.187974 0.055128
v -0.004185 -0.194856 0.066033
v 0.004608 -0.158799 0.077418
v -0.005810 -0.210287 0.038917
v 0.044394 -0.210472 0.044206
v 0.045634 -0.193068 0.067922
v -0.004894 -0.213825 0.011482
v 0.043973 -0.215822 0.015857
v 0.107841 -0.216830 0.020327
v 0.108130 -0.210143 0.048330
v -0.002757 -0.210799 -0.013106
v 0.044775 -0.212814 -0.011196
v 0.108519 -0.214967 -0.008279
v 0.208787 -0.217021 -0.005523
v 0.207544 -0.218198 0.023878
v 0.047032 -0.205102 -0.034294
v 0.109751 -0.206792 -0.033559
v 0.209682 -0.209064 -0.032361
v 0.363820 -0.211545 -0.030605
v 0.364209 -0.219921 -0.003332
v 0.112938 -0.187575 -0.050393
v 0.209545 -0.188387 -0.049951
v 0.363241 -0.190170 -0.049017
v 0.569840 -0.192675 -0.047824
v 0.568882 -0.215750 -0.029230
v 0.208212 -0.159031 -0.055825
v 0.362976 -0.159215 -0.055438
v 0.570922 -0.159507 -0.055147
v 0.777800 -0.160263 -0.055229
v 0.776236 -0.194912 -0.048161
v 0.363761 -0.123701 -0.058852
v 0.572664 -0.121789 -0.058643
v 0.780028 -0.120683 -0.058243
v 0.986912 -0.120881 -0.058187
v 0.984910 -0.162144 -0.055350
v 0.577568 -0.064585 -0.059970
v 0.783914 -0.068390 -0.059487
v 0.989784 -0.072886 -0.059241
v 1.189987 -0.073935 -0.059017
v 1.188565 -0.123830 -0.058429
v 0.787920 -0.026945 -0.058079
v 0.992670 -0.033773 -0.058235
v 1.190448 -0.035008 -0.057839
v 1.389477 -0.033005 -0.057657
v 1.388546 -0.073281 -0.059236
v 0.995178 0.000591 -0.054045
v 1.191347 -0.001296 -0.053545
v 1.390498 0.000094 -0.053580
v 1.589470 0.000560 -0.053301
v 1.589000 -0.032632 -0.057651
v 1.192934 0.024793 -0.039087
v 1.392759 0.027465 -0.041307
v 1.592214 0.027442 -0.041455
v 1.784415 0.029406 -0.043634
v 1.785406 0.001530 -0.053569
v 1.393951 0.037271 -0.014792
v 1.594226 0.035875 -0.015693
v 1.784932 0.037350 -0.017655
v 1.973767 0.043054 -0.020130
v 1.971579 0.031860 -0.046048
v 1.595645 0.033162 0.013053
v 1.786476 0.031462 0.011091
v 1.978080 0.031666 0.007887
v 2.174694 0.035990 0.000278
v 2.167104 0.045519 -0.028210
v 1.791101 0.024378 0.040853
v 1.981970 0.023560 0.037954
v 2.175634 0.024805 0.030717
v 1.983862 0.007772 0.064996
v 2.176153 0.009832 0.061423
v 1.984356 -0.019440 0.077395
v 2.177598 -0.018202 0.077378
v 2.336925 -0.016278 0.076988
v 2.426696 -0.007401 0.076701
v 2.488833 -0.018342 0.105762
v 1.983499 -0.051831 0.081111
v 1.790308 -0.021074 0.077502
v 1.788619 -0.054672 0.081034
v 1.786482 -0.094300 0.082400
v 1.979597 -0.092006 0.082693
v 1.783415 -0.144786 0.081678
v 1.977162 -0.148400 0.082346
v 1.780709 -0.187385 0.077051
v 1.974896 -0.191556 0.077816
v 2.167266 -0.196935 0.077839
v 2.343950 -0.203951 0.078064
v 1.972709 -0.227184 0.067104
v 2.163342 -0.231261 0.067804
v 2.334782 -0.236627 0.066256
v 2.497317 -0.251323 0.074799
v 2.502416 -0.217211 0.090125
v 2.159409 -0.252578 0.043252
v 2.328689 -0.255994 0.042210
v 2.496413 -0.271833 0.044042
v 2.675531 -0.292506 0.046611
v 2.680595 -0.262708 0.080994
v 2.324995 -0.261270 0.010685
v 2.495810 -0.277719 0.005987
v 2.670997 -0.300205 0.002343
v 2.844135 -0.271466 0.007461
v 2.841628 -0.265278 0.041705
v 2.495952 -0.270549 -0.030512
v 2.669286 -0.288420 -0.036133
v 2.844841 -0.261426 -0.024798
v 2.999906 -0.254251 -0.022262
v 2.999038 -0.262732 0.009327
v 2.669515 -0.258972 -0.063841
v 2.843890 -0.240241 -0.050434
v 2.999649 -0.232638 -0.047266
v 3.165749 -0.231520 -0.045443
v 3.166562 -0.252938 -0.020559
v 2.839453 -0.205407 -0.063844
v 2.998908 -0.196641 -0.058186
v 3.164400 -0.196170 -0.057152
v 3.334507 -0.197752 -0.055652
v 3.337926 -0.232200 -0.043364
v 2.997910 -0.153735 -0.065677
v 3.162631 -0.153480 -0.064251
v 3.330754 -0.156838 -0.063183
v 3.509848 -0.162476 -0.059205
v 3.517570 -0.200640 -0.053769
v 3.161811 -0.088274 -0.068690
v 3.326072 -0.094926 -0.067079
v 3.501643 -0.105886 -0.061773
v 3.696941 -0.119551 -0.060282
v 3.705468 -0.166318 -0.058454
v 3.320690 -0.044606 -0.068131
v 3.495746 -0.055533 -0.068360
v 3.689759 -0.074341 -0.059769
v 3.490054 -0.021466 -0.067834
v 3.683070 -0.041266 -0.056657
v 3.878812 -0.049324 -0.057052
v 3.889152 -0.083928 -0.059767
v 3.900057 -0.127326 -0.059687
v 4.099286 -0.087540 -0.059553
v 4.110115 -0.132215 -0.059216
v 4.120345 -0.172851 -0.056934
v 3.910481 -0.169406 -0.057410
v 4.129765 -0.208914 -0.051466
v 3.920017 -0.206183 -0.051610
v 3.714318 -0.203516 -0.052467
v 3.929445 -0.236275 -0.038185
v 3.723289 -0.234625 -0.039877
v 3.524901 -0.233125 -0.041563
v 3.732543 -0.252125 -0.014034
v 3.532178 -0.252210 -0.015898
v 3.341116 -0.252553 -0.018276
v 3.539295 -0.258777 0.015365
v 3.344185 -0.259499 0.013476
v 3.166984 -0.260410 0.011101
v 3.347169 -0.251160 0.045095
v 3.166862 -0.252876 0.043790
v 2.996737 -0.255954 0.042342
v 3.165838 -0.230807 0.068664
v 2.993057 -0.234745 0.068622
v 2.837911 -0.244162 0.070102
v 2.989411 -0.199975 0.079233
v 2.832186 -0.209495 0.085730
v 2.679529 -0.224098 0.095090
v 2.825354 -0.173177 0.092936
v 2.678300 -0.190530 0.101274
v 2.986907 -0.161703 0.084309
v 2.981767 -0.111407 0.086349
v 3.154213 -0.104295 0.085433
v 3.141621 -0.062609 0.084369
v 2.983294 -0.068635 0.085719
v 3.160414 -0.155291 0.084232
v 3.354552 -0.152176 0.082555
v 3.357023 -0.102334 0.083451
v 3.163692 -0.195782 0.078802
v 3.352385 -0.192675 0.078235
v 3.559823 -0.191514 0.077704
v 3.567341 -0.152100 0.081712
v 3.349948 -0.228372 0.069052
v 3.553056 -0.226851 0.069362
v 3.760309 -0.226727 0.068301
v 3.769098 -0.192035 0.077006
v 3.546269 -0.250307 0.046098
v 3.751267 -0.248905 0.045743
v 3.958995 -0.249297 0.045702
v 3.968830 -0.227820 0.067834
v 3.741949 -0.258113 0.016376
v 3.949026 -0.257911 0.017029
v 4.158585 -0.258477 0.017591
v 4.168514 -0.249241 0.045591
v 3.939154 -0.252600 -0.012644
v 4.148746 -0.253371 -0.011847
v 4.357980 -0.254598 -0.011424
v 4.368031 -0.259419 0.017652
v 4.139088 -0.237751 -0.037394
v 4.348158 -0.240021 -0.037272
v 4.338942 -0.211672 -0.051628
v 4.551188 -0.215014 -0.051770
v 4.560283 -0.243041 -0.036762
v 4.570028 -0.256465 -0.010791
v 4.783481 -0.258033 -0.010730
v 4.793098 -0.262049 0.017841
v 4.580023 -0.260801 0.017868
v 4.774075 -0.245450 -0.036782
v 4.765149 -0.218492 -0.051762
v 4.976447 -0.220732 -0.052041
v 4.986058 -0.246911 -0.037205
v 4.995800 -0.259192 -0.010597
v 5.209069 -0.259804 -0.008945
v 5.219320 -0.263183 0.020125
v 5.005573 -0.263345 0.018525
v 5.198905 -0.248111 -0.035925
v 5.189002 -0.222406 -0.051440
v 5.403427 -0.220954 -0.051160
v 5.413769 -0.246765 -0.034892
v 5.424060 -0.257885 -0.007345
v 5.634726 -0.254843 -0.006497
v 5.644570 -0.257011 0.022370
v 5.434373 -0.260546 0.021561
v 5.624830 -0.243416 -0.034015
v 5.614704 -0.217570 -0.050908
v 5.824794 -0.212681 -0.050768
v 5.834999 -0.239269 -0.034309
v 5.845180 -0.250769 -0.006644
v 6.054459 -0.247062 -0.006139
v 6.063982 -0.248594 0.023690
v 5.855247 -0.253092 0.022516
v 6.044777 -0.235149 -0.034291
v 6.034952 -0.207292 -0.051037
v 6.238657 -0.203701 -0.050994
v 6.247208 -0.232177 -0.033725
v 6.255691 -0.244260 -0.004886
v 6.451267 -0.242390 -0.003749
v 6.457720 -0.242197 0.027497
v 6.264014 -0.244799 0.025536
v 6.444688 -0.230075 -0.033160
v 6.437934 -0.201590 -0.051418
v 6.630170 -0.199466 -0.051907
v 6.634400 -0.228160 -0.033482
v 6.638656 -0.240451 -0.003299
v 6.819137 -0.238979 -0.003802
v 6.821134 -0.238040 0.028963
v 6.642790 -0.239821 0.028612
v 6.816945 -0.226918 -0.034612
v 6.814417 -0.197572 -0.052720
v 6.991981 -0.196511 -0.053406
v 6.994607 -0.225904 -0.035905
v 6.996326 -0.237925 -0.004425
v 7.145168 -0.226003 -0.035605
v 7.145227 -0.237871 -0.003496
v 7.146634 -0.235888 0.030737
v 6.997604 -0.237030 0.029625
v 7.138091 -0.221199 0.054433
v 7.010792 -0.216363 0.059890
v 6.822531 -0.220363 0.056133
v 6.977751 -0.191514 0.072292
v 6.841001 -0.186708 0.073804
v 6.678480 -0.193557 0.071806
v 6.615580 -0.223612 0.055383
v 6.469873 -0.199115 0.072656
v 6.463924 -0.228757 0.056328
v 6.279134 -0.204393 0.071885
v 6.271898 -0.232744 0.054211
v 6.081119 -0.210774 0.071328
v 6.072969 -0.237895 0.052305
v 5.873768 -0.218523 0.070040
v 5.864855 -0.242800 0.050480
v 5.663035 -0.225060 0.069116
v 5.654206 -0.247745 0.049937
v 5.453671 -0.229514 0.069362
v 5.444455 -0.251776 0.049319
v 5.239071 -0.232951 0.069339
v 5.229362 -0.254618 0.048260
v 5.025014 -0.234872 0.068533
v 5.015347 -0.255447 0.046853
v 4.812344 -0.235044 0.067801
v 4.802737 -0.254252 0.045398
v 4.599959 -0.232644 0.067267
v 4.590094 -0.252865 0.045325
v 4.387927 -0.230479 0.067431
v 4.378083 -0.251235 0.045400
v 4.178384 -0.228624 0.067528
v 4.397785 -0.197252 0.076359
v 4.188273 -0.194779 0.076376
v 3.978589 -0.193414 0.076607
v 4.198531 -0.156075 0.079908
v 3.988821 -0.154109 0.080014
v 3.778363 -0.152920 0.080605
v 3.999617 -0.109975 0.080746
v 3.788693 -0.108528 0.081264
v 3.576700 -0.105754 0.082029
v 3.798929 -0.068952 0.080229
v 3.586688 -0.065048 0.080763
v 3.358860 -0.058444 0.081739
v 3.592064 -0.029132 0.076702
v 3.808723 -0.034365 0.076477
v 3.818560 -0.004464 0.067433
v 3.592888 0.001183 0.064911
v 3.828551 0.013006 0.045383
v 3.618530 0.017647 0.040268
v 3.451090 0.027759 0.035152
v 3.838644 0.021847 0.017795
v 3.632274 0.023859 0.013978
v 3.428243 0.038764 0.010449
v 3.848697 0.019248 -0.010526
v 3.647083 0.019728 -0.012273
v 3.454640 0.043948 -0.020809
v 3.294204 0.047267 -0.020032
v 3.661120 0.009524 -0.035702
v 3.470798 0.031578 -0.045541
v 3.302863 0.038688 -0.044105
v 3.162740 0.043939 -0.043774
v 3.157388 0.050824 -0.019490
v 3.482211 0.009313 -0.061499
v 3.308863 0.015715 -0.057728
v 3.163775 0.022591 -0.056576
v 2.999526 0.033475 -0.064808
v 2.992944 0.051637 -0.041793
v 3.314946 -0.012575 -0.064642
v 3.163037 -0.005855 -0.062907
v 2.997485 0.007235 -0.064365
v 3.162698 -0.037699 -0.067844
v 2.995558 -0.026685 -0.067191
v 2.823808 -0.031268 -0.077738
v 2.817176 0.006564 -0.075155
v 2.813568 0.036862 -0.061237
v 2.649444 -0.011662 -0.069843
v 2.649269 0.020995 -0.054984
v 2.656341 0.041321 -0.030142
v 2.812912 0.060764 -0.035609
v 2.817901 0.075139 -0.000668
v 2.993161 0.057491 -0.016562
v 3.007854 0.050273 0.010387
v 2.511068 0.023942 -0.061696
v 2.512049 0.042583 -0.032509
v 2.347291 0.027623 -0.059126
v 2.350987 0.042449 -0.033849
v 2.162411 0.032615 -0.052629
v 2.345062 0.000606 -0.064573
v 2.161159 0.005160 -0.057241
v 1.971462 0.003588 -0.053926
v 2.161124 -0.028331 -0.058139
v 1.970598 -0.029379 -0.057817
v 1.785448 -0.031374 -0.057213
v 1.971727 -0.074059 -0.060849
v 1.784784 -0.073649 -0.059753
v 1.588382 -0.073921 -0.059516
v 1.783071 -0.133519 -0.059000
v 1.586532 -0.130804 -0.058589
v 1.387057 -0.127723 -0.058499
v 1.584253 -0.174030 -0.054860
v 1.385328 -0.170738 -0.054682
v 1.186632 -0.166560 -0.055157
v 1.383534 -0.207734 -0.046966
v 1.184787 -0.203283 -0.047223
v 0.983391 -0.197799 -0.047695
v 1.183385 -0.227721 -0.025031
v 0.982308 -0.221493 -0.027011
v 0.775437 -0.218156 -0.029207
v 0.981976 -0.230101 0.002565
v 0.775182 -0.225962 -0.000446
v 0.568171 -0.222899 -0.001655
v 0.775441 -0.224961 0.029348
v 0.567777 -0.222615 0.027472
v 0.364230 -0.220231 0.026426
v 0.567881 -0.211302 0.054846
v 0.363898 -0.209912 0.054022
v 0.206002 -0.209917 0.051775
v 0.363394 -0.186062 0.071017
v 0.204188 -0.187568 0.070494
v 0.110278 -0.190019 0.069784
v 0.202417 -0.154778 0.076686
v 0.112905 -0.157397 0.076890
v 0.050085 -0.160375 0.076796
v 0.117520 -0.117269 0.079806
v 0.059725 -0.115748 0.080130
v 0.014774 -0.112632 0.080311
v 0.069916 -0.050817 0.081976
v 0.023265 -0.048985 0.082019
v -0.017915 -0.046984 0.070609
v 0.026371 0.015094 0.079324
v -0.011588 0.014603 0.061602
v 0.001412 0.008539 0.040054
v 0.024607 0.060065 0.073184
v 0.074216 0.059009 0.074792
v 0.075421 0.092583 0.060657
v 0.025559 0.092078 0.055669
v 0.073599 0.013868 0.078964
v 0.133391 0.013219 0.078509
v 0.137611 0.055546 0.073296
v 0.126179 -0.052520 0.081202
v 0.206287 -0.049737 0.080545
v 0.216270 0.010032 0.077569
v 0.202352 -0.115611 0.079442
v 0.363760 -0.112907 0.079235
v 0.368908 -0.049463 0.080108
v 0.363166 -0.152903 0.076472
v 0.569916 -0.151118 0.076559
v 0.571889 -0.110122 0.079096
v 0.568717 -0.185580 0.071574
v 0.777136 -0.184328 0.071664
v 0.778474 -0.148625 0.077437
v 0.776017 -0.213044 0.057233
v 0.983012 -0.213613 0.059583
v 0.984480 -0.183530 0.072956
v 0.982234 -0.227514 0.032710
v 1.182694 -0.231837 0.036327
v 1.183318 -0.215910 0.062520
v 1.182753 -0.235755 0.005446
v 1.381142 -0.239867 0.006689
v 1.380847 -0.235956 0.038349
v 1.382045 -0.231408 -0.024144
v 1.581031 -0.235977 -0.023293
v 1.580874 -0.244373 0.008058
v 1.582216 -0.211728 -0.046720
v 1.778754 -0.215644 -0.046185
v 1.777306 -0.240823 -0.022810
v 1.780799 -0.177801 -0.055023
v 1.971041 -0.182553 -0.055108
v 1.970155 -0.221127 -0.045605
v 1.971957 -0.136181 -0.059649
v 2.156818 -0.140271 -0.060766
v 2.154588 -0.187220 -0.055377
v 2.159574 -0.075727 -0.061765
v 2.336839 -0.082068 -0.062697
v 2.330297 -0.149892 -0.061093
v 2.342125 -0.031297 -0.059974
v 2.504996 -0.040790 -0.076699
v 2.500463 -0.095213 -0.080959
v 2.509161 -0.007746 -0.073421
v 2.653467 -0.047418 -0.078528
v 2.830648 -0.089409 -0.076352
v 2.658643 -0.101459 -0.083130
v 2.836682 -0.162793 -0.071719
v 2.663368 -0.173957 -0.082097
v 2.498682 -0.166810 -0.076231
v 2.666677 -0.220019 -0.074857
v 2.498474 -0.211833 -0.069199
v 2.325884 -0.196121 -0.056135
v 2.497188 -0.248131 -0.057222
v 2.322937 -0.231037 -0.045467
v 2.153431 -0.225782 -0.045666
v 2.322894 -0.252583 -0.021700
v 2.153880 -0.250153 -0.021086
v 1.969881 -0.246278 -0.022017
v 2.156026 -0.258940 0.010864
v 1.970261 -0.254235 0.009776
v 1.776838 -0.248816 0.009281
v 1.971116 -0.248830 0.042252
v 1.777244 -0.243964 0.041542
v 1.581450 -0.240556 0.040289
v 1.778566 -0.223136 0.066067
v 1.582739 -0.220577 0.065395
v 1.381405 -0.218070 0.064563
v 1.584646 -0.185525 0.076304
v 1.382961 -0.184302 0.075081
v 1.184927 -0.184103 0.074065
v 1.384863 -0.144842 0.079702
v 1.186995 -0.146002 0.078716
v 0.986356 -0.146534 0.077813
v 1.189489 -0.102413 0.080236
v 0.988711 -0.104355 0.079600
v 0.780528 -0.107011 0.079538
v 0.991663 -0.058462 0.079970
v 0.784461 -0.054492 0.079919
v 0.577155 -0.050557 0.079737
v 0.788411 -0.014450 0.077339
v 0.582730 -0.007365 0.077520
v 0.376901 0.001693 0.077036
v 0.588439 0.029014 0.070973
v 0.384728 0.039863 0.070618
v 0.224705 0.049525 0.071143
v 0.391395 0.069233 0.053797
v 0.232545 0.080751 0.055353
v 0.142139 0.087790 0.058666
v 0.235934 0.093869 0.024563
v 0.141958 0.101414 0.027431
v 0.074623 0.106117 0.030150
v 0.142305 0.101393 -0.008117
v 0.075071 0.106815 -0.005119
v 0.028814 0.105737 -0.000351
v 0.027524 0.104254 0.028413
v 0.076846 0.095641 -0.040627
v 0.028975 0.096140 -0.032921
v 0.077911 0.059358 -0.057347
v 0.035761 0.059359 -0.057010
v 0.080590 0.007956 -0.061713
v 0.039573 0.008709 -0.062297
v 0.004840 0.009551 -0.057334
v 0.034999 -0.058753 -0.063186
v -0.001172 -0.057652 -0.060293
v -0.025257 -0.057583 -0.045155
v -0.013509 0.007890 -0.040952
v -0.022882 -0.059922 -0.024309
v -0.009941 0.002852 -0.018862
v 0.000721 -0.063029 -0.028828
v 0.013068 -0.000703 -0.021793
v 0.016618 -0.065372 -0.045476
v 0.025624 -0.001019 -0.041854
v 0.053222 -0.069731 -0.047190
v 0.061792 -0.005930 -0.046595
v 0.063308 0.039319 -0.043944
v 0.105925 -0.014641 -0.046586
v 0.110615 0.030987 -0.044510
v 0.113741 0.064069 -0.040028
v 0.170516 0.019170 -0.044396
v 0.175479 0.052014 -0.040762
v 0.179153 0.075244 -0.027491
v 0.115432 0.083155 -0.023883
v 0.180294 0.083580 -0.004327
v 0.115593 0.088546 -0.001441
v 0.269972 0.063612 -0.029928
v 0.273523 0.074781 -0.006972
v 0.397353 0.047675 -0.032394
v 0.398443 0.062975 -0.010657
v 0.398508 0.065306 0.016176
v 0.499702 0.052702 -0.014264
v 0.500371 0.057174 0.012968
v 0.499748 0.049503 0.039253
v 0.398306 0.056401 0.041009
v 0.497928 0.026769 0.055504
v 0.397002 0.034572 0.055078
v 0.495806 -0.001722 0.061452
v 0.393612 0.005739 0.060610
v 0.491959 -0.035152 0.063712
v 0.389887 -0.029721 0.064093
v 0.489455 -0.077515 0.063977
v 0.384949 -0.074264 0.064467
v 0.245936 -0.068835 0.064925
v 0.377999 -0.118158 0.063273
v 0.238673 -0.116463 0.063730
v 0.144765 -0.114952 0.064168
v 0.237139 -0.154181 0.061070
v 0.138548 -0.154795 0.061519
v 0.071789 -0.155544 0.061983
v 0.134381 -0.184522 0.052671
v 0.066871 -0.185562 0.052709
v 0.012765 -0.184624 0.048063
v 0.066315 -0.198285 0.026204
v 0.132939 -0.199425 0.028659
v 0.133411 -0.200410 -0.000538
v 0.068390 -0.198700 -0.002701
v 0.135215 -0.191434 -0.027569
v 0.071984 -0.188998 -0.028685
v 0.139718 -0.164396 -0.040017
v 0.078328 -0.162465 -0.041023
v 0.146724 -0.126962 -0.044288
v 0.086380 -0.124526 -0.044298
v 0.041868 -0.122347 -0.044897
v 0.005506 -0.119534 -0.042953
v 0.096130 -0.072989 -0.046947
v 0.153930 -0.078271 -0.046422
v 0.163146 -0.024294 -0.046146
v 0.237965 -0.086075 -0.045430
v 0.248650 -0.035597 -0.045723
v 0.257721 0.005339 -0.043710
v 0.379683 -0.050285 -0.045017
v 0.385548 -0.011387 -0.043835
v 0.393792 0.020751 -0.040162
v 0.262934 0.037982 -0.040061
v 0.490060 -0.023836 -0.043660
v 0.493874 0.007129 -0.040742
v 0.497333 0.034174 -0.033770
v 0.561138 -0.033088 -0.043261
v 0.486152 -0.061217 -0.044316
v 0.555623 -0.068688 -0.043870
v 0.603500 -0.074257 -0.043130
v 0.607388 -0.040469 -0.041908
v 0.633363 -0.077464 -0.023293
v 0.632317 -0.044721 -0.024612
v 0.631273 -0.044173 0.002341
v 0.632193 -0.078175 0.005997
v 0.630363 -0.079471 0.037245
v 0.631339 -0.043348 0.033682
v 0.627622 -0.112202 -0.021331
v 0.623960 -0.111981 0.007414
v 0.623739 -0.115037 0.037297
v 0.604006 -0.119021 0.062297
v 0.607517 -0.080239 0.062818
v 0.621439 -0.140503 0.008039
v 0.622957 -0.140444 -0.017557
v 0.622490 -0.168052 0.008602
v 0.640277 -0.196872 0.008311
v 0.602670 -0.111192 -0.042487
v 0.604245 -0.142184 -0.039805
v 0.552168 -0.141510 -0.041401
v 0.553056 -0.108090 -0.043277
v 0.481662 -0.103380 -0.043853
v 0.478721 -0.139730 -0.042202
v 0.371730 -0.136328 -0.042820
v 0.373479 -0.169834 -0.037599
v 0.476400 -0.169775 -0.037251
v 0.378144 -0.096243 -0.044611
v 0.237407 -0.130836 -0.043421
v 0.235329 -0.167184 -0.038723
v 0.236005 -0.194058 -0.025945
v 0.370291 -0.195459 -0.024018
v 0.236518 -0.202966 0.001516
v 0.368612 -0.205487 0.003126
v 0.472214 -0.206822 0.003752
v 0.473454 -0.195968 -0.024418
v 0.547936 -0.207601 0.003732
v 0.472443 -0.203886 0.033621
v 0.616086 -0.208391 0.005065
v 0.672564 -0.207536 0.008940
v 0.369063 -0.202821 0.032206
v 0.371698 -0.184500 0.053747
v 0.474356 -0.183199 0.054172
v 0.375365 -0.154111 0.060553
v 0.478739 -0.153411 0.060258
v 0.482661 -0.119490 0.063002
v 0.553405 -0.119945 0.062844
v 0.554419 -0.079245 0.063711
v 0.564939 -0.038260 0.063339
v 0.615753 -0.041097 0.062197
v 0.237103 -0.184279 0.053356
v 0.236819 -0.201157 0.030497
v -0.011136 -0.116256 -0.026683
v -0.034263 -0.113104 -0.025122
v -0.034666 -0.113738 -0.045093
v -0.043467 -0.151980 -0.041369
v -0.020973 -0.155279 -0.054773
v -0.011322 -0.116246 -0.058587
v 0.024125 -0.119137 -0.060934
v 0.013590 -0.157789 -0.057417
v 0.055503 -0.159605 -0.056745
v 0.050571 -0.187460 -0.050850
v 0.004701 -0.186982 -0.051247
v 0.064215 -0.121693 -0.060431
v 0.120456 -0.123651 -0.059664
v 0.116771 -0.159392 -0.056130
v 0.075232 -0.059455 -0.062671
v 0.128647 -0.059565 -0.062189
v 0.210987 -0.059186 -0.061678
v 0.207222 -0.123916 -0.059245
v 0.136148 0.008599 -0.060934
v 0.218111 0.005622 -0.059750
v 0.378282 -0.005055 -0.058710
v 0.369110 -0.061088 -0.060752
v 0.140228 0.053235 -0.056675
v 0.226074 0.046234 -0.055460
v 0.386245 0.033823 -0.053850
v 0.589837 0.019365 -0.053737
v 0.583925 -0.017522 -0.058270
v 0.234005 0.079001 -0.040920
v 0.392615 0.065195 -0.039635
v 0.594353 0.048465 -0.039193
v 0.794507 0.035992 -0.039901
v 0.791617 0.007933 -0.053901
v 0.395211 0.079276 -0.010258
v 0.596103 0.062692 -0.011325
v 0.795905 0.050224 -0.013008
v 0.998128 0.042869 -0.013587
v 0.997028 0.027826 -0.039929
v 0.595702 0.064956 0.020550
v 0.796006 0.051882 0.017847
v 0.998646 0.046943 0.017051
v 1.196413 0.042240 0.016174
v 1.194772 0.037440 -0.013445
v 0.795025 0.045057 0.048556
v 0.998305 0.038477 0.046991
v 1.196742 0.033149 0.045995
v 1.393511 0.030136 0.044850
v 1.393972 0.037193 0.014845
v 0.996971 0.015445 0.069059
v 1.195829 0.011595 0.068763
v 1.392440 0.010146 0.068072
v 1.593856 0.008730 0.067190
v 1.594494 0.026892 0.042787
v 1.194060 -0.021840 0.077263
v 1.390810 -0.021987 0.077186
v 1.592657 -0.021845 0.077386
v 1.791876 0.008049 0.066973
v 1.389061 -0.057970 0.080386
v 1.591195 -0.056733 0.080787
v 1.387027 -0.100157 0.081278
v 1.589205 -0.097540 0.081912
v 1.586824 -0.144256 0.080940
v 1.191952 -0.058881 0.080106
v 0.994552 -0.019318 0.077423
v 0.792186 0.021046 0.069822
v 0.593113 0.054853 0.050862
v 0.394622 0.080181 0.022755
v 0.236471 0.093156 -0.009772
v 0.142654 0.087991 -0.042036
v -0.000269 -0.203767 -0.035172
v 0.576285 0.051939 0.009191
v 2.996443 -0.084872 -0.068985
v 3.673841 -0.011383 -0.050694
v 3.858717 0.007994 -0.036018
v 3.868768 -0.017099 -0.052055
v 4.069381 0.007003 -0.037180
v 4.079258 -0.018857 -0.052225
v 4.089064 -0.051616 -0.057129
v 4.289471 -0.020074 -0.052515
v 4.299396 -0.052703 -0.057337
v 4.309506 -0.088638 -0.059275
v 4.510312 -0.052702 -0.057786
v 4.520892 -0.090668 -0.059956
v 4.532235 -0.141122 -0.059354
v 4.320662 -0.137410 -0.058696
v 4.542186 -0.180649 -0.056896
v 4.330180 -0.176927 -0.056558
v 4.745249 -0.146283 -0.059831
v 4.756004 -0.184979 -0.057202
v 4.956752 -0.150070 -0.059724
v 4.966996 -0.187996 -0.057126
v 5.168179 -0.151043 -0.059392
v 5.179176 -0.189542 -0.056854
v 5.381368 -0.150450 -0.059203
v 5.392938 -0.188077 -0.056638
v 5.592976 -0.146918 -0.059291
v 5.604326 -0.184293 -0.056452
v 5.803443 -0.140582 -0.059058
v 5.814556 -0.178666 -0.056443
v 6.014503 -0.130715 -0.059283
v 6.025023 -0.171204 -0.056889
v 6.220480 -0.122203 -0.059704
v 6.229962 -0.165533 -0.057403
v 6.423244 -0.116993 -0.059812
v 6.430977 -0.162571 -0.057502
v 6.621799 -0.114065 -0.060131
v 6.626184 -0.161065 -0.057930
v 6.807265 -0.110422 -0.061597
v 6.811442 -0.159200 -0.058963
v 6.980914 -0.107943 -0.063573
v 6.987941 -0.158314 -0.060323
v 7.140214 -0.106833 -0.065784
v 7.144081 -0.158280 -0.061232
v 7.145483 -0.196170 -0.053816
v 7.234745 -0.157195 -0.062765
v 7.234996 -0.196796 -0.053558
v 7.234861 -0.226698 -0.034376
v 7.297299 -0.197317 -0.056452
v 7.296706 -0.227339 -0.032852
v 7.295973 -0.238670 0.001106
v 7.234035 -0.238129 -0.001526
v 7.296970 -0.232285 0.030108
v 7.234166 -0.235497 0.032663
v 7.294705 -0.214959 0.059103
v 7.231388 -0.212054 0.062997
v 7.289097 -0.187709 0.076179
v 7.239129 -0.180738 0.077061
v 7.137190 -0.185340 0.073838
v 7.223829 -0.145943 0.082746
v 7.149809 -0.137718 0.082056
v 6.991293 -0.146015 0.080171
v 7.130715 -0.087787 0.084114
v 7.001287 -0.087646 0.082888
v 6.850842 -0.100241 0.081522
v 6.796019 -0.151916 0.079018
v 6.684212 -0.108001 0.080461
v 6.623487 -0.156872 0.078017
v 6.482940 -0.115843 0.080224
v 6.475925 -0.160949 0.078171
v 6.293383 -0.121618 0.079983
v 6.286040 -0.165669 0.077726
v 6.098029 -0.131158 0.079894
v 6.089179 -0.173453 0.077651
v 5.891803 -0.143377 0.079802
v 5.882344 -0.183484 0.076869
v 5.680874 -0.153996 0.079778
v 5.671566 -0.192147 0.076550
v 5.470983 -0.159982 0.080224
v 5.462160 -0.196777 0.076620
v 5.257895 -0.163608 0.080799
v 5.248308 -0.200098 0.077090
v 5.045010 -0.164529 0.080836
v 5.034687 -0.201833 0.077033
v 4.832508 -0.164611 0.080690
v 4.822050 -0.201828 0.076667
v 4.620183 -0.163226 0.080334
v 4.609725 -0.199992 0.076532
v 4.408257 -0.159837 0.080004
v 4.632285 -0.112612 0.081444
v 4.419925 -0.112367 0.081147
v 4.209329 -0.111022 0.080683
v 4.430658 -0.067505 0.079843
v 4.219398 -0.069936 0.079708
v 4.009770 -0.070427 0.079555
v 4.228796 -0.035689 0.076222
v 4.019245 -0.036438 0.076336
v 4.238316 -0.004876 0.067806
v 4.028825 -0.005719 0.067754
v 4.248328 0.014259 0.045173
v 4.038671 0.013283 0.045363
v 4.258667 0.022549 0.016731
v 4.048892 0.021914 0.017695
v 4.269050 0.018974 -0.012125
v 4.059183 0.019076 -0.010906
v 4.279330 0.006312 -0.038377
v 4.479669 0.020218 -0.013865
v 4.490171 0.007525 -0.039422
v 4.500340 -0.019399 -0.052855
v 4.699187 0.008844 -0.039951
v 4.709277 -0.018583 -0.053128
v 4.719790 -0.051690 -0.057979
v 4.923190 -0.018117 -0.053608
v 4.932985 -0.051823 -0.058307
v 4.944100 -0.092553 -0.060335
v 4.731728 -0.090811 -0.060195
v 5.144146 -0.051866 -0.058291
v 5.155128 -0.093125 -0.060225
v 5.356256 -0.052051 -0.058141
v 5.367537 -0.093284 -0.059980
v 5.568969 -0.051665 -0.058032
v 5.579659 -0.091609 -0.059661
v 5.779360 -0.049544 -0.057866
v 5.790403 -0.088309 -0.059567
v 5.992954 -0.044990 -0.057731
v 6.003163 -0.083195 -0.059482
v 6.199444 -0.034972 -0.057163
v 6.209795 -0.074235 -0.059559
v 6.407255 -0.027250 -0.056758
v 6.414759 -0.065979 -0.059569
v 6.611870 -0.021809 -0.056849
v 6.616437 -0.058196 -0.059664
v 6.793139 -0.016552 -0.057769
v 6.799899 -0.050878 -0.060776
v 6.961130 -0.009502 -0.059138
v 6.970164 -0.044551 -0.062520
v 7.113034 0.000134 -0.060283
v 7.128074 -0.041643 -0.064634
v 7.217411 0.006997 -0.061293
v 7.227471 -0.039401 -0.067239
v 7.233399 -0.106787 -0.068843
v 7.292972 -0.040113 -0.079094
v 7.295593 -0.105519 -0.079038
v 7.296528 -0.156564 -0.070003
v 7.339462 -0.099219 -0.065529
v 7.341299 -0.148622 -0.060139
v 7.345626 -0.192783 -0.048971
v 7.362013 -0.132116 -0.035363
v 7.365132 -0.172761 -0.016987
v 7.339494 -0.037750 -0.064168
v 7.284406 0.003063 -0.065117
v 7.339735 0.007444 -0.053320
v 7.293677 0.039101 -0.050664
v 7.338835 0.040220 -0.035173
v 7.283068 0.062199 -0.032005
v 7.332749 0.061355 -0.015923
v 7.356493 0.039100 0.000421
v 7.356018 0.032998 0.036076
v 7.330389 0.044976 0.056824
v 7.338560 0.018151 0.068706
v 7.361548 -0.004094 0.053137
v 7.332996 -0.028766 0.082872
v 7.286905 -0.025660 0.090241
v 7.288456 -0.073653 0.094052
v 7.330737 -0.087607 0.089770
v 7.283733 0.017799 0.077637
v 7.288172 0.052247 0.059897
v 7.216331 0.045357 0.064525
v 7.200314 0.016519 0.075880
v 7.218040 -0.029412 0.084353
v 7.120365 0.002342 0.077493
v 7.098889 -0.035387 0.081859
v 7.227696 -0.094633 0.087231
v 7.291927 -0.138805 0.088064
v 7.335668 -0.180583 0.069867
v 7.341950 -0.132973 0.079085
v 7.338311 -0.212433 0.049301
v 6.993367 -0.004003 0.076651
v 6.951801 -0.043345 0.080763
v 6.842479 -0.013260 0.076568
v 6.793792 -0.051683 0.079890
v 6.689884 -0.019752 0.076160
v 6.632123 -0.059473 0.079242
v 6.501156 -0.027665 0.076555
v 6.491279 -0.064188 0.079276
v 6.310029 -0.036134 0.076949
v 6.301252 -0.073187 0.079490
v 6.116605 -0.044517 0.077708
v 6.107463 -0.083214 0.079923
v 5.912285 -0.052690 0.078660
v 5.902405 -0.093620 0.080558
v 5.702876 -0.057680 0.079239
v 5.692156 -0.101782 0.081059
v 5.492280 -0.061335 0.079430
v 5.481514 -0.107953 0.081312
v 5.280913 -0.062598 0.079969
v 5.269488 -0.110973 0.081951
v 5.068649 -0.063102 0.080061
v 5.057152 -0.112063 0.082074
v 4.856499 -0.063335 0.080074
v 4.844869 -0.112419 0.081711
v 4.643485 -0.064569 0.079909
v 4.865993 -0.027013 0.075628
v 4.652596 -0.028422 0.075543
v 4.439964 -0.031880 0.075933
v 4.661157 0.002632 0.065459
v 4.449098 -0.000856 0.066083
v 4.670188 0.020025 0.041730
v 4.458818 0.017724 0.042990
v 4.679620 0.027030 0.013414
v 4.469101 0.024312 0.014503
v 4.689306 0.021618 -0.014524
v 4.893926 0.029289 0.013396
v 4.903667 0.023348 -0.014673
v 4.913519 0.010234 -0.040300
v 5.115994 0.024100 -0.014982
v 5.125482 0.010157 -0.040444
v 5.134717 -0.018131 -0.053568
v 5.337748 0.009830 -0.039866
v 5.346798 -0.018032 -0.053571
v 5.550120 0.009374 -0.040147
v 5.559584 -0.018137 -0.053558
v 5.759526 0.010504 -0.039716
v 5.769404 -0.016081 -0.053011
v 5.974173 0.014374 -0.038363
v 5.983081 -0.011703 -0.052819
v 6.179939 0.022357 -0.035885
v 6.188950 -0.001330 -0.051071
v 6.394658 0.029631 -0.033604
v 6.400819 0.006087 -0.049827
v 6.608028 0.009826 -0.050759
v 6.786915 0.012084 -0.053034
v 6.927928 0.039202 -0.039734
v 6.953033 0.019141 -0.053944
v 7.061073 0.050974 -0.036201
v 7.098810 0.031069 -0.053588
v 7.187201 0.061765 -0.032081
v 7.209575 0.039770 -0.052284
v 6.938565 0.056264 -0.013397
v 6.820147 0.052453 0.023518
v 6.946670 0.056412 0.030328
v 6.812790 0.038893 0.051534
v 6.954405 0.041342 0.055929
v 6.803776 0.014207 0.069298
v 6.946568 0.019291 0.070413
v 7.093505 0.034088 0.066810
v 6.645479 0.005958 0.070278
v 6.513029 0.001902 0.070821
v 6.338551 0.020405 0.060167
v 6.322787 -0.004419 0.071803
v 6.139943 0.015325 0.061158
v 6.126978 -0.011558 0.073106
v 5.930592 0.009679 0.062360
v 5.921339 -0.018364 0.074227
v 5.720941 0.006760 0.062881
v 5.712086 -0.022732 0.074740
v 5.511165 0.005650 0.064199
v 5.501909 -0.025158 0.075351
v 5.300060 0.005445 0.064723
v 5.290759 -0.025898 0.075706
v 5.087327 0.005601 0.064975
v 5.078237 -0.026312 0.075886
v 4.874890 0.004555 0.065207
v 5.096722 0.022944 0.041394
v 4.884190 0.022253 0.041655
v 5.106282 0.029931 0.013743
v 5.309453 0.022960 0.041288
v 5.318985 0.029220 0.013457
v 5.328447 0.023791 -0.014817
v 5.530474 0.028709 0.012695
v 5.540348 0.023261 -0.015382
v 5.739702 0.029606 0.012127
v 5.749600 0.024050 -0.015475
v 5.951890 0.033002 0.013054
v 5.963514 0.027576 -0.014481
v 6.161428 0.038054 0.014386
v 6.170300 0.034183 -0.012782
v 6.378275 0.043177 0.015234
v 6.387988 0.043427 -0.009318
v 6.151482 0.032234 0.040308
v 6.366649 0.037499 0.037315
v 5.941583 0.026530 0.040218
v 5.730164 0.022927 0.039554
v 5.520688 0.022288 0.040337
v 2.988462 -0.035420 0.083183
v 2.882650 -0.043438 0.084465
v 2.990588 -0.008722 0.078558
v 2.887919 -0.012654 0.079598
v 1.983588 0.194363 -0.197478
v 1.987718 0.173553 -0.207036
v 1.839470 0.189095 -0.223413
v 1.896269 0.200347 -0.202929
v 1.968049 0.197187 -0.174970
v 2.070003 0.193255 -0.140737
v 2.081717 0.187391 -0.165141
v 1.878331 0.202215 -0.175869
v 1.952016 0.200453 -0.149149
v 2.057219 0.195719 -0.114477
v 2.154459 0.184003 -0.082163
v 2.169787 0.183163 -0.105789
v 1.940067 0.213249 -0.122334
v 2.049290 0.203131 -0.088736
v 2.144613 0.187943 -0.058842
v 2.218515 0.173418 -0.032716
v 2.230397 0.172288 -0.054522
v 2.044078 0.212288 -0.061566
v 2.139404 0.193493 -0.033094
v 2.211635 0.177150 -0.009946
v 2.275038 0.160907 0.012568
v 2.284887 0.159045 -0.007377
v 2.134945 0.192865 -0.007473
v 2.036837 0.214809 -0.034920
v 2.027156 0.200036 -0.017445
v 2.126770 0.175416 0.004938
v 2.029302 0.177556 -0.025068
v 2.127291 0.156029 -0.003608
v 2.193129 0.139897 0.006698
v 2.047882 0.170536 -0.046540
v 2.142694 0.151757 -0.022893
v 2.203040 0.137553 -0.006363
v 2.071330 0.167367 -0.067648
v 2.161176 0.151297 -0.039551
v 2.221040 0.139310 -0.020746
v 2.200055 0.115340 -0.019329
v 2.188859 0.118587 -0.002532
v 2.135167 0.112847 -0.055808
v 2.124264 0.112114 -0.034681
v 2.114213 0.115282 -0.011606
v 2.025712 0.109209 -0.055367
v 2.013760 0.109753 -0.029470
v 2.005992 0.093363 -0.011059
v 2.103788 0.103447 0.008208
v 2.013330 0.068560 -0.019238
v 2.107085 0.078379 0.005400
v 2.027217 0.065169 -0.044772
v 2.117538 0.070427 -0.018397
v 2.189188 0.074962 0.002984
v 2.129965 0.072832 -0.045077
v 2.201303 0.075618 -0.022968
v 2.268773 0.075776 -0.001124
v 2.257030 0.077208 0.021559
v 2.330311 0.089445 0.055970
v 2.420970 0.081867 0.080030
v 2.419334 0.097327 0.081318
v 2.424608 0.111638 0.079224
v 2.488571 0.088267 0.125137
v 2.496246 0.106183 0.121362
v 2.512402 0.117720 0.110640
v 2.436341 0.122305 0.070232
v 2.446229 0.125715 0.058010
v 2.359916 0.142719 0.022991
v 2.349857 0.141846 0.038549
v 2.529971 0.122041 0.091729
v 2.542081 0.123814 0.076646
v 2.458780 0.130413 0.043368
v 2.554578 0.123050 0.063131
v 2.470104 0.129835 0.030029
v 2.386550 0.142051 -0.008254
v 2.372676 0.143562 0.006621
v 2.314234 0.158583 -0.045746
v 2.298301 0.158909 -0.026584
v 2.246147 0.172078 -0.076409
v 2.182276 0.174277 -0.126937
v 2.173960 0.151391 -0.131198
v 2.077447 0.164282 -0.174177
v 2.149655 0.143406 -0.118165
v 2.054492 0.151696 -0.160034
v 1.973231 0.158018 -0.193621
v 2.027249 0.157830 -0.141149
v 1.952681 0.161237 -0.172102
v 2.001767 0.166484 -0.119622
v 1.927670 0.169653 -0.146782
v 1.879724 0.171075 -0.162661
v 1.901397 0.181456 -0.119688
v 1.854638 0.178668 -0.131536
v 1.820594 0.161190 -0.136915
v 1.845948 0.157448 -0.171912
v 1.814243 0.134562 -0.135863
v 1.841035 0.130940 -0.171474
v 1.839244 0.112359 -0.128060
v 1.861645 0.109058 -0.163164
v 1.882439 0.106725 -0.198855
v 1.904169 0.102555 -0.150685
v 1.921833 0.101751 -0.183250
v 1.931698 0.088533 -0.210301
v 1.891820 0.096574 -0.230031
v 1.920102 0.063744 -0.206753
v 1.863960 0.075200 -0.234827
v 1.834714 0.110746 -0.252331
v 1.834877 0.075599 -0.211363
v 1.805776 0.114333 -0.229334
v 1.810637 0.157104 -0.232459
v 1.786241 0.119680 -0.195837
v 1.789238 0.159350 -0.199103
v 1.822291 0.189972 -0.191654
v 1.767524 0.164229 -0.164081
v 1.804526 0.197319 -0.160815
v 1.863752 0.211980 -0.147129
v 1.786602 0.207927 -0.131753
v 1.851142 0.224702 -0.119005
v 1.932700 0.225494 -0.095136
v 1.840437 0.232765 -0.091433
v 1.925091 0.231871 -0.067929
v 1.835760 0.222555 -0.068333
v 1.916981 0.218925 -0.047545
v 1.849437 0.196348 -0.069057
v 1.922330 0.193032 -0.051711
v 1.874462 0.185824 -0.091020
v 1.945932 0.182813 -0.073610
v 1.973704 0.177425 -0.097697
v 2.094263 0.160093 -0.086206
v 2.120845 0.151582 -0.102395
v 1.802439 0.188635 -0.076322
v 1.828284 0.182182 -0.101022
v 1.778856 0.167513 -0.078564
v 1.799866 0.163656 -0.105085
v 1.773913 0.140840 -0.075132
v 1.793349 0.138707 -0.103828
v 1.795616 0.118018 -0.070586
v 1.815850 0.116189 -0.098008
v 1.840049 0.107754 -0.061521
v 1.861573 0.107824 -0.087785
v 1.883158 0.104712 -0.117999
v 1.928322 0.109242 -0.075142
v 1.945487 0.107513 -0.103887
v 1.964212 0.107708 -0.133429
v 1.981549 0.107980 -0.162660
v 2.039107 0.112287 -0.080993
v 2.055254 0.115886 -0.106079
v 2.072847 0.116124 -0.131114
v 2.091441 0.105235 -0.151189
v 1.996657 0.094996 -0.186246
v 2.148347 0.116292 -0.076398
v 2.165136 0.119294 -0.097334
v 2.181258 0.110600 -0.116555
v 2.181481 0.085408 -0.115630
v 2.092278 0.079396 -0.146621
v 2.075221 0.072283 -0.122375
v 1.973461 0.063825 -0.155907
v 1.994031 0.069043 -0.179457
v 2.164214 0.075319 -0.094691
v 2.145351 0.075787 -0.070289
v 2.056921 0.072722 -0.096831
v 2.234991 0.075420 -0.072446
v 2.216498 0.076635 -0.047737
v 2.300870 0.076211 -0.047153
v 2.282999 0.075897 -0.023859
v 2.386839 0.089388 -0.020931
v 2.477550 0.086488 0.023732
v 2.386523 0.110159 -0.022277
v 2.477670 0.101749 0.019657
v 2.567173 0.099393 0.051232
v 2.392862 0.127840 -0.018995
v 2.476813 0.118584 0.020682
v 2.564000 0.115034 0.053220
v 2.041399 0.067763 -0.071317
v 1.932772 0.063776 -0.103790
v 1.950922 0.066364 -0.130260
v 1.852069 0.067550 -0.129480
v 1.872167 0.066438 -0.158687
v 1.895624 0.059909 -0.184749
v 1.814329 0.082791 -0.181530
v 1.793856 0.086398 -0.147899
v 1.762156 0.122946 -0.160075
v 1.773422 0.085624 -0.116633
v 1.739711 0.126157 -0.128561
v 1.746561 0.171220 -0.133671
v 1.726043 0.130067 -0.099265
v 1.730242 0.177419 -0.105103
v 1.771523 0.216191 -0.103988
v 1.740720 0.176451 -0.079548
v 1.776728 0.208135 -0.079198
v 1.734743 0.136070 -0.074893
v 1.759739 0.087748 -0.087401
v 1.767345 0.101083 -0.065764
v 1.823329 0.065669 -0.070927
v 1.823463 0.084636 -0.052392
v 1.906814 0.062632 -0.048564
v 1.901560 0.084544 -0.034755
v 1.910718 0.107303 -0.048673
v 1.835553 0.063183 -0.099581
v 1.918299 0.060079 -0.075583
v 2.834157 0.047928 0.115201
v 2.910728 0.045315 0.119093
v 2.911653 0.049806 0.143604
v 3.001845 0.042738 0.153770
v 2.999183 0.058142 0.172526
v 2.912835 0.063862 0.159913
v 3.006140 0.037180 0.128649
v 3.119193 0.033733 0.140909
v 3.109909 0.040344 0.164556
v 3.126573 0.033615 0.112583
v 3.252778 0.045928 0.118079
v 3.248337 0.046932 0.150070
v 3.128788 0.028533 0.087817
v 3.259087 0.042623 0.089497
v 3.322073 0.066458 0.081826
v 3.327296 0.074031 0.111125
v 3.321458 0.057098 0.055783
v 3.366555 0.116974 0.098531
v 3.372899 0.128504 0.129069
v 3.332389 0.078583 0.143307
v 3.362418 0.106747 0.068085
v 3.357085 0.153175 0.053701
v 3.356794 0.163984 0.085909
v 3.359745 0.095887 0.041889
v 3.356480 0.142496 0.023815
v 3.317193 0.178185 0.012747
v 3.315267 0.185841 0.044986
v 3.351415 0.086988 0.018818
v 3.350278 0.129755 -0.001046
v 3.313745 0.165790 -0.015998
v 3.248740 0.179833 -0.020602
v 3.251662 0.191909 0.009145
v 3.318179 0.118193 -0.005566
v 3.290699 0.141161 -0.016894
v 3.243188 0.150205 -0.020881
v 3.273732 0.131321 0.010146
v 3.237045 0.135978 0.007460
v 3.185756 0.130693 0.010108
v 3.179631 0.144682 -0.017673
v 3.172558 0.172426 -0.014691
v 3.099763 0.126051 -0.003241
v 3.087374 0.149741 0.000638
v 3.091659 0.162208 0.025918
v 3.176922 0.183448 0.013182
v 3.098758 0.168152 0.054685
v 3.182006 0.189406 0.045095
v 3.252413 0.197483 0.041860
v 3.179765 0.200882 0.075893
v 3.251996 0.208684 0.073769
v 3.314103 0.196345 0.077240
v 3.249327 0.221312 0.103093
v 3.312937 0.209648 0.106686
v 3.361582 0.178486 0.114955
v 3.307169 0.220061 0.133175
v 3.360801 0.189640 0.139147
v 3.373709 0.138586 0.155984
v 3.349388 0.145219 0.178863
v 3.319246 0.098516 0.191830
v 3.331897 0.084717 0.171238
v 3.227361 0.066304 0.195446
v 3.239284 0.052116 0.175533
v 3.102105 0.055209 0.184671
v 3.213420 0.090186 0.193310
v 3.097670 0.079776 0.183981
v 3.196164 0.105822 0.175036
v 3.097038 0.095495 0.166638
v 3.187747 0.099643 0.150262
v 3.094113 0.091111 0.142154
v 3.180724 0.090902 0.124689
v 3.087425 0.084645 0.119397
v 3.011633 0.085283 0.118128
v 3.082236 0.078289 0.096770
v 3.002779 0.078283 0.096970
v 2.985148 0.097619 0.093761
v 2.987419 0.103062 0.111907
v 3.047076 0.119265 0.107393
v 3.045676 0.123421 0.131257
v 3.048297 0.112805 0.085726
v 3.120466 0.132835 0.077821
v 3.117296 0.141745 0.105375
v 3.049094 0.104586 0.061994
v 3.119867 0.122546 0.049670
v 3.185101 0.137762 0.041869
v 3.184634 0.147678 0.073480
v 3.041484 0.096532 0.036879
v 3.115006 0.114922 0.019837
v 3.022965 0.104533 0.015873
v 3.011847 0.127563 0.019839
v 2.954939 0.123372 0.054938
v 3.017662 0.140237 0.041411
v 2.961424 0.127790 0.076575
v 3.025459 0.145340 0.066076
v 2.964520 0.133149 0.098059
v 3.026298 0.152198 0.090814
v 3.097779 0.177075 0.082698
v 3.020139 0.160267 0.115613
v 3.090241 0.187009 0.110627
v 3.173690 0.212175 0.104929
v 3.087723 0.187994 0.138763
v 3.169962 0.216860 0.133628
v 3.243032 0.228658 0.131135
v 3.178218 0.194191 0.150708
v 3.238332 0.205032 0.150614
v 3.184236 0.169314 0.133602
v 3.236217 0.176294 0.134138
v 3.183422 0.159425 0.103890
v 3.234788 0.164861 0.103862
v 3.273496 0.162099 0.105038
v 3.233848 0.153079 0.072265
v 3.272639 0.150182 0.073470
v 3.299540 0.135366 0.078220
v 3.300421 0.148483 0.109646
v 3.290208 0.111719 0.087248
v 3.293175 0.124452 0.117669
v 3.247276 0.093999 0.095143
v 3.251915 0.104589 0.123260
v 3.258574 0.116127 0.149094
v 3.268935 0.123587 0.171146
v 3.294058 0.114974 0.189258
v 3.318834 0.142081 0.178785
v 3.174047 0.082055 0.098950
v 3.244765 0.085872 0.066949
v 3.166545 0.076782 0.072898
v 3.287304 0.102871 0.056512
v 3.297256 0.125185 0.045844
v 3.295523 0.117439 0.017405
v 3.272347 0.140017 0.040640
v 3.234810 0.143608 0.039481
v 3.114989 0.147305 0.133902
v 3.102677 0.167470 0.151152
v 3.033891 0.137251 0.147369
v 3.019138 0.157602 0.140094
v 2.962360 0.139876 0.119443
v 2.900548 0.119152 0.105512
v 2.904074 0.124774 0.124242
v 2.818534 0.112776 0.111161
v 2.822925 0.116383 0.128974
v 2.895741 0.113641 0.086613
v 2.811192 0.104910 0.094865
v 3.327334 0.057422 0.035043
v 2.761079 -0.026610 0.151232
v 2.695328 -0.017712 0.165233
v 2.681650 -0.029172 0.183684
v 2.658068 -0.050095 0.193903
v 2.810723 -0.060921 0.176900
v 2.793505 -0.108375 0.206280
v 2.534000 -0.042116 0.183612
v 2.506425 -0.024079 0.165463
v 2.525332 -0.030221 0.131861
v 2.485306 -0.034637 0.142554
v 2.448888 -0.054143 0.161687
v 2.441625 -0.089203 0.188385
v 2.477832 -0.120948 0.213425
v 2.514690 -0.051624 0.124571
v 2.562230 -0.110163 0.156754
v 2.467443 -0.186877 0.164716
v 2.578255 -0.168598 0.184772
v 2.683744 -0.193869 0.196078
v 2.662838 -0.175329 0.186552
v 2.755205 -0.168122 0.118001
v 2.783442 -0.184602 0.150252
v 2.780054 -0.169123 0.169468
v 5.111569 0.005519 0.019224
v 5.192548 0.004185 0.014589
v 5.177542 0.005640 0.004997
v 5.119758 0.005726 0.004684
v 5.115833 0.005626 0.011653
v 5.127156 0.005642 0.012088
v 5.126607 0.005565 0.017827
v 5.171362 0.005371 0.015660
v 5.169064 0.005671 0.009981
v 5.184760 0.004967 0.009439
v 5.167754 0.005713 0.004322
v 5.127931 0.005706 0.004551
v 5.138253 0.005681 0.004382
v 5.138512 0.005636 0.011135
v 5.148240 0.005631 0.010644
v 5.148782 0.005607 0.016443
v 5.139085 0.005601 0.016742
v 5.147933 0.005659 0.004227
v 5.157545 0.005685 0.004273
v 5.157881 0.005638 0.010314
v 5.158459 0.005613 0.016144
v 5.829691 0.006887 0.018829
v 5.443293 0.006019 0.012904
v 5.829188 0.006744 0.008582
v 5.432039 0.005219 0.004711
v 5.828663 0.007333 0.014434
v 5.812490 0.007508 0.017009
v 5.811275 0.004819 0.021381
v 5.811271 0.004695 0.010598
v 5.827947 0.004915 0.012815
v 5.441236 0.005239 0.009560
v 5.456759 0.005188 0.008842
v 5.457279 0.005579 0.014626
v 5.458021 0.005962 0.011327
v 5.442157 0.005896 0.009870
v 5.811610 0.007024 0.006807
v 5.458440 0.005502 0.004992
v 5.489053 0.005901 0.003589
v 5.488214 0.005032 0.008689
v 5.487386 0.006393 0.012970
v 5.532159 0.007158 0.014279
v 5.534161 0.006034 0.000882
v 5.489731 0.005228 0.017365
v 5.535530 0.004954 0.020761
v 5.605055 0.004533 0.024663
v 5.603281 0.007931 0.015361
v 5.532895 0.004672 0.007979
v 5.604803 0.004103 0.007843
v 5.679610 0.003984 0.008747
v 5.680120 0.004619 0.026258
v 5.604659 0.006686 -0.001056
v 5.681130 0.006748 0.000082
v 5.744661 0.006870 0.001547
v 5.745200 0.004264 0.009517
v 5.679494 0.008084 0.017069
v 5.746688 0.008002 0.018354
v 5.784671 0.007715 0.018157
v 5.782778 0.006993 0.004070
v 5.744033 0.004653 0.026283
v 5.783507 0.004659 0.023835
v 5.783853 0.004473 0.009688
v 5.351367 0.005536 0.022056
v 5.377756 0.005620 0.016449
v 5.342175 0.007195 0.014150
v 5.362986 0.005597 0.004273
v 5.348640 0.006028 0.019710
v 5.354527 0.005558 0.017146
v 5.357708 0.005556 0.020709
v 5.370895 0.005598 0.017907
v 5.367567 0.005594 0.014184
v 5.372483 0.005612 0.012102
v 5.347635 0.006776 0.011559
v 5.351274 0.006132 0.014526
v 5.345565 0.006583 0.017065
v 5.367560 0.005604 0.008044
v 5.362444 0.005586 0.010249
v 5.358023 0.005978 0.006629
v 5.357194 0.005641 0.012177
v 5.353045 0.006360 0.008991
v 5.361118 0.005574 0.015711
v 5.363873 0.005576 0.019399
v 0.907590 0.025681 0.038618
v 0.916325 0.024419 0.032004
v 0.897607 0.024195 0.028807
v 1.036923 0.026485 0.014205
v 0.863774 0.033115 0.010905
v 0.852827 0.024970 0.028678
v 0.856888 0.021634 0.039050
v 1.041395 0.026762 0.005892
v 0.842432 0.031882 0.004498
v 0.856665 0.024856 -0.002491
v 0.838909 0.025841 -0.008300
v 0.883465 0.024545 0.029846
v 0.897977 0.022432 0.015233
v 0.942755 0.021700 0.017758
v 0.950269 0.024979 0.029652
v 0.947862 0.030485 0.023488
v 0.898757 0.030089 0.027983
v 0.868993 0.024607 0.014795
v 1.003430 0.030086 0.006273
v 1.004885 0.030094 0.017383
v 1.047149 0.023303 0.015232
v 1.049454 0.024330 0.006309
v 1.004251 0.024106 0.020458
v 1.042584 0.025687 0.015404
v 0.868286 0.027820 0.029719
v 0.894458 0.033707 0.007833
v 0.839483 0.031186 -0.002401
v 0.853068 0.029830 0.017313
v 0.858484 0.027736 0.026809
v 0.849617 0.026434 0.018316
v 1.046146 0.026469 0.001485
v 1.005595 0.028450 -0.001885
v 0.838105 0.026425 0.004647
v 0.832572 0.026302 -0.003017
v 0.894906 0.022910 -0.004916
v 0.859776 0.030314 -0.010150
v 0.895768 0.029806 -0.012105
v 0.843449 0.029649 -0.012202
v 0.949888 0.028749 -0.008959
v 0.947248 0.022493 -0.002058
v 0.946094 0.032057 0.005721
v 1.004316 0.023166 0.002201
v 1.000862 0.021560 0.012270
v 1.042895 0.025136 0.012012
v 1.043996 0.025242 0.008813
v 1.148975 0.020067 0.021930
v 1.140476 0.018703 0.007214
v 1.494461 0.017046 0.025477
v 1.330278 0.018322 -0.006420
v 1.346902 0.019067 0.004610
v 1.350323 0.017115 -0.013460
v 1.345197 0.014236 0.003880
v 1.139534 0.018071 -0.004520
v 1.144339 0.017484 -0.011166
v 1.138156 0.018395 0.003318
v 1.161427 0.023020 0.010953
v 1.166248 0.015158 0.008793
v 1.204276 0.014320 0.022877
v 1.200812 0.018642 0.031932
v 1.205212 0.023028 0.016156
v 1.489091 0.012556 0.018516
v 1.485707 0.012754 0.011002
v 1.487366 0.018558 0.014311
v 1.461531 0.018013 0.024180
v 1.461463 0.013221 0.021896
v 1.456841 0.018269 0.011104
v 1.273230 0.019016 -0.006716
v 1.271373 0.021936 0.012882
v 1.276262 0.014408 -0.015296
v 1.403782 0.017190 0.008887
v 1.404378 0.015416 0.010125
v 1.343996 0.018789 0.028100
v 1.403684 0.017647 0.026108
v 1.272451 0.013778 0.002422
v 1.403950 0.015207 0.025245
v 1.341868 0.013959 0.026210
v 1.270584 0.013758 0.026332
v 1.182652 0.018498 -0.013506
v 1.174724 0.014949 -0.007630
v 1.171427 0.019170 -0.006382
v 1.209504 0.019265 -0.006090
v 1.213475 0.014479 -0.016774
v 1.210296 0.014254 -0.000690
v 1.270145 0.018653 0.032990
v 1.458485 0.013756 0.008628
v 1.120670 0.024039 0.016265
v 1.116870 0.024768 0.016279
v 1.116913 0.024371 0.015438
v 1.113252 0.025462 0.016291
v 1.112949 0.024982 0.015186
v 1.109267 0.025821 0.016238
v 1.101567 0.025530 0.015982
v 1.098192 0.025732 0.015950
v 1.098266 0.025577 0.015005
v 1.100330 0.025856 0.014829
v 1.099121 0.026175 0.013701
v 1.095323 0.025760 0.013776
v 1.095193 0.026148 0.012751
v 1.097963 0.026481 0.012621
v 1.095073 0.026505 0.011810
v 1.096920 0.026756 0.011648
v 1.095009 0.026694 0.011310
v 1.095450 0.025384 0.014769
v 1.094702 0.025558 0.015866
v 1.092739 0.026376 0.017513
v 1.077873 0.024922 0.014466
v 1.081690 0.024512 0.013761
v 1.074115 0.026286 0.011154
v 1.074962 0.024807 0.014226
v 1.075407 0.024473 0.013335
v 1.077860 0.023989 0.013892
v 1.079215 0.024210 0.015063
v 1.080696 0.024383 0.014951
v 1.080565 0.024992 0.014404
v 1.079333 0.023536 0.014348
v 1.077730 0.026011 0.012784
v 1.074832 0.026079 0.013056
v 1.079949 0.025846 0.013089
v 1.081165 0.024007 0.014229
v 1.080455 0.024970 0.012125
v 1.079386 0.024383 0.013170
v 1.072287 0.026116 0.009617
v 1.070498 0.026376 0.010078
v 1.071515 0.026356 0.011743
v 1.077711 0.025781 0.011418
v 1.076903 0.024808 0.012014
v 1.073976 0.025007 0.011309
v 1.071921 0.025244 0.010297
v 1.072351 0.026000 0.013544
v 1.069268 0.026392 0.012624
v 1.069726 0.025981 0.013997
v 1.069491 0.025364 0.013650
v 1.072254 0.025025 0.013950
v 1.070149 0.025142 0.011906
v 1.072756 0.024788 0.012653
v 1.066810 0.025382 0.013168
v 1.067780 0.025387 0.010898
v 1.069936 0.025523 0.009168
v 1.065533 0.025756 0.009670
v 1.067719 0.025535 0.007823
v 1.069858 0.026081 0.006725
v 1.070850 0.026088 0.008111
v 1.068807 0.026361 0.006664
v 1.069539 0.026327 0.008451
v 1.066586 0.025966 0.007124
v 1.067403 0.026294 0.008928
v 1.068302 0.026437 0.010733
v 1.065399 0.026223 0.009354
v 1.066314 0.026595 0.011048
v 1.066853 0.026559 0.013884
v 1.063355 0.025704 0.012995
v 1.063536 0.026173 0.015291
v 1.066521 0.026077 0.014949
v 1.063798 0.025677 0.012223
v 1.060868 0.025475 0.014706
v 1.061180 0.026095 0.011000
v 1.062998 0.025598 0.008294
v 1.065215 0.025015 0.006191
v 1.067656 0.025851 0.005211
v 1.067800 0.026213 0.004825
v 1.065755 0.025849 0.005295
v 1.063489 0.025446 0.005815
v 1.064445 0.025835 0.007585
v 1.061032 0.026120 0.016068
v 1.061136 0.025035 0.014455
v 1.065361 0.028308 0.019001
v 1.056345 0.027482 0.017954
v 1.060379 0.025115 0.014391
v 1.048656 0.026514 0.016681
v 1.055407 0.025275 0.011809
v 1.046521 0.025154 0.014491
v 1.051549 0.025342 0.010094
v 1.053025 0.025744 0.005398
v 1.058629 0.025779 0.006161
v 1.064225 0.025695 0.006173
v 1.059302 0.026801 0.002098
v 1.064359 0.026750 0.003020
v 1.069214 0.026620 0.004018
v 1.053437 0.026741 0.001378
v 1.047060 0.025499 0.005406
v 1.045092 0.026339 0.002060
v 1.046243 0.025386 0.007744
v 1.044220 0.025536 0.010075
v 1.044587 0.025982 0.015799
vn 0.0023 -0.8170 -0.5766
vn -0.0651 -0.6929 -0.7181
vn 0.2179 -0.3976 -0.8913
vn 0.2942 -0.5359 -0.7914
vn -0.0035 -0.2805 -0.9598
vn -0.0453 -0.3183 -0.9469
vn 0.4127 -0.4484 -0.7929
vn -0.3800 -0.6630 -0.6450
vn 0.5352 -0.8380 -0.1065
vn 0.3648 -0.9310 -0.0093
vn 0.4421 -0.6256 -0.6428
vn 0.7317 -0.5051 -0.4577
vn -0.4776 -0.4335 -0.7642
vn 0.1800 -0.5063 0.8434
vn 0.6989 -0.6986 -0.1530
vn 0.7500 -0.6551 0.0916
vn 0.0981 -0.9868 0.1289
vn 0.2766 -0.8322 -0.4806
vn 0.1925 -0.8373 0.5117
vn 0.1946 -0.8360 0.5130
vn -0.6121 -0.3419 0.7130
vn -0.4187 -0.8326 0.3626
vn -0.9643 0.1498 0.2184
vn -0.9646 0.1511 0.2164
vn -0.0110 0.0925 0.9957
vn 0.0108 0.4529 0.8915
vn -0.0888 0.6436 0.7602
vn 0.1124 0.7401 0.6630
vn 0.4024 0.8949 -0.1930
vn 0.4454 0.7982 0.4056
vn 0.0048 0.9470 0.3212
vn 0.0933 0.8582 0.5047
vn 0.4764 0.8500 0.2248
vn 0.4827 0.8606 0.1626
vn 0.1780 0.9560 -0.2331
vn 0.0418 0.9978 -0.0509
vn -0.0676 0.9685 0.2395
vn -0.0548 0.9609 0.2714
vn -0.0524 0.9886 0.1410
vn -0.0648 0.9830 0.1717
vn -0.0074 0.7356 -0.6774
vn -0.1312 0.9743 -0.1828
vn -0.1408 0.7413 -0.6562
vn -0.1437 0.7311 -0.6669
vn -0.4362 0.4862 -0.7572
vn -0.4938 0.5237 -0.6941
vn 0.0303 0.9872 -0.1567
vn 0.0750 0.9270 -0.3674
vn 0.5042 -0.8419 0.1923
vn 0.6788 -0.2005 -0.7064
vn -0.0333 -0.7045 -0.7089
vn 0.2369 -0.6503 -0.7218
vn -0.1736 0.8524 0.4933
vn -0.1249 0.9029 0.4112
vn -0.1522 0.9773 -0.1472
vn -0.1000 0.9929 0.0643
vn 0.1227 0.9836 -0.1323
vn 0.9190 0.3920 -0.0420
vn 0.0241 0.0770 -0.9967
vn -0.1065 0.3029 -0.9471
vn 0.2291 0.0007 -0.9734
vn 0.2628 0.0520 -0.9634
vn -0.0589 -0.9964 0.0616
vn -0.1647 -0.7380 0.6544
vn 0.5445 0.0136 -0.8387
vn 0.5373 -0.0384 -0.8425
vn 0.7973 0.0317 -0.6028
vn 0.8370 -0.2768 -0.4721
vn 0.5974 0.0457 -0.8006
vn 0.6881 0.0938 -0.7196
vn -0.1911 0.3359 -0.9223
vn -0.3180 0.7098 -0.6286
vn -0.2410 0.1872 -0.9523
vn -0.2325 -0.0303 -0.9721
vn -0.3045 0.2052 -0.9302
vn -0.2443 0.0557 -0.9681
vn 0.0377 0.6114 -0.7904
vn 0.0297 0.6462 -0.7626
vn -0.6232 0.7409 -0.2502
vn -0.3840 -0.0160 -0.9232
vn -0.1469 -0.1646 -0.9753
vn 0.0472 0.0809 -0.9956
vn -0.3372 -0.1938 -0.9213
vn -0.2760 -0.7194 -0.6374
vn -0.0129 0.9997 -0.0194
vn 0.0063 0.9987 0.0507
vn -0.1860 0.5948 0.7821
vn -0.0150 0.9792 0.2023
vn 0.2159 0.9713 -0.1001
vn 0.3728 0.9258 -0.0631
vn -0.0318 0.8936 -0.4478
vn -0.3339 0.8656 0.3733
vn -0.0684 -0.9849 -0.1591
vn 0.0627 -0.9426 -0.3281
vn -0.3323 0.8588 0.3898
vn -0.0248 0.5071 0.8615
vn -0.2202 0.2836 0.9333
vn -0.2192 0.1755 0.9598
vn -0.2144 0.1722 0.9615
vn -0.0842 0.2693 0.9594
vn -0.2318 0.2644 0.9361
vn -0.2057 0.2178 0.9541
vn -0.1382 -0.9547 0.2634
vn -0.1110 -0.9936 0.0194
vn -0.7030 0.0360 0.7103
vn -0.3834 0.3293 0.8629
vn -0.5693 -0.0817 0.8181
vn -0.3003 -0.9368 0.1795
vn -0.2800 -0.1150 0.9531
vn -0.1635 -0.9173 0.3631
vn 0.7949 -0.1527 0.5872
vn 0.9198 0.2482 0.3040
vn -0.5735 -0.5253 0.6287
vn -0.8562 -0.1387 0.4977
vn -0.1522 0.3510 0.9239
vn 0.8207 0.5394 0.1886
vn 0.7930 0.5080 0.3364
vn 0.9717 0.2338 0.0330
vn 0.7445 -0.0530 -0.6655
vn 0.6041 0.0655 -0.7942
vn -0.1342 -0.6973 0.7041
vn -0.6293 -0.5787 0.5187
vn 0.1542 0.9869 -0.0469
vn -0.1106 0.8643 0.4907
vn 0.1758 0.9793 0.1006
vn -0.8941 -0.0969 0.4373
vn 0.1770 0.9733 0.1461
vn -0.0126 0.9988 0.0481
vn -0.1729 -0.0881 0.9810
vn -0.1368 -0.2081 0.9685
vn 0.3058 0.8431 -0.4423
vn 0.2732 0.8194 -0.5039
vn 0.2494 0.9647 0.0844
vn 0.3179 0.9466 -0.0534
vn 0.1286 0.8418 -0.5243
vn 0.1695 0.7991 -0.5768
vn 0.2241 0.9702 0.0921
vn 0.2278 0.9692 0.0936
vn 0.0276 0.9829 -0.1819
vn 0.0456 0.9302 -0.3641
vn 0.2234 0.9497 0.2197
vn 0.2213 0.9546 0.1994
vn -0.4434 0.7377 0.5092
vn 0.2345 0.9520 0.1965
vn -0.3826 0.8704 0.3098
vn -0.4609 0.7485 0.4767
vn -0.3137 0.3477 0.8836
vn -0.3193 0.3592 0.8769
vn 0.6522 0.1382 0.7454
vn 0.7269 0.2597 0.6357
vn 0.1686 0.9202 0.3533
vn -0.2349 0.7596 0.6065
vn 0.9355 -0.0588 0.3485
vn 0.9053 -0.4247 -0.0029
vn 0.0194 -0.1131 -0.9934
vn -0.1455 0.2118 -0.9664
vn 0.0457 -0.9263 -0.3739
vn -0.1949 -0.6701 0.7163
vn 0.4330 0.3150 0.8446
vn 0.8307 0.5274 0.1785
vn 0.0447 -0.6247 0.7796
vn 0.0782 0.2321 0.9695
vn -0.0035 -0.0249 0.9997
vn 0.0079 -0.0638 0.9979
vn 0.0662 -0.5598 0.8260
vn 0.0392 -0.6945 0.7184
vn 0.5455 -0.5152 0.6610
vn 0.2416 -0.3538 0.9036
vn 0.6714 -0.7324 0.1132
vn 0.4953 -0.5317 0.6870
vn 0.3960 0.0722 0.9154
vn 0.4138 0.0899 0.9059
vn 0.3834 -0.5524 0.7402
vn 0.6690 -0.7357 0.1058
vn -0.8223 0.1707 0.5429
vn -0.6499 0.5589 -0.5151
vn -0.7122 0.7017 -0.0184
vn 0.0603 0.4042 -0.9127
vn 0.2198 0.9659 0.1368
vn 0.5110 0.8121 0.2817
vn -0.1505 0.3490 0.9250
vn -0.8130 -0.2338 0.5333
vn 0.1699 0.2098 0.9629
vn 0.2139 0.1582 0.9640
vn 0.0926 -0.9686 0.2306
vn 0.0017 -0.6002 0.7999
vn -0.0598 0.2620 0.9632
vn 0.0358 0.5451 0.8376
vn -0.0731 -0.9584 0.2759
vn -0.0880 -0.9363 0.3400
vn 0.0335 -0.2855 0.9578
vn -0.0567 -0.5851 0.8090
vn 0.0421 -0.1974 0.9794
vn 0.0509 0.3145 0.9479
vn 0.0605 0.2280 0.9718
vn -0.0039 0.4642 0.8857
vn -0.0037 0.8939 0.4482
vn -0.0035 0.8943 0.4475
vn 0.9347 -0.0224 0.3548
vn 0.9048 -0.0618 0.4213
vn 0.9097 0.0288 0.4142
vn 0.9475 -0.0375 0.3177
vn 0.9988 -0.0305 0.0383
vn 0.9999 -0.0114 0.0086
vn 0.8586 -0.4733 -0.1968
vn 0.8795 -0.4752 0.0247
vn 0.4869 -0.8696 -0.0819
vn 0.8209 -0.5183 -0.2398
vn 0.6750 -0.7133 0.1885
vn 0.4973 -0.8669 0.0336
vn 0.0050 -0.3199 -0.9474
vn 0.2837 -0.9585 -0.0279
vn 0.2629 -0.1513 0.9529
vn 0.3122 -0.1727 0.9342
vn 0.1744 -0.6404 0.7480
vn 0.1855 0.0214 0.9824
vn 0.2282 -0.1349 0.9642
vn 0.2394 -0.1371 0.9612
vn 0.4369 -0.7615 0.4788
vn 0.4591 -0.7245 0.5141
vn 0.0154 -0.5570 0.8304
vn 0.0686 -0.7574 0.6493
vn -0.0277 -0.9036 -0.4275
vn -0.0692 -0.7901 -0.6090
vn 0.1828 -0.7664 -0.6159
vn 0.1691 -0.8918 -0.4197
vn 0.0534 -0.5459 -0.8361
vn -0.0055 -0.5537 -0.8327
vn 0.0010 0.4207 0.9072
vn 0.0021 0.4462 0.8949
vn 0.0036 0.4447 0.8957
vn 0.0575 0.4533 0.8895
vn 0.0575 0.4512 0.8906
vn 0.0551 0.4517 0.8905
vn 0.3649 -0.6013 -0.7108
vn 0.2696 -0.6492 -0.7112
vn 0.0089 -0.5315 -0.8470
vn 0.0050 -0.5068 -0.8621
vn 0.1754 -0.3416 -0.9233
vn 0.3170 -0.3089 -0.8967
vn 0.5104 0.0640 0.8575
vn 0.0476 0.3718 0.9271
vn 0.7758 0.4264 0.4652
vn 0.7392 -0.3668 0.5648
vn 0.4167 0.4387 0.7962
vn 0.4660 0.7495 0.4701
vn 0.0110 -0.6353 -0.7722
vn 0.0350 -0.6403 -0.7673
vn -0.1585 -0.1118 -0.9810
vn -0.1794 -0.5133 -0.8393
vn 0.0310 -0.4095 -0.9118
vn 0.0656 -0.4678 -0.8814
vn 0.0341 -0.9892 0.1422
vn -0.0311 -0.9325 0.3598
vn -0.4211 -0.7824 0.4588
vn -0.2756 -0.7662 0.5805
vn -0.4101 -0.8350 -0.3668
vn -0.1795 -0.8897 -0.4198
vn 0.1720 -0.5975 -0.7832
vn 0.1815 -0.5990 -0.7799
vn -0.0227 -0.4411 -0.8972
vn -0.0157 -0.9035 -0.4284
vn 0.0052 -0.5088 -0.8609
vn -0.0166 -0.4701 -0.8825
vn -0.4284 -0.8159 -0.3884
vn -0.7010 -0.7065 -0.0973
vn 0.5546 -0.5214 0.6485
vn 0.4036 -0.8965 0.1826
vn -0.0088 -0.5514 -0.8342
vn -0.0345 -0.9414 -0.3355
vn -0.0684 -0.9408 -0.3319
vn -0.1097 -0.8229 -0.5575
vn 0.0175 -0.5663 -0.8240
vn -0.0031 -0.5639 -0.8259
vn -0.3119 -0.3332 0.8898
vn -0.2817 0.0153 0.9594
vn -0.1743 -0.0794 0.9815
vn 0.0259 -0.0320 0.9992
vn 0.0956 0.0591 0.9937
vn -0.0237 -0.6326 0.7741
vn -0.0450 -0.9425 0.3313
vn 0.0233 -0.8774 0.4792
vn -0.1677 -0.9183 0.3586
vn -0.1290 -0.9446 0.3019
vn 0.7113 -0.4823 0.5113
vn 0.7036 -0.5162 0.4884
vn 0.1741 -0.8529 0.4921
vn 0.1433 -0.8838 0.4453
vn 0.4613 -0.1821 0.8684
vn 0.4612 -0.2721 0.8445
vn -0.6042 -0.5685 0.5583
vn -0.5892 -0.1696 0.7900
vn -0.5353 -0.2681 0.8010
vn 0.4176 -0.2583 0.8711
vn 0.0665 -0.7325 0.6775
vn 0.1119 -0.5435 0.8319
vn -0.4654 -0.5616 0.6841
vn -0.4031 -0.7225 0.5617
vn -0.1371 0.1323 0.9817
vn -0.0021 0.0543 0.9985
vn -0.0120 0.4364 0.8997
vn -0.0085 0.4601 0.8878
vn -0.1452 0.4342 0.8891
vn -0.1124 0.4060 0.9069
vn -0.0922 0.5426 0.8349
vn -0.1087 0.5442 0.8319
vn -0.0154 -0.7843 -0.6202
vn -0.0067 -0.7887 -0.6147
vn 0.1442 -0.9601 0.2395
vn 0.1017 -0.9371 0.3340
vn -0.3899 -0.9090 0.1472
vn -0.4031 -0.9104 0.0933
vn -0.0708 -0.5476 -0.8338
vn -0.0028 -0.3574 -0.9339
vn -0.1583 -0.7641 -0.6254
vn -0.4754 -0.0504 -0.8783
vn -0.1490 0.0106 0.9888
vn -0.1309 -0.2055 0.9699
vn -0.8086 -0.5883 0.0088
vn -0.1717 -0.0557 0.9836
vn -0.5163 0.7339 0.4414
vn -0.4893 0.7398 0.4618
vn -0.6538 0.3629 0.6640
vn -0.7419 0.5152 -0.4292
vn -0.4496 0.7727 0.4482
vn -0.2955 -0.0829 0.9517
vn -0.3382 0.3184 0.8856
vn -0.4908 -0.0359 0.8705
vn 0.1354 0.5409 0.8301
vn 0.1127 0.5466 0.8298
vn -0.0061 0.5581 0.8298
vn 0.0969 0.7056 0.7019
vn -0.1073 0.3878 0.9155
vn -0.0434 0.5757 0.8165
vn 0.0142 0.6529 0.7573
vn -0.1469 0.5871 0.7961
vn -0.2221 -0.6111 -0.7598
vn -0.2115 -0.6231 -0.7530
vn -0.1383 -0.4652 -0.8743
vn 0.0038 -0.4761 -0.8794
vn 0.0450 -0.5344 -0.8440
vn 0.0432 -0.5508 -0.8335
vn -0.2397 0.1601 0.9576
vn -0.0913 0.0068 0.9958
vn -0.0024 0.0474 0.9989
vn -0.0030 0.0450 0.9990
vn -0.0067 -0.0141 0.9999
vn -0.0014 -0.0362 0.9993
vn -0.3359 -0.7002 0.6299
vn -0.3337 -0.7017 0.6295
vn -0.7090 -0.3019 0.6373
vn -0.5331 0.1413 0.8342
vn -0.6087 -0.6836 0.4027
vn -0.6154 -0.7166 0.3282
vn -0.5411 -0.1061 0.8342
vn -0.5321 -0.0305 0.8461
vn -0.5225 -0.0497 0.8512
vn -0.4410 -0.0855 0.8934
vn -0.4737 0.1602 0.8660
vn 0.0060 0.0108 0.9999
vn 0.0262 -0.3503 0.9363
vn -0.2129 -0.6780 0.7036
vn -0.4496 -0.5480 0.7054
vn -0.5285 -0.3201 0.7863
vn -0.1970 0.9787 -0.0576
vn -0.2986 0.8015 0.5182
vn -0.2016 0.5929 0.7797
vn -0.2264 0.3735 0.8996
vn -0.0370 0.5298 0.8473
vn -0.2685 0.5396 0.7980
vn 0.6248 0.3035 0.7194
vn 0.0253 -0.3432 0.9389
vn 0.4828 0.6988 0.5278
vn 0.2172 -0.1145 0.9694
vn 0.1477 -0.8580 0.4920
vn 0.0390 -0.7122 0.7009
vn -0.1517 0.4739 0.8674
vn -0.0361 0.5279 0.8486
vn -0.0363 0.5292 0.8478
vn 0.0494 0.5521 0.8323
vn -0.0322 0.3998 0.9160
vn -0.0327 0.4028 0.9147
vn -0.0344 0.5335 0.8451
vn -0.0305 0.6721 0.7398
vn 0.0024 0.4468 0.8946
vn -0.0264 0.5358 0.8439
vn 0.0382 0.5861 0.8094
vn 0.0379 0.5860 0.8094
vn -0.0359 -0.1426 0.9891
vn -0.1223 -0.2856 0.9505
vn 0.1680 -0.0772 0.9827
vn 0.1790 -0.0933 0.9794
vn -0.0572 0.5020 0.8630
vn -0.0196 0.6698 0.7423
vn -0.0020 0.4835 0.8754
vn -0.0840 0.4692 0.8791
vn 0.0299 0.4324 0.9012
vn 0.0283 0.4494 0.8929
vn 0.2569 -0.0045 -0.9664
vn 0.1715 -0.3382 -0.9253
vn 0.2714 0.3155 0.9093
vn 0.2741 0.3112 0.9100
vn 0.1682 0.1431 0.9753
vn 0.2411 0.0586 0.9687
vn 0.8925 0.3744 -0.2515
vn 0.6350 -0.1239 0.7625
vn 0.3957 0.5249 0.7536
vn 0.7791 0.0227 0.6264
vn 0.5712 0.3644 0.7355
vn 0.9866 0.0384 0.1587
vn 0.8407 -0.1019 0.5318
vn 0.4961 -0.6266 0.6011
vn 0.2790 -0.9540 0.1101
vn 0.3576 -0.9337 -0.0176
vn 0.1831 -0.8168 -0.5470
vn 0.1689 -0.8098 -0.5619
vn 0.4500 -0.1289 0.8837
vn 0.6388 -0.6649 0.3871
vn 0.3105 0.8715 0.3797
vn 0.3209 0.8818 0.3457
vn -0.3555 0.3644 -0.8607
vn -0.0402 0.5480 -0.8355
vn -0.7676 0.6099 -0.1967
vn -0.3499 0.6363 0.6875
vn 0.2072 0.8528 -0.4793
vn 0.4924 0.7666 -0.4122
vn -0.8154 -0.0224 0.5785
vn -0.7203 -0.6826 0.1234
vn -0.8026 -0.5859 0.1117
vn -0.9421 0.0593 -0.3301
vn -0.1597 0.2385 -0.9579
vn -0.1897 0.3263 -0.9260
vn -0.1868 0.8108 0.5547
vn -0.3144 0.9386 0.1419
vn -0.1404 -0.6091 -0.7805
vn -0.1147 -0.5614 -0.8195
vn -0.1527 -0.5631 -0.8122
vn -0.6005 0.6583 -0.4539
vn -0.4826 0.8732 -0.0679
vn -0.4221 0.9065 0.0101
vn -0.0721 -0.3571 -0.9313
vn -0.1306 -0.1847 -0.9741
vn -0.9445 0.2168 0.2469
vn -0.8492 0.4911 -0.1939
vn -0.8257 -0.2168 -0.5208
vn -0.9676 -0.0523 -0.2469
vn -0.0336 0.1844 -0.9823
vn -0.0327 0.1865 -0.9819
vn -0.0090 0.5939 -0.8045
vn -0.0454 0.6553 -0.7540
vn -0.6074 -0.7172 -0.3415
vn -0.2331 -0.8675 0.4394
vn 0.2142 0.8346 -0.5076
vn -0.0341 0.5958 -0.8024
vn -0.3938 0.8244 -0.4067
vn -0.5131 0.8338 0.2039
vn -0.7800 -0.6250 -0.0317
vn -0.9330 -0.3252 0.1537
vn -0.7979 -0.5734 -0.1862
vn -0.7683 -0.6287 -0.1205
vn -0.4031 -0.9057 0.1311
vn -0.2010 -0.9381 -0.2820
vn -0.0579 0.2501 0.9665
vn -0.0269 0.3614 0.9320
vn -0.9355 -0.3216 -0.1462
vn -0.7318 -0.5562 0.3937
vn -0.4921 -0.0845 0.8664
vn -0.7133 0.5893 -0.3794
vn -0.1173 -0.2586 0.9588
vn -0.3436 -0.4225 0.8387
vn -0.3737 0.9134 -0.1613
vn -0.3361 0.8243 0.4555
vn -0.9809 0.1491 -0.1247
vn -0.9832 0.1105 -0.1454
vn -0.3819 -0.0092 0.9242
vn -0.4734 0.1687 0.8645
vn -0.0563 -0.1852 0.9811
vn -0.0651 -0.1546 0.9858
vn -0.0375 -0.5109 0.8588
vn -0.1283 -0.6198 0.7742
vn -0.1901 -0.9634 -0.1890
vn -0.0399 -0.9991 0.0113
vn -0.6691 -0.4611 -0.5829
vn -0.6620 -0.4745 -0.5802
vn -0.6628 -0.7201 -0.2052
vn -0.7832 -0.6181 0.0684
vn -0.9975 0.0395 0.0583
vn -0.9904 0.0036 0.1383
vn 0.8242 -0.1673 0.5411
vn 0.9950 -0.0588 0.0803
vn 0.0609 0.4013 0.9139
vn 0.0858 0.3570 0.9301
vn 0.4634 0.8069 -0.3664
vn 0.0784 0.9119 0.4028
vn 0.2674 0.9042 0.3331
vn 0.4519 0.8849 0.1127
vn -0.0786 0.3185 0.9447
vn -0.1920 0.2296 0.9542
vn -0.1255 0.4945 0.8600
vn -0.4088 0.9100 0.0693
vn -0.4425 0.7164 -0.5394
vn -0.1527 0.9059 -0.3949
vn -0.0070 -0.5677 0.8232
vn -0.4241 0.7500 -0.5076
vn -0.5111 -0.3044 -0.8038
vn -0.2051 -0.9692 -0.1363
vn -0.1426 0.9879 -0.0615
vn -0.0096 0.9432 0.3320
vn -0.0605 -0.9505 0.3047
vn -0.0782 -0.9672 0.2417
vn -0.9807 0.0267 0.1938
vn -0.9937 0.0203 0.1106
vn -0.8936 0.2793 -0.3514
vn -0.8456 0.3745 -0.3805
vn -0.9759 0.1692 0.1380
vn -0.9122 0.3905 -0.1242
vn 0.9417 -0.1276 0.3113
vn 0.9225 -0.1852 0.3387
vn -0.8813 -0.3607 -0.3052
vn -0.3301 -0.1973 0.9231
vn -0.3515 -0.3323 0.8752
vn -0.1768 -0.4785 0.8601
vn 0.9715 -0.2370 -0.0076
vn 0.9885 -0.1300 0.0776
vn 0.8949 -0.3745 0.2429
vn 0.9152 -0.3938 0.0855
vn 0.9481 -0.1113 0.2978
vn 0.9228 -0.1687 0.3464
vn 0.9635 0.0329 -0.2658
vn 0.9556 -0.0005 -0.2948
vn 0.9450 0.1824 -0.2715
vn 0.9512 0.1664 -0.2600
vn 0.9760 0.2041 -0.0764
vn 0.9681 0.2411 -0.0680
vn 0.0131 0.9993 -0.0348
vn -0.0403 0.9973 0.0621
vn -0.0388 0.9113 -0.4098
vn -0.0230 0.9400 -0.3405
vn 0.4054 0.0499 -0.9128
vn 0.3431 0.1448 -0.9281
vn 0.3761 -0.2077 -0.9030
vn 0.4379 -0.1392 -0.8882
vn -0.3025 0.9531 -0.0138
vn -0.3605 0.5327 -0.7657
vn -0.2202 -0.9661 0.1351
vn -0.2160 -0.9754 0.0442
vn -0.2271 -0.9706 0.0798
vn -0.1980 -0.9794 0.0394
vn -0.3444 0.9387 0.0135
vn -0.2957 0.9537 -0.0551
vn 0.2071 -0.9460 0.2492
vn 0.2064 -0.9461 0.2495
vn 0.8571 -0.1438 0.4946
vn 0.8687 -0.2906 0.4012
vn 0.4519 -0.5851 -0.6734
vn 0.5050 -0.7209 -0.4747
vn 0.2848 -0.5433 -0.7897
vn 0.2043 0.0419 -0.9780
vn 0.3523 0.3349 -0.8739
vn 0.3069 0.3674 -0.8780
vn -0.1388 -0.9494 -0.2819
vn -0.0755 -0.9178 -0.3898
vn -0.0870 -0.9153 -0.3933
vn -0.0807 -0.9255 -0.3700
vn -0.0227 -0.1649 -0.9860
vn -0.0331 -0.1851 -0.9822
vn -0.0392 -0.1836 -0.9822
vn -0.0150 -0.2773 -0.9607
vn -0.0206 -0.0927 -0.9955
vn -0.0082 -0.0737 -0.9972
vn -0.0149 -0.0722 -0.9973
vn -0.0180 -0.0657 -0.9977
vn -0.0138 -0.0712 -0.9974
vn -0.0083 -0.0671 -0.9977
vn -0.0079 -0.0238 -0.9997
vn -0.0076 -0.0236 -0.9997
vn -0.0101 -0.0231 -0.9997
vn -0.0078 -0.0256 -0.9996
vn 0.1506 -0.0102 -0.9885
vn 0.0724 -0.0429 -0.9965
vn -0.0058 0.0249 -0.9997
vn -0.0061 0.0247 -0.9997
vn 0.2838 -0.0548 -0.9573
vn 0.1595 0.0787 -0.9841
vn 0.2346 -0.0967 -0.9673
vn 0.5436 -0.0170 -0.8392
vn 0.2899 0.0084 -0.9570
vn 0.4137 0.0860 -0.9063
vn -0.0005 0.2044 -0.9789
vn 0.2404 -0.0260 -0.9703
vn -0.8939 0.1463 0.4237
vn -0.9232 0.2334 0.3054
vn -0.0141 0.5527 -0.8333
vn -0.1683 0.4330 -0.8856
vn -0.9726 0.0448 0.2283
vn -0.9051 0.0929 0.4149
vn -0.3068 -0.2177 0.9265
vn -0.2566 -0.2937 0.9208
vn -0.9872 -0.1113 0.1139
vn -0.9244 -0.3734 0.0780
vn -0.3130 -0.8356 0.4514
vn -0.2903 -0.8241 0.4864
vn -0.0654 -0.8028 0.5926
vn 0.0125 -0.8694 0.4940
vn -0.2633 -0.9592 0.1033
vn -0.2742 -0.9549 0.1140
vn -0.0518 -0.9907 0.1260
vn -0.0232 -0.9823 0.1857
vn -0.0316 -0.9721 0.2325
vn -0.0069 -0.9826 0.1856
vn -0.0294 -0.9918 -0.1246
vn -0.0376 -0.9930 -0.1115
vn -0.0285 -0.9934 -0.1113
vn -0.0112 -0.9978 -0.0652
vn -0.0193 -0.9990 -0.0408
vn -0.0114 -0.9978 -0.0653
vn -0.0174 -0.9479 -0.3182
vn -0.0220 -0.9509 -0.3086
vn -0.0179 -0.9511 -0.3084
vn -0.0118 -0.9586 -0.2846
vn -0.0120 -0.9559 -0.2934
vn -0.0139 -0.9585 -0.2847
vn -0.0059 -0.6584 -0.7527
vn -0.0020 -0.6480 -0.7617
vn -0.0029 -0.6480 -0.7616
vn -0.0019 -0.6527 -0.7576
vn -0.0031 -0.6274 -0.7787
vn -0.0083 -0.6528 -0.7575
vn 0.0037 -0.1960 -0.9806
vn 0.0022 -0.2031 -0.9792
vn 0.0011 -0.2031 -0.9792
vn 0.0030 -0.2157 -0.9765
vn -0.0011 -0.1998 -0.9798
vn -0.0039 -0.2155 -0.9765
vn 0.0013 -0.0957 -0.9954
vn 0.0018 -0.0924 -0.9957
vn 0.0024 -0.0924 -0.9957
vn -0.0007 -0.0759 -0.9971
vn 0.0002 -0.0686 -0.9976
vn -0.0013 -0.0758 -0.9971
vn 0.0021 -0.0234 -0.9997
vn 0.0019 -0.0239 -0.9997
vn 0.0007 -0.0238 -0.9997
vn 0.0002 -0.0220 -0.9998
vn 0.0011 -0.0118 -0.9999
vn -0.0015 -0.0219 -0.9998
vn 0.0019 0.0338 -0.9994
vn 0.0001 0.0257 -0.9997
vn 0.0022 0.0255 -0.9997
vn 0.0013 0.0302 -0.9995
vn 0.0005 0.0392 -0.9992
vn -0.0012 0.0302 -0.9995
vn 0.0027 0.1208 -0.9927
vn 0.0037 0.1263 -0.9920
vn -0.0011 0.1264 -0.9920
vn -0.0003 0.1223 -0.9925
vn 0.0011 0.1299 -0.9915
vn -0.0002 0.1223 -0.9925
vn -0.0035 0.4849 -0.8746
vn -0.0156 0.4102 -0.9119
vn -0.0006 0.4092 -0.9124
vn 0.0003 0.4032 -0.9151
vn -0.0141 0.3352 -0.9420
vn -0.0032 0.4035 -0.9150
vn -0.0001 0.9379 -0.3469
vn 0.0052 0.9502 -0.3115
vn -0.0105 0.9506 -0.3103
vn -0.0131 0.9563 -0.2922
vn -0.0329 0.9185 -0.3939
vn -0.0163 0.9562 -0.2921
vn -0.0067 0.9955 0.0943
vn 0.0108 0.9797 0.2001
vn 0.0023 0.9797 0.2006
vn -0.0230 0.9249 0.3795
vn -0.0085 0.9476 0.3192
vn 0.0039 0.9266 0.3760
vn 0.0028 0.9729 0.2311
vn 0.0081 0.9658 0.2593
vn 0.0035 0.9656 0.2599
vn -0.0073 0.9385 0.3451
vn 0.0073 0.8444 0.5357
vn -0.0406 0.9375 0.3457
vn 0.0133 0.8639 0.5035
vn -0.0015 0.8988 0.4383
vn -0.0010 0.8988 0.4383
vn 0.0018 0.9054 0.4246
vn 0.0125 0.4148 0.9098
vn -0.0031 0.4945 0.8692
vn -0.0038 0.4945 0.8692
vn 0.0145 0.5765 0.8170
vn -0.0568 0.6002 0.7978
vn -0.0351 0.5691 0.8215
vn 0.0010 0.1210 0.9927
vn -0.0024 0.1359 0.9907
vn -0.1019 0.0928 0.9905
vn -0.0335 0.3689 0.9289
vn -0.4546 0.3641 0.8129
vn -0.6702 0.3895 0.6318
vn -0.3916 0.1752 0.9033
vn -0.3903 0.1812 0.9027
vn -0.3053 0.2343 0.9230
vn -0.3204 0.2351 0.9177
vn -0.3671 0.1075 0.9240
vn -0.2098 0.0180 0.9776
vn -0.2838 -0.0229 0.9586
vn -0.2606 0.1273 0.9570
vn -0.0006 0.1140 0.9935
vn -0.0019 0.1211 0.9926
vn -0.0004 0.1140 0.9935
vn -0.0019 0.1046 0.9945
vn -0.0009 0.0345 0.9994
vn -0.0020 0.0395 0.9992
vn -0.0029 0.0396 0.9992
vn -0.0018 0.0450 0.9990
vn -0.0013 -0.0142 0.9999
vn -0.0036 -0.0060 1.0000
vn -0.0005 -0.0061 1.0000
vn -0.0032 -0.0143 0.9999
vn -0.0054 -0.1076 0.9942
vn -0.0062 -0.1041 0.9946
vn -0.0030 -0.1042 0.9945
vn -0.0038 -0.1072 0.9942
vn -0.0054 -0.1038 0.9946
vn -0.0048 -0.1071 0.9942
vn -0.0082 -0.2875 0.9578
vn -0.0095 -0.2796 0.9601
vn -0.0001 -0.2806 0.9598
vn -0.0146 -0.3362 0.9417
vn -0.0840 -0.3979 0.9136
vn -0.0981 -0.3138 0.9444
vn -0.0177 -0.7536 0.6571
vn -0.0118 -0.7773 0.6290
vn -0.0793 -0.7664 0.6374
vn -0.1038 -0.8261 0.5539
vn -0.0955 -0.7453 0.6599
vn -0.0702 -0.8290 0.5549
vn -0.0945 -0.9800 0.1751
vn -0.0905 -0.9840 0.1536
vn -0.1226 -0.9805 0.1536
vn -0.1153 -0.9766 0.1817
vn 0.1555 -0.9700 0.1867
vn 0.1643 -0.9745 0.1527
vn -0.1289 -0.9730 -0.1916
vn -0.1074 -0.9519 -0.2868
vn 0.1638 -0.9412 -0.2955
vn 0.1651 -0.9428 -0.2898
vn 0.0489 -0.9650 -0.2577
vn 0.0573 -0.9536 -0.2955
vn 0.1507 -0.6780 -0.7194
vn 0.1306 -0.7619 -0.6344
vn 0.0505 -0.7689 -0.6373
vn 0.0456 -0.7555 -0.6535
vn 0.0123 -0.7577 -0.6525
vn 0.0126 -0.7564 -0.6540
vn 0.0363 -0.3550 -0.9342
vn 0.0498 -0.2890 -0.9560
vn 0.0068 -0.2902 -0.9570
vn 0.0125 -0.3140 -0.9493
vn 0.0052 -0.3355 -0.9420
vn 0.0102 -0.3141 -0.9493
vn 0.0066 -0.1718 -0.9851
vn 0.0088 -0.1637 -0.9865
vn 0.0030 -0.1639 -0.9865
vn 0.0070 -0.1804 -0.9836
vn 0.0177 -0.1375 -0.9903
vn 0.0073 -0.1804 -0.9836
vn 0.0050 -0.0679 -0.9977
vn 0.0073 -0.0622 -0.9980
vn 0.0264 -0.0608 -0.9978
vn 0.0209 -0.0423 -0.9989
vn 0.0050 -0.0381 -0.9993
vn 0.0030 -0.0449 -0.9990
vn 0.0291 -0.0178 -0.9994
vn -0.0095 -0.1308 -0.9914
vn 0.0317 -0.1260 -0.9915
vn 0.0085 0.0127 -0.9999
vn 0.0465 0.0232 -0.9987
vn 0.0684 0.1072 -0.9919
vn 0.0019 0.0941 -0.9956
vn 0.0038 0.0794 -0.9968
vn -0.0001 -0.0019 -1.0000
vn 0.0034 0.0119 -0.9999
vn 0.0010 -0.0016 -1.0000
vn 0.0021 -0.0070 -1.0000
vn 0.0009 -0.0558 -0.9984
vn 0.0014 -0.0537 -0.9986
vn 0.0043 -0.0530 -0.9986
vn 0.0014 -0.0388 -0.9992
vn -0.0002 -0.1500 -0.9887
vn -0.0014 -0.1561 -0.9877
vn 0.0021 -0.1553 -0.9879
vn 0.0026 -0.1583 -0.9874
vn -0.0015 -0.4078 -0.9131
vn 0.0046 -0.3740 -0.9274
vn 0.0051 -0.3739 -0.9275
vn 0.0011 -0.3515 -0.9362
vn 0.0045 -0.1401 -0.9901
vn 0.0007 -0.1588 -0.9873
vn -0.0015 -0.8283 -0.5603
vn 0.0059 -0.8016 -0.5978
vn 0.0089 -0.8012 -0.5983
vn 0.0022 -0.7765 -0.6302
vn 0.0074 -0.3353 -0.9421
vn 0.0041 -0.3509 -0.9364
vn 0.0043 -0.9784 -0.2065
vn 0.0057 -0.9768 -0.2142
vn 0.0079 -0.9767 -0.2144
vn 0.0052 -0.9732 -0.2298
vn 0.0102 -0.7577 -0.6525
vn 0.0045 -0.7763 -0.6303
vn 0.0016 -0.9670 0.2549
vn 0.0076 -0.9744 0.2246
vn 0.0157 -0.9743 0.2246
vn 0.0114 -0.9794 0.2018
vn 0.0161 -0.9658 -0.2588
vn 0.0100 -0.9732 -0.2298
vn 0.0079 -0.7478 0.6638
vn 0.0176 -0.7769 0.6294
vn 0.0530 -0.7735 0.6316
vn 0.0456 -0.7988 0.5999
vn 0.0583 -0.9816 0.1817
vn 0.0527 -0.9775 0.2043
vn 0.0267 -0.2892 0.9569
vn 0.0621 -0.4016 0.9137
vn 0.0939 -0.3962 0.9133
vn 0.1046 -0.3385 0.9351
vn 0.1336 -0.7586 0.6377
vn 0.1464 -0.7846 0.6025
vn 0.0773 -0.1800 0.9806
vn 0.0766 -0.1779 0.9811
vn -0.0223 -0.1819 0.9831
vn -0.0365 -0.2406 0.9699
vn -0.0413 -0.4043 0.9137
vn -0.0530 -0.3437 0.9376
vn 0.0578 -0.0098 0.9983
vn 0.0981 -0.1194 0.9880
vn 0.0039 -0.0872 0.9962
vn -0.0231 -0.2057 0.9783
vn 0.0558 -0.0348 0.9978
vn 0.0448 -0.0069 0.9990
vn 0.0518 -0.1850 0.9814
vn 0.0619 -0.1272 0.9899
vn 0.0042 0.0268 0.9996
vn 0.0080 0.0145 0.9999
vn 0.0191 0.0141 0.9997
vn 0.0298 0.0974 0.9948
vn 0.0019 -0.0403 0.9992
vn 0.0063 -0.0228 0.9997
vn 0.0089 -0.0184 0.9998
vn 0.0100 -0.0223 0.9997
vn 0.0053 -0.1311 0.9914
vn 0.0056 -0.1324 0.9912
vn 0.0052 -0.1325 0.9912
vn 0.0103 -0.1066 0.9942
vn 0.0031 -0.1018 0.9948
vn 0.0040 -0.1063 0.9943
vn 0.0075 -0.2776 0.9607
vn 0.0013 -0.2492 0.9684
vn 0.0004 -0.2492 0.9685
vn 0.0038 -0.2304 0.9731
vn 0.0051 -0.2446 0.9696
vn 0.0027 -0.2302 0.9731
vn 0.0044 -0.7248 0.6889
vn -0.0006 -0.7041 0.7101
vn 0.0061 -0.7051 0.7091
vn 0.0040 -0.7139 0.7003
vn -0.0012 -0.7174 0.6967
vn -0.0022 -0.7126 0.7015
vn 0.0071 -0.9644 0.2642
vn 0.0016 -0.9543 0.2987
vn -0.0000 -0.9542 0.2992
vn -0.0017 -0.9575 0.2883
vn -0.0034 -0.9493 0.3144
vn 0.0004 -0.9577 0.2876
vn 0.0016 -0.9811 -0.1937
vn -0.0011 -0.9844 -0.1758
vn -0.0030 -0.9845 -0.1752
vn -0.0022 -0.9854 -0.1702
vn -0.0055 -0.9868 -0.1617
vn -0.0044 -0.9855 -0.1695
vn -0.0011 -0.8428 -0.5383
vn -0.0040 -0.8538 -0.5205
vn -0.0090 -0.8546 -0.5191
vn -0.0041 -0.8717 -0.4900
vn -0.0043 -0.4397 -0.8982
vn -0.0067 -0.4535 -0.8912
vn -0.0077 -0.4538 -0.8911
vn -0.0046 -0.4732 -0.8809
vn -0.0116 -0.8900 -0.4557
vn -0.0062 -0.8720 -0.4894
vn -0.0072 -0.9906 -0.1368
vn -0.0058 -0.9890 -0.1476
vn -0.0063 -0.9890 -0.1474
vn -0.0082 -0.9870 -0.1608
vn -0.0101 -0.8898 -0.4562
vn -0.0065 -0.9014 -0.4330
vn -0.0054 -0.4734 -0.8808
vn -0.0079 -0.4877 -0.8730
vn -0.0063 -0.4873 -0.8732
vn -0.0051 -0.4945 -0.8692
vn -0.0071 -0.9089 -0.4169
vn -0.0046 -0.9011 -0.4336
vn -0.0020 -0.9934 -0.1148
vn 0.0018 -0.9899 -0.1417
vn -0.0056 -0.9902 -0.1393
vn -0.0053 -0.9905 -0.1374
vn -0.0026 -0.9083 -0.4183
vn 0.0004 -0.9175 -0.3978
vn 0.0025 -0.4924 -0.8704
vn -0.0017 -0.5172 -0.8559
vn 0.0046 -0.5154 -0.8569
vn 0.0074 -0.5311 -0.8473
vn 0.0076 -0.9263 -0.3767
vn 0.0112 -0.9159 -0.4012
vn 0.0147 -0.9967 -0.0799
vn 0.0171 -0.9951 -0.0977
vn 0.0128 -0.9953 -0.0962
vn 0.0097 -0.9929 -0.1188
vn 0.0163 -0.9251 -0.3795
vn 0.0149 -0.9215 -0.3880
vn 0.0119 -0.5298 -0.8481
vn 0.0097 -0.5444 -0.8388
vn 0.0132 -0.5434 -0.8394
vn 0.0091 -0.5238 -0.8518
vn 0.0176 -0.9209 -0.3893
vn 0.0176 -0.9212 -0.3888
vn 0.0178 -0.9982 -0.0569
vn 0.0220 -0.9960 -0.0869
vn 0.0186 -0.9961 -0.0858
vn 0.0192 -0.9965 -0.0814
vn 0.0181 -0.9209 -0.3895
vn 0.0172 -0.9187 -0.3947
vn 0.0104 -0.5235 -0.8520
vn 0.0120 -0.5120 -0.8589
vn 0.0092 -0.5128 -0.8585
vn 0.0100 -0.5163 -0.8563
vn 0.0146 -0.9207 -0.3900
vn 0.0152 -0.9189 -0.3941
vn 0.0095 -0.9999 0.0042
vn 0.0136 -0.9997 -0.0214
vn 0.0192 -0.9996 -0.0229
vn 0.0142 -0.9983 -0.0558
vn 0.0109 -0.9211 -0.3891
vn 0.0111 -0.9215 -0.3883
vn 0.0079 -0.5168 -0.8561
vn 0.0039 -0.5390 -0.8423
vn 0.0038 -0.5390 -0.8423
vn 0.0040 -0.5399 -0.8417
vn 0.0087 -0.9257 -0.3782
vn 0.0105 -0.9215 -0.3882
vn 0.0082 -0.9996 0.0281
vn 0.0099 -0.9998 0.0184
vn 0.0127 -0.9998 0.0181
vn 0.0103 -0.9999 0.0040
vn 0.0040 -0.9260 -0.3776
vn 0.0066 -0.9310 -0.3649
vn -0.0015 -0.5405 -0.8414
vn 0.0016 -0.5250 -0.8511
vn -0.0002 -0.5251 -0.8510
vn -0.0033 -0.5118 -0.8591
vn 0.0027 -0.9341 -0.3569
vn 0.0043 -0.9311 -0.3648
vn 0.0001 -0.9342 -0.3568
vn 0.0025 -0.9380 -0.3467
vn -0.0000 -0.9983 0.0578
vn 0.0075 -0.9996 0.0260
vn 0.0056 -0.9996 0.0261
vn 0.0060 -0.9996 0.0283
vn 0.0026 -0.8495 0.5275
vn -0.0071 -0.8244 0.5660
vn 0.0064 -0.8271 0.5620
vn 0.0028 -0.8383 0.5452
vn -0.0081 -0.4551 0.8904
vn -0.0064 -0.4621 0.8868
vn 0.0089 -0.4687 0.8833
vn 0.0045 -0.4867 0.8736
vn 0.0114 -0.8502 0.5264
vn 0.0073 -0.8384 0.5451
vn 0.0170 -0.5066 0.8620
vn 0.0219 -0.4857 0.8738
vn 0.0334 -0.9086 0.4164
vn 0.0078 -0.8519 0.5237
vn 0.0099 -0.4840 0.8750
vn 0.0016 -0.5293 0.8484
vn 0.0149 -0.9232 0.3840
vn 0.0079 -0.9070 0.4211
vn 0.0147 -0.5317 0.8468
vn 0.0071 -0.5756 0.8177
vn 0.0210 -0.9386 0.3443
vn 0.0140 -0.9231 0.3842
vn 0.0165 -0.5775 0.8162
vn 0.0080 -0.6291 0.7772
vn 0.0192 -0.9404 0.3395
vn 0.0183 -0.9384 0.3451
vn 0.0162 -0.6309 0.7757
vn 0.0133 -0.6486 0.7610
vn 0.0215 -0.9499 0.3118
vn 0.0173 -0.9402 0.3401
vn 0.0147 -0.6489 0.7607
vn 0.0107 -0.6715 0.7409
vn 0.0175 -0.9552 0.2954
vn 0.0148 -0.9493 0.3140
vn 0.0057 -0.6986 0.7155
vn 0.0112 -0.9577 0.2875
vn 0.0097 -0.9545 0.2981
vn 0.0036 -0.6981 0.7160
vn -0.0017 -0.7250 0.6888
vn 0.0020 -0.9634 0.2679
vn -0.0015 -0.9565 0.2917
vn -0.0018 -0.7250 0.6888
vn -0.0087 -0.7573 0.6530
vn -0.0073 -0.9615 0.2746
vn -0.0067 -0.9626 0.2707
vn -0.0102 -0.7570 0.6534
vn -0.0050 -0.7342 0.6789
vn -0.0064 -0.9600 0.2798
vn -0.0056 -0.9617 0.2741
vn -0.0070 -0.7338 0.6794
vn -0.0053 -0.7266 0.6870
vn -0.0073 -0.9584 0.2853
vn -0.0065 -0.9600 0.2799
vn -0.0061 -0.7265 0.6872
vn -0.0063 -0.7273 0.6863
vn -0.0087 -0.9487 0.3161
vn -0.0044 -0.9587 0.2843
vn -0.0018 -0.2590 0.9659
vn -0.0029 -0.2521 0.9677
vn -0.0006 -0.2528 0.9675
vn 0.0005 -0.2472 0.9690
vn -0.0017 -0.7173 0.6968
vn 0.0006 -0.7288 0.6847
vn 0.0005 -0.0910 0.9959
vn -0.0003 -0.0863 0.9963
vn 0.0023 -0.0870 0.9962
vn 0.0013 -0.0919 0.9958
vn 0.0002 -0.2434 0.9699
vn 0.0009 -0.2473 0.9689
vn 0.0027 -0.0172 0.9998
vn 0.0024 -0.0154 0.9999
vn 0.0034 -0.0156 0.9999
vn 0.0052 -0.0079 1.0000
vn 0.0048 -0.1021 0.9948
vn 0.0031 -0.0923 0.9957
vn 0.0039 0.0251 0.9997
vn 0.0031 0.0303 0.9995
vn 0.0051 0.0298 0.9995
vn 0.0071 0.0387 0.9992
vn 0.0062 -0.0183 0.9998
vn 0.0040 -0.0076 1.0000
vn 0.0075 0.1112 0.9938
vn 0.0079 0.1083 0.9941
vn 0.0128 0.1091 0.9939
vn 0.0104 0.0887 0.9960
vn 0.0115 0.0290 0.9995
vn 0.0094 0.0386 0.9992
vn 0.0079 0.2871 0.9579
vn -0.0013 0.3625 0.9320
vn -0.0059 0.3626 0.9319
vn 0.0168 0.4672 0.8840
vn 0.0046 0.1117 0.9937
vn 0.0036 0.1068 0.9943
vn 0.0126 0.7810 0.6245
vn 0.0047 0.8292 0.5589
vn 0.0316 0.8156 0.5778
vn 0.0307 0.8137 0.5805
vn 0.0135 0.9508 0.3096
vn 0.0052 0.9726 0.2325
vn 0.0658 0.9629 0.2619
vn 0.0446 0.9272 0.3718
vn 0.0113 0.9961 -0.0874
vn 0.0037 0.9882 -0.1534
vn 0.1281 0.9883 -0.0833
vn 0.0673 0.9736 0.2183
vn 0.0212 0.9902 0.1381
vn 0.0274 0.9822 0.1860
vn 0.1323 0.9353 -0.3281
vn 0.1258 0.9177 -0.3768
vn 0.0345 0.9027 -0.4289
vn 0.0179 0.9438 -0.3299
vn 0.0355 0.9635 -0.2654
vn 0.0232 0.9443 -0.3282
vn 0.0180 0.5885 -0.8083
vn 0.0001 0.5101 -0.8601
vn 0.0175 0.5134 -0.8580
vn 0.0173 0.5149 -0.8571
vn 0.0828 0.7937 -0.6027
vn 0.0133 0.5147 -0.8572
vn 0.0036 0.2381 -0.9712
vn -0.0015 0.2173 -0.9761
vn 0.0257 0.2165 -0.9759
vn 0.0487 -0.0206 -0.9986
vn 0.0208 0.1530 -0.9880
vn 0.0016 0.0829 -0.9966
vn 0.0590 0.0796 -0.9951
vn 0.0593 0.0783 -0.9952
vn 0.0526 0.4220 -0.9051
vn -0.0195 -0.0153 -0.9997
vn -0.0733 0.4091 -0.9095
vn -0.0744 0.4127 -0.9078
vn -0.0990 0.7838 -0.6131
vn -0.1138 0.7251 -0.6792
vn 0.0137 0.7314 -0.6818
vn 0.0024 0.7853 -0.6191
vn -0.1279 0.9557 -0.2649
vn -0.1506 0.9216 -0.3576
vn 0.0576 0.9203 -0.3869
vn 0.0416 0.9732 -0.2262
vn 0.1011 0.9948 0.0100
vn 0.1556 0.9721 0.1756
vn 0.0273 0.9692 0.2447
vn 0.0427 0.9888 0.1431
vn 0.0344 0.9635 -0.2656
vn 0.0415 0.9732 -0.2262
vn -0.1497 0.9846 0.0899
vn -0.0868 0.9540 0.2868
vn 0.0475 0.7664 -0.6406
vn 0.0162 0.8424 -0.5386
vn 0.0130 0.9605 -0.2780
vn 0.0046 0.9500 -0.3122
vn 0.0105 0.8426 -0.5385
vn 0.0035 0.8623 -0.5063
vn -0.0003 0.9979 -0.0645
vn -0.0414 0.9561 -0.2902
vn 0.0055 0.8622 -0.5065
vn 0.0004 0.8841 -0.4673
vn 0.0254 0.9501 0.3110
vn -0.0505 0.9961 -0.0724
vn -0.0290 0.1998 -0.9794
vn -0.0351 0.1671 -0.9853
vn -0.0186 0.1665 -0.9859
vn -0.0343 0.2684 -0.9627
vn -0.0173 0.9184 -0.3952
vn -0.0306 0.8862 -0.4624
vn -0.0177 0.0268 -0.9995
vn -0.0023 0.1173 -0.9931
vn -0.0045 0.1173 -0.9931
vn -0.0031 0.1101 -0.9939
vn -0.0055 0.3355 -0.9420
vn -0.0159 0.2685 -0.9632
vn -0.0040 0.0676 -0.9977
vn -0.0057 0.0601 -0.9982
vn -0.0013 0.0600 -0.9982
vn 0.0019 0.0451 -0.9990
vn 0.0014 0.1299 -0.9915
vn -0.0019 0.1101 -0.9939
vn -0.0012 -0.0125 -0.9999
vn -0.0023 -0.0162 -0.9999
vn -0.0007 -0.0163 -0.9999
vn -0.0014 -0.0135 -0.9999
vn -0.0013 0.0392 -0.9992
vn -0.0001 0.0451 -0.9990
vn -0.0018 -0.0859 -0.9963
vn -0.0024 -0.0883 -0.9961
vn 0.0005 -0.0884 -0.9961
vn -0.0019 -0.0763 -0.9971
vn -0.0006 -0.0118 -0.9999
vn -0.0011 -0.0135 -0.9999
vn -0.0020 -0.2041 -0.9790
vn -0.0035 -0.2110 -0.9775
vn -0.0037 -0.2098 -0.9777
vn -0.0005 -0.0685 -0.9976
vn -0.0023 -0.0762 -0.9971
vn -0.0166 -0.6717 -0.7407
vn -0.0129 -0.6573 -0.7536
vn -0.0026 -0.6576 -0.7534
vn -0.0071 -0.6318 -0.7751
vn -0.0006 -0.1998 -0.9798
vn -0.0025 -0.2098 -0.9777
vn -0.0125 -0.9600 -0.2796
vn -0.0155 -0.9649 -0.2620
vn -0.0127 -0.9650 -0.2620
vn -0.0112 -0.9679 -0.2512
vn -0.0072 -0.6273 -0.7788
vn -0.0081 -0.6318 -0.7751
vn -0.0150 -0.9993 0.0337
vn -0.0114 -0.9999 0.0096
vn -0.0118 -0.9999 0.0096
vn -0.0145 -0.9998 -0.0104
vn -0.0115 -0.9559 -0.2934
vn -0.0182 -0.9677 -0.2514
vn -0.0128 -0.9241 0.3820
vn -0.0078 -0.9367 0.3502
vn -0.0050 -0.9367 0.3502
vn -0.0171 -0.9588 0.2837
vn -0.0123 -0.9991 -0.0405
vn -0.0185 -0.9998 -0.0104
vn -0.0116 -0.5804 0.8142
vn 0.0036 -0.6419 0.7668
vn 0.0109 -0.6416 0.7670
vn -0.0224 -0.7280 0.6852
vn -0.0059 -0.9726 0.2323
vn -0.0232 -0.9588 0.2833
vn -0.0026 -0.1857 0.9826
vn 0.0085 -0.2135 0.9769
vn 0.0087 -0.2135 0.9769
vn -0.0156 -0.2600 0.9655
vn 0.0210 -0.8065 0.5908
vn -0.0406 -0.7267 0.6857
vn 0.0020 -0.0727 0.9974
vn 0.0036 -0.0753 0.9972
vn -0.0011 -0.0743 0.9972
vn 0.0114 -0.0650 0.9978
vn 0.0026 -0.3017 0.9534
vn -0.0273 -0.2584 0.9657
vn 0.0020 -0.0287 0.9996
vn -0.0001 -0.0268 0.9996
vn -0.2666 0.0097 0.9638
vn -0.2541 0.0164 0.9670
vn -0.2544 0.0124 0.9670
vn -0.2368 -0.0088 0.9715
vn -0.2642 0.0533 0.9630
vn -0.4185 0.1734 0.8915
vn -0.8547 0.0119 -0.5190
vn -0.9543 0.2880 -0.0802
vn -0.9654 0.2487 -0.0782
vn -0.9490 0.0941 0.3008
vn -0.8617 -0.0551 -0.5044
vn -0.3344 0.0697 -0.9399
vn 0.7509 -0.4459 -0.4872
vn 0.6839 -0.3520 -0.6391
vn 0.7227 -0.1521 -0.6742
vn 0.5063 -0.2236 -0.8329
vn -0.4218 0.1064 0.9004
vn -0.6898 0.3945 0.6071
vn -0.0216 0.3886 0.9212
vn -0.0921 0.4800 0.8724
vn -0.9639 0.1493 0.2205
vn -0.4149 0.8928 0.1752
vn 0.0111 0.1357 0.9907
vn -0.0303 0.0924 0.9953
vn 0.0089 0.1214 0.9926
vn 0.0285 0.0916 0.9954
vn 0.0087 0.0416 0.9991
vn 0.0027 0.0464 0.9989
vn 0.0151 0.0456 0.9988
vn 0.0080 0.0401 0.9992
vn 0.0065 0.0486 0.9988
vn 0.0129 0.0395 0.9991
vn 0.0128 -0.0304 0.9995
vn 0.0050 -0.0222 0.9997
vn 0.0047 -0.0222 0.9997
vn 0.0088 -0.0173 0.9998
vn 0.0015 -0.0139 0.9999
vn 0.0027 -0.0169 0.9999
vn 0.0057 -0.0732 0.9973
vn 0.0043 -0.0702 0.9975
vn 0.0021 -0.0702 0.9975
vn 0.0024 -0.0690 0.9976
vn 0.0001 -0.0618 0.9981
vn 0.0016 -0.0689 0.9976
vn 0.0035 -0.1854 0.9827
vn -0.0017 -0.1624 0.9867
vn -0.0023 -0.1624 0.9867
vn 0.0008 -0.1432 0.9897
vn 0.0005 -0.1596 0.9872
vn -0.0025 -0.1431 0.9897
vn -0.0008 -0.5803 0.8144
vn -0.0071 -0.5450 0.8384
vn -0.0142 -0.5448 0.8384
vn 0.0023 -0.4491 0.8935
vn -0.0115 -0.4057 0.9139
vn -0.0038 -0.4489 0.8936
vn -0.0121 -0.9241 0.3820
vn -0.0139 -0.9194 0.3932
vn -0.0177 -0.9193 0.3932
vn -0.0077 -0.8881 0.4596
vn -0.0278 -0.8538 0.5198
vn -0.0169 -0.8879 0.4598
vn -0.0129 -0.9993 0.0337
vn -0.0212 -0.9961 0.0857
vn -0.0293 -0.9959 0.0857
vn -0.0237 -0.9918 0.1258
vn -0.0213 -0.9923 0.1224
vn -0.0219 -0.9918 0.1258
vn -0.0230 -0.9598 -0.2796
vn -0.0274 -0.9665 -0.2553
vn -0.0168 -0.9667 -0.2552
vn -0.0183 -0.9641 -0.2650
vn -0.0211 -0.9657 -0.2587
vn -0.0199 -0.9640 -0.2651
vn -0.0092 -0.6719 -0.7405
vn -0.0146 -0.6935 -0.7203
vn -0.0131 -0.6936 -0.7203
vn -0.0129 -0.6944 -0.7195
vn -0.0115 -0.6800 -0.7332
vn -0.0154 -0.6943 -0.7195
vn -0.0029 -0.2040 -0.9790
vn -0.0044 -0.2108 -0.9775
vn -0.0049 -0.2108 -0.9775
vn -0.0019 -0.2273 -0.9738
vn -0.0064 -0.2391 -0.9710
vn -0.0036 -0.2273 -0.9738
vn -0.0025 -0.0858 -0.9963
vn -0.0033 -0.0893 -0.9960
vn -0.0047 -0.0892 -0.9960
vn -0.0029 -0.0974 -0.9952
vn -0.0085 -0.1136 -0.9935
vn -0.0039 -0.0974 -0.9952
vn -0.0036 -0.0125 -0.9999
vn -0.0059 -0.0193 -0.9998
vn -0.0050 -0.0193 -0.9998
vn -0.0064 -0.0152 -0.9999
vn -0.0061 -0.0231 -0.9997
vn -0.0027 -0.0154 -0.9999
vn -0.0043 0.0676 -0.9977
vn -0.0021 0.0764 -0.9971
vn -0.0089 0.0766 -0.9970
vn -0.0033 0.0539 -0.9985
vn -0.0968 0.0857 -0.9916
vn -0.1056 0.0642 -0.9923
vn -0.0097 0.0268 -0.9996
vn -0.0429 -0.1387 -0.9894
vn -0.0603 -0.1370 -0.9887
vn -0.0952 0.1101 -0.9894
vn 0.0314 0.2393 -0.9704
vn -0.0078 0.0997 -0.9950
vn -0.0426 0.2008 -0.9787
vn -0.0069 0.3474 -0.9377
vn 0.0529 0.3437 -0.9376
vn 0.0348 0.4141 -0.9096
vn 0.0068 -0.0230 -0.9997
vn 0.0331 0.0879 -0.9956
vn -0.0104 0.0839 -0.9964
vn -0.0088 0.0788 -0.9969
vn -0.0557 0.2297 -0.9717
vn -0.0018 0.0678 -0.9977
vn 0.0435 -0.0594 -0.9973
vn 0.0604 -0.0103 -0.9981
vn -0.0363 -0.0166 -0.9992
vn -0.0163 -0.0655 -0.9977
vn -0.0420 -0.1581 -0.9865
vn -0.0407 -0.1540 -0.9872
vn -0.0885 -0.1533 -0.9842
vn -0.0988 -0.0968 -0.9904
vn -0.0910 -0.0148 -0.9957
vn -0.1157 -0.0626 -0.9913
vn -0.0997 -0.3086 -0.9460
vn -0.0922 -0.2838 -0.9544
vn -0.0079 -0.2916 -0.9565
vn -0.0170 -0.2437 -0.9697
vn -0.0103 -0.1135 -0.9935
vn -0.0077 -0.1059 -0.9943
vn -0.0222 -0.7407 -0.6715
vn -0.0128 -0.7102 -0.7039
vn -0.0114 -0.7102 -0.7039
vn -0.0176 -0.6839 -0.7294
vn -0.0076 -0.2440 -0.9697
vn -0.0190 -0.9643 -0.2640
vn -0.0231 -0.9699 -0.2424
vn -0.0265 -0.9698 -0.2424
vn -0.0265 -0.9699 -0.2420
vn -0.0162 -0.6798 -0.7332
vn -0.0174 -0.6839 -0.7294
vn -0.0280 -0.9859 0.1648
vn -0.0254 -0.9885 0.1490
vn -0.0182 -0.9887 0.1489
vn -0.0232 -0.9927 0.1180
vn -0.0203 -0.9657 -0.2587
vn -0.0234 -0.9700 -0.2420
vn -0.0174 -0.7616 0.6478
vn -0.0124 -0.7821 0.6230
vn -0.0123 -0.7821 0.6230
vn -0.0244 -0.8255 0.5638
vn -0.0239 -0.9922 0.1224
vn -0.0076 -0.2968 0.9549
vn -0.0076 -0.2971 0.9548
vn -0.0052 -0.2972 0.9548
vn -0.0134 -0.3406 0.9401
vn -0.0147 -0.8542 0.5198
vn -0.0229 -0.8256 0.5638
vn -0.0052 -0.1161 0.9932
vn -0.0042 -0.1210 0.9926
vn -0.0041 -0.1210 0.9926
vn -0.0059 -0.1299 0.9915
vn -0.0062 -0.4060 0.9139
vn -0.0177 -0.3404 0.9401
vn -0.0044 -0.0346 0.9994
vn -0.0028 -0.0422 0.9991
vn 0.0002 -0.0423 0.9991
vn -0.0013 -0.0503 0.9987
vn -0.0002 -0.1596 0.9872
vn -0.0057 -0.1299 0.9915
vn -0.0002 -0.0080 1.0000
vn -0.0004 -0.0072 1.0000
vn -0.0010 -0.0072 1.0000
vn -0.0020 -0.0106 0.9999
vn -0.0012 -0.0617 0.9981
vn -0.0036 -0.0502 0.9987
vn 0.0003 0.0643 0.9979
vn 0.0026 0.0509 0.9987
vn -0.0001 0.0513 0.9987
vn 0.0021 0.0596 0.9982
vn 0.0017 -0.0139 0.9999
vn 0.0008 -0.0108 0.9999
vn 0.0054 0.1763 0.9843
vn 0.0070 0.1644 0.9864
vn 0.0131 0.1632 0.9865
vn 0.0115 0.1582 0.9873
vn 0.0058 0.0488 0.9988
vn 0.0026 0.0595 0.9982
vn 0.0325 0.4912 0.8705
vn 0.0409 0.4427 0.8957
vn 0.0669 0.4368 0.8971
vn 0.0507 0.4068 0.9121
vn 0.0328 0.1190 0.9924
vn 0.0172 0.1570 0.9875
vn 0.0857 0.9132 0.3985
vn 0.0855 0.9134 0.3979
vn 0.0799 0.9138 0.3981
vn 0.0775 0.9121 0.4026
vn 0.0552 0.3857 0.9210
vn 0.0438 0.4077 0.9121
vn 0.0697 0.9976 0.0001
vn 0.0813 0.9965 0.0207
vn -0.0213 0.9996 0.0195
vn -0.0413 0.9979 0.0496
vn -0.0510 0.9132 0.4043
vn -0.0499 0.9125 0.4061
vn -0.4959 0.8681 0.0225
vn -0.6562 0.7166 0.2365
vn -0.4381 -0.0062 0.8989
vn -0.9432 0.3234 0.0765
vn -0.0533 0.9518 -0.3022
vn -0.0355 0.9586 -0.2826
vn -0.4666 0.8478 -0.2521
vn -0.5082 0.8377 -0.1999
vn -0.1407 0.4109 -0.9007
vn -0.0067 0.5470 -0.8371
vn -0.3156 0.4784 -0.8194
vn -0.5308 0.5450 -0.6490
vn -0.0080 0.0842 -0.9964
vn 0.0161 0.1050 -0.9943
vn -0.1387 0.0925 -0.9860
vn -0.3442 0.2196 -0.9129
vn -0.1409 0.0226 -0.9898
vn -0.0781 0.0508 -0.9957
vn -0.5300 0.0846 -0.8437
vn -0.6651 0.1661 -0.7281
vn -0.6442 0.3348 -0.6877
vn -0.8693 0.1417 -0.4735
vn -0.9773 0.1670 0.1301
vn -0.9634 0.1815 0.1970
vn -0.9665 0.1675 0.1943
vn -0.9617 0.1331 0.2395
vn 0.1714 -0.1202 0.9778
vn 0.1052 -0.1321 0.9856
vn 0.0873 -0.2334 0.9684
vn -0.0920 -0.1082 0.9899
vn 0.6911 -0.2148 0.6901
vn 0.8374 -0.1468 0.5265
vn 0.8452 -0.0686 0.5301
vn 0.9374 -0.1696 0.3042
vn 0.0394 -0.0616 0.9973
vn 0.1264 -0.0262 0.9916
vn 0.1214 -0.0621 0.9907
vn 0.1772 -0.1149 0.9774
vn -0.0117 -0.0581 0.9982
vn 0.0039 -0.0458 0.9989
vn -0.0116 -0.1332 0.9910
vn 0.0274 -0.2104 0.9772
vn 0.3685 -0.1893 0.9101
vn 0.1166 -0.4436 0.8886
vn -0.0279 -0.1316 0.9909
vn -0.0094 -0.1086 0.9940
vn -0.0842 -0.4842 0.8709
vn -0.0366 -0.6435 0.7646
vn 0.0896 -0.6479 0.7565
vn -0.1130 -0.8358 0.5373
vn -0.0968 -0.9350 0.3413
vn -0.0640 -0.9702 0.2335
vn 0.0081 -0.9723 0.2335
vn -0.0644 -0.9945 0.0831
vn -0.0756 -0.9969 0.0214
vn -0.0794 -0.9963 0.0329
vn 0.1196 -0.9921 0.0373
vn -0.0303 -0.9270 -0.3737
vn -0.1104 -0.9334 0.3414
vn -0.0716 -0.8925 0.4453
vn -0.0930 -0.9951 0.0326
vn -0.0901 -0.9957 0.0205
vn -0.1025 -0.8882 0.4480
vn -0.0600 -0.8148 0.5766
vn -0.0912 -0.9921 0.0864
vn -0.0815 -0.9962 0.0320
vn -0.0975 -0.9915 0.0864
vn -0.0734 -0.9838 0.1633
vn -0.0852 -0.9559 -0.2810
vn -0.0697 -0.9388 -0.3372
vn -0.0773 -0.9383 -0.3371
vn -0.0846 -0.9252 -0.3700
vn -0.0534 -0.5779 -0.8144
vn -0.0382 -0.5397 -0.8410
vn -0.0496 -0.5390 -0.8408
vn -0.0572 -0.4883 -0.8708
vn -0.0116 -0.2035 -0.9790
vn -0.0056 -0.1878 -0.9822
vn -0.0150 -0.1867 -0.9823
vn -0.0176 -0.1663 -0.9859
vn 0.0033 -0.0678 -0.9977
vn -0.0089 -0.0968 -0.9953
vn -0.0065 -0.0971 -0.9953
vn -0.0065 -0.0966 -0.9953
vn -0.0040 -0.0060 -1.0000
vn -0.0049 -0.0079 -1.0000
vn -0.0036 -0.0080 -1.0000
vn -0.0006 -0.0191 -0.9998
vn -0.0068 -0.0241 -0.9997
vn -0.0031 -0.0188 -0.9998
vn -0.0022 0.0275 -0.9996
vn -0.0030 0.0255 -0.9997
vn -0.0042 0.0257 -0.9997
vn -0.0043 0.0259 -0.9997
vn -0.0063 0.0250 -0.9997
vn -0.0051 0.0260 -0.9996
vn -0.0035 0.0705 -0.9975
vn -0.0050 0.0671 -0.9977
vn -0.0077 0.0675 -0.9977
vn -0.0063 0.0650 -0.9979
vn 0.0311 0.0954 -0.9950
vn -0.0039 0.0644 -0.9979
vn -0.0099 0.2865 -0.9580
vn -0.0051 0.2959 -0.9552
vn 0.0869 0.2810 -0.9558
vn 0.0435 0.3582 -0.9326
vn 0.5362 0.3354 -0.7746
vn 0.4227 0.2454 -0.8724
vn 0.0528 0.8998 -0.4330
vn 0.0767 0.9191 -0.3865
vn 0.4108 0.8456 -0.3410
vn 0.5468 0.6677 -0.5051
vn -0.0141 0.9016 -0.4324
vn 0.0340 0.8483 -0.5285
vn 0.0183 0.9993 -0.0334
vn 0.0267 0.9996 -0.0125
vn 0.0542 0.9985 -0.0104
vn 0.0271 0.9992 0.0282
vn 0.0144 0.9487 0.3160
vn 0.0298 0.9350 0.3533
vn 0.0446 0.9339 0.3549
vn 0.0166 0.9187 0.3947
vn 0.0001 0.4182 0.9084
vn -0.0016 0.4220 0.9066
vn 0.0102 0.4196 0.9076
vn 0.0067 0.4155 0.9095
vn -0.0126 0.1157 0.9932
vn 0.0033 0.0853 0.9963
vn -0.0091 0.0879 0.9961
vn -0.0108 0.0864 0.9962
vn 0.0584 0.0660 0.9961
vn 0.0574 0.0674 0.9961
vn -0.0108 0.0534 0.9985
vn -0.0023 0.0440 0.9990
vn 0.0506 0.0326 0.9982
vn 0.0561 0.0350 0.9978
vn 0.0019 0.0510 0.9987
vn -0.0050 0.0445 0.9990
vn -0.0094 -0.0035 0.9999
vn -0.0085 -0.0048 1.0000
vn -0.0014 -0.0060 1.0000
vn -0.0063 -0.0085 0.9999
vn -0.0121 -0.0030 0.9999
vn -0.0041 0.0067 1.0000
vn -0.0111 -0.0467 0.9988
vn -0.0139 -0.0379 0.9992
vn -0.0095 -0.0386 0.9992
vn -0.0151 -0.0439 0.9989
vn -0.0106 -0.0468 0.9988
vn -0.0029 -0.0299 0.9995
vn -0.0134 -0.1101 0.9938
vn -0.0136 -0.1090 0.9940
vn -0.0252 -0.1071 0.9939
vn -0.0247 -0.1063 0.9940
vn -0.0352 -0.2728 0.9614
vn -0.0271 -0.3611 0.9321
vn -0.0214 -0.3625 0.9317
vn -0.0847 -0.4842 0.8709
vn -0.0147 -0.1098 0.9938
vn -0.0069 -0.0930 0.9956
vn -0.0279 -0.2462 0.9688
vn -0.0238 -0.2742 0.9614
vn 0.0006 -0.1965 0.9805
vn -0.0714 -0.6278 0.7751
vn -0.0420 -0.7219 0.6908
vn -0.0486 -0.7212 0.6910
vn -0.1016 -0.8111 0.5760
vn -0.0175 -0.0917 0.9956
vn 0.0004 -0.0618 0.9981
vn -0.0078 -0.0167 0.9998
vn -0.0081 -0.0158 0.9998
vn -0.0171 -0.0144 0.9997
vn -0.0343 -0.0321 0.9989
vn -0.0389 -0.0612 0.9974
vn -0.0415 -0.0532 0.9977
vn -0.5505 0.0332 0.8342
vn -0.5683 0.0150 0.8227
vn -0.5326 0.2112 0.8196
vn -0.4867 0.1207 0.8652
vn -0.9992 0.0099 -0.0389
vn -0.9916 0.0638 -0.1127
vn -0.9986 -0.0335 -0.0407
vn -0.9988 -0.0311 -0.0381
vn -0.9981 0.0213 -0.0576
vn -0.9996 -0.0267 0.0028
vn -0.9863 0.1610 -0.0355
vn -0.9652 0.2298 -0.1247
vn -0.9713 0.2372 0.0171
vn -0.9819 0.1828 -0.0499
vn -0.7886 0.0796 -0.6098
vn -0.7408 0.1370 -0.6576
vn -0.9961 0.0881 0.0016
vn -0.9926 0.1186 -0.0252
vn -0.8714 0.1489 -0.4674
vn -0.7856 0.0090 -0.6187
vn -0.9883 0.0846 -0.1265
vn -0.9862 0.1551 -0.0581
vn -0.9981 0.0190 -0.0591
vn -0.9993 -0.0381 0.0007
vn -0.9993 -0.0382 -0.0037
vn -0.9960 -0.0735 -0.0515
vn -0.9462 -0.3199 -0.0491
vn -0.8330 -0.5161 0.1992
vn -0.7844 -0.4880 0.3829
vn -0.6433 -0.7532 -0.1373
vn -0.2161 -0.9557 -0.2000
vn -0.0866 -0.9952 0.0465
vn -0.0870 -0.9954 0.0399
vn -0.0684 -0.9973 -0.0281
vn -0.6283 0.2041 0.7507
vn -0.7659 0.0167 0.6428
vn -0.7594 -0.0834 0.6452
vn -0.8666 0.0895 0.4909
vn -0.0283 0.1551 0.9875
vn -0.0562 0.2133 0.9754
vn -0.0105 0.0857 0.9963
vn -0.0298 0.0568 0.9979
vn -0.0050 0.0458 0.9989
vn -0.0095 0.0563 0.9984
vn -0.0148 0.0177 0.9997
vn -0.0136 0.0159 0.9998
vn -0.0048 0.0153 0.9999
vn -0.0073 0.0118 0.9999
vn -0.0008 0.1539 0.9881
vn -0.0034 0.1628 0.9866
vn -0.0040 0.1629 0.9866
vn -0.0070 0.1549 0.9879
vn -0.0042 0.0457 0.9989
vn -0.0043 0.0453 0.9990
vn -0.0026 0.0449 0.9990
vn -0.0026 0.0450 0.9990
vn -0.0065 0.0117 0.9999
vn -0.0057 0.0090 0.9999
vn -0.0044 0.0090 0.9999
vn -0.0053 0.0069 1.0000
vn -0.0046 0.1142 0.9934
vn -0.0097 0.1287 0.9916
vn -0.0056 0.1285 0.9917
vn 0.0019 0.1541 0.9881
vn -0.0076 0.0449 0.9990
vn -0.0001 0.4182 0.9084
vn -0.0034 0.4293 0.9031
vn -0.0085 0.4292 0.9032
vn 0.0018 0.4681 0.8837
vn 0.0055 0.9512 0.3084
vn 0.0137 0.9377 0.3473
vn 0.0100 0.9378 0.3471
vn 0.0060 0.9330 0.3598
vn 0.0057 0.4395 0.8982
vn -0.0033 0.4686 0.8834
vn 0.0097 0.9329 0.3599
vn -0.0109 0.9137 0.4064
vn 0.0213 0.3593 0.9330
vn -0.0151 0.4413 0.8972
vn 0.0102 0.9951 -0.0979
vn 0.0069 0.9943 -0.1061
vn 0.0176 0.9942 -0.1060
vn 0.0134 0.9952 -0.0969
vn -0.0014 0.8269 0.5624
vn -0.0839 0.9127 0.3999
vn -0.0093 0.9950 -0.0990
vn -0.0081 0.9948 -0.1014
vn -0.0260 0.9866 0.1611
vn 0.1262 0.7904 0.5995
vn -0.0224 0.9944 -0.1030
vn -0.0109 0.9912 -0.1320
vn -0.0292 0.9764 0.2141
vn -0.0389 0.9865 0.1590
vn 0.0167 0.7606 -0.6490
vn -0.0060 0.7050 -0.7091
vn -0.0134 0.7053 -0.7087
vn 0.0160 0.6521 -0.7580
vn 0.0134 0.9951 -0.0979
vn 0.0115 0.9957 -0.0915
vn 0.0013 0.2184 -0.9759
vn -0.0042 0.2007 -0.9796
vn -0.0006 0.2002 -0.9797
vn 0.0066 0.1830 -0.9831
vn -0.0034 0.0757 -0.9971
vn -0.0016 0.0808 -0.9967
vn -0.0017 0.0808 -0.9967
vn 0.0017 0.0732 -0.9973
vn -0.0021 0.0236 -0.9997
vn -0.0035 0.0214 -0.9998
vn -0.0164 0.0217 -0.9996
vn -0.0111 0.0144 -0.9998
vn -0.0126 0.1016 -0.9947
vn -0.0277 0.0749 -0.9968
vn -0.0043 -0.0060 -1.0000
vn -0.0054 -0.0077 -1.0000
vn -0.0226 -0.0033 -0.9997
vn -0.0170 -0.0123 -0.9998
vn -0.0256 -0.0571 -0.9980
vn -0.0593 -0.1000 -0.9932
vn -0.9239 0.3341 -0.1867
vn -0.8778 -0.0634 -0.4748
vn -0.8780 -0.0234 -0.4781
vn -0.7400 0.1453 -0.6567
vn -0.0079 -0.0665 -0.9978
vn -0.0050 -0.0610 -0.9981
vn -0.0039 0.0239 -0.9997
vn -0.0038 0.0705 -0.9975
vn -0.0024 0.0756 -0.9971
vn 0.0032 0.2182 -0.9759
vn -0.0037 0.2483 -0.9687
vn 0.0057 0.2845 -0.9587
vn -0.0060 0.2483 -0.9687
vn 0.0031 0.7615 -0.6481
vn 0.0178 0.8042 -0.5940
vn 0.0239 0.8041 -0.5940
vn 0.0015 0.8496 -0.5274
vn 0.0137 0.9957 -0.0915
vn 0.0198 0.9978 -0.0625
vn 0.0260 0.9977 -0.0625
vn 0.0173 0.9993 -0.0334
vn 0.0198 0.9511 0.3081
vn 0.0172 0.9486 0.3161
vn -0.6361 0.1479 0.7573
vn -0.5511 0.0269 0.8340
vn -0.9977 0.0610 0.0310
vn -0.9998 0.0195 0.0016
vn -0.0037 -0.0171 0.9998
vn -0.0096 -0.0289 0.9995
vn 0.6994 0.0028 0.7148
vn 0.8092 -0.2155 0.5465
vn 0.7105 -0.1134 0.6945
vn 0.6813 -0.1227 0.7216
vn 0.0774 0.0759 0.9941
vn -0.0841 0.2261 0.9705
vn 0.1878 -0.0022 0.9822
vn 0.0634 -0.0288 0.9976
vn -0.9742 0.2254 0.0125
vn -0.9756 0.2169 0.0337
vn -0.9695 0.2054 0.1335
vn -0.9861 0.1652 0.0147
vn -0.5184 -0.0736 -0.8519
vn -0.6506 -0.1452 -0.7454
vn -0.9725 0.2200 0.0761
vn -0.9834 0.1766 0.0409
vn -0.4978 0.0301 -0.8668
vn -0.5070 0.0412 -0.8610
vn -0.0717 -0.0710 -0.9949
vn -0.0816 -0.0769 -0.9937
vn -0.4922 0.0815 -0.8667
vn -0.5308 0.0673 -0.8448
vn -0.0802 -0.0151 -0.9967
vn -0.0681 -0.0249 -0.9974
vn 0.0067 -0.2082 -0.9781
vn 0.0063 -0.2086 -0.9780
vn -0.1481 -0.1612 -0.9758
vn -0.0920 -0.2527 -0.9631
vn 0.0066 -0.0924 -0.9957
vn 0.0117 -0.0994 -0.9950
vn 0.0101 -0.0994 -0.9950
vn 0.0103 -0.0991 -0.9950
vn 0.0100 -0.0391 -0.9992
vn 0.0121 -0.0381 -0.9992
vn 0.0089 -0.0376 -0.9993
vn 0.0122 -0.0409 -0.9991
vn 0.0064 -0.0379 -0.9993
vn 0.0047 -0.0400 -0.9992
vn 0.0090 0.0135 -0.9999
vn 0.0138 0.0169 -0.9998
vn 0.0150 0.0168 -0.9997
vn 0.0061 0.0291 -0.9996
vn 0.0088 0.0350 -0.9993
vn 0.0062 0.0291 -0.9996
vn 0.0178 0.0934 -0.9955
vn 0.0223 0.1007 -0.9947
vn 0.0179 0.1016 -0.9947
vn 0.0145 0.1211 -0.9925
vn 0.0091 0.1205 -0.9927
vn 0.0095 0.1221 -0.9925
vn 0.0400 0.3972 -0.9169
vn 0.0427 0.4051 -0.9133
vn 0.0357 0.4064 -0.9130
vn 0.0319 0.4429 -0.8960
vn 0.0245 0.4443 -0.8955
vn 0.0244 0.4439 -0.8957
vn 0.0753 0.8966 -0.4364
vn 0.0708 0.8866 -0.4571
vn 0.0516 0.8882 -0.4566
vn 0.0533 0.8815 -0.4692
vn 0.0301 0.8674 -0.4966
vn 0.0355 0.8825 -0.4689
vn 0.0615 0.9956 -0.0700
vn 0.0643 0.9965 -0.0538
vn 0.0241 0.9983 -0.0537
vn 0.0356 0.9906 -0.1323
vn 0.0228 0.9867 -0.1611
vn 0.0274 0.9908 -0.1322
vn 0.0246 0.9757 0.2176
vn 0.0332 0.9616 0.2723
vn 0.0272 0.9618 0.2723
vn 0.0240 0.9563 0.2913
vn 0.0162 0.9733 0.2291
vn 0.0264 0.9563 0.2912
vn 0.0222 0.6910 0.7225
vn 0.0151 0.7258 0.6877
vn 0.0078 0.7260 0.6876
vn 0.0154 0.7574 0.6527
vn 0.0083 0.8021 0.5972
vn 0.0189 0.7573 0.6528
vn 0.0052 0.2461 0.9692
vn 0.0006 0.2728 0.9621
vn -0.0012 0.2729 0.9620
vn 0.0064 0.3161 0.9487
vn -0.0019 0.3401 0.9404
vn 0.0021 0.3163 0.9487
vn -0.0011 0.0887 0.9961
vn -0.0026 0.0971 0.9953
vn -0.0023 0.0971 0.9953
vn -0.0010 0.1046 0.9945
vn -0.0021 0.0212 0.9998
vn -0.0035 0.0277 0.9996
vn -0.0029 0.0277 0.9996
vn -0.0016 0.0345 0.9994
vn -0.0027 -0.0351 0.9994
vn -0.0061 -0.0205 0.9998
vn -0.0038 -0.0206 0.9998
vn -0.0022 -0.0142 0.9999
vn -0.0057 -0.1160 0.9932
vn -0.0067 -0.1113 0.9938
vn -0.0048 -0.1114 0.9938
vn -0.0040 -0.1077 0.9942
vn -0.0015 0.0212 0.9998
vn -0.0053 0.0033 1.0000
vn -0.0049 -0.0346 0.9994
vn -0.0048 -0.0350 0.9994
vn -0.0018 0.0887 0.9961
vn 0.0005 0.0765 0.9971
vn 0.0018 0.0764 0.9971
vn -0.0005 0.0650 0.9979
vn -0.0007 -0.0080 1.0000
vn -0.0032 0.0032 1.0000
vn 0.0039 0.2462 0.9692
vn 0.0060 0.2335 0.9723
vn 0.0100 0.2333 0.9724
vn 0.0045 0.2067 0.9784
vn 0.0011 0.0642 0.9979
vn 0.0010 0.0648 0.9979
vn 0.0216 0.6910 0.7225
vn 0.0272 0.6610 0.7499
vn 0.0406 0.6598 0.7504
vn 0.0284 0.6108 0.7913
vn 0.0124 0.1752 0.9845
vn 0.0080 0.2064 0.9784
vn 0.0498 0.9746 0.2182
vn 0.0660 0.9449 0.3206
vn 0.0750 0.9441 0.3211
vn 0.0718 0.9383 0.3384
vn 0.0475 0.4883 0.8714
vn 0.0311 0.6104 0.7915
vn 0.0746 0.9948 -0.0697
vn 0.0821 0.9963 -0.0258
vn 0.0870 0.9959 -0.0257
vn 0.0857 0.9961 -0.0194
vn 0.0833 0.9134 0.3983
vn 0.0714 0.9383 0.3383
vn 0.0770 0.8964 -0.4365
vn 0.0821 0.9049 -0.4177
vn 0.0940 0.9035 -0.4181
vn 0.0747 0.9277 -0.3658
vn 0.0872 0.9962 0.0003
vn 0.0794 0.9967 -0.0195
vn 0.0501 0.3949 -0.9173
vn 0.0445 0.3851 -0.9218
vn 0.0478 0.3849 -0.9217
vn 0.0293 0.4191 -0.9075
vn 0.1042 0.9502 -0.2938
vn 0.0586 0.9286 -0.3663
vn 0.0064 0.8638 0.5038
vn 0.0117 0.8480 0.5298
vn 0.0161 0.8480 0.5297
vn 0.0034 0.8022 0.5971
vn -0.0023 0.3401 0.9404
vn 0.0100 0.4148 0.9099
vn 0.0147 0.9732 0.2294
vn 0.0108 0.9783 0.2067
vn 0.0214 0.9781 0.2071
vn 0.0181 0.9732 0.2292
vn 0.0207 0.9955 0.0929
vn 0.0070 1.0000 0.0026
vn 0.0009 1.0000 0.0027
vn 0.0241 0.9866 -0.1612
vn -0.0016 0.9379 -0.3468
vn -0.0169 0.8972 -0.4413
vn 0.0158 0.8963 -0.4432
vn 0.0243 0.8677 -0.4965
vn 0.0113 0.4842 -0.8749
vn 0.0067 0.4598 -0.8880
vn 0.0159 0.4593 -0.8882
vn 0.0178 0.4449 -0.8954
vn 0.0037 0.1208 -0.9927
vn 0.0032 0.1186 -0.9929
vn 0.0064 0.1183 -0.9930
vn 0.0061 0.1210 -0.9926
vn 0.0025 0.0337 -0.9994
vn 0.0030 0.0357 -0.9994
vn 0.0043 0.0355 -0.9994
vn 0.0043 0.0357 -0.9994
vn 0.0129 0.0938 -0.9955
vn 0.0192 0.0856 -0.9961
vn 0.0034 -0.0235 -0.9997
vn 0.0013 -0.0304 -0.9995
vn 0.0026 -0.0306 -0.9995
vn 0.0054 -0.0379 -0.9993
vn 0.0026 -0.0957 -0.9954
vn 0.0024 -0.0969 -0.9953
vn 0.0037 -0.0969 -0.9953
vn 0.0045 -0.0989 -0.9951
vn 0.0130 0.0123 -0.9998
vn 0.0145 0.0131 -0.9998
vn 0.0040 -0.1960 -0.9806
vn 0.0028 -0.1998 -0.9798
vn 0.0068 -0.2003 -0.9797
vn 0.0105 -0.2088 -0.9779
vn -0.0008 -0.6842 -0.7293
vn -0.0061 -0.6907 -0.7231
vn -0.1992 -0.6464 -0.7366
vn -0.1662 -0.6946 -0.6999
vn -0.0208 -0.9477 -0.3185
vn -0.0280 -0.9515 -0.3064
vn -0.2168 -0.9228 -0.3185
vn -0.1992 -0.9347 -0.2943
vn 0.0043 -0.6593 -0.7518
vn -0.0098 -0.6832 -0.7301
vn -0.0129 -0.2034 -0.9790
vn -0.0130 -0.2030 -0.9791
vn -0.0597 -0.5773 -0.8143
vn -0.0440 -0.6168 -0.7859
vn -0.0799 -0.9564 -0.2810
vn -0.0693 -0.9646 -0.2546
vn -0.0598 -0.9848 0.1632
vn -0.0897 -0.9610 0.2617
vn -0.0605 -0.9634 0.2613
vn -0.0704 -0.9679 0.2411
vn -0.0942 -0.9818 -0.1652
vn -0.0631 -0.9650 -0.2546
vn -0.0072 -0.2968 0.9549
vn -0.0064 -0.2933 0.9560
vn -0.0111 -0.2873 0.9578
vn -0.0101 -0.2931 0.9560
vn -0.0215 -0.7615 0.6479
vn -0.0192 -0.7533 0.6574
vn -0.0185 -0.7535 0.6572
vn -0.0185 -0.7534 0.6574
vn -0.0259 -0.9860 0.1648
vn -0.0206 -0.9806 0.1948
vn -0.0134 -0.9859 0.1666
vn -0.0186 -0.9807 0.1946
vn -0.0148 -0.9643 -0.2642
vn -0.0136 -0.9660 -0.2582
vn -0.1110 -0.9751 -0.1920
vn -0.0996 -0.9626 -0.2518
vn -0.1172 -0.7357 -0.6671
vn -0.1114 -0.7587 -0.6419
vn -0.0709 -0.6832 -0.7267
vn -0.0992 -0.7599 -0.6424
vn -0.0471 -0.3115 -0.9491
vn -0.0542 -0.2754 -0.9598
vn 0.0889 -0.3480 -0.9333
vn 0.1021 -0.2638 -0.9592
vn 0.0687 -0.1501 -0.9863
vn 0.0775 -0.1763 -0.9813
vn 0.0465 -0.1707 -0.9842
vn 0.0447 -0.1787 -0.9829
vn 0.0459 -0.0592 -0.9972
vn 0.0400 -0.0471 -0.9981
vn 0.0004 -0.0679 -0.9977
vn 0.0087 -0.0478 -0.9988
vn 0.0449 -0.0185 -0.9988
vn 0.0604 0.0317 -0.9977
vn -0.0019 0.0308 -0.9995
vn 0.0021 0.0167 -0.9999
vn -0.0027 -0.0212 -0.9998
vn 0.0105 0.0165 -0.9998
vn -0.0045 0.1533 -0.9882
vn 0.0030 0.1088 -0.9941
vn -0.0125 0.2349 -0.9719
vn -0.0077 0.1997 -0.9798
vn -0.0176 0.0125 -0.9998
vn 0.0055 0.1093 -0.9940
vn 0.1117 0.6161 -0.7797
vn 0.1109 0.6228 -0.7744
vn 0.0784 0.2183 -0.9727
vn 0.0789 0.2202 -0.9723
vn 0.0032 0.5840 -0.8117
vn 0.0100 0.5413 -0.8408
vn -0.0024 0.1525 -0.9883
vn 0.0062 0.1975 -0.9803
vn -0.0021 0.5379 -0.8430
vn 0.0035 0.5039 -0.8638
vn 0.0004 0.1482 -0.9890
vn 0.0013 0.1537 -0.9881
vn -0.0005 0.1479 -0.9890
vn -0.0002 0.1461 -0.9893
vn -0.0007 0.0537 -0.9986
vn 0.0017 0.0678 -0.9977
vn 0.0022 0.0679 -0.9977
vn 0.0005 0.0784 -0.9969
vn -0.0021 0.0533 -0.9986
vn -0.0027 0.0563 -0.9984
vn -0.0033 -0.0127 -0.9999
vn -0.0033 -0.0126 -0.9999
vn 0.0022 -0.0114 -0.9999
vn 0.0013 -0.0072 -1.0000
vn -0.0042 -0.0631 -0.9980
vn -0.0026 -0.0546 -0.9985
vn 0.0007 -0.0538 -0.9985
vn 0.0011 -0.0558 -0.9984
vn -0.0042 -0.1486 -0.9889
vn -0.0029 -0.1412 -0.9900
vn -0.0026 -0.1411 -0.9900
vn -0.0011 -0.1502 -0.9887
vn -0.0038 -0.0630 -0.9980
vn -0.0028 -0.0686 -0.9976
vn -0.0047 -0.1615 -0.9869
vn -0.0024 -0.1481 -0.9890
vn -0.0007 -0.0680 -0.9977
vn -0.0006 -0.0685 -0.9977
vn -0.0018 -0.1540 -0.9881
vn -0.0030 -0.1610 -0.9869
vn 0.0013 -0.0680 -0.9977
vn 0.0008 -0.0656 -0.9978
vn 0.0001 -0.1625 -0.9867
vn 0.0016 -0.1530 -0.9882
vn 0.0011 -0.0655 -0.9979
vn 0.0015 -0.0676 -0.9977
vn 0.0021 -0.1637 -0.9865
vn 0.0024 -0.1619 -0.9868
vn 0.0007 -0.0678 -0.9977
vn 0.0022 -0.0751 -0.9972
vn 0.0038 -0.1632 -0.9866
vn 0.0034 -0.0747 -0.9972
vn 0.0019 -0.0680 -0.9977
vn 0.0044 -0.1633 -0.9866
vn 0.0045 -0.1630 -0.9866
vn 0.0021 -0.0679 -0.9977
vn -0.0000 -0.0590 -0.9983
vn 0.0035 -0.1591 -0.9873
vn 0.0029 -0.1637 -0.9865
vn 0.0004 -0.0589 -0.9983
vn -0.0010 -0.0533 -0.9986
vn 0.0021 -0.1651 -0.9863
vn 0.0030 -0.1593 -0.9872
vn 0.0008 -0.0529 -0.9986
vn 0.0003 -0.0506 -0.9987
vn 0.0018 -0.1538 -0.9881
vn -0.0003 -0.1657 -0.9862
vn -0.0009 -0.0508 -0.9987
vn -0.0018 -0.0469 -0.9989
vn -0.0010 -0.1550 -0.9879
vn -0.0008 -0.1542 -0.9880
vn -0.0070 -0.0474 -0.9989
vn -0.0050 -0.0544 -0.9985
vn -0.0039 -0.1609 -0.9870
vn -0.0028 -0.1552 -0.9879
vn -0.0106 -0.0548 -0.9984
vn -0.0074 -0.0654 -0.9978
vn -0.0067 -0.1789 -0.9839
vn -0.0029 -0.1608 -0.9870
vn -0.0134 -0.0662 -0.9977
vn -0.0058 -0.0886 -0.9961
vn -0.0057 -0.1923 -0.9813
vn -0.0022 -0.1784 -0.9840
vn -0.0143 -0.1926 -0.9812
vn 0.0012 -0.2264 -0.9740
vn -0.0013 -0.5400 -0.8417
vn 0.0077 -0.5211 -0.8535
vn 0.0014 -0.5210 -0.8535
vn -0.0012 -0.5117 -0.8592
vn -0.0436 -0.5393 -0.8410
vn 0.0130 -0.6181 -0.7860
vn -0.0020 -0.9486 -0.3166
vn 0.0057 -0.9445 -0.3285
vn 0.0046 -0.9445 -0.3285
vn -0.0025 -0.9380 -0.3467
vn -0.0177 -0.9763 0.2156
vn 0.0540 -0.9956 0.0764
vn 0.0028 -0.9970 0.0767
vn -0.0042 -0.9983 0.0580
vn 0.0647 -0.8544 0.5156
vn 0.0013 -0.7912 0.6116
vn 0.0212 -0.7901 0.6126
vn -0.0077 -0.8512 0.5248
vn 0.0281 -0.5266 0.8496
vn -0.0398 -0.4012 0.9151
vn -0.0105 -0.4075 0.9131
vn -0.0340 -0.4763 0.8786
vn 0.0082 -0.4378 0.8991
vn 0.0196 -0.4755 0.8795
vn -0.0234 -0.1712 0.9850
vn -0.0273 -0.1630 0.9863
vn -0.0029 -0.1693 0.9856
vn -0.0030 -0.1698 0.9855
vn -0.0095 -0.0448 0.9989
vn -0.0095 -0.0449 0.9989
vn -0.0052 -0.0456 0.9989
vn -0.0046 -0.0436 0.9990
vn -0.0013 -0.1499 0.9887
vn 0.0048 -0.1720 0.9851
vn -0.0043 -0.0438 0.9990
vn -0.0045 -0.0443 0.9990
vn -0.0009 -0.1682 0.9858
vn -0.0056 -0.1553 0.9879
vn 0.0008 -0.0509 0.9987
vn 0.0023 -0.0458 0.9989
vn 0.0050 -0.1438 0.9896
vn 0.0082 -0.1550 0.9879
vn 0.0001 -0.0455 0.9990
vn -0.0011 -0.0510 0.9987
vn 0.0014 -0.1494 0.9888
vn -0.0000 -0.1430 0.9897
vn 0.0021 -0.0515 0.9987
vn 0.0017 -0.0533 0.9986
vn 0.0063 -0.1684 0.9857
vn 0.0020 -0.1495 0.9888
vn 0.0027 -0.0535 0.9986
vn -0.0002 -0.0729 0.9973
vn 0.0056 -0.1926 0.9813
vn 0.0001 -0.1671 0.9859
vn 0.0036 -0.0738 0.9973
vn 0.0020 -0.0848 0.9964
vn 0.0077 -0.2222 0.9750
vn 0.0016 -0.1917 0.9815
vn 0.0046 -0.0854 0.9963
vn 0.0025 -0.0981 0.9952
vn 0.0051 -0.2177 0.9760
vn 0.0059 -0.2218 0.9751
vn 0.0044 -0.0985 0.9951
vn 0.0038 -0.1021 0.9948
vn 0.0057 -0.2311 0.9729
vn 0.0034 -0.2173 0.9761
vn 0.0006 -0.1013 0.9949
vn 0.0006 -0.1016 0.9948
vn 0.0018 -0.2496 0.9683
vn -0.0016 -0.2292 0.9734
vn -0.0006 -0.1012 0.9949
vn -0.0017 -0.1070 0.9943
vn -0.0017 -0.2574 0.9663
vn -0.0031 -0.2483 0.9687
vn -0.0024 -0.1068 0.9943
vn -0.0015 -0.1024 0.9947
vn -0.0030 -0.2722 0.9622
vn -0.0053 -0.2564 0.9665
vn -0.0032 -0.1020 0.9948
vn -0.0021 -0.0964 0.9953
vn -0.0041 -0.2584 0.9660
vn -0.0020 -0.2724 0.9622
vn -0.0019 -0.0215 0.9998
vn -0.0014 -0.0237 0.9997
vn -0.0024 -0.0235 0.9997
vn -0.0008 -0.0170 0.9999
vn -0.0021 -0.0903 0.9959
vn -0.0011 -0.0967 0.9953
vn -0.0020 0.0295 0.9996
vn -0.0009 0.0239 0.9997
vn -0.0008 0.0239 0.9997
vn 0.0004 0.0300 0.9996
vn 0.0002 -0.0166 0.9999
vn 0.0003 -0.0173 0.9999
vn -0.0010 0.1015 0.9948
vn 0.0002 0.0942 0.9956
vn 0.0016 0.0938 0.9956
vn 0.0039 0.1067 0.9943
vn 0.0034 0.0253 0.9997
vn 0.0027 0.0294 0.9996
vn -0.0004 0.2636 0.9646
vn -0.0013 0.2695 0.9630
vn 0.0001 0.2690 0.9631
vn 0.0035 0.2885 0.9575
vn -0.0032 0.7644 0.6448
vn -0.0030 0.7631 0.6463
vn -0.0009 0.7627 0.6468
vn 0.0037 0.7830 0.6221
vn -0.0042 0.9604 0.2784
vn -0.0015 0.9548 0.2973
vn -0.0002 0.9546 0.2977
vn -0.0012 0.9524 0.3048
vn -0.0036 0.9922 -0.1242
vn -0.0001 0.9951 -0.0988
vn 0.0006 0.9951 -0.0985
vn -0.0004 0.9958 -0.0915
vn -0.0021 0.9004 -0.4351
vn 0.0006 0.9088 -0.4173
vn 0.0020 0.9090 -0.4169
vn -0.0000 0.9148 -0.4039
vn -0.0089 0.8993 -0.4372
vn -0.0074 0.8944 -0.4472
vn -0.0070 0.4443 -0.8959
vn -0.0029 0.4714 -0.8819
vn 0.0015 0.4727 -0.8812
vn -0.0033 0.5019 -0.8649
vn -0.0051 0.4449 -0.8956
vn -0.0029 0.4322 -0.9018
vn -0.0019 0.1444 -0.9895
vn -0.0016 0.1460 -0.9893
vn -0.0021 0.1459 -0.9893
vn -0.0021 0.1456 -0.9893
vn -0.0025 0.1442 -0.9895
vn -0.0014 0.1377 -0.9905
vn -0.0015 0.0493 -0.9988
vn -0.0002 0.0565 -0.9984
vn -0.0011 0.0562 -0.9984
vn -0.0012 0.0567 -0.9984
vn -0.0007 -0.0108 -0.9999
vn 0.0004 -0.0065 -1.0000
vn -0.0024 -0.0072 -1.0000
vn -0.0011 -0.0122 -0.9999
vn 0.0001 0.0498 -0.9988
vn 0.0006 0.0470 -0.9989
vn 0.0005 -0.0143 -0.9999
vn 0.0015 -0.0103 -0.9999
vn 0.0007 0.0470 -0.9989
vn 0.0012 0.0449 -0.9990
vn 0.0011 -0.0133 -0.9999
vn 0.0009 -0.0142 -0.9999
vn 0.0004 0.0447 -0.9990
vn 0.0012 0.0411 -0.9992
vn 0.0015 -0.0063 -1.0000
vn -0.0002 -0.0136 -0.9999
vn 0.0004 0.0409 -0.9992
vn -0.0002 0.0438 -0.9990
vn 0.0006 -0.0096 -1.0000
vn 0.0013 -0.0064 -1.0000
vn -0.0003 0.0437 -0.9990
vn -0.0007 0.0456 -0.9990
vn 0.0005 -0.0041 -1.0000
vn -0.0006 -0.0099 -1.0000
vn 0.0005 0.0459 -0.9989
vn -0.0030 0.0601 -0.9982
vn -0.0005 0.0029 -1.0000
vn -0.0019 -0.0046 -1.0000
vn -0.0003 0.0608 -0.9981
vn -0.0029 0.0718 -0.9974
vn -0.0002 0.0047 -1.0000
vn -0.0006 0.0029 -1.0000
vn -0.0024 0.0719 -0.9974
vn -0.0034 0.0767 -0.9970
vn -0.0008 0.0083 -1.0000
vn -0.0017 0.0045 -1.0000
vn -0.0073 0.0762 -0.9971
vn -0.0094 0.0854 -0.9963
vn -0.0066 0.0130 -0.9999
vn -0.0081 0.0076 -0.9999
vn -0.0117 0.0850 -0.9963
vn -0.0136 0.0925 -0.9956
vn -0.0108 0.0148 -0.9998
vn -0.0116 0.0124 -0.9999
vn -0.0134 0.0926 -0.9956
vn -0.0151 0.0982 -0.9951
vn -0.0137 0.0151 -0.9998
vn -0.0140 0.0142 -0.9998
vn -0.0161 0.0978 -0.9951
vn -0.0287 0.1209 -0.9922
vn -0.0267 0.0214 -0.9994
vn -0.0328 0.0115 -0.9994
vn -0.1780 0.0078 -0.9840
vn -0.1616 -0.0073 -0.9868
vn -0.1558 -0.1749 -0.9722
vn -0.1143 -0.1219 -0.9859
vn -0.0154 -0.1201 -0.9926
vn -0.0326 -0.0905 -0.9954
vn 0.3114 -0.1601 -0.9367
vn 0.2305 -0.0971 -0.9682
vn 0.2463 -0.2149 -0.9451
vn 0.1737 -0.3078 -0.9355
vn -0.0467 -0.3160 -0.9476
vn -0.1111 -0.2257 -0.9678
vn 0.7895 -0.0767 -0.6090
vn 0.8815 -0.1367 -0.4520
vn 0.8876 -0.2779 -0.3673
vn 0.8067 -0.4430 -0.3911
vn 0.2143 -0.6454 -0.7332
vn 0.1768 -0.6104 -0.7721
vn 0.9660 -0.0413 -0.2554
vn 0.9685 -0.0471 -0.2445
vn 0.9512 -0.2197 -0.2167
vn 0.9141 -0.2840 -0.2893
vn 0.7793 -0.0392 -0.6254
vn 0.7421 -0.0991 -0.6629
vn 0.9678 -0.0946 -0.2331
vn 0.9638 -0.0826 -0.2536
vn 0.2929 0.0109 -0.9561
vn 0.3045 0.0209 -0.9523
vn 0.7489 0.0143 -0.6626
vn 0.7245 0.0479 -0.6876
vn 0.2709 0.3447 -0.8988
vn 0.1857 0.2284 -0.9557
vn 0.7843 0.1408 -0.6042
vn 0.7856 0.1374 -0.6033
vn 0.1720 0.3282 -0.9288
vn 0.2757 0.4714 -0.8377
vn 0.7245 0.3490 -0.5944
vn 0.7914 0.1648 -0.5887
vn 0.2251 0.6727 -0.7048
vn 0.2333 0.6907 -0.6845
vn 0.7578 0.5450 -0.3588
vn 0.7831 0.4977 -0.3728
vn 0.7494 0.6093 -0.2591
vn 0.7661 0.6144 -0.1885
vn 0.8963 0.4350 0.0864
vn 0.8502 0.5169 0.0998
vn 0.9288 0.3212 -0.1849
vn 0.9288 0.3212 -0.1851
vn 0.6711 0.5769 0.4656
vn 0.6618 0.5675 0.4898
vn 0.6786 0.4602 0.5725
vn 0.7390 0.3693 0.5634
vn 0.8802 0.3003 0.3676
vn 0.9010 0.3396 0.2699
vn 0.6489 0.1484 0.7462
vn 0.6571 0.1336 0.7418
vn 0.9062 0.1288 0.4029
vn 0.9161 0.1690 0.3636
vn 0.1628 0.0833 0.9831
vn 0.1361 0.1102 0.9846
vn 0.6030 0.0700 0.7947
vn 0.6535 0.1053 0.7495
vn 0.1532 0.2689 0.9509
vn 0.1700 0.2859 0.9431
vn 0.1419 0.4367 0.8883
vn 0.1402 0.4390 0.8875
vn 0.0135 0.4564 0.8897
vn -0.0253 0.3784 0.9253
vn -0.0234 0.1726 0.9847
vn -0.0966 0.2707 0.9578
vn -0.0116 0.1771 0.9841
vn -0.0273 0.1302 0.9911
vn -0.0224 0.0294 0.9993
vn -0.0293 0.0397 0.9988
vn -0.1204 0.0260 0.9924
vn -0.0891 0.0760 0.9931
vn -0.0359 -0.0549 0.9978
vn -0.0188 -0.0857 0.9961
vn -0.0691 -0.0817 0.9943
vn -0.0785 -0.0954 0.9923
vn -0.0572 -0.1854 0.9810
vn -0.0157 -0.2353 0.9718
vn 0.1666 -0.2420 0.9559
vn 0.1965 -0.2113 0.9575
vn 0.1940 -0.1792 0.9645
vn 0.0717 -0.0875 0.9936
vn 0.6983 -0.2238 0.6800
vn 0.7610 -0.1301 0.6355
vn 0.7521 -0.0867 0.6533
vn 0.6241 -0.0296 0.7807
vn 0.1905 -0.4928 0.8490
vn 0.2161 -0.5169 0.8283
vn 0.5774 -0.4085 0.7069
vn 0.6894 -0.1922 0.6984
vn 0.1646 -0.8410 0.5154
vn 0.1682 -0.8435 0.5101
vn 0.6415 -0.6581 0.3942
vn 0.6807 -0.5888 0.4359
vn -0.0127 0.1221 0.9924
vn -0.0138 0.1183 0.9929
vn -0.0095 0.0374 0.9993
vn -0.0094 0.0373 0.9993
vn -0.0074 0.1117 0.9937
vn -0.0108 0.0997 0.9950
vn -0.0069 0.0255 0.9997
vn -0.0120 0.0346 0.9993
vn -0.0067 0.0945 0.9955
vn -0.0083 0.0893 0.9960
vn -0.0050 0.0198 0.9998
vn -0.0075 0.0248 0.9997
vn -0.0012 0.0791 0.9969
vn -0.0023 0.0749 0.9972
vn -0.0004 0.0184 0.9998
vn -0.0021 0.0229 0.9997
vn -0.0013 0.0746 0.9972
vn -0.0021 0.0689 0.9976
vn 0.0007 0.0101 0.9999
vn -0.0018 0.0187 0.9998
vn 0.0010 0.0682 0.9977
vn -0.0007 0.0573 0.9984
vn 0.0023 -0.0010 1.0000
vn -0.0010 0.0103 0.9999
vn 0.0024 0.0566 0.9984
vn 0.0008 0.0461 0.9989
vn 0.0039 -0.0160 0.9999
vn -0.0004 -0.0005 1.0000
vn 0.0017 0.0459 0.9989
vn 0.0008 0.0410 0.9992
vn 0.0034 -0.0252 0.9997
vn 0.0007 -0.0153 0.9999
vn 0.0002 0.0412 0.9992
vn -0.0000 0.0403 0.9992
vn 0.0018 -0.0213 0.9998
vn 0.0028 -0.0251 0.9997
vn 0.0023 0.0398 0.9992
vn 0.0024 0.0404 0.9992
vn 0.0033 -0.0226 0.9997
vn 0.0031 -0.0215 0.9998
vn 0.0003 0.0409 0.9992
vn 0.0004 0.0410 0.9992
vn 0.0007 -0.0238 0.9997
vn 0.0003 -0.0220 0.9998
vn -0.0000 0.0411 0.9992
vn -0.0018 0.0338 0.9994
vn -0.0017 -0.0192 0.9998
vn -0.0007 -0.0234 0.9997
vn -0.0010 0.0336 0.9994
vn -0.0013 0.0322 0.9995
vn -0.0012 -0.0216 0.9998
vn -0.0018 -0.0191 0.9998
vn -0.0015 0.1219 0.9925
vn -0.0012 0.1202 0.9927
vn -0.0001 0.1200 0.9928
vn -0.0018 0.1096 0.9940
vn -0.0007 0.0292 0.9996
vn -0.0014 0.0323 0.9995
vn -0.0033 0.3097 0.9508
vn -0.0022 0.3032 0.9529
vn 0.0020 0.3021 0.9533
vn -0.0034 0.2645 0.9644
vn -0.0005 0.1014 0.9948
vn -0.0019 0.1096 0.9940
vn -0.0116 0.8086 0.5883
vn -0.0048 0.7801 0.6256
vn -0.0064 0.7804 0.6252
vn -0.0093 0.7657 0.6432
vn -0.0092 0.9714 0.2373
vn -0.0114 0.9751 0.2214
vn -0.0058 0.9747 0.2233
vn -0.0130 0.9612 0.2755
vn -0.0137 0.9808 -0.1947
vn -0.0071 0.9893 -0.1454
vn -0.0070 0.9893 -0.1454
vn -0.0096 0.9919 -0.1264
vn -0.0104 0.9810 -0.1936
vn -0.0080 0.9777 -0.2098
vn -0.0075 0.8890 -0.4578
vn -0.0065 0.8925 -0.4509
vn -0.0068 0.8925 -0.4510
vn -0.0038 0.8896 -0.4567
vn -0.0000 0.8771 -0.4803
vn -0.0005 0.4207 -0.9072
vn 0.0002 0.4250 -0.9052
vn -0.0030 0.4241 -0.9056
vn -0.0043 0.4318 -0.9020
vn 0.0031 0.4217 -0.9067
vn -0.0002 0.4413 -0.8973
vn -0.0001 0.1331 -0.9911
vn 0.0008 0.1389 -0.9903
vn 0.0001 0.1387 -0.9903
vn 0.0002 0.1381 -0.9904
vn 0.0003 0.4383 -0.8988
vn 0.0001 0.1323 -0.9912
vn 0.0003 0.1332 -0.9911
vn -0.0005 0.4380 -0.8990
vn -0.0020 0.4467 -0.8947
vn 0.0012 0.1439 -0.9896
vn -0.0005 0.1321 -0.9912
vn -0.0024 0.4466 -0.8947
vn -0.0091 0.4824 -0.8759
vn -0.0021 0.1454 -0.9894
vn -0.0024 0.1429 -0.9897
vn -0.0082 0.4827 -0.8758
vn -0.0197 0.5343 -0.8451
vn -0.0006 0.1780 -0.9840
vn -0.0043 0.1447 -0.9895
vn -0.0092 0.5372 -0.8434
vn -0.0149 0.5647 -0.8252
vn -0.0014 0.2033 -0.9791
vn -0.0047 0.1768 -0.9842
vn -0.0041 0.5666 -0.8240
vn -0.0146 0.6150 -0.7884
vn -0.0078 0.1881 -0.9821
vn -0.0058 0.2025 -0.9793
vn -0.0188 0.6104 -0.7918
vn -0.0178 0.6060 -0.7953
vn -0.0146 0.1600 -0.9870
vn -0.0104 0.1878 -0.9822
vn -0.0388 0.5953 -0.8025
vn -0.0281 0.5541 -0.8320
vn -0.0128 0.1749 -0.9845
vn -0.0148 0.1600 -0.9870
vn -0.0270 0.5551 -0.8314
vn -0.0475 0.6045 -0.7952
vn -0.0144 0.2052 -0.9786
vn -0.0184 0.1734 -0.9847
vn -0.0282 0.6268 -0.7787
vn -0.0423 0.6522 -0.7569
vn -0.0093 0.2630 -0.9648
vn -0.0227 0.2015 -0.9792
vn -0.0025 0.6751 -0.7377
vn 0.0199 0.6338 -0.7733
vn 0.0208 0.3675 -0.9298
vn -0.0401 0.2559 -0.9659
vn -0.0503 0.8105 -0.5836
vn -0.0263 0.8737 -0.4857
vn -0.0059 0.8732 -0.4873
vn -0.0035 0.8694 -0.4941
vn -0.0611 0.8488 -0.5252
vn -0.0701 0.8206 -0.5671
vn -0.0515 0.9967 -0.0621
vn -0.0314 0.9995 0.0024
vn -0.0619 0.9981 0.0081
vn -0.0859 0.9867 0.1384
vn -0.0364 0.8454 -0.5330
vn -0.0607 0.9122 -0.4051
vn -0.0511 0.9041 0.4242
vn -0.0308 0.8573 0.5139
vn -0.0482 0.8543 0.5175
vn -0.0201 0.9779 0.2082
vn -0.0352 0.5922 0.8050
vn -0.0263 0.5553 0.8312
vn -0.0358 0.5575 0.8294
vn -0.0151 0.7321 0.6810
vn -0.0511 0.7013 0.7110
vn -0.0600 0.7164 0.6951
vn -0.0020 0.2550 0.9669
vn -0.0214 0.3025 0.9529
vn -0.0328 0.2937 0.9553
vn -0.0171 0.3745 0.9271
vn -0.0159 0.2348 0.9719
vn -0.0147 0.2310 0.9728
vn -0.0127 0.5871 0.8094
vn -0.0227 0.5366 0.8435
vn -0.0051 0.2146 0.9767
vn -0.0128 0.2390 0.9709
vn 0.0109 0.4955 0.8686
vn -0.0091 0.4189 0.9080
vn -0.0018 0.1911 0.9816
vn -0.0068 0.2118 0.9773
vn -0.0108 0.4205 0.9072
vn -0.0096 0.4294 0.9031
vn -0.0002 0.1602 0.9871
vn -0.0065 0.1929 0.9812
vn -0.0064 0.4278 0.9039
vn -0.0089 0.4097 0.9122
vn 0.0016 0.1378 0.9905
vn -0.0031 0.1614 0.9869
vn -0.0058 0.4085 0.9128
vn -0.0080 0.3919 0.9200
vn 0.0012 0.1278 0.9918
vn -0.0009 0.1386 0.9904
vn -0.0031 0.3906 0.9206
vn -0.0055 0.3745 0.9272
vn -0.0002 0.1278 0.9918
vn -0.0003 0.1282 0.9918
vn 0.0039 0.3720 0.9282
vn -0.0012 0.3407 0.9402
vn 0.0016 0.1116 0.9937
vn -0.0013 0.1280 0.9918
vn 0.0020 0.3398 0.9405
vn 0.0004 0.3306 0.9438
vn 0.0013 0.1151 0.9934
vn 0.0019 0.1116 0.9938
vn 0.0014 0.3303 0.9439
vn 0.0002 0.3234 0.9462
vn 0.0006 0.1126 0.9936
vn 0.0002 0.1154 0.9933
vn -0.0006 0.3236 0.9462
vn -0.0022 0.3140 0.9494
vn -0.0016 0.1219 0.9925
vn -0.0001 0.1128 0.9936
vn -0.0033 0.8062 0.5916
vn -0.0019 0.7998 0.6003
vn -0.0081 0.8010 0.5987
vn -0.0066 0.8077 0.5895
vn -0.0017 0.3093 0.9510
vn -0.0025 0.3141 0.9494
vn -0.0029 0.9698 0.2441
vn -0.0033 0.9706 0.2405
vn -0.0102 0.9711 0.2383
vn -0.0100 0.9715 0.2370
vn -0.0000 0.9695 0.2450
vn 0.0036 0.9754 0.2206
vn 0.0030 0.9822 -0.1876
vn 0.0016 0.9801 -0.1984
vn -0.0038 0.9797 -0.2002
vn -0.0026 0.9781 -0.2079
vn 0.0017 0.9822 -0.1880
vn 0.0019 0.9818 -0.1898
vn 0.0009 0.8724 -0.4888
vn 0.0012 0.8737 -0.4865
vn 0.0027 0.8739 -0.4861
vn 0.0016 0.8774 -0.4798
vn -0.0047 0.9814 -0.1921
vn -0.0038 0.9801 -0.1986
vn -0.0035 0.8723 -0.4889
vn -0.0037 0.8716 -0.4902
vn -0.0148 0.9792 -0.2024
vn -0.0152 0.9798 -0.1995
vn -0.0121 0.8728 -0.4879
vn -0.0126 0.8707 -0.4917
vn -0.0223 0.9791 -0.2024
vn -0.0303 0.9881 -0.1507
vn -0.0245 0.8857 -0.4636
vn -0.0278 0.8695 -0.4931
vn -0.0228 0.9887 -0.1483
vn -0.0423 0.9991 -0.0066
vn -0.0288 0.8657 -0.4997
vn -0.0251 0.8856 -0.4638
vn -0.0040 1.0000 0.0086
vn 0.0050 0.9981 -0.0612
vn 0.0087 0.9157 -0.4018
vn -0.0069 0.8687 -0.4953
vn -0.0239 0.9774 0.2102
vn -0.0204 0.9708 0.2389
vn -0.0091 0.9696 0.2446
vn -0.0026 0.9843 0.1765
vn -0.0104 0.7795 0.6264
vn -0.0178 0.8110 0.5848
vn -0.0251 0.8151 0.5788
vn -0.0041 0.8941 0.4478
vn -0.0220 0.8008 0.5985
vn -0.0175 0.7813 0.6239
vn -0.0249 0.9774 0.2099
vn -0.0266 0.9746 0.2222
vn -0.0158 0.8247 0.5653
vn -0.0096 0.7980 0.6026
vn -0.0166 0.9740 0.2258
vn -0.0173 0.9728 0.2309
vn -0.0004 0.8204 0.5719
vn -0.0008 0.8221 0.5694
vn -0.0035 0.9719 0.2355
vn -0.0021 0.9742 0.2256
vn 0.0052 0.8000 0.6000
vn 0.0006 0.8202 0.5721
vn 0.0032 0.9738 0.2274
vn 0.0041 0.9753 0.2208
vn 0.0002 0.8055 0.5925
vn 0.0013 0.8008 0.5990
vn -0.0500 0.9041 0.4244
vn -0.0510 0.9019 0.4289
vn -0.0289 0.7473 0.6638
vn -0.0194 0.7383 0.6742
vn 0.1722 0.7126 0.6801
vn 0.0916 0.8063 0.5843
vn 0.1672 0.8662 -0.4709
vn 0.1981 0.9118 -0.3598
vn -0.1684 0.2732 -0.9471
vn -0.0498 0.1163 -0.9920
vn 0.1754 -0.9627 0.2059
vn 0.1645 -0.9678 0.1903
vn 0.1697 -0.9359 -0.3086
vn 0.2385 -0.9511 -0.1962
vn 0.0065 0.9182 -0.3960
vn 0.0057 0.9156 -0.4020
vn 0.0261 0.9895 0.1422
vn 0.0263 0.9896 0.1411
vn 0.0006 -0.4073 -0.9133
vn -0.0051 -0.4399 -0.8980
vn 0.0019 -0.8277 -0.5612
vn -0.0023 -0.8430 -0.5379
vn 0.0042 -0.9784 -0.2065
vn 0.0022 -0.9810 -0.1939
vn 0.0029 -0.9670 0.2548
vn 0.0010 -0.9641 0.2655
vn 0.0085 -0.7478 0.6638
vn 0.0019 -0.7247 0.6891
vn 0.0094 -0.2910 0.9567
vn 0.0061 -0.2777 0.9606
vn 0.0051 0.0885 0.9961
vn 0.0084 0.0748 0.9972
vn 0.0064 0.0751 0.9972
vn 0.0067 0.0763 0.9971
vn -0.0010 0.1708 0.9853
vn 0.0041 0.1555 0.9878
vn 0.1736 0.1247 0.9769
vn 0.1724 0.1180 0.9779
vn 0.2238 -0.0432 0.9737
vn 0.2364 -0.0620 0.9697
vn -0.0071 0.4241 0.9056
vn 0.0134 0.3493 0.9369
vn 0.1990 0.3233 0.9251
vn 0.1695 0.1429 0.9751
vn 0.0114 0.2994 0.9541
vn -0.0185 0.4256 0.9047
vn 0.0059 0.1702 0.9854
vn 0.0148 0.2267 0.9738
vn -0.1318 -0.2144 0.9678
vn -0.0820 -0.0763 0.9937
vn -0.2458 -0.9592 -0.1394
vn -0.2186 -0.9711 -0.0958
vn 0.2366 -0.2869 -0.9283
vn 0.0669 -0.0839 -0.9942
vn 0.0069 -0.9555 -0.2949
vn 0.1142 -0.9925 -0.0425
vn 0.3550 0.4475 -0.8208
vn 0.3428 0.3800 -0.8591
vn -0.1008 0.9753 -0.1966
vn -0.1008 0.9631 -0.2495
vn 0.0786 0.9929 -0.0896
vn 0.0675 0.9947 -0.0782
vn 0.1004 0.9773 -0.1866
vn 0.0910 0.9939 -0.0619
vn 0.0563 0.9979 -0.0316
vn 0.0566 0.9943 -0.0906
vn 0.0715 0.9941 -0.0813
vn 0.0600 0.9961 -0.0643
vn 0.1081 0.9935 0.0348
vn 0.1137 0.9928 -0.0378
vn 0.1617 0.9167 -0.3654
vn 0.1590 0.9607 -0.2276
vn 0.2171 0.9538 -0.2077
vn 0.1523 0.9831 -0.1018
vn 0.1771 0.9831 0.0456
vn 0.1831 0.9791 -0.0881
vn 0.2335 0.9341 -0.2700
vn 0.2364 0.9586 -0.1588
vn 0.2641 0.9525 -0.1518
vn 0.2231 0.9705 -0.0917
vn 0.2390 0.9706 0.0274
vn 0.2419 0.9665 -0.0854
vn 0.2022 0.9776 0.0592
vn 0.2019 0.9446 0.2586
vn 0.2565 0.9268 0.2744
vn 0.0390 0.8592 0.5102
vn 0.1773 0.9826 0.0549
vn 0.2263 0.9736 -0.0306
vn -0.0085 0.7660 0.6428
vn -0.0353 0.5902 0.8065
vn 0.0520 0.5625 0.8251
vn -0.1731 0.3103 0.9347
vn -0.2842 -0.3321 0.8994
vn -0.2784 -0.3937 0.8761
vn -0.2362 -0.3973 0.8868
vn -0.3479 -0.6149 0.7078
vn -0.2364 -0.9653 0.1110
vn -0.2064 -0.9771 0.0516
vn -0.2360 -0.9714 0.0267
vn -0.2372 -0.9715 -0.0056
vn -0.1811 -0.9820 -0.0538
vn -0.1368 -0.9827 -0.1246
vn -0.1516 -0.9783 -0.1411
vn -0.1422 -0.9454 -0.2934
vn -0.6501 0.5374 -0.5372
vn -0.6117 0.3104 -0.7276
vn -0.2010 -0.9795 0.0154
vn -0.1706 -0.9851 -0.0229
vn -0.4203 0.6017 -0.6792
vn -0.6822 0.5701 -0.4578
vn 0.0008 0.9976 -0.0695
vn -0.0448 0.9989 0.0115
vn -0.0134 0.9898 -0.1417
vn -0.0188 0.9792 -0.2018
vn -0.0006 0.9907 -0.1362
vn -0.0473 0.9980 -0.0428
vn -0.1527 0.7693 0.6204
vn -0.1767 0.8831 0.4346
vn -0.1941 0.8838 0.4258
vn -0.0547 0.9947 0.0876
vn -0.1464 -0.3486 0.9258
vn -0.2381 -0.1390 0.9613
vn -0.2318 -0.1383 0.9629
vn -0.1426 0.2678 0.9529
vn 0.0602 -0.9847 0.1635
vn -0.0332 -0.9522 0.3036
vn -0.0306 -0.9520 0.3047
vn -0.0218 -0.8708 0.4912
vn 0.0788 -0.9955 -0.0530
vn 0.0409 -0.9991 -0.0062
vn 0.0091 -0.9997 -0.0210
vn 0.0138 -0.9974 0.0701
vn -0.1331 -0.8015 0.5830
vn -0.0501 -0.8752 0.4812
vn -0.0268 -0.9984 0.0491
vn -0.0274 -0.9978 0.0600
vn -0.1784 -0.7436 0.6444
vn -0.1384 -0.8026 0.5802
vn -0.2582 0.0833 0.9625
vn -0.2044 0.2180 0.9543
vn -0.2321 -0.7585 0.6089
vn -0.2318 -0.7294 0.6437
vn -0.2634 -0.1078 0.9586
vn -0.2797 0.0822 0.9566
vn -0.2659 0.2348 0.9350
vn -0.2403 0.2909 0.9261
vn -0.4762 -0.1230 0.8707
vn -0.5232 -0.4248 0.7388
vn -0.4624 0.3680 0.8067
vn -0.4678 0.2943 0.8334
vn -0.2318 0.8163 0.5290
vn -0.2735 0.7779 0.5658
vn -0.6546 0.4137 0.6327
vn -0.6614 0.4032 0.6324
vn -0.4985 0.7797 0.3788
vn -0.4739 0.8559 0.2069
vn 0.0598 0.9479 0.3129
vn 0.1617 0.9739 0.1592
vn -0.0876 0.7231 0.6852
vn -0.0939 0.7001 0.7079
vn -0.0402 0.9815 0.1870
vn -0.0502 0.9718 0.2306
vn -0.1299 0.9550 -0.2666
vn -0.1627 0.9866 -0.0147
vn 0.0242 0.9904 0.1358
vn -0.0612 0.9645 0.2570
vn -0.3115 0.9474 -0.0729
vn -0.1885 0.9710 -0.1474
vn 0.0741 0.9972 0.0122
vn 0.0728 0.9972 0.0186
vn 0.1185 0.9913 0.0576
vn 0.1388 0.9899 0.0289
vn 0.0968 0.9872 0.1264
vn 0.0465 0.9389 0.3411
vn 0.1858 0.9798 0.0737
vn 0.1532 0.9820 0.1107
vn 0.1569 0.9823 0.1026
vn 0.1459 0.9756 0.1640
vn 0.1473 0.9834 0.1058
vn 0.1525 0.9832 0.1003
vn 0.1754 0.9835 0.0446
vn 0.1695 0.9792 0.1114
vn 0.3904 0.7470 -0.5381
vn 0.3914 0.8461 -0.3618
vn 0.3403 0.8543 -0.3930
vn 0.2345 0.9379 -0.2556
vn 0.1260 0.9909 0.0465
vn 0.1237 0.9891 0.0795
vn 0.3648 -0.2004 -0.9093
vn 0.4687 -0.0058 -0.8833
vn 0.4091 0.0212 -0.9123
vn 0.3726 0.2774 -0.8856
vn 0.1823 0.9723 -0.1461
vn 0.1934 0.9401 -0.2808
vn 0.0687 -0.9026 -0.4249
vn 0.1504 -0.8471 -0.5097
vn 0.1467 -0.8452 -0.5140
vn 0.1676 -0.7292 -0.6635
vn 0.3479 0.4475 -0.8238
vn 0.3179 0.2937 -0.9015
vn -0.1305 -0.9828 0.1308
vn -0.0767 -0.9942 0.0754
vn -0.0798 -0.9942 0.0725
vn -0.0802 -0.9960 0.0395
vn 0.2526 -0.7429 -0.6199
vn 0.2419 -0.7535 -0.6113
vn -0.1375 -0.9646 0.2251
vn -0.1174 -0.9713 0.2069
vn -0.1021 -0.9698 0.2215
vn -0.1127 -0.9818 0.1526
vn -0.1248 -0.9482 0.2920
vn -0.0018 -0.9718 0.2357
vn 0.3419 -0.8117 0.4736
vn 0.2840 -0.9097 0.3030
vn 0.2812 -0.9079 0.3108
vn 0.1638 -0.9232 0.3477
vn 0.7902 -0.1652 0.5901
vn 0.7851 -0.1355 0.6044
vn 0.8103 -0.1408 0.5689
vn 0.8090 -0.1431 0.5701
vn 0.5607 0.7526 0.3453
vn 0.6215 0.7106 0.3298
vn 0.6266 0.7112 0.3186
vn 0.6418 0.6644 0.3829
vn 0.1454 0.9892 0.0200
vn 0.1112 0.9932 0.0358
vn 0.2522 0.9025 -0.3490
vn 0.2941 0.9313 -0.2148
vn 0.8349 0.5455 0.0736
vn 0.7518 0.6492 0.1151
vn 0.3736 -0.3004 -0.8776
vn 0.3782 -0.2961 -0.8771
vn 0.3130 -0.1997 -0.9285
vn 0.3108 -0.2071 -0.9276
vn 0.3774 -0.1420 -0.9151
vn 0.2760 0.0149 -0.9610
vn -0.4716 -0.6702 -0.5731
vn -0.5211 -0.6488 -0.5545
vn -0.6211 0.0133 -0.7836
vn -0.7105 -0.0688 -0.7003
vn -0.5597 0.6499 -0.5141
vn -0.5480 0.5529 -0.6277
vn -0.8580 0.0603 -0.5100
vn -0.8409 0.0190 -0.5408
vn -0.5675 0.7128 -0.4121
vn -0.6383 0.6783 -0.3640
vn -0.1629 0.9710 -0.1750
vn -0.1546 0.9818 -0.1107
vn -0.5541 0.7055 -0.4418
vn -0.5597 0.6735 -0.4829
vn -0.1590 0.9358 -0.3145
vn -0.0994 0.9257 -0.3650
vn 0.1107 0.9152 -0.3874
vn 0.1189 0.9569 -0.2648
vn -0.1290 0.9033 -0.4093
vn -0.1376 0.8778 -0.4588
vn 0.1001 0.9226 -0.3725
vn 0.1093 0.9171 -0.3833
vn 0.1956 0.9401 -0.2793
vn 0.1948 0.9131 -0.3583
vn 0.0657 0.9643 -0.2565
vn 0.0685 0.9754 -0.2095
vn 0.1979 0.9652 -0.1709
vn 0.1345 0.9893 -0.0570
vn -0.0974 0.9174 0.3858
vn -0.0916 0.8567 0.5076
vn -0.0016 0.8444 0.5357
vn -0.0650 0.7795 0.6230
vn -0.2515 -0.1576 0.9549
vn -0.2354 -0.2016 0.9507
vn -0.2645 -0.2062 0.9421
vn -0.3011 -0.3319 0.8940
vn -0.1181 -0.9412 0.3164
vn -0.1163 -0.9422 0.3144
vn -0.1807 -0.9514 0.2492
vn -0.1805 -0.9703 0.1610
vn -0.0641 -0.9938 0.0912
vn -0.0906 -0.9890 0.1167
vn -0.1255 -0.9891 0.0766
vn -0.1228 -0.9923 0.0125
vn -0.1381 -0.9500 0.2799
vn -0.1455 -0.9470 0.2864
vn -0.1620 -0.9501 0.2667
vn -0.1572 -0.9699 0.1860
vn -0.1687 -0.9840 0.0565
vn -0.2109 -0.9702 0.1196
vn -0.1450 -0.9654 0.2166
vn -0.1622 -0.9578 0.2373
vn -0.1934 -0.9628 0.1886
vn -0.1809 -0.9793 0.0913
vn -0.1237 -0.9823 0.1405
vn -0.1689 -0.9666 0.1926
vn -0.1823 -0.9686 0.1691
vn -0.1791 -0.9721 0.1517
vn 0.0665 -0.8682 0.4917
vn 0.0175 -0.9627 0.2698
vn 0.0449 -0.9873 0.1524
vn 0.0167 -0.9860 0.1659
vn 0.4720 -0.5960 0.6496
vn 0.4380 -0.7727 0.4594
vn 0.4702 -0.8020 0.3683
vn 0.3642 -0.8358 0.4108
vn 0.7777 -0.0636 0.6254
vn 0.8077 -0.1827 0.5606
vn 0.8122 -0.1842 0.5535
vn 0.8190 -0.1738 0.5468
vn 0.6322 0.6764 0.3779
vn 0.5972 0.6986 0.3941
vn 0.6033 0.7011 0.3802
vn 0.5857 0.7592 0.2838
vn 0.2071 0.9744 0.0879
vn 0.1511 0.9804 0.1264
vn 0.1748 0.9843 0.0235
vn 0.1700 0.9854 0.0068
vn -0.0015 0.9946 -0.1035
vn -0.0275 0.9967 -0.0764
vn -0.0406 0.9990 -0.0191
vn -0.0560 0.9933 -0.1015
vn 0.1434 0.9893 0.0269
vn 0.1683 0.9856 0.0147
vn -0.0888 0.9951 -0.0434
vn -0.0678 0.9958 -0.0614
vn -0.0455 0.9987 -0.0222
vn -0.1104 0.9913 0.0711
vn -0.0762 0.9961 -0.0441
vn -0.0764 0.9964 -0.0360
vn 0.0621 0.9003 -0.4308
vn 0.0738 0.8929 -0.4442
vn -0.0060 1.0000 0.0053
vn -0.0667 0.9938 0.0890
vn 0.0938 0.9343 -0.3439
vn 0.1003 0.9106 -0.4010
vn 0.3299 -0.0317 -0.9435
vn 0.3635 -0.1508 -0.9193
vn 0.1246 0.9391 -0.3202
vn 0.0364 0.9729 -0.2282
vn 0.3886 0.1521 -0.9088
vn 0.3427 -0.0315 -0.9389
vn 0.1419 -0.9724 -0.1854
vn 0.1369 -0.9856 -0.0988
vn 0.3307 -0.2700 -0.9043
vn 0.3572 -0.1514 -0.9217
vn 0.1707 -0.9353 -0.3099
vn 0.0999 -0.9715 -0.2147
vn 0.0234 -0.9990 0.0373
vn 0.0235 -0.9991 0.0340
vn 0.1685 -0.9351 -0.3117
vn 0.1619 -0.8440 -0.5113
vn -0.0113 -0.9991 0.0406
vn 0.0047 -0.9997 0.0228
vn 0.0435 -0.9990 -0.0143
vn 0.0409 -0.9949 -0.0917
vn -0.0053 -0.9990 0.0451
vn -0.0049 -0.9998 -0.0172
vn -0.0075 -0.9999 -0.0100
vn 0.0130 -0.9994 -0.0330
vn -0.0158 -0.9995 -0.0256
vn -0.0061 -0.9954 -0.0954
vn -0.0688 -0.9949 0.0733
vn -0.0070 -0.9999 -0.0098
vn 0.1977 -0.8499 -0.4884
vn 0.2611 -0.7956 -0.5467
vn 0.2851 -0.7952 -0.5351
vn 0.3096 -0.6622 -0.6823
vn 0.4355 -0.1197 -0.8922
vn 0.2294 -0.6394 -0.7338
vn 0.4866 0.1023 -0.8676
vn 0.4478 -0.0511 -0.8927
vn 0.4134 -0.0526 -0.9090
vn 0.4230 -0.2369 -0.8746
vn 0.2867 -0.4490 -0.8463
vn 0.3705 -0.2424 -0.8966
vn 0.4193 0.0182 -0.9077
vn 0.4330 0.0768 -0.8981
vn 0.3513 0.0747 -0.9333
vn 0.3313 0.1848 -0.9253
vn 0.2176 0.3359 -0.9164
vn 0.1862 0.1609 -0.9692
vn 0.2727 0.7058 -0.6538
vn 0.2474 0.8548 -0.4562
vn 0.0827 0.8119 -0.5780
vn 0.1101 0.7821 -0.6134
vn 0.3795 0.6592 -0.6492
vn 0.3751 0.7144 -0.5907
vn 0.4535 0.0029 -0.8913
vn 0.4561 -0.1617 -0.8751
vn 0.4582 0.7270 -0.5113
vn 0.4601 0.6563 -0.5980
vn 0.3919 -0.1036 -0.9142
vn 0.3851 -0.1202 -0.9150
vn 0.0791 -0.9865 -0.1436
vn 0.0744 -0.9962 -0.0464
vn 0.0224 -0.9928 0.1179
vn 0.0624 -0.9961 0.0619
vn 0.0587 -0.9950 -0.0808
vn 0.0960 -0.9864 -0.1334
vn -0.0128 -0.9943 -0.1060
vn -0.0118 -0.9995 0.0300
vn -0.0676 -0.9805 0.1848
vn 0.0102 -0.9942 0.1074
vn -0.1666 -0.9675 -0.1901
vn -0.0725 -0.9658 -0.2490
vn 0.0958 -0.9932 -0.0666
vn 0.0987 -0.9863 -0.1324
vn -0.2711 -0.9626 -0.0028
vn -0.2689 -0.9620 0.0467
vn -0.6978 -0.6489 -0.3033
vn -0.6842 -0.6590 -0.3124
vn -0.2264 -0.9668 -0.1190
vn -0.2865 -0.9554 -0.0720
vn -0.6572 -0.6790 -0.3272
vn -0.6571 -0.6490 -0.3833
vn -0.8448 0.0582 -0.5319
vn -0.8286 0.0165 -0.5596
vn -0.6131 -0.6708 -0.4173
vn -0.6464 -0.6535 -0.3938
vn -0.8105 0.0571 -0.5830
vn -0.8168 0.0505 -0.5747
vn -0.5438 0.6226 -0.5627
vn -0.5414 0.6572 -0.5243
vn -0.8982 0.0877 -0.4308
vn -0.8668 0.0154 -0.4985
vn -0.5939 0.6461 -0.4794
vn -0.5708 0.6489 -0.5031
vn -0.1623 0.9283 -0.3345
vn -0.1665 0.9167 -0.3633
vn -0.6581 0.6922 0.2961
vn -0.6189 0.6995 0.3573
vn -0.2825 0.8933 0.3496
vn -0.2781 0.8981 0.3407
vn -0.0224 0.0144 0.9996
vn -0.1036 0.0101 0.9946
vn -0.1453 -0.0458 0.9883
vn -0.1544 -0.1077 0.9821
vn -0.9159 0.1281 0.3804
vn -0.9403 0.1730 0.2931
vn -0.0080 0.1157 0.9933
vn 0.0042 0.1269 0.9919
vn -0.7688 -0.5007 0.3978
vn -0.6804 -0.4924 0.5427
vn 0.0088 0.2602 0.9655
vn -0.0160 0.1807 0.9834
vn -0.3972 -0.7123 0.5786
vn -0.3513 -0.6531 0.6709
vn -0.0913 0.4218 0.9021
vn -0.0906 0.4097 0.9077
vn -0.2122 -0.6822 0.6997
vn -0.1838 -0.5552 0.8111
vn -0.1811 0.5651 0.8049
vn -0.1562 0.4577 0.8753
vn -0.0311 0.9981 0.0524
vn 0.0051 1.0000 0.0069
vn -0.2271 0.5730 0.7875
vn -0.1350 0.7677 0.6265
vn -0.0183 0.9994 -0.0294
vn -0.0128 0.9978 0.0646
vn -0.1918 -0.5558 0.8089
vn -0.1782 -0.3553 0.9176
vn -0.0533 -0.9965 0.0637
vn -0.0576 -0.9959 0.0696
vn 0.0178 -0.9947 0.1015
vn 0.0164 -0.9900 0.1404
vn 0.0041 -0.9898 -0.1423
vn -0.0043 -0.9912 -0.1321
vn 0.0653 -0.9932 -0.0967
vn 0.0644 -0.9959 -0.0629
vn -0.2816 -0.9369 -0.2072
vn -0.2220 -0.9398 -0.2599
vn -0.3154 -0.9475 -0.0523
vn -0.3189 -0.9443 -0.0807
vn -0.7218 -0.6450 -0.2507
vn -0.6967 -0.6613 -0.2781
vn 0.0734 -0.9958 -0.0556
vn 0.0747 -0.9956 -0.0574
vn 0.3497 -0.2910 -0.8905
vn 0.3579 -0.2700 -0.8939
vn -0.0272 0.9923 0.1205
vn -0.0552 0.9863 0.1554
vn -0.0412 0.9924 0.1158
vn -0.0421 0.9895 0.1386
vn -0.0506 0.9898 0.1332
vn -0.0145 0.9969 0.0770
vn 0.0650 0.9057 -0.4189
vn 0.0624 0.8907 -0.4504
vn -0.0315 0.9964 -0.0788
vn -0.0216 0.9939 0.1081
vn -0.0490 0.9944 0.0938
vn -0.0131 0.9995 0.0279
vn 0.0601 -0.8972 -0.4376
vn -0.0207 -0.9907 -0.1342
vn -0.1087 0.9818 -0.1560
vn -0.0379 0.9684 -0.2465
vn 0.1509 0.9767 0.1523
vn 0.2380 0.9709 0.0269
vn 0.0410 0.8583 0.5115
vn -0.0040 0.6848 0.7287
vn -0.6710 -0.4194 0.6115
vn -0.6796 -0.4758 0.5583
vn -0.4032 -0.7497 0.5247
vn -0.4034 -0.7443 0.5322
vn -0.0735 -0.9711 -0.2271
vn -0.2606 -0.9574 -0.1244
vn 0.0885 0.8496 -0.5200
vn -0.1839 0.8995 -0.3963
vn 0.9904 0.1317 0.0421
vn 0.9997 0.0101 -0.0200
vn 0.9510 0.1426 -0.2743
vn 0.9394 0.0750 -0.3344
vn 0.9477 -0.1175 0.2967
vn 0.9359 -0.0915 0.3402
vn 0.9992 -0.0381 0.0105
vn 0.9991 -0.0184 0.0378
vn -0.0711 -0.9910 -0.1136
vn -0.0551 -0.9841 -0.1689
vn -0.9857 0.1673 0.0194
vn -0.9875 0.1538 0.0357
vn -0.3871 0.9190 -0.0750
vn -0.4272 0.8869 -0.1758
vn -0.0538 0.8151 -0.5769
vn -0.2246 0.4661 -0.8557
vn -0.0937 -0.9785 0.1836
vn -0.0180 -0.9537 0.3001
vn 0.3990 0.9030 0.1591
vn 0.3156 0.8494 0.4230
vn -0.0428 -0.9824 0.1816
vn -0.0744 -0.9609 0.2666
vn 0.1218 -0.9440 0.3066
vn 0.0234 -0.9984 -0.0521
vn -0.0193 -0.9602 0.2787
vn -0.0432 -0.9807 0.1905
vn -0.1304 -0.7752 0.6181
vn -0.1445 -0.7443 0.6520
vn -0.1172 -0.7481 0.6532
vn -0.1075 -0.7103 0.6956
vn -0.1017 -0.9778 0.1830
vn -0.0988 -0.9750 0.1988
vn -0.0564 -0.9671 0.2482
vn -0.0425 -0.9770 0.2089
vn -0.1027 -0.9753 0.1954
vn -0.0710 -0.9928 0.0961
vn -0.0169 -0.9954 0.0944
vn -0.0301 -0.9995 -0.0037
vn 0.0951 -0.9945 0.0444
vn 0.0995 -0.9946 0.0301
vn -0.0275 -0.9630 0.2679
vn -0.0100 -0.9797 0.2001
vn 0.1025 -0.9726 0.2087
vn 0.0904 -0.9868 0.1341
vn 0.3669 -0.9144 0.1710
vn 0.3619 -0.9136 0.1855
vn 0.0937 -0.9140 0.3947
vn 0.1131 -0.9440 0.3099
vn 0.4267 -0.7824 0.4536
vn 0.3693 -0.8773 0.3066
vn 0.7483 -0.6569 0.0926
vn 0.7716 -0.6353 -0.0322
vn 0.3567 -0.9312 0.0753
vn 0.3582 -0.9303 0.0789
vn 0.7146 -0.6975 0.0529
vn 0.7498 -0.6512 0.1169
vn 0.9940 0.1059 -0.0266
vn 0.9712 0.1525 -0.1832
vn 0.7258 -0.6526 0.2174
vn 0.7321 -0.6525 0.1958
vn 0.9933 0.0261 -0.1122
vn 0.9938 0.0972 -0.0549
vn 0.6865 0.7157 -0.1289
vn 0.6269 0.7296 -0.2734
vn 0.9459 -0.0576 -0.3193
vn 0.9757 -0.0704 -0.2073
vn 0.7133 0.5354 -0.4523
vn 0.6812 0.6390 -0.3573
vn 0.2208 0.8959 -0.3854
vn 0.2086 0.8887 -0.4082
vn 0.2041 -0.1914 -0.9600
vn 0.2368 -0.1869 -0.9534
vn 0.0768 -0.0357 -0.9964
vn 0.0699 -0.0037 -0.9976
vn -0.1367 -0.9003 -0.4134
vn -0.0785 -0.8840 -0.4608
vn 0.0700 -0.8975 -0.4354
vn 0.0539 -0.8870 -0.4586
vn -0.0582 0.0920 -0.9941
vn -0.0797 0.0243 -0.9965
vn -0.1904 0.0568 -0.9801
vn -0.1922 0.0599 -0.9795
vn -0.3013 0.8745 -0.3802
vn -0.2735 0.9083 -0.3164
vn -0.1240 0.9292 -0.3480
vn -0.1181 0.9241 -0.3635
vn -0.2583 0.9567 -0.1339
vn -0.2598 0.9559 -0.1371
vn -0.1198 0.9792 -0.1637
vn -0.1197 0.9792 -0.1641
vn 0.1882 0.9580 -0.2162
vn 0.2109 0.9628 -0.1689
vn -0.1226 0.9270 -0.3544
vn -0.1110 0.9373 -0.3305
vn 0.2018 0.9250 -0.3221
vn 0.1882 0.9358 -0.2980
vn 0.2008 0.9062 -0.3720
vn 0.1872 0.8980 -0.3983
vn 0.5486 0.7699 -0.3261
vn 0.5984 0.6730 -0.4347
vn 0.6168 0.7479 -0.2454
vn 0.6286 0.7459 -0.2202
vn 0.5524 0.8097 -0.1980
vn 0.4912 0.7969 -0.3516
vn 0.9724 0.2224 -0.0712
vn 0.9761 0.1924 -0.1014
vn 0.9564 0.1450 -0.2534
vn 0.9637 0.1388 -0.2282
vn 0.2111 0.3539 0.9112
vn 0.3994 0.9021 0.1631
vn 0.6397 -0.2074 0.7401
vn 0.6795 -0.3439 0.6480
vn 0.8010 -0.5816 0.1418
vn 0.7881 -0.5839 0.1950
vn 0.2750 -0.7120 0.6461
vn 0.2760 -0.6970 0.6619
vn 0.3291 -0.8956 0.2993
vn 0.3593 -0.9102 0.2062
vn 0.0210 -0.8083 0.5884
vn 0.0219 -0.7999 0.5997
vn 0.0622 -0.9546 0.2913
vn 0.0831 -0.9703 0.2271
vn -0.0889 0.0371 0.9953
vn -0.0815 0.0133 0.9966
vn -0.1543 -0.0001 0.9880
vn -0.1116 0.1510 0.9822
vn -0.0957 -0.7758 0.6236
vn -0.0753 -0.8157 0.5736
vn -0.1197 0.6957 0.7083
vn -0.1329 0.7320 0.6683
vn -0.1198 0.7334 0.6691
vn -0.0630 0.8234 0.5640
vn -0.0832 0.9732 -0.2144
vn -0.0751 0.9831 -0.1671
vn 0.0131 0.9840 -0.1778
vn 0.0233 0.9787 -0.2038
vn -0.0598 0.9495 -0.3081
vn -0.0500 0.9645 -0.2594
vn 0.0127 0.9609 -0.2768
vn 0.0233 0.9503 -0.3104
vn 0.0127 0.9619 -0.2731
vn -0.0009 0.9495 -0.3138
vn 0.6894 0.5506 -0.4707
vn 0.6135 0.7319 -0.2963
vn 0.6123 0.7184 -0.3302
vn 0.5667 0.7180 -0.4040
vn 0.2705 -0.9456 0.1806
vn 0.2556 -0.9412 0.2207
vn 0.2562 -0.9342 0.2482
vn 0.2712 -0.9181 0.2890
vn 0.2858 -0.9017 0.3245
vn 0.2995 -0.9096 0.2881
vn 0.2609 -0.8994 0.3508
vn 0.2719 -0.9065 0.3231
vn 0.2852 -0.9027 0.3222
vn 0.2858 -0.9020 0.3236
vn 0.2503 -0.9227 0.2931
vn 0.2339 -0.9148 0.3294
vn 0.2754 -0.9365 0.2169
vn 0.2802 -0.9400 0.1946
vn 0.2396 -0.9493 0.2036
vn 0.2462 -0.9450 0.2154
vn 0.1194 -0.8883 -0.4436
vn 0.1185 -0.8615 -0.4937
vn 0.1128 -0.8638 -0.4910
vn 0.1303 -0.8737 -0.4687
vn 0.0977 -0.8983 -0.4283
vn -0.0063 -0.8613 -0.5080
vn -0.3025 0.0123 -0.9531
vn -0.3018 0.0184 -0.9532
vn -0.2577 0.0418 -0.9653
vn -0.2489 0.0284 -0.9681
vn -0.3535 0.8047 -0.4770
vn -0.3186 0.8523 -0.4148
vn -0.3373 0.8486 -0.4076
vn -0.3468 0.8632 -0.3669
vn -0.2803 0.9535 -0.1107
vn -0.2793 0.9540 -0.1091
vn -0.3096 0.9458 -0.0978
vn -0.3056 0.9446 -0.1198
vn -0.2886 0.9379 -0.1924
vn -0.3118 0.9183 -0.2440
vn -0.3433 0.9080 -0.2401
vn -0.3255 0.8976 -0.2973
vn -0.2878 0.8904 -0.3527
vn -0.2683 0.9151 -0.3009
vn -0.3427 0.8650 -0.3665
vn -0.3517 0.8480 -0.3965
vn -0.2902 0.8742 -0.3893
vn -0.2861 0.8713 -0.3987
vn -0.1194 0.9079 -0.4018
vn -0.1104 0.9183 -0.3802
vn -0.2919 0.9546 -0.0595
vn -0.3357 0.9218 -0.1941
vn -0.1628 0.9702 -0.1795
vn -0.1219 0.9531 -0.2770
vn -0.0668 0.5848 0.8084
vn -0.1152 0.6454 0.7551
vn 0.0116 0.6347 0.7727
vn 0.0673 0.6763 0.7335
vn 0.1356 0.9318 -0.3368
vn 0.1878 0.9597 -0.2093
vn 0.1000 -0.5472 0.8310
vn 0.0582 -0.4997 0.8642
vn -0.0639 -0.4928 0.8678
vn -0.1438 -0.5565 0.8183
vn 0.1234 -0.9426 0.3104
vn 0.0989 -0.9325 0.3475
vn -0.0773 -0.9315 0.3554
vn -0.0869 -0.9347 0.3446
vn -0.0773 -0.9334 0.3504
vn -0.0806 -0.9318 0.3539
vn -0.4998 -0.8057 0.3177
vn -0.4697 -0.8100 0.3512
vn -0.4697 -0.8104 0.3501
vn -0.4234 -0.8508 0.3114
vn -0.9382 0.3280 -0.1106
vn -0.9593 0.2812 -0.0242
vn -0.9578 0.2872 -0.0049
vn -0.9947 0.0719 -0.0733
vn -0.4111 0.8545 -0.3176
vn -0.4473 0.8588 -0.2497
vn -0.4472 0.8539 -0.2661
vn -0.5053 0.7901 -0.3470
vn -0.1830 0.9144 -0.3612
vn -0.2229 0.9395 -0.2599
vn -0.2262 0.9604 -0.1627
vn -0.2425 0.9479 -0.2068
vn -0.5778 0.8162 -0.0046
vn -0.5100 0.8257 -0.2412
vn -0.1302 0.6893 0.7127
vn -0.1986 0.7493 0.6318
vn -0.3308 0.5877 0.7384
vn -0.3555 0.7065 0.6119
vn 0.0192 0.1002 0.9948
vn -0.0099 0.1395 0.9902
vn 0.0541 0.2345 0.9706
vn -0.0428 0.3939 0.9182
vn -0.1687 0.9313 -0.3229
vn -0.1868 0.9429 -0.2757
vn -0.1686 0.9510 -0.2591
vn -0.1261 0.9787 -0.1618
vn -0.0269 0.9812 -0.1909
vn -0.0370 0.9881 -0.1494
vn -0.0333 0.9642 -0.2632
vn -0.0458 0.9483 -0.3141
vn -0.1328 0.9428 -0.3059
vn -0.1366 0.9390 -0.3158
vn -0.0211 0.9390 -0.3431
vn -0.0276 0.9494 -0.3129
vn -0.4082 0.8857 -0.2211
vn -0.4582 0.8381 -0.2960
vn -0.4064 0.8869 -0.2194
vn -0.4076 0.8870 -0.2168
vn -0.9207 0.3871 -0.0493
vn -0.9714 0.1985 -0.1302
vn -0.9321 0.3617 -0.0161
vn -0.9215 0.3843 -0.0558
vn -0.3393 -0.7953 -0.5023
vn -0.4467 -0.7640 -0.4656
vn -0.6951 -0.1950 -0.6920
vn -0.7077 -0.2066 -0.6756
vn -0.5334 -0.8073 0.2524
vn -0.5730 -0.7946 0.2006
vn -0.0997 -0.9695 0.2241
vn -0.1405 -0.9538 0.2656
vn -0.5336 -0.7953 0.2877
vn -0.5006 -0.8257 0.2601
vn -0.0803 -0.9520 0.2955
vn -0.1000 -0.9567 0.2734
vn 0.1243 -0.9680 0.2180
vn 0.1117 -0.9649 0.2377
vn 0.1116 -0.9538 0.2788
vn 0.1256 -0.9461 0.2986
vn 0.0990 -0.9333 0.3451
vn 0.1105 -0.9256 0.3620
vn 0.2906 -0.9102 0.2950
vn 0.2571 -0.9444 0.2049
vn 0.2512 -0.9122 0.3238
vn 0.2333 -0.9039 0.3585
vn 0.1719 -0.5296 0.8306
vn 0.2034 -0.5618 0.8019
vn 0.2028 -0.5621 0.8018
vn 0.2018 -0.6653 0.7187
vn 0.3142 -0.9320 0.1808
vn 0.3037 -0.9302 0.2059
vn -0.2177 0.3832 0.8976
vn -0.1008 0.2693 0.9578
vn -0.1131 0.2607 0.9588
vn -0.1054 0.0406 0.9936
vn 0.3144 -0.7806 0.5401
vn 0.1781 -0.6785 0.7127
vn -0.4053 0.9116 -0.0682
vn -0.3496 0.9328 0.0873
vn -0.3262 0.9411 0.0891
vn -0.3806 0.8768 0.2939
vn -0.3312 0.8700 -0.3653
vn -0.3132 0.8964 -0.3136
vn -0.2377 0.9194 -0.3133
vn -0.2618 0.9368 -0.2319
vn -0.1585 0.7971 0.5827
vn -0.3389 0.8932 0.2956
vn -0.0931 0.9583 -0.2701
vn -0.1112 0.9790 -0.1708
vn -0.0360 0.7318 0.6805
vn -0.0942 0.8220 0.5616
vn 0.0426 0.9771 -0.2084
vn 0.0052 0.9991 -0.0417
vn 0.1065 0.4883 0.8662
vn -0.0255 0.7333 0.6794
vn -0.0925 0.9620 -0.2570
vn -0.1317 0.9147 -0.3821
vn 0.0413 0.8924 -0.4494
vn 0.0362 0.9013 -0.4316
vn -0.1226 0.9638 -0.2369
vn -0.2157 0.8182 -0.5330
vn -0.0462 0.7830 -0.6203
vn 0.0414 0.5791 -0.8142
vn -0.2276 0.9652 -0.1288
vn -0.2443 0.9559 -0.1630
vn -0.2327 0.9480 -0.2172
vn -0.2358 0.9504 -0.2031
vn -0.1884 0.5463 0.8161
vn -0.1051 0.4567 0.8834
vn -0.3245 0.8122 -0.4849
vn -0.2929 0.7103 -0.6401
vn 0.2675 -0.9382 0.2198
vn 0.2811 -0.9284 0.2432
vn 0.7158 0.5910 -0.3719
vn 0.9712 0.1344 0.1966
vn -0.0005 0.9848 -0.1738
vn 0.0302 0.9955 -0.0897
vn 0.2230 0.5509 0.8042
vn 0.2178 0.3404 0.9147
vn 0.2675 -0.4000 -0.8766
vn 0.1354 -0.5165 -0.8455
vn 0.7138 -0.7002 0.0123
vn 0.8121 -0.5398 0.2216
vn 0.0785 -0.5280 -0.8456
vn 0.1086 -0.6297 -0.7692
vn -0.0404 -0.5897 0.8066
vn 0.0577 -0.9169 0.3949
vn -0.1328 0.1538 0.9791
vn -0.1623 0.3168 0.9345
vn -0.0554 0.2736 0.9602
vn -0.1384 -0.0221 0.9901
vn 0.1797 0.6911 -0.7000
vn 0.3869 0.9215 0.0326
vn 0.5538 0.5517 0.6237
vn 0.4403 0.8973 0.0313
vn 0.2002 0.9735 -0.1106
vn 0.0556 0.9967 0.0593
vn 0.3000 0.8561 0.4208
vn 0.3575 0.6512 0.6695
vn 0.2259 0.7436 0.6293
vn -0.0119 0.6053 0.7959
vn 0.0820 0.2954 0.9519
vn 0.0747 0.3684 0.9267
vn 0.1206 0.3226 0.9388
vn 0.0714 0.3015 0.9508
vn -0.0284 0.1919 0.9810
vn -0.0321 0.4370 0.8989
vn 0.0074 0.3918 0.9200
vn 0.1759 0.4738 0.8629
vn 0.6460 0.5094 -0.5685
vn 0.6955 0.5727 -0.4340
vn 0.3885 0.8694 0.3055
vn 0.4641 0.8522 0.2416
vn 0.9418 -0.3361 0.0090
vn 0.9279 -0.3060 0.2128
vn 0.5909 0.2514 0.7665
vn 0.5822 0.2647 0.7687
vn 0.3135 -0.8693 0.3822
vn 0.2814 -0.8341 0.4744
vn 0.2095 -0.1850 0.9601
vn 0.2063 -0.2428 0.9479
vn -0.0908 0.4810 0.8720
vn -0.0197 0.4761 0.8792
vn -0.0064 0.4901 0.8716
vn -0.0228 0.4175 0.9084
vn -0.2004 0.8628 0.4642
vn 0.1014 0.7784 0.6195
vn -0.0362 0.6808 0.7316
vn -0.0427 0.5568 0.8295
vn -0.0755 0.9725 -0.2202
vn -0.1772 0.9457 -0.2725
vn -0.4640 0.8856 0.0196
vn -0.4489 0.8792 -0.1599
vn -0.5656 0.3040 -0.7666
vn -0.5585 0.3277 -0.7620
vn -0.9666 -0.1142 -0.2293
vn -0.8923 -0.1416 -0.4287
vn -0.8189 0.4453 0.3620
vn -0.7543 0.5291 0.3888
vn -0.6839 -0.6932 0.2275
vn -0.6965 -0.7094 0.1078
vn -0.6002 -0.0552 0.7979
vn -0.5996 -0.0492 0.7988
vn -0.1256 -0.8863 0.4457
vn -0.1385 -0.9009 0.4113
vn -0.1009 -0.1297 0.9864
vn -0.0603 -0.2502 0.9663
vn -0.2770 0.4303 -0.8591
vn -0.3252 0.3622 -0.8735
vn -0.1354 -0.2831 0.9495
vn -0.1316 -0.2758 0.9522
vn -0.1982 0.9783 -0.0603
vn -0.2156 0.9749 -0.0548
vn -0.4039 -0.3158 0.8586
vn -0.2805 -0.4507 0.8474
vn 0.0177 -0.5620 -0.8270
vn -0.0770 -0.5679 -0.8195
vn -0.1241 -0.4478 -0.8855
vn -0.3231 -0.7366 -0.5942
vn -0.0255 -0.4872 -0.8729
vn 0.0210 -0.5058 -0.8624
vn -0.1146 0.4038 0.9077
vn -0.1014 0.5371 0.8374
vn -0.0161 0.4553 0.8902
vn -0.0411 0.4574 0.8883
vn -0.7495 -0.3471 0.5637
vn -0.2768 -0.8237 -0.4949
vn -0.0603 -0.5351 -0.8426
vn 0.0119 -0.5476 -0.8367
vn -0.2070 -0.6900 -0.6936
vn -0.2168 -0.7209 -0.6583
vn -0.4834 0.4879 -0.7268
vn -0.6213 0.7519 0.2205
vn -0.8863 0.0904 0.4542
vn -0.6012 0.1146 0.7909
vn -0.9575 -0.2833 0.0546
vn -0.8398 -0.0921 -0.5350
vn -0.7606 0.2625 0.5938
vn -0.6281 0.4058 0.6640
vn -0.7767 -0.5878 -0.2266
vn -0.7762 -0.5817 -0.2432
vn -0.7316 -0.2673 0.6271
vn -0.6958 -0.0384 0.7172
vn -0.1499 -0.6580 -0.7380
vn -0.0066 -0.2613 -0.9652
vn -0.0309 -0.8523 -0.5222
vn 0.0098 -0.5510 -0.8345
vn -0.1062 0.3151 0.9431
vn -0.0976 0.3455 0.9333
vn -0.0007 0.4158 0.9095
vn 0.0248 0.4065 0.9133
vn 0.0459 0.4267 0.9032
vn 0.0433 0.3593 0.9322
vn 0.0534 0.3590 0.9318
vn 0.2014 0.3059 0.9305
vn 0.1465 0.2209 0.9642
vn 0.1465 0.2883 0.9463
vn -0.2731 0.1341 0.9526
vn -0.2640 0.1883 0.9460
vn -0.2691 0.1983 0.9425
vn -0.0862 0.1756 0.9807
vn -0.0242 0.4352 0.9000
vn -0.0260 0.4149 0.9095
vn -0.0008 0.3751 0.9270
vn -0.0829 0.3953 0.9148
vn -0.0445 -0.2006 0.9787
vn -0.3314 -0.2286 0.9154
vn -0.0022 0.1939 0.9810
vn -0.0133 0.4190 0.9079
vn 0.0258 0.3989 0.9166
vn 0.0178 0.3998 0.9164
vn 0.0627 0.4436 0.8940
vn 0.0616 0.5437 0.8370
vn 0.5237 -0.6933 -0.4951
vn 0.7417 -0.4871 0.4611
vn 0.0186 -0.4536 -0.8910
vn 0.0299 -0.3987 -0.9166
vn 0.0344 -0.4276 -0.9033
vn -0.0021 -0.3759 -0.9266
vn 0.6757 -0.2195 -0.7037
vn 0.6687 -0.2348 -0.7055
vn 0.2928 -0.3432 -0.8925
vn 0.7829 -0.4248 -0.4546
vn 0.8709 -0.2962 0.3921
vn 0.8698 -0.3121 0.3821
vn 0.6680 -0.6057 -0.4323
vn 0.6444 -0.5716 -0.5080
vn 0.7872 0.4402 0.4319
vn 0.9227 0.3629 -0.1297
vn 0.4455 0.1582 0.8812
vn 0.4273 0.1956 0.8827
vn 0.5942 0.6303 0.4997
vn 0.4545 0.5384 0.7096
vn 0.3433 -0.9302 -0.1300
vn 0.3353 -0.9398 -0.0660
vn 0.5291 -0.7547 -0.3880
vn 0.4928 -0.7367 -0.4631
vn -0.7529 0.6132 0.2390
vn -0.6443 -0.7644 -0.0243
vn -0.0220 -0.9605 0.2773
vn 0.0646 -0.7076 0.7037
vn 0.0733 -0.5843 0.8082
vn -0.0775 -0.4001 0.9132
vn -0.9674 -0.2529 0.0117
vn -0.9679 -0.2500 0.0257
vn -0.3264 -0.7340 -0.5956
vn -0.0664 -0.9295 -0.3628
vn -0.2505 0.2400 -0.9379
vn -0.0698 0.4134 -0.9079
vn -0.1991 0.6629 0.7217
vn -0.3356 0.6986 0.6319
vn -0.0276 0.2643 0.9641
vn -0.2089 0.0840 0.9743
vn 0.3452 0.7283 0.5920
vn 0.3258 0.7406 0.5877
vn -0.0541 0.2339 0.9708
vn -0.0265 0.4373 0.8989
vn 0.1671 0.5435 -0.8226
vn 0.0722 0.3523 -0.9331
vn 0.2834 0.5286 -0.8001
vn 0.2678 0.5042 -0.8210
vn -0.6948 0.3985 -0.5987
vn -0.8680 0.3333 -0.3681
vn -0.2368 0.4682 0.8513
vn -0.5005 -0.5704 0.6512
vn -0.0631 0.9400 0.3353
vn 0.0149 0.9812 -0.1924
vn -0.0256 0.6737 -0.7386
vn -0.0466 0.7379 -0.6733
vn -0.1612 -0.7665 -0.6217
vn 0.0628 -0.9679 -0.2434
vn 0.1367 -0.4133 -0.9003
vn 0.1842 -0.3085 -0.9332
vn -0.0895 0.9919 0.0907
vn -0.0190 0.9933 -0.1142
vn -0.0683 0.9579 0.2790
vn -0.0839 0.9344 0.3461
vn -0.0595 0.5591 0.8270
vn -0.6600 0.1827 0.7287
vn -0.5170 0.8529 -0.0722
vn -0.0937 0.4301 -0.8979
vn -0.3484 -0.8956 -0.2767
vn -0.1084 -0.9771 0.1833
vn -0.0440 -0.9989 -0.0172
vn -0.0831 -0.8879 0.4524
vn -0.1010 0.9908 0.0905
vn 0.0139 0.9901 -0.1400
vn -0.0259 0.1450 -0.9891
vn -0.1033 0.9922 0.0704
vn 0.2277 0.9130 -0.3386
vn -0.1264 0.7507 -0.6484
vn 0.1085 -0.3010 0.9474
vn 0.2198 0.1596 0.9624
vn 0.8328 0.4971 0.2437
vn 0.1348 0.1246 0.9830
vn 0.0604 0.8989 -0.4340
vn 0.1898 0.7961 -0.5747
vn 0.1225 0.5143 0.8488
vn 0.2276 0.9502 0.2129
vn 0.2683 0.9060 -0.3273
vn 0.0008 0.6514 -0.7587
vn 0.0824 0.9810 0.1758
vn 0.1776 0.8586 0.4809
vn -0.5604 0.1106 0.8208
vn -0.9477 0.2970 0.1165
vn -0.1214 -0.9913 0.0500
vn -0.1609 -0.9808 0.1098
vn 0.0019 -0.9999 -0.0131
vn 0.0019 -0.9999 -0.0132
vn -0.0574 -0.9979 -0.0294
vn -0.0474 -0.9957 -0.0797
vn -0.0472 -0.9961 -0.0742
vn -0.0070 -1.0000 -0.0057
vn -0.0025 -1.0000 -0.0088
vn -0.0025 -1.0000 -0.0067
vn -0.0013 -1.0000 -0.0086
vn -0.0007 -1.0000 -0.0042
vn 0.0004 -1.0000 -0.0063
vn 0.0023 -1.0000 -0.0065
vn -0.0017 -0.9999 -0.0135
vn -0.0024 -1.0000 -0.0067
vn 0.0027 -1.0000 -0.0080
vn 0.0005 -1.0000 -0.0043
vn 0.0014 -0.9986 -0.0532
vn -0.0188 -0.9998 -0.0024
vn 0.0027 -1.0000 -0.0081
vn 0.0259 0.9951 0.0950
vn -0.0240 0.8545 0.5189
vn 0.1131 -0.9935 0.0114
vn -0.0299 -0.9472 0.3192
vn 0.0071 -0.9748 0.2229
vn -0.0400 -0.9967 0.0710
vn 0.0166 0.9928 0.1187
vn -0.0004 0.9992 -0.0403
vn 0.0628 -0.9228 -0.3802
vn 0.0390 -0.8529 -0.5206
vn 0.0209 0.9986 -0.0491
vn -0.0053 0.9949 -0.1007
vn 0.0095 0.9889 -0.1482
vn -0.0099 0.9973 -0.0730
vn 0.0115 -0.9970 -0.0763
vn -0.0029 -0.9999 0.0096
vn 0.0052 -0.9859 -0.1672
vn -0.0054 -0.9965 -0.0836
vn -0.0106 0.9973 -0.0730
vn -0.0155 0.9984 -0.0551
vn -0.0145 0.9962 -0.0857
vn -0.0061 0.9985 -0.0535
vn -0.0208 0.9937 0.1104
vn -0.0117 0.9649 0.2622
vn -0.0138 0.9646 0.2633
vn -0.0258 0.9423 0.3338
vn -0.0137 0.9384 0.3454
vn -0.0153 0.9442 0.3289
vn -0.0077 -0.9997 0.0239
vn -0.0077 -0.9997 0.0237
vn -0.0079 -0.9997 0.0237
vn -0.0075 -0.9996 0.0257
vn -0.0020 -0.9993 0.0363
vn 0.0006 -0.9997 0.0255
vn -0.0081 -0.9818 -0.1899
vn 0.0012 -0.9604 -0.2787
vn 0.0049 -0.9603 -0.2788
vn 0.0022 -0.9528 -0.3035
vn 0.0090 -0.9503 -0.3113
vn 0.0076 -0.9531 -0.3026
vn 0.0003 0.9971 -0.0756
vn -0.0002 0.9969 -0.0784
vn 0.0027 0.9969 -0.0781
vn -0.0004 0.9977 -0.0671
vn 0.0073 0.9986 -0.0521
vn 0.0012 0.9977 -0.0673
vn -0.0056 0.9355 0.3532
vn -0.0006 0.9213 0.3889
vn 0.0244 0.9180 0.3959
vn 0.0091 0.8798 0.4753
vn 0.0421 0.8458 0.5319
vn 0.0262 0.8780 0.4779
vn 0.0016 -0.9997 0.0233
vn 0.0053 -0.9999 0.0133
vn 0.0076 -0.9999 0.0133
vn 0.0068 -0.9999 0.0116
vn 0.0065 -0.9503 -0.3112
vn 0.0303 -0.9098 -0.4139
vn 0.0404 -0.9088 -0.4154
vn 0.0242 -0.8528 -0.5217
vn 0.0005 -0.9993 0.0362
vn 0.0040 -0.9997 0.0234
vn 0.0053 0.9986 -0.0519
vn 0.0035 0.9989 -0.0477
vn -0.0096 0.9387 0.3447
vn -0.0086 0.9354 0.3534
vn -0.0116 0.9963 -0.0853
vn -0.0097 0.9970 -0.0764
vn -0.0106 -0.9854 -0.1697
vn -0.0085 -0.9818 -0.1899
vn -0.0166 -0.9975 0.0690
vn -0.0049 -0.9997 0.0234
vn 0.7927 -0.6088 -0.0304
vn 0.5293 0.8476 -0.0379
vn -0.6120 0.7656 0.1983
vn -0.4544 0.2313 0.8602
vn -0.1126 -0.9907 -0.0768
vn 0.0026 -1.0000 -0.0030
vn 0.0028 -1.0000 -0.0015
vn -0.1126 -0.9907 -0.0770
vn -0.1126 -0.9907 -0.0769
vn 0.0028 -1.0000 -0.0016
vn -0.0809 -0.9967 -0.0092
vn -0.0346 -0.9972 -0.0657
vn -0.0015 -0.9998 -0.0175
vn -0.0066 -0.9999 0.0107
vn -0.0011 -0.9998 -0.0179
vn 0.0018 -1.0000 -0.0023
vn 0.0028 -1.0000 -0.0017
vn -0.1126 -0.9906 -0.0771
vn -0.0101 -0.9917 0.1285
vn -0.0243 -0.9893 0.1438
vn -0.0125 -0.9867 0.1623
vn -0.0166 -0.9859 0.1662
vn -0.0000 -0.9823 0.1874
vn 0.0355 -0.9689 0.2447
vn 0.1444 0.7653 0.6272
vn 0.0258 0.9309 0.3643
vn -0.0234 -0.9996 0.0185
vn -0.0761 -0.9891 0.1264
vn 0.0877 0.9929 0.0803
vn 0.1104 0.9938 -0.0152
vn 0.2758 0.9442 0.1800
vn 0.2757 0.9443 0.1797
vn 0.1376 0.4409 0.8869
vn 0.0254 0.8830 0.4686
vn -0.0552 0.9576 0.2827
vn -0.0013 0.9842 0.1770
vn -0.0314 0.9957 -0.0872
vn -0.1346 0.9549 0.2647
vn -0.1241 0.9518 0.2806
vn -0.0944 0.9522 0.2906
vn -0.1122 -0.9881 -0.1048
vn -0.0142 -0.9999 0.0096
vn -0.3071 0.8774 0.3686
vn -0.6251 0.7224 0.2956
vn -0.0016 -0.9521 -0.3056
vn 0.0785 -0.9931 -0.0874
vn 0.0498 0.9987 -0.0126
vn 0.0842 0.9811 -0.1744
vn -0.6490 0.5295 0.5463
vn -0.5105 0.6756 0.5319
vn -0.5789 0.7981 0.1668
vn -0.6801 0.5524 0.4821
vn -0.0854 -0.9953 0.0465
vn -0.0634 -0.9965 0.0541
vn -0.0518 -0.9985 -0.0158
vn -0.0753 -0.9964 0.0393
vn -0.0435 -0.8052 -0.5915
vn -0.0804 -0.7145 -0.6950
vn -0.0611 -0.9963 0.0601
vn -0.0602 -0.9981 0.0149
vn 0.1509 -0.7895 -0.5949
vn 0.1028 -0.8293 -0.5493
vn 0.0052 0.9882 -0.1528
vn -0.0244 0.9916 -0.1273
vn 0.0242 -0.7452 -0.6664
vn 0.0319 -0.7232 -0.6899
vn 0.0068 0.9911 -0.1331
vn -0.0384 0.9802 -0.1943
vn 0.0236 0.9814 -0.1905
vn 0.0314 0.9768 -0.2120
vn 0.0355 0.9816 -0.1874
vn 0.0321 0.9768 -0.2118
vn 0.0384 0.9849 0.1687
vn -0.0000 0.9961 0.0881
vn 0.0161 0.9961 0.0865
vn 0.0344 0.9994 -0.0052
vn 0.0228 -0.9885 -0.1498
vn -0.0063 -0.9991 -0.0414
vn -0.0139 -0.9990 -0.0431
vn -0.0067 -0.9997 -0.0227
vn 0.0789 -0.7534 -0.6528
vn 0.0657 -0.6203 -0.7816
vn 0.0846 -0.9823 0.1672
vn 0.0749 -0.9606 0.2676
vn 0.0329 -0.9582 0.2842
vn 0.0216 -0.9672 0.2530
vn 0.0738 -0.9885 -0.1324
vn 0.0847 -0.9964 -0.0039
vn 0.1598 -0.6278 -0.7618
vn -0.0336 -0.9841 -0.1746
vn -0.0682 0.9004 0.4298
vn -0.0336 0.8514 0.5234
vn 0.0983 0.4464 0.8894
vn 0.1205 0.7633 0.6348
vn -0.4345 0.6881 -0.5811
vn -0.7651 0.5125 -0.3899
vn -0.1925 0.9097 0.3680
vn -0.1841 0.7804 0.5976
vn 0.2703 0.9350 0.2294
vn 0.2466 0.5304 -0.8111
vn 0.0157 -0.9975 0.0694
vn 0.0428 0.9974 -0.0571
vn -0.2067 0.9780 0.0287
vn -0.2098 0.9766 0.0477
vn 0.0778 -0.9958 0.0474
vn -0.1740 -0.9754 0.1357
vn -0.1045 -0.9688 0.2246
vn -0.1016 -0.9123 0.3967
vn -0.0240 0.9649 0.2616
vn -0.0276 0.9727 0.2304
vn -0.0481 -0.4291 0.9020
vn 0.0428 -0.8543 0.5180
vn -0.0251 0.9884 0.1498
vn 0.0290 0.9995 0.0092
vn 0.0128 0.9892 -0.1462
vn 0.0261 0.9940 -0.1065
vn -0.0292 0.9680 -0.2491
vn 0.0132 0.8828 -0.4695
vn 0.0436 -0.5619 -0.8261
vn 0.1020 0.1133 -0.9883
vn 0.0196 0.9997 0.0143
vn 0.0349 0.9990 -0.0263
vn 0.0094 -0.9869 -0.1611
vn 0.0372 -0.9989 -0.0275
vn 0.0213 -0.9997 -0.0133
vn 0.0199 -0.9998 -0.0094
vn 0.0028 -0.9999 -0.0120
vn 0.0063 -1.0000 -0.0003
vn -0.0861 -0.9960 0.0257
vn -0.0913 -0.9952 -0.0345
vn -0.1013 0.9572 -0.2711
vn -0.0473 0.9954 -0.0828
vn 0.0008 0.9127 -0.4086
vn 0.1418 0.9812 0.1310
vn 0.0240 0.9788 -0.2036
vn -0.0012 0.9860 -0.1670
vn -0.0003 -0.9994 -0.0356
vn -0.0069 -0.9999 -0.0154
vn -0.0162 -0.9997 -0.0172
vn -0.1655 -0.7294 -0.6638
vn -0.0004 0.9125 -0.4090
vn 0.0121 0.8827 -0.4698
vn -0.0076 -1.0000 -0.0014
vn -0.0085 -1.0000 0.0006
vn -0.0211 -0.9998 -0.0026
vn -0.0200 -0.9998 0.0024
vn 0.0081 0.9862 -0.1653
vn 0.0024 0.9891 -0.1472
vn 0.0026 -0.3654 0.9309
vn 0.0408 -0.8038 0.5936
vn -0.0089 -0.8060 0.5919
vn -0.0296 -0.9064 0.4214
vn -0.0011 0.9999 0.0117
vn 0.0554 0.9849 0.1642
vn 0.0243 0.9864 0.1626
vn -0.0042 0.9638 0.2668
vn 0.0213 -0.3311 0.9434
vn 0.0238 -0.3734 0.9274
vn 0.0377 -0.4303 0.9019
vn 0.0335 -0.3297 0.9435
vn -0.0311 -0.9994 -0.0147
vn -0.0364 -0.9988 -0.0321
vn -0.0359 -0.9993 -0.0101
vn -0.0282 -0.9990 -0.0339
vn -0.0403 -0.5809 -0.8130
vn 0.0265 0.4882 -0.8723
vn 0.0856 0.5030 -0.8600
vn 0.0938 0.4728 -0.8762
vn -0.0056 0.9998 0.0216
vn -0.0192 0.9995 -0.0266
vn 0.0237 0.9944 -0.1030
vn 0.9114 -0.3533 0.2108
vn 0.1381 0.3785 -0.9152
vn -0.5351 -0.1735 -0.8268
vn 0.8324 -0.3982 -0.3854
vn 0.8462 0.0600 -0.5295
vn -0.1701 -0.8945 0.4134
vn -0.1685 -0.8865 0.4310
vn -0.1642 -0.8952 0.4143
vn -0.0873 -0.9049 0.4167
vn -0.0604 -0.9858 0.1564
vn 0.0941 -0.9269 -0.3633
vn 0.0942 -0.9269 -0.3634
vn 0.0942 -0.9271 -0.3628
vn 0.0942 -0.9269 -0.3632
vn 0.0942 -0.9270 -0.3630
vn 0.0537 -0.9848 0.1652
vn 0.0444 -0.9815 0.1863
vn 0.0323 -0.8792 0.4753
vn 0.0942 -0.9269 -0.3633
vn 0.0941 -0.9270 -0.3632
vn 0.0076 -0.9350 0.3546
vn -0.2842 -0.5005 0.8178
vn -0.0142 0.6267 0.7791
vn -0.0004 0.6681 0.7441
vn -0.3909 -0.4795 0.7857
vn -0.5689 -0.6436 0.5119
vn 0.0705 0.8401 0.5378
vn -0.0874 0.6693 0.7378
vn -0.0094 0.8369 0.5472
vn -0.0122 0.8389 0.5442
vn 0.5729 0.6122 0.5449
vn 0.7599 -0.2240 0.6103
vn 0.1986 -0.7694 -0.6071
vn 0.1455 -0.9187 -0.3672
vn 0.0868 0.9738 -0.2103
vn 0.0262 0.9996 -0.0044
vn -0.0097 -0.5166 -0.8562
vn 0.2225 -0.1415 -0.9646
vn 0.4225 -0.1545 -0.8931
vn 0.5238 -0.6490 -0.5518
vn 0.0642 0.9842 0.1648
vn -0.0099 0.9937 0.1113
vn 0.0325 0.9949 0.0955
vn 0.1491 0.9747 -0.1666
vn 0.0779 0.9843 0.1583
vn 0.0403 0.9607 0.2745
vn 0.1484 -0.5277 0.8364
vn -0.0524 0.3890 0.9198
vn -0.0620 0.3895 0.9189
vn 0.1207 0.6784 0.7247
vn -0.1295 -0.9886 0.0771
vn -0.1659 -0.9794 0.1150
vn -0.1481 -0.9814 0.1222
vn -0.1071 -0.9473 0.3018
vn -0.0878 -0.9834 -0.1590
vn -0.0237 -0.9831 -0.1818
vn -0.0233 -0.9831 -0.1817
vn -0.0398 -0.9569 -0.2877
vn -0.0275 -0.9928 0.1162
vn -0.0863 -0.9955 -0.0390
vn -0.0452 -0.9899 -0.1344
vn -0.0636 -0.9891 -0.1328
vn -0.0711 -0.9835 -0.1661
vn -0.0454 -0.9968 0.0659
vn 0.1311 -0.9655 -0.2251
vn 0.3152 -0.9230 -0.2209
vn 0.2818 -0.9259 -0.2515
vn 0.2984 -0.6611 -0.6884
vn 0.2624 0.9455 -0.1930
vn 0.1664 0.9848 -0.0496
vn 0.1485 0.9820 -0.1164
vn 0.1109 0.9861 -0.1239
vn -0.1577 0.9840 0.0830
vn -0.0502 0.9864 -0.1568
vn -0.0298 0.9975 -0.0641
vn 0.0164 0.9991 -0.0394
vn 0.0211 0.9997 0.0131
vn 0.0267 0.9996 -0.0048
vn -0.0474 0.9973 -0.0555
vn 0.0396 0.9713 -0.2344
vn 0.0785 0.9969 -0.0026
vn 0.0643 0.9979 -0.0090
vn -0.2516 0.9660 0.0599
vn -0.1897 0.9647 -0.1824
vn 0.0787 0.8984 0.4320
vn 0.1595 0.8794 0.4486
vn 0.1838 0.9568 0.2254
vn -0.0137 -0.9873 0.1586
vn -0.1938 -0.9241 0.3294
vn -0.0697 -0.9331 0.3529
vn 0.2243 -0.5417 0.8101
vn 0.2134 -0.9614 0.1736
vn -0.0772 -0.9823 -0.1707
vn -0.1835 -0.9814 0.0570
vn 0.0579 -0.9983 0.0083
vn -0.1064 -0.9889 -0.1033
vn -0.0855 -0.9956 -0.0386
vn 0.0154 -0.9592 0.2821
vn -0.0015 -0.9931 0.1170
vn 0.2416 -0.9481 -0.2068
vn 0.2280 -0.9728 -0.0396
vn 0.7004 -0.6312 -0.3332
vn 0.2499 0.8348 -0.4906
vn -0.1720 0.9850 0.0151
vn -0.1719 0.9850 0.0152
vn -0.1981 0.9743 -0.1071
vn -0.0683 0.9971 -0.0326
vn -0.0725 0.9816 -0.1767
vn -0.0905 0.9863 -0.1383
vn 0.1459 -0.9008 0.4089
vn -0.0809 0.9777 -0.1936
vn -0.5328 0.6856 -0.4960
vn 0.0382 -0.9088 -0.4155
vn -0.1032 -0.9301 -0.3526
vn 0.0514 -0.5524 -0.8320
vn 0.0549 -0.8934 -0.4458
vn 0.0962 0.9812 -0.1672
vn 0.3621 0.7768 -0.5152
vn 0.1696 -0.8037 -0.5703
vn -0.0676 -0.8087 -0.5844
vn 0.6500 0.7004 -0.2949
vn 0.5100 0.8109 0.2868
vn 0.2223 -0.6912 0.6876
vn 0.1376 -0.8393 0.5260
vn 0.0105 -0.8273 0.5616
vn 0.0643 -0.9423 0.3286
vn -0.2158 -0.9080 0.3590
vn 0.1394 -0.8963 0.4209
vn 0.0012 -0.9991 -0.0414
vn 0.0182 -0.9967 -0.0795
vn 0.0170 -0.9967 -0.0792
vn -0.0148 -0.9952 -0.0971
vn 0.0035 -0.9976 -0.0688
vn -0.0140 -0.9691 -0.2462
vn 0.0480 -0.9478 -0.3153
vn 0.0395 -0.9480 -0.3157
vn 0.0384 -0.9705 -0.2378
vn 0.0391 -0.9708 -0.2367
vn 0.0396 -0.9708 -0.2367
vn 0.0255 -0.9659 -0.2575
vn 0.0409 -0.9965 -0.0724
vn 0.0112 -0.9990 -0.0442
vn 0.0070 -0.9994 -0.0348
vn -0.1081 -0.9937 -0.0299
vn -0.0040 -0.8477 0.5305
vn 0.9988 -0.0479 0.0039
vn -0.0793 0.9966 -0.0213
vn -0.0132 0.9836 0.1801
vt 0.337692 0.482852
vt 0.388315 0.609937
vt 0.570992 0.501231
vt 0.380921 0.609053
vt 0.343104 0.477635
vt 0.377890 0.612390
vt 0.469633 0.558315
vt 0.651432 0.320588
vt 0.604942 0.070708
vt 0.349369 0.477467
vt 0.353134 0.616537
vt 0.618992 0.401558
vt 0.632184 0.219710
vt 0.422387 0.634984
vt 0.603564 0.393398
vt 0.603564 0.438611
vt 0.643700 0.604825
vt 0.557607 0.042784
vt 0.468365 0.648374
vt 0.608852 0.443578
vt 0.368707 0.628101
vt 0.051869 0.902983
vt 0.197485 0.434792
vt 0.421669 0.586001
vt 0.640288 0.461137
vt 0.643005 0.616159
vt 0.614606 0.076736
vt 0.637092 0.389300
vt 0.409647 0.617871
vt 0.625238 0.396872
vt 0.583748 0.478996
vt 0.203858 0.364542
vt 0.626603 0.394828
vt 0.642319 0.174024
vt 0.629928 0.395982
vt 0.377112 0.595642
vt 0.632504 0.633154
vt 0.504581 0.643253
vt 0.476842 0.650832
vt 0.649581 0.405920
vt 0.563698 0.647849
vt 0.380635 0.602299
vt 0.341894 0.465942
vt 0.487462 0.567321
vt 0.511236 0.641345
vt 0.424068 0.642821
vt 0.638907 0.398939
vt 0.577524 0.462042
vt 0.203238 0.382634
vt 0.488433 0.556204
vt 0.625238 0.386532
vt 0.414094 0.623901
vt 0.619716 0.394086
vt 0.199237 0.390340
vt 0.630044 0.386932
vt 0.377112 0.587020
vt 0.652605 0.229871
vt 0.642319 0.180721
vt 0.198542 0.340023
vt 0.592687 0.009264
vt 0.197556 0.323379
vt 0.637927 0.250956
vt 0.533818 0.481427
vt 0.602533 0.311611
vt 0.589091 0.008031
vt 0.576107 0.420983
vt 0.633176 0.253153
vt 0.529252 0.483958
vt 0.584432 0.009035
vt 0.634252 0.258298
vt 0.640163 0.435738
vt 0.476842 0.640525
vt 0.580486 0.268791
vt 0.576915 0.276590
vt 0.467908 0.547494
vt 0.643429 0.305762
vt 0.568273 0.000682
vt 0.564196 0.469520
vt 0.431908 0.406999
vt 0.641373 0.430275
vt 0.578784 0.263989
vt 0.438909 0.398767
vt 0.487558 0.110958
vt 0.650041 0.500587
vt 0.601070 0.261201
vt 0.406719 0.645566
vt 0.651413 0.549728
vt 0.593475 0.647236
vt 0.608035 0.544521
vt 0.562333 0.010434
vt 0.557167 0.125938
vt 0.646288 0.316360
vt 0.567701 0.011307
vt 0.585302 0.628732
vt 0.648579 0.313261
vt 0.406587 0.652920
vt 0.644009 0.547851
vt 0.584573 0.632923
vt 0.412276 0.652200
vt 0.610827 0.552852
vt 0.589389 0.635505
vt 0.499717 0.587092
vt 0.647085 0.441914
vt 0.631226 0.201333
vt 0.502786 0.610682
vt 0.501627 0.588777
vt 0.649160 0.364417
vt 0.628849 0.201729
vt 0.572847 0.455534
vt 0.572900 0.475892
vt 0.429208 0.649778
vt 0.634864 0.012886
vt 0.029995 0.381936
vt 0.634864 0.001248
vt 0.586218 0.212707
vt 0.028547 0.394369
vt 0.032052 0.454533
vt 0.339405 0.407353
vt 0.627484 0.206337
vt 0.064908 0.882547
vt 0.050836 0.873770
vt 0.043991 0.916410
vt 0.590320 0.096247
vt 0.193211 0.988445
vt 0.585110 0.126243
vt 0.644469 0.582963
vt 0.614974 0.072044
vt 0.632257 0.128007
vt 0.062473 0.377239
vt 0.616342 0.599321
vt 0.649061 0.642946
vt 0.613293 0.205333
vt 0.640288 0.477162
vt 0.629490 0.648529
vt 0.628017 0.599134
vt 0.640288 0.466011
vt 0.628318 0.638405
vt 0.058757 0.375520
vt 0.547300 0.105522
vt 0.549227 0.105592
vt 0.644005 0.017426
vt 0.628536 0.562692
vt 0.517355 0.640760
vt 0.549817 0.649785
vt 0.643077 0.034333
vt 0.399433 0.636725
vt 0.623622 0.579133
vt 0.625965 0.573072
vt 0.405222 0.633570
vt 0.647596 0.027071
vt 0.619840 0.538190
vt 0.365305 0.640147
vt 0.641147 0.164260
vt 0.366235 0.649177
vt 0.633115 0.614307
vt 0.610827 0.191136
vt 0.644738 0.038745
vt 0.633932 0.606712
vt 0.610624 0.198762
vt 0.612413 0.268796
vt 0.645015 0.023820
vt 0.624103 0.539033
vt 0.549675 0.639059
vt 0.621256 0.613224
vt 0.628637 0.553748
vt 0.449119 0.273273
vt 0.616826 0.627138
vt 0.434873 0.635160
vt 0.638430 0.120141
vt 0.454970 0.276644
vt 0.400765 0.643531
vt 0.642015 0.123863
vt 0.627716 0.584612
vt 0.648303 0.422364
vt 0.066147 0.342908
vt 0.632257 0.156855
vt 0.642409 0.128007
vt 0.443804 0.627151
vt 0.433871 0.653069
vt 0.649765 0.073990
vt 0.648676 0.621668
vt 0.634448 0.532961
vt 0.648456 0.617971
vt 0.637887 0.533215
vt 0.645694 0.388104
vt 0.640251 0.152017
vt 0.056954 0.324830
vt 0.580340 0.444320
vt 0.634515 0.344940
vt 0.578137 0.454232
vt 0.583900 0.453921
vt 0.629536 0.351294
vt 0.618992 0.442171
vt 0.644129 0.513947
vt 0.502638 0.590190
vt 0.573704 0.454660
vt 0.648397 0.214627
vt 0.629900 0.344940
vt 0.581871 0.456913
vt 0.645370 0.507787
vt 0.519344 0.622919
vt 0.576744 0.643942
vt 0.534529 0.630020
vt 0.528207 0.616350
vt 0.538604 0.638719
vt 0.628514 0.520924
vt 0.534673 0.596011
vt 0.616960 0.635563
vt 0.528425 0.638369
vt 0.567913 0.101467
vt 0.523553 0.642987
vt 0.037938 0.375646
vt 0.567070 0.094916
vt 0.034179 0.372892
vt 0.572900 0.485976
vt 0.519344 0.640986
vt 0.631439 0.644335
vt 0.572357 0.626432
vt 0.635638 0.641087
vt 0.576788 0.626630
vt 0.504581 0.651723
vt 0.578593 0.631942
vt 0.608488 0.650912
vt 0.589688 0.651122
vt 0.552885 0.482547
vt 0.643044 0.413690
vt 0.612806 0.651012
vt 0.585561 0.650766
vt 0.469634 0.541360
vt 0.503039 0.597512
vt 0.617423 0.347221
vt 0.583623 0.649308
vt 0.203945 0.353394
vt 0.561014 0.477643
vt 0.645375 0.183674
vt 0.637522 0.351171
vt 0.615351 0.116362
vt 0.564733 0.577794
vt 0.585296 0.345092
vt 0.581709 0.383202
vt 0.526386 0.576828
vt 0.602789 0.344752
vt 0.530572 0.652642
vt 0.416752 0.645520
vt 0.374978 0.544075
vt 0.465958 0.613388
vt 0.551322 0.640143
vt 0.384303 0.651641
vt 0.491013 0.101440
vt 0.388429 0.636022
vt 0.440220 0.576148
vt 0.597481 0.385720
vt 0.500620 0.641655
vt 0.481892 0.088173
vt 0.600551 0.349636
vt 0.404020 0.575497
vt 0.601424 0.346756
vt 0.602675 0.069276
vt 0.401104 0.574243
vt 0.617627 0.442213
vt 0.388429 0.651143
vt 0.486970 0.102373
vt 0.554407 0.635504
vt 0.597259 0.056153
vt 0.604106 0.123902
vt 0.443002 0.488829
vt 0.482220 0.000817
vt 0.376398 0.545736
vt 0.552605 0.637710
vt 0.594052 0.055744
vt 0.632214 0.210462
vt 0.607326 0.122086
vt 0.485542 0.000682
vt 0.623536 0.344940
vt 0.374342 0.471202
vt 0.628929 0.213007
vt 0.627664 0.344940
vt 0.632214 0.214151
vt 0.377560 0.542168
vt 0.631816 0.441941
vt 0.585766 0.194757
vt 0.503039 0.604192
vt 0.644201 0.351167
vt 0.602675 0.058064
vt 0.586198 0.475280
vt 0.588231 0.191978
vt 0.345560 0.567409
vt 0.598778 0.344751
vt 0.602942 0.065768
vt 0.587652 0.483088
vt 0.600041 0.004942
vt 0.467897 0.554743
vt 0.606679 0.074570
vt 0.596605 0.005872
vt 0.594860 0.548594
vt 0.588215 0.119301
vt 0.584268 0.096890
vt 0.200301 0.987048
vt 0.645834 0.577678
vt 0.585027 0.083610
vt 0.065307 0.889922
vt 0.043664 0.916529
vt 0.606383 0.568851
vt 0.565975 0.598745
vt 0.609656 0.189543
vt 0.577143 0.616905
vt 0.605053 0.554924
vt 0.604197 0.187074
vt 0.582709 0.614670
vt 0.504827 0.276655
vt 0.534738 0.274647
vt 0.639094 0.249591
vt 0.603822 0.625458
vt 0.635126 0.249218
vt 0.605018 0.621989
vt 0.546410 0.248948
vt 0.385542 0.608654
vt 0.339887 0.480930
vt 0.339655 0.487992
vt 0.337105 0.488535
vt 0.570320 0.506970
vt 0.388429 0.615663
vt 0.565493 0.500243
vt 0.383911 0.616273
vt 0.565695 0.495566
vt 0.564647 0.506218
vt 0.618378 0.488309
vt 0.380449 0.616164
vt 0.379541 0.617529
vt 0.614462 0.488002
vt 0.557405 0.644110
vt 0.651432 0.325973
vt 0.377112 0.608363
vt 0.469633 0.554590
vt 0.607326 0.072288
vt 0.347113 0.476574
vt 0.379645 0.604459
vt 0.347597 0.480720
vt 0.467761 0.558206
vt 0.594052 0.001691
vt 0.391103 0.628719
vt 0.648436 0.317725
vt 0.349165 0.616466
vt 0.602008 0.073181
vt 0.392148 0.493083
vt 0.353134 0.612362
vt 0.628354 0.000683
vt 0.350794 0.481522
vt 0.348094 0.611083
vt 0.392115 0.497920
vt 0.633467 0.001252
vt 0.630948 0.447680
vt 0.624840 0.398252
vt 0.422508 0.627843
vt 0.631985 0.194349
vt 0.624842 0.404616
vt 0.620788 0.405858
vt 0.632451 0.224504
vt 0.627828 0.224876
vt 0.395212 0.578485
vt 0.628255 0.220568
vt 0.391103 0.577513
vt 0.600472 0.394974
vt 0.553110 0.041036
vt 0.652361 0.231946
vt 0.558368 0.094772
vt 0.557167 0.102423
vt 0.557034 0.034362
vt 0.600271 0.445850
vt 0.561512 0.036019
vt 0.595566 0.436299
vt 0.563061 0.046407
vt 0.650178 0.603148
vt 0.599183 0.434235
vt 0.634534 0.081693
vt 0.631179 0.081876
vt 0.650178 0.606474
vt 0.645208 0.606753
vt 0.465970 0.646489
vt 0.367971 0.621496
vt 0.051991 0.903782
vt 0.372977 0.622544
vt 0.369011 0.427876
vt 0.615620 0.445198
vt 0.052233 0.903833
vt 0.371855 0.629676
vt 0.609546 0.446988
vt 0.351387 0.620281
vt 0.587356 0.070708
vt 0.604929 0.448294
vt 0.605250 0.443670
vt 0.365757 0.630159
vt 0.346549 0.619559
vt 0.363265 0.623051
vt 0.339554 0.617991
vt 0.051763 0.903857
vt 0.052233 0.902578
vt 0.052001 0.895625
vt 0.052036 0.894997
vt 0.368916 0.439784
vt 0.052227 0.903229
vt 0.062575 0.897904
vt 0.051660 0.903220
vt 0.051620 0.902529
vt 0.062582 0.898507
vt 0.063353 0.895357
vt 0.051990 0.902516
vt 0.051754 0.902486
vt 0.063162 0.895404
vt 0.052233 0.895714
vt 0.193093 0.437326
vt 0.637003 0.618499
vt 0.193787 0.420540
vt 0.199014 0.420675
vt 0.419298 0.599174
vt 0.615395 0.102267
vt 0.414942 0.597648
vt 0.614606 0.113754
vt 0.417037 0.586998
vt 0.418140 0.579743
vt 0.627886 0.248714
vt 0.643700 0.601783
vt 0.422508 0.577513
vt 0.648612 0.601731
vt 0.642076 0.453048
vt 0.638907 0.384821
vt 0.634196 0.650733
vt 0.618677 0.079341
vt 0.619390 0.089324
vt 0.614950 0.087831
vt 0.412432 0.609630
vt 0.634826 0.387057
vt 0.424300 0.623653
vt 0.450023 0.646013
vt 0.636412 0.384541
vt 0.453663 0.645951
vt 0.631439 0.650816
vt 0.631654 0.390607
vt 0.428542 0.621844
vt 0.487129 0.543555
vt 0.630044 0.396872
vt 0.579548 0.480142
vt 0.631439 0.635472
vt 0.490876 0.569914
vt 0.578025 0.475894
vt 0.426677 0.645780
vt 0.619843 0.384428
vt 0.197821 0.380990
vt 0.198995 0.358605
vt 0.647180 0.176616
vt 0.383143 0.595190
vt 0.339417 0.470372
vt 0.552885 0.473962
vt 0.385247 0.603095
vt 0.338076 0.463407
vt 0.383168 0.587906
vt 0.553273 0.466607
vt 0.648669 0.222290
vt 0.622163 0.345587
vt 0.569155 0.648287
vt 0.569611 0.651997
vt 0.584516 0.274648
vt 0.467908 0.539492
vt 0.618839 0.344859
vt 0.565851 0.652032
vt 0.477074 0.645788
vt 0.585544 0.270645
vt 0.479876 0.645151
vt 0.499717 0.596600
vt 0.584196 0.646077
vt 0.482386 0.647947
vt 0.647618 0.411793
vt 0.585561 0.646077
vt 0.580026 0.646453
vt 0.643078 0.408332
vt 0.613619 0.645333
vt 0.643044 0.403090
vt 0.203436 0.339320
vt 0.645240 0.497234
vt 0.613619 0.639986
vt 0.646782 0.400304
vt 0.473779 0.478488
vt 0.649993 0.497646
vt 0.563698 0.641310
vt 0.377715 0.571225
vt 0.418308 0.430083
vt 0.337584 0.452090
vt 0.484884 0.554716
vt 0.340970 0.452771
vt 0.483287 0.544571
vt 0.341379 0.441862
vt 0.417552 0.613533
vt 0.198799 0.404109
vt 0.644463 0.187778
vt 0.622163 0.351489
vt 0.557459 0.479327
vt 0.642345 0.188339
vt 0.647538 0.225921
vt 0.621955 0.348770
vt 0.652605 0.222460
vt 0.570992 0.645547
vt 0.379210 0.579382
vt 0.383239 0.580060
vt 0.192579 0.355208
vt 0.192509 0.333020
vt 0.202221 0.344816
vt 0.561014 0.486566
vt 0.607920 0.642836
vt 0.536892 0.486637
vt 0.475499 0.491265
vt 0.646369 0.487008
vt 0.196862 0.329395
vt 0.191124 0.312009
vt 0.591493 0.024401
vt 0.196440 0.310163
vt 0.534512 0.470571
vt 0.538211 0.471342
vt 0.475126 0.505716
vt 0.202874 0.309996
vt 0.584881 0.025075
vt 0.584613 0.013055
vt 0.637927 0.259917
vt 0.599366 0.299838
vt 0.604964 0.219166
vt 0.603086 0.298542
vt 0.601236 0.219235
vt 0.608053 0.308668
vt 0.430309 0.346601
vt 0.600186 0.207807
vt 0.612480 0.316116
vt 0.428991 0.338322
vt 0.576477 0.488002
vt 0.572357 0.489108
vt 0.350491 0.609603
vt 0.608421 0.317796
vt 0.598839 0.610372
vt 0.628849 0.208064
vt 0.601557 0.319826
vt 0.595794 0.320161
vt 0.521458 0.449830
vt 0.565561 0.390267
vt 0.566323 0.398597
vt 0.596075 0.311313
vt 0.526270 0.484198
vt 0.573567 0.421963
vt 0.526474 0.471397
vt 0.571891 0.409612
vt 0.530109 0.471079
vt 0.576575 0.007599
vt 0.579572 0.432617
vt 0.577925 0.002420
vt 0.576270 0.434386
vt 0.573069 0.272316
vt 0.561976 0.003226
vt 0.594801 0.639739
vt 0.646824 0.075656
vt 0.574819 0.267806
vt 0.649160 0.355161
vt 0.641638 0.075656
vt 0.645896 0.430275
vt 0.443804 0.397625
vt 0.645240 0.499011
vt 0.597144 0.260609
vt 0.502638 0.582967
vt 0.647317 0.437228
vt 0.645240 0.505832
vt 0.648397 0.207662
vt 0.573069 0.263805
vt 0.645374 0.353058
vt 0.486869 0.116465
vt 0.641870 0.440177
vt 0.481061 0.640540
vt 0.502786 0.605556
vt 0.500346 0.591760
vt 0.648227 0.307577
vt 0.644953 0.542121
vt 0.469168 0.545786
vt 0.643593 0.303276
vt 0.500198 0.606242
vt 0.503039 0.591555
vt 0.648579 0.303889
vt 0.632425 0.200035
vt 0.500508 0.610535
vt 0.644642 0.538446
vt 0.594801 0.647519
vt 0.563903 0.010890
vt 0.560680 0.476279
vt 0.430815 0.414006
vt 0.427249 0.412797
vt 0.335197 0.469589
vt 0.556912 0.474491
vt 0.387632 0.588426
vt 0.558162 0.467781
vt 0.439835 0.411310
vt 0.612655 0.538462
vt 0.606711 0.538190
vt 0.435679 0.415347
vt 0.562892 0.122306
vt 0.559074 0.459790
vt 0.387010 0.579715
vt 0.562689 0.459309
vt 0.429383 0.396065
vt 0.436769 0.401668
vt 0.482306 0.109756
vt 0.443309 0.406686
vt 0.481892 0.117712
vt 0.618475 0.538190
vt 0.487260 0.103738
vt 0.433047 0.394616
vt 0.489671 0.104501
vt 0.436788 0.392696
vt 0.596550 0.253637
vt 0.442796 0.390800
vt 0.602534 0.254175
vt 0.608666 0.254563
vt 0.565573 0.444497
vt 0.607102 0.262440
vt 0.651988 0.506334
vt 0.652533 0.207694
vt 0.565561 0.452236
vt 0.412276 0.645059
vt 0.612456 0.546810
vt 0.591119 0.640631
vt 0.646162 0.079524
vt 0.649960 0.542888
vt 0.562569 0.022750
vt 0.557643 0.113922
vt 0.559619 0.022729
vt 0.589688 0.619572
vt 0.619167 0.128007
vt 0.566503 0.022753
vt 0.582477 0.625276
vt 0.573368 0.196481
vt 0.586391 0.618270
vt 0.574320 0.204951
vt 0.622818 0.128072
vt 0.582653 0.639859
vt 0.368796 0.646119
vt 0.520080 0.627242
vt 0.577451 0.639258
vt 0.485327 0.126616
vt 0.368678 0.631524
vt 0.618471 0.547597
vt 0.615765 0.554766
vt 0.589688 0.640951
vt 0.368564 0.640069
vt 0.644526 0.367004
vt 0.570893 0.460677
vt 0.374184 0.639418
vt 0.642678 0.359650
vt 0.489671 0.123038
vt 0.374052 0.632111
vt 0.628849 0.196608
vt 0.647535 0.360178
vt 0.642386 0.080924
vt 0.649481 0.538446
vt 0.576790 0.459753
vt 0.582522 0.644713
vt 0.374188 0.645166
vt 0.035111 0.382876
vt 0.638310 0.000682
vt 0.583042 0.214606
vt 0.581706 0.205983
vt 0.638322 0.008000
vt 0.029876 0.408251
vt 0.587503 0.226559
vt 0.549515 0.636046
vt 0.583001 0.227714
vt 0.033902 0.393514
vt 0.033162 0.407399
vt 0.545737 0.637695
vt 0.028054 0.444838
vt 0.595185 0.262440
vt 0.615130 0.324067
vt 0.625062 0.196608
vt 0.031425 0.425526
vt 0.592216 0.243419
vt 0.545737 0.621563
vt 0.035875 0.426872
vt 0.041583 0.427071
vt 0.039602 0.455600
vt 0.065188 0.882150
vt 0.052057 0.898967
vt 0.026254 0.883124
vt 0.337838 0.007655
vt 0.050534 0.874107
vt 0.065188 0.883035
vt 0.052001 0.898138
vt 0.064961 0.883132
vt 0.052233 0.898056
vt 0.065535 0.890204
vt 0.199398 0.881601
vt 0.043841 0.916357
vt 0.065489 0.889755
vt 0.591895 0.089110
vt 0.650580 0.585288
vt 0.190842 0.985810
vt 0.597370 0.087881
vt 0.608415 0.467833
vt 0.597649 0.097448
vt 0.607101 0.476116
vt 0.614974 0.051324
vt 0.604929 0.484350
vt 0.596480 0.107871
vt 0.589908 0.106747
vt 0.583320 0.107490
vt 0.643736 0.578966
vt 0.582047 0.123688
vt 0.585175 0.121213
vt 0.587989 0.125119
vt 0.615395 0.068998
vt 0.642116 0.585288
vt 0.617403 0.074295
vt 0.168381 0.989065
vt 0.639305 0.580187
vt 0.174102 0.989837
vt 0.619520 0.070077
vt 0.163357 0.989534
vt 0.633664 0.130118
vt 0.064212 0.375445
vt 0.614984 0.556422
vt 0.601812 0.268588
vt 0.636434 0.140505
vt 0.617915 0.567894
vt 0.067083 0.366849
vt 0.634203 0.138639
vt 0.061739 0.386215
vt 0.054295 0.388577
vt 0.542179 0.103262
vt 0.059616 0.378086
vt 0.604643 0.264160
vt 0.619328 0.595324
vt 0.650808 0.638195
vt 0.546862 0.126197
vt 0.551961 0.125938
vt 0.622416 0.598344
vt 0.555802 0.123505
vt 0.650808 0.645342
vt 0.618252 0.602242
vt 0.645535 0.643286
vt 0.512729 0.644793
vt 0.646347 0.636614
vt 0.542179 0.125931
vt 0.606426 0.286355
vt 0.512601 0.650743
vt 0.646751 0.647571
vt 0.513224 0.639886
vt 0.545385 0.649381
vt 0.614984 0.604742
vt 0.643188 0.479885
vt 0.609600 0.205759
vt 0.646242 0.060615
vt 0.614331 0.201042
vt 0.625449 0.650363
vt 0.611730 0.264245
vt 0.564718 0.125837
vt 0.641117 0.471852
vt 0.630007 0.643320
vt 0.647146 0.472439
vt 0.644985 0.635249
vt 0.645952 0.051264
vt 0.624233 0.644601
vt 0.566253 0.119535
vt 0.631888 0.600992
vt 0.631449 0.259938
vt 0.628342 0.604669
vt 0.625025 0.601615
vt 0.627845 0.595525
vt 0.552958 0.117993
vt 0.635377 0.597717
vt 0.626672 0.257849
vt 0.553862 0.109410
vt 0.644591 0.462502
vt 0.630007 0.633359
vt 0.640410 0.271866
vt 0.645081 0.625266
vt 0.622581 0.637936
vt 0.567913 0.107699
vt 0.567890 0.112114
vt 0.621437 0.633154
vt 0.640297 0.262318
vt 0.546894 0.094050
vt 0.049347 0.381910
vt 0.041420 0.382437
vt 0.550528 0.094050
vt 0.048054 0.373104
vt 0.564257 0.104795
vt 0.564257 0.109064
vt 0.606195 0.270490
vt 0.543375 0.109690
vt 0.555802 0.102385
vt 0.626672 0.250956
vt 0.564611 0.119059
vt 0.647222 0.016181
vt 0.630125 0.558808
vt 0.601812 0.284796
vt 0.517561 0.650630
vt 0.647222 0.022144
vt 0.645495 0.037380
vt 0.517561 0.644999
vt 0.642988 0.022455
vt 0.630235 0.567996
vt 0.647596 0.033610
vt 0.404704 0.626058
vt 0.625191 0.563827
vt 0.624809 0.556454
vt 0.602874 0.278532
vt 0.545384 0.644009
vt 0.618510 0.608806
vt 0.642988 0.029851
vt 0.549957 0.645298
vt 0.405222 0.642844
vt 0.619840 0.547813
vt 0.638472 0.126465
vt 0.401408 0.625266
vt 0.621732 0.565692
vt 0.645380 0.428910
vt 0.618373 0.583380
vt 0.637435 0.153254
vt 0.625015 0.547316
vt 0.633261 0.125813
vt 0.367199 0.644078
vt 0.645595 0.165503
vt 0.635638 0.619153
vt 0.374342 0.551875
vt 0.645795 0.047579
vt 0.362103 0.640816
vt 0.652441 0.301633
vt 0.362020 0.632321
vt 0.640992 0.398929
vt 0.366160 0.635291
vt 0.638826 0.159799
vt 0.645694 0.397089
vt 0.644796 0.160882
vt 0.374342 0.547101
vt 0.430573 0.627348
vt 0.374816 0.553134
vt 0.634133 0.618913
vt 0.630160 0.616016
vt 0.626674 0.613303
vt 0.628816 0.610556
vt 0.609325 0.268796
vt 0.631477 0.606882
vt 0.605602 0.198045
vt 0.541596 0.604123
vt 0.605156 0.190994
vt 0.651012 0.040420
vt 0.541275 0.597070
vt 0.605156 0.205916
vt 0.651013 0.061054
vt 0.542672 0.611881
vt 0.610977 0.264160
vt 0.635638 0.603969
vt 0.631811 0.255547
vt 0.564257 0.125938
vt 0.651012 0.049065
vt 0.357236 0.640882
vt 0.542672 0.588413
vt 0.628412 0.540558
vt 0.623991 0.616281
vt 0.629818 0.547413
vt 0.619760 0.621291
vt 0.545966 0.639059
vt 0.623144 0.611209
vt 0.625244 0.554313
vt 0.635227 0.118506
vt 0.452013 0.275218
vt 0.449119 0.268783
vt 0.620231 0.630085
vt 0.588400 0.555057
vt 0.454117 0.269692
vt 0.623449 0.624441
vt 0.431672 0.637898
vt 0.627683 0.626821
vt 0.430573 0.632415
vt 0.630670 0.622256
vt 0.435142 0.630237
vt 0.438254 0.636274
vt 0.638800 0.137788
vt 0.434426 0.642362
vt 0.638800 0.145208
vt 0.449309 0.263590
vt 0.625904 0.631789
vt 0.439609 0.628132
vt 0.642015 0.116849
vt 0.457891 0.272267
vt 0.628092 0.591548
vt 0.593495 0.554698
vt 0.649571 0.146147
vt 0.593495 0.548699
vt 0.623052 0.593014
vt 0.643044 0.419767
vt 0.648247 0.138085
vt 0.614984 0.593960
vt 0.648303 0.415404
vt 0.059909 0.339775
vt 0.646533 0.130001
vt 0.438523 0.652401
vt 0.068450 0.322466
vt 0.072268 0.343018
vt 0.438935 0.643727
vt 0.051529 0.335506
vt 0.441986 0.637654
vt 0.642216 0.137243
vt 0.648116 0.157689
vt 0.438921 0.621844
vt 0.443375 0.621858
vt 0.647101 0.153035
vt 0.645952 0.068737
vt 0.430573 0.643727
vt 0.046584 0.342251
vt 0.642644 0.542651
vt 0.649765 0.063386
vt 0.644985 0.622745
vt 0.634355 0.529061
vt 0.644985 0.616574
vt 0.639962 0.529736
vt 0.631391 0.535847
vt 0.643311 0.299599
vt 0.536618 0.579980
vt 0.628221 0.529430
vt 0.537217 0.587648
vt 0.638409 0.536825
vt 0.634320 0.293049
vt 0.643311 0.292893
vt 0.644563 0.532750
vt 0.632783 0.553581
vt 0.641545 0.292191
vt 0.638800 0.155206
vt 0.645021 0.392210
vt 0.633011 0.301911
vt 0.652172 0.293967
vt 0.640272 0.391029
vt 0.643230 0.384541
vt 0.638800 0.147628
vt 0.642644 0.553359
vt 0.640251 0.301911
vt 0.641190 0.547435
vt 0.644378 0.147512
vt 0.644349 0.152164
vt 0.644668 0.156421
vt 0.570377 0.014807
vt 0.043915 0.333642
vt 0.046346 0.321453
vt 0.046543 0.297931
vt 0.054719 0.297702
vt 0.066866 0.297321
vt 0.635517 0.347374
vt 0.578965 0.451220
vt 0.652728 0.215250
vt 0.573043 0.451385
vt 0.572682 0.444782
vt 0.586607 0.448625
vt 0.618992 0.436306
vt 0.571605 0.434609
vt 0.584297 0.439218
vt 0.569843 0.000682
vt 0.035829 0.345022
vt 0.588474 0.442412
vt 0.041225 0.347136
vt 0.621626 0.430432
vt 0.636336 0.538446
vt 0.646675 0.520858
vt 0.623677 0.436926
vt 0.623720 0.441923
vt 0.641765 0.519483
vt 0.637583 0.513168
vt 0.523676 0.598869
vt 0.640327 0.507787
vt 0.524624 0.622823
vt 0.519344 0.602656
vt 0.527416 0.594955
vt 0.636164 0.518395
vt 0.574790 0.639975
vt 0.522872 0.627549
vt 0.532313 0.614265
vt 0.536015 0.634650
vt 0.530829 0.637126
vt 0.643875 0.503582
vt 0.534820 0.619005
vt 0.530572 0.628442
vt 0.641009 0.495681
vt 0.543243 0.650679
vt 0.537065 0.623672
vt 0.643875 0.488240
vt 0.538836 0.628127
vt 0.525602 0.612003
vt 0.541329 0.633278
vt 0.530024 0.608801
vt 0.537088 0.642476
vt 0.538325 0.611567
vt 0.542869 0.638346
vt 0.533652 0.606098
vt 0.543764 0.642476
vt 0.537202 0.604580
vt 0.635030 0.523231
vt 0.631172 0.515893
vt 0.530859 0.599693
vt 0.614984 0.634789
vt 0.526348 0.637939
vt 0.641006 0.255354
vt 0.573153 0.634089
vt 0.520703 0.633517
vt 0.645131 0.254691
vt 0.526106 0.633482
vt 0.538521 0.644207
vt 0.579956 0.620463
vt 0.510506 0.649281
vt 0.578773 0.198021
vt 0.424068 0.650783
vt 0.640017 0.015272
vt 0.557159 0.484411
vt 0.608252 0.646642
vt 0.589359 0.646298
vt 0.553981 0.479364
vt 0.617687 0.351279
vt 0.580026 0.650911
vt 0.640893 0.347373
vt 0.620463 0.118894
vt 0.642836 0.344940
vt 0.500288 0.598877
vt 0.339535 0.565543
vt 0.623917 0.120199
vt 0.500198 0.601893
vt 0.647305 0.349151
vt 0.624518 0.122564
vt 0.648558 0.344940
vt 0.620860 0.121152
vt 0.565116 0.568359
vt 0.569780 0.568129
vt 0.337105 0.549697
vt 0.569971 0.576795
vt 0.636882 0.344940
vt 0.338143 0.558430
vt 0.590573 0.346122
vt 0.614606 0.120982
vt 0.559610 0.575873
vt 0.582860 0.349963
vt 0.559760 0.568211
vt 0.589009 0.351094
vt 0.580956 0.377525
vt 0.531915 0.574925
vt 0.585861 0.376723
vt 0.586035 0.382294
vt 0.530665 0.648210
vt 0.602789 0.352528
vt 0.525237 0.567906
vt 0.530874 0.567658
vt 0.609209 0.346269
vt 0.416842 0.651804
vt 0.493886 0.085822
vt 0.494266 0.077019
vt 0.608758 0.353544
vt 0.537156 0.649173
vt 0.378280 0.642796
vt 0.537143 0.651155
vt 0.422508 0.649102
vt 0.585113 0.473915
vt 0.375992 0.645286
vt 0.422508 0.653152
vt 0.493424 0.093386
vt 0.588154 0.471242
vt 0.374496 0.541264
vt 0.463623 0.611693
vt 0.464992 0.616205
vt 0.553530 0.642745
vt 0.168773 0.001219
vt 0.460586 0.614742
vt 0.647851 0.195916
vt 0.164185 0.000682
vt 0.555805 0.639801
vt 0.172707 0.001466
vt 0.489502 0.099357
vt 0.585113 0.468676
vt 0.380097 0.649119
vt 0.381837 0.648492
vt 0.585483 0.466016
vt 0.382272 0.650925
vt 0.492685 0.100079
vt 0.484621 0.094170
vt 0.387855 0.642633
vt 0.386509 0.642244
vt 0.594547 0.386368
vt 0.385671 0.636935
vt 0.599229 0.381420
vt 0.435850 0.573140
vt 0.436836 0.565264
vt 0.482078 0.077276
vt 0.442169 0.565285
vt 0.500476 0.652247
vt 0.595181 0.381248
vt 0.585113 0.485976
vt 0.596538 0.347136
vt 0.614606 0.126391
vt 0.585113 0.478241
vt 0.588693 0.190908
vt 0.644201 0.345392
vt 0.622149 0.125080
vt 0.607279 0.066031
vt 0.611452 0.441050
vt 0.347478 0.558306
vt 0.407617 0.575231
vt 0.572482 0.649349
vt 0.599951 0.353200
vt 0.595027 0.352124
vt 0.406783 0.572839
vt 0.572357 0.646077
vt 0.399428 0.566608
vt 0.617627 0.434987
vt 0.404723 0.566087
vt 0.612171 0.434050
vt 0.347986 0.550171
vt 0.384973 0.645613
vt 0.554163 0.632659
vt 0.599111 0.053926
vt 0.100576 0.000683
vt 0.558022 0.632170
vt 0.557354 0.636231
vt 0.176556 0.001327
vt 0.377825 0.470827
vt 0.628849 0.209429
vt 0.596123 0.052795
vt 0.437480 0.490417
vt 0.601394 0.118568
vt 0.605342 0.117154
vt 0.374706 0.466167
vt 0.481892 0.006599
vt 0.443378 0.494620
vt 0.438100 0.495486
vt 0.623528 0.351489
vt 0.486391 0.006114
vt 0.628171 0.350984
vt 0.638648 0.441570
vt 0.491588 0.005415
vt 0.377888 0.466429
vt 0.597411 0.048510
vt 0.374342 0.537459
vt 0.521219 0.488002
vt 0.461050 0.608886
vt 0.377560 0.537483
vt 0.521992 0.491275
vt 0.632620 0.437159
vt 0.585589 0.190908
vt 0.503039 0.600278
vt 0.342686 0.566094
vt 0.342874 0.558365
vt 0.602160 0.009015
vt 0.597281 0.552991
vt 0.599159 0.010071
vt 0.377450 0.427740
vt 0.597674 0.005183
vt 0.597344 0.548204
vt 0.601582 0.002152
vt 0.393077 0.635037
vt 0.391103 0.641940
vt 0.148271 0.005274
vt 0.605820 0.008088
vt 0.596795 0.000682
vt 0.392534 0.630342
vt 0.594860 0.553955
vt 0.374818 0.428341
vt 0.604349 0.079546
vt 0.599482 0.079194
vt 0.397996 0.493228
vt 0.583422 0.115646
vt 0.588818 0.114781
vt 0.591474 0.122173
vt 0.615742 0.064331
vt 0.615916 0.058107
vt 0.594606 0.116126
vt 0.644469 0.556746
vt 0.575351 0.100512
vt 0.351387 0.643486
vt 0.574894 0.091713
vt 0.645834 0.584601
vt 0.581996 0.091804
vt 0.197740 0.984984
vt 0.646595 0.580554
vt 0.582268 0.086721
vt 0.349882 0.637141
vt 0.576248 0.083668
vt 0.350249 0.630844
vt 0.579757 0.077920
vt 0.649604 0.574503
vt 0.587453 0.078375
vt 0.590473 0.082932
vt 0.650870 0.579669
vt 0.065307 0.890337
vt 0.043577 0.917567
vt 0.062575 0.900165
vt 0.063337 0.897177
vt 0.043347 0.917567
vt 0.041538 0.917902
vt 0.062842 0.900170
vt 0.041519 0.916784
vt 0.043367 0.916449
vt 0.469942 0.518811
vt 0.612540 0.567064
vt 0.612188 0.575097
vt 0.469999 0.528189
vt 0.607174 0.575408
vt 0.576481 0.609491
vt 0.566668 0.590440
vt 0.611621 0.181226
vt 0.553260 0.400780
vt 0.570992 0.591307
vt 0.570992 0.601591
vt 0.553996 0.411579
vt 0.598916 0.553830
vt 0.583821 0.608816
vt 0.598970 0.550195
vt 0.587720 0.609736
vt 0.600488 0.185551
vt 0.604767 0.550842
vt 0.601058 0.176595
vt 0.604799 0.177915
vt 0.607902 0.179250
vt 0.606550 0.185910
vt 0.580402 0.613415
vt 0.580176 0.609133
vt 0.498961 0.275357
vt 0.617534 0.132179
vt 0.637469 0.243322
vt 0.611935 0.131738
vt 0.499193 0.269754
vt 0.504360 0.270014
vt 0.534738 0.268308
vt 0.613619 0.610891
vt 0.539623 0.269319
vt 0.540372 0.275965
vt 0.602939 0.631237
vt 0.547761 0.253430
vt 0.633985 0.244036
vt 0.597101 0.624757
vt 0.487466 0.276729
vt 0.509313 0.275655
vt 0.600180 0.618270
vt 0.549976 0.243856
vt 0.389483 0.281351
vt 0.516269 0.274158
vt 0.552146 0.252029
vt 0.392795 0.289739
vt 0.338004 0.494904
vt 0.343658 0.487951
vt 0.343285 0.496528
vt 0.342805 0.509426
vt 0.337838 0.509114
vt 0.570992 0.527473
vt 0.568606 0.515325
vt 0.567028 0.527134
vt 0.561524 0.526510
vt 0.563018 0.514758
vt 0.554075 0.525652
vt 0.554837 0.514072
vt 0.555952 0.505958
vt 0.556681 0.499918
vt 0.544328 0.513404
vt 0.544348 0.505188
vt 0.544720 0.499016
vt 0.545208 0.493446
vt 0.381378 0.634657
vt 0.383662 0.624410
vt 0.557321 0.494498
vt 0.533654 0.504320
vt 0.533716 0.497789
vt 0.534101 0.492684
vt 0.534232 0.489064
vt 0.460812 0.595674
vt 0.545748 0.490265
vt 0.463154 0.584458
vt 0.377112 0.633993
vt 0.525645 0.496621
vt 0.636867 0.430275
vt 0.526356 0.491928
vt 0.631816 0.432524
vt 0.525885 0.488162
vt 0.459733 0.603913
vt 0.455004 0.604245
vt 0.069283 0.001908
vt 0.060244 0.002941
vt 0.456232 0.595267
vt 0.075869 0.000683
vt 0.456472 0.611202
vt 0.647851 0.190615
vt 0.642319 0.189704
vt 0.157390 0.005197
vt 0.077176 0.005767
vt 0.070060 0.006891
vt 0.643040 0.195694
vt 0.162672 0.005074
vt 0.161623 0.011802
vt 0.647086 0.263006
vt 0.157018 0.011864
vt 0.652823 0.262211
vt 0.076768 0.012444
vt 0.168060 0.005225
vt 0.167185 0.011784
vt 0.166292 0.020348
vt 0.638932 0.261600
vt 0.160803 0.020341
vt 0.647205 0.255949
vt 0.172912 0.005502
vt 0.172522 0.011883
vt 0.171931 0.020437
vt 0.171367 0.033886
vt 0.165574 0.033717
vt 0.177098 0.012150
vt 0.359943 0.498249
vt 0.176939 0.020564
vt 0.360120 0.491689
vt 0.176680 0.033969
vt 0.360350 0.481197
vt 0.360557 0.464931
vt 0.176304 0.054640
vt 0.170904 0.054731
vt 0.099918 0.019932
vt 0.355118 0.491052
vt 0.355054 0.480847
vt 0.099873 0.032885
vt 0.355050 0.464634
vt 0.099704 0.053495
vt 0.355050 0.442856
vt 0.099456 0.081198
vt 0.360811 0.443450
vt 0.094879 0.081117
vt 0.175990 0.082146
vt 0.105662 0.032653
vt 0.105810 0.053402
vt 0.106001 0.081282
vt 0.106100 0.109019
vt 0.354597 0.440997
vt 0.099263 0.108873
vt 0.112810 0.053444
vt 0.113436 0.081448
vt 0.113901 0.109247
vt 0.114110 0.136984
vt 0.105978 0.136789
vt 0.124708 0.082004
vt 0.124205 0.109676
vt 0.123566 0.137284
vt 0.123599 0.164127
vt 0.113771 0.164024
vt 0.132368 0.110141
vt 0.131269 0.137603
vt 0.131262 0.164121
vt 0.131895 0.190801
vt 0.123966 0.190746
vt 0.138032 0.137880
vt 0.137894 0.164184
vt 0.138406 0.190881
vt 0.138736 0.217556
vt 0.132207 0.217550
vt 0.182605 0.157587
vt 0.143008 0.164357
vt 0.143778 0.191141
vt 0.182400 0.184366
vt 0.144012 0.217882
vt 0.182604 0.211101
vt 0.182398 0.236861
vt 0.144633 0.243646
vt 0.139162 0.243823
vt 0.187615 0.184441
vt 0.187673 0.211293
vt 0.187509 0.236854
vt 0.187239 0.262147
vt 0.182140 0.261943
vt 0.145344 0.268733
vt 0.193337 0.211444
vt 0.193176 0.237034
vt 0.192769 0.262722
vt 0.191497 0.289073
vt 0.185872 0.288067
vt 0.469380 0.025308
vt 0.199047 0.237630
vt 0.198700 0.263223
vt 0.470187 0.001689
vt 0.197501 0.289189
vt 0.204038 0.263491
vt 0.592687 0.067504
vt 0.464294 0.000682
vt 0.035091 0.271975
vt 0.203558 0.289264
vt 0.588194 0.044001
vt 0.587387 0.069343
vt 0.040442 0.272089
vt 0.582252 0.045714
vt 0.039986 0.297995
vt 0.578189 0.026168
vt 0.039432 0.319352
vt 0.037585 0.331373
vt 0.576915 0.014536
vt 0.569638 0.007218
vt 0.039655 0.339731
vt 0.046819 0.272027
vt 0.040977 0.246076
vt 0.047593 0.245905
vt 0.055398 0.245683
vt 0.054734 0.271570
vt 0.065343 0.245353
vt 0.065841 0.271334
vt 0.073737 0.245057
vt 0.074345 0.271099
vt 0.075192 0.296898
vt 0.076380 0.320597
vt 0.081369 0.270860
vt 0.472707 0.044562
vt 0.081962 0.296425
vt 0.472098 0.065974
vt 0.082831 0.319418
vt 0.472091 0.085222
vt 0.471932 0.105016
vt 0.085541 0.341235
vt 0.078810 0.341868
vt 0.478513 0.065631
vt 0.161364 0.295491
vt 0.478184 0.084509
vt 0.161533 0.318197
vt 0.479116 0.104495
vt 0.161091 0.340764
vt 0.480527 0.126207
vt 0.160484 0.364884
vt 0.379274 0.454952
vt 0.471552 0.126642
vt 0.388118 0.453506
vt 0.087578 0.365827
vt 0.167721 0.317741
vt 0.168561 0.340727
vt 0.169172 0.364333
vt 0.168247 0.387374
vt 0.161528 0.386993
vt 0.380842 0.433389
vt 0.175774 0.340717
vt 0.590826 0.466645
vt 0.176791 0.364049
vt 0.469988 0.275742
vt 0.589839 0.485368
vt 0.174635 0.387423
vt 0.468755 0.253738
vt 0.468657 0.236436
vt 0.174141 0.408163
vt 0.167890 0.408085
vt 0.462081 0.275028
vt 0.597685 0.484362
vt 0.088943 0.362807
vt 0.462205 0.253772
vt 0.092817 0.386158
vt 0.462150 0.236308
vt 0.094495 0.407028
vt 0.094911 0.429296
vt 0.462743 0.218460
vt 0.469209 0.218519
vt 0.173788 0.430491
vt 0.099694 0.385497
vt 0.101601 0.406861
vt 0.101890 0.429048
vt 0.101780 0.451857
vt 0.178331 0.453348
vt 0.094980 0.452381
vt 0.463621 0.200118
vt 0.110061 0.406649
vt 0.110307 0.428733
vt 0.109845 0.451280
vt 0.108942 0.475302
vt 0.101427 0.476406
vt 0.123153 0.428507
vt 0.122037 0.450541
vt 0.120080 0.474101
vt 0.117620 0.500309
vt 0.108418 0.501535
vt 0.131941 0.449731
vt 0.129999 0.473220
vt 0.126513 0.499267
vt 0.136700 0.472397
vt 0.133012 0.498314
vt 0.131661 0.524570
vt 0.124864 0.526016
vt 0.116332 0.527554
vt 0.124404 0.554195
vt 0.115620 0.555725
vt 0.107626 0.557169
vt 0.108054 0.529027
vt 0.100527 0.558497
vt 0.100814 0.530372
vt 0.101094 0.502789
vt 0.094876 0.531694
vt 0.177215 0.532644
vt 0.094958 0.504052
vt 0.177583 0.505007
vt 0.177948 0.478411
vt 0.095018 0.477451
vt 0.172428 0.506337
vt 0.172823 0.479485
vt 0.173316 0.453882
vt 0.469988 0.199810
vt 0.166642 0.480466
vt 0.167038 0.454322
vt 0.167527 0.430579
vt 0.160843 0.454666
vt 0.381406 0.374963
vt 0.161118 0.430511
vt 0.381539 0.395495
vt 0.381474 0.414989
vt 0.161416 0.407728
vt 0.388005 0.394934
vt 0.080770 0.430828
vt 0.388091 0.414882
vt 0.081735 0.407669
vt 0.083759 0.386885
vt 0.387801 0.433407
vt 0.074887 0.407128
vt 0.076930 0.386066
vt 0.079969 0.365626
vt 0.069782 0.385094
vt 0.073356 0.365409
vt 0.067350 0.406732
vt 0.057450 0.405962
vt 0.055861 0.429070
vt 0.047667 0.427314
vt 0.049027 0.406098
vt 0.065897 0.429983
vt 0.065071 0.456006
vt 0.055253 0.456257
vt 0.073870 0.430487
vt 0.073051 0.455779
vt 0.072594 0.483588
vt 0.064823 0.484534
vt 0.080088 0.455507
vt 0.387784 0.373856
vt 0.079565 0.482736
vt 0.387399 0.350703
vt 0.386625 0.327133
vt 0.079313 0.510521
vt 0.072467 0.511646
vt 0.381077 0.352361
vt 0.160621 0.481344
vt 0.380563 0.328969
vt 0.160668 0.508810
vt 0.160647 0.536652
vt 0.379903 0.305446
vt 0.385819 0.303562
vt 0.079300 0.538479
vt 0.166418 0.507622
vt 0.166261 0.535373
vt 0.166120 0.563461
vt 0.571535 0.462042
vt 0.160640 0.564731
vt 0.379274 0.281676
vt 0.172125 0.534029
vt 0.171936 0.562122
vt 0.171819 0.590171
vt 0.166075 0.591536
vt 0.177025 0.560749
vt 0.094835 0.559804
vt 0.094639 0.587837
vt 0.176964 0.588781
vt 0.100235 0.586546
vt 0.099831 0.615007
vt 0.176823 0.617226
vt 0.094297 0.616282
vt 0.171659 0.618599
vt 0.171612 0.647215
vt 0.165970 0.648518
vt 0.165999 0.619954
vt 0.094079 0.644949
vt 0.176789 0.645892
vt 0.099402 0.643699
vt 0.099215 0.672031
vt 0.176838 0.674310
vt 0.094046 0.673371
vt 0.171552 0.675676
vt 0.171195 0.704262
vt 0.165458 0.705645
vt 0.165801 0.677000
vt 0.094062 0.701910
vt 0.176552 0.702842
vt 0.099138 0.700531
vt 0.099680 0.729276
vt 0.176324 0.731630
vt 0.094582 0.730714
vt 0.170858 0.733063
vt 0.170673 0.761279
vt 0.164980 0.762602
vt 0.165155 0.734451
vt 0.095493 0.759006
vt 0.176135 0.759898
vt 0.100599 0.757596
vt 0.101813 0.785754
vt 0.176179 0.788041
vt 0.096562 0.787175
vt 0.170688 0.789462
vt 0.170574 0.817488
vt 0.164694 0.818764
vt 0.164937 0.790815
vt 0.097624 0.815292
vt 0.176162 0.816133
vt 0.103127 0.813920
vt 0.104078 0.841224
vt 0.176034 0.843246
vt 0.098451 0.842427
vt 0.170310 0.844441
vt 0.170066 0.870641
vt 0.163914 0.871495
vt 0.164317 0.845550
vt 0.099100 0.868899
vt 0.175903 0.869700
vt 0.104733 0.867936
vt 0.105382 0.893705
vt 0.175948 0.895114
vt 0.099705 0.894330
vt 0.169959 0.895744
vt 0.170039 0.919924
vt 0.163591 0.920176
vt 0.163678 0.896285
vt 0.100170 0.918801
vt 0.176150 0.919572
vt 0.105977 0.918403
vt 0.106400 0.942207
vt 0.176384 0.943377
vt 0.100585 0.942617
vt 0.170141 0.943665
vt 0.100745 0.962803
vt 0.176304 0.963556
vt 0.169938 0.963620
vt 0.163205 0.963787
vt 0.163440 0.943821
vt 0.157396 0.964028
vt 0.074235 0.964849
vt 0.157527 0.943801
vt 0.074746 0.944607
vt 0.075315 0.921103
vt 0.157757 0.920314
vt 0.068253 0.944467
vt 0.069042 0.921208
vt 0.069950 0.897896
vt 0.075959 0.897483
vt 0.157965 0.896712
vt 0.070895 0.873747
vt 0.076748 0.872992
vt 0.158286 0.872243
vt 0.072145 0.848183
vt 0.077745 0.847253
vt 0.158715 0.846531
vt 0.352573 0.279855
vt 0.073619 0.821645
vt 0.078979 0.820590
vt 0.346547 0.282155
vt 0.159098 0.819900
vt 0.351870 0.303995
vt 0.075374 0.793858
vt 0.346059 0.306099
vt 0.159468 0.792036
vt 0.351362 0.328431
vt 0.076893 0.765615
vt 0.345784 0.330403
vt 0.159586 0.763833
vt 0.351268 0.352590
vt 0.078000 0.737553
vt 0.345592 0.354521
vt 0.159721 0.735745
vt 0.351246 0.377237
vt 0.078913 0.708788
vt 0.345463 0.379113
vt 0.159948 0.706935
vt 0.351255 0.401643
vt 0.079527 0.680092
vt 0.345488 0.403384
vt 0.160252 0.678258
vt 0.351460 0.425740
vt 0.079795 0.651580
vt 0.345719 0.427312
vt 0.160572 0.649757
vt 0.351972 0.449586
vt 0.079556 0.623102
vt 0.346200 0.451304
vt 0.160621 0.621251
vt 0.352573 0.473451
vt 0.565561 0.486399
vt 0.079363 0.594671
vt 0.346729 0.475209
vt 0.571535 0.485314
vt 0.160641 0.592829
vt 0.565594 0.463135
vt 0.079228 0.566575
vt 0.385066 0.279855
vt 0.072804 0.595942
vt 0.072547 0.567849
vt 0.072509 0.539734
vt 0.064913 0.569163
vt 0.064756 0.541044
vt 0.064753 0.512826
vt 0.056053 0.542420
vt 0.055999 0.514140
vt 0.055686 0.485714
vt 0.048196 0.515448
vt 0.047660 0.486987
vt 0.046609 0.456432
vt 0.040584 0.487648
vt 0.041376 0.516704
vt 0.035482 0.517972
vt 0.334776 0.348840
vt 0.034620 0.487706
vt 0.336136 0.376852
vt 0.340250 0.347844
vt 0.202332 0.510771
vt 0.341803 0.374087
vt 0.201076 0.482610
vt 0.344098 0.394739
vt 0.199865 0.460135
vt 0.623181 0.218346
vt 0.196905 0.512137
vt 0.195910 0.484473
vt 0.194966 0.457072
vt 0.637003 0.635249
vt 0.618271 0.217594
vt 0.191342 0.513544
vt 0.190761 0.486520
vt 0.188838 0.460645
vt 0.188801 0.439125
vt 0.530172 0.123568
vt 0.142951 0.495290
vt 0.186172 0.488482
vt 0.183996 0.462902
vt 0.147083 0.469731
vt 0.530172 0.100504
vt 0.184077 0.440361
vt 0.148279 0.447205
vt 0.149145 0.428410
vt 0.640220 0.035912
vt 0.183974 0.421557
vt 0.188745 0.420771
vt 0.525293 0.103158
vt 0.142740 0.471294
vt 0.143786 0.448044
vt 0.635882 0.037380
vt 0.144965 0.428581
vt 0.635882 0.018340
vt 0.146925 0.406538
vt 0.432048 0.577513
vt 0.641623 0.017267
vt 0.426277 0.578185
vt 0.184160 0.398764
vt 0.138235 0.448906
vt 0.139373 0.428529
vt 0.141755 0.406310
vt 0.133111 0.428538
vt 0.135079 0.406110
vt 0.133989 0.383088
vt 0.141426 0.382134
vt 0.147363 0.381602
vt 0.431116 0.598076
vt 0.137627 0.359680
vt 0.432048 0.618113
vt 0.642208 0.097662
vt 0.144032 0.359605
vt 0.425730 0.617203
vt 0.648454 0.097943
vt 0.186067 0.353665
vt 0.424251 0.597760
vt 0.185160 0.374586
vt 0.192036 0.375138
vt 0.189124 0.398727
vt 0.194453 0.400678
vt 0.641638 0.082289
vt 0.179696 0.334315
vt 0.144458 0.341069
vt 0.648454 0.082378
vt 0.185432 0.334323
vt 0.180008 0.312343
vt 0.144982 0.319106
vt 0.184979 0.312737
vt 0.145733 0.294314
vt 0.181067 0.287531
vt 0.139669 0.318853
vt 0.140333 0.294192
vt 0.139791 0.268764
vt 0.133740 0.294246
vt 0.133305 0.268704
vt 0.132689 0.243885
vt 0.124514 0.268933
vt 0.124369 0.243870
vt 0.124079 0.217539
vt 0.112576 0.243745
vt 0.112875 0.217391
vt 0.113242 0.190642
vt 0.104354 0.217163
vt 0.104764 0.190488
vt 0.105349 0.163841
vt 0.354232 0.377652
vt 0.097463 0.190315
vt 0.098102 0.163661
vt 0.354337 0.398349
vt 0.354284 0.419256
vt 0.098942 0.136651
vt 0.175034 0.164567
vt 0.360811 0.398737
vt 0.360438 0.419673
vt 0.175475 0.137584
vt 0.360438 0.441491
vt 0.175948 0.109842
vt 0.094652 0.108814
vt 0.169620 0.137579
vt 0.170257 0.109842
vt 0.170534 0.082082
vt 0.164394 0.109862
vt 0.164801 0.082019
vt 0.165043 0.054726
vt 0.079792 0.082486
vt 0.159453 0.081961
vt 0.159648 0.054616
vt 0.638932 0.290265
vt 0.079743 0.055136
vt 0.638738 0.272663
vt 0.160113 0.033455
vt 0.633236 0.289809
vt 0.075038 0.055035
vt 0.633010 0.272319
vt 0.075510 0.033693
vt 0.633153 0.262087
vt 0.076096 0.021106
vt 0.652823 0.254691
vt 0.069051 0.033404
vt 0.069665 0.021408
vt 0.070321 0.012990
vt 0.061757 0.021963
vt 0.061520 0.014212
vt 0.060956 0.008180
vt 0.048722 0.015474
vt 0.048413 0.009216
vt 0.048070 0.003689
vt 0.458191 0.583238
vt 0.551322 0.652771
vt 0.035793 0.009528
vt 0.035941 0.004435
vt 0.462008 0.571573
vt 0.614462 0.495338
vt 0.557405 0.651893
vt 0.465958 0.573421
vt 0.618811 0.493897
vt 0.378774 0.623596
vt 0.551455 0.645307
vt 0.397009 0.652686
vt 0.647228 0.329975
vt 0.026943 0.009217
vt 0.390783 0.652358
vt 0.027095 0.015871
vt 0.390473 0.645560
vt 0.020490 0.015974
vt 0.200889 0.007356
vt 0.397009 0.645689
vt 0.199849 0.000682
vt 0.643429 0.323873
vt 0.035982 0.015862
vt 0.036045 0.023879
vt 0.027708 0.024375
vt 0.048996 0.023019
vt 0.048361 0.033755
vt 0.036582 0.034996
vt 0.061337 0.033333
vt 0.060627 0.054969
vt 0.048128 0.055557
vt 0.068506 0.054953
vt 0.067927 0.082669
vt 0.059850 0.082868
vt 0.074717 0.082562
vt 0.074241 0.110503
vt 0.067206 0.110626
vt 0.079905 0.110394
vt 0.158948 0.109864
vt 0.158455 0.137608
vt 0.079788 0.138148
vt 0.073855 0.138300
vt 0.163694 0.137590
vt 0.162938 0.164478
vt 0.445195 0.616235
vt 0.157840 0.164465
vt 0.451229 0.616306
vt 0.080019 0.165007
vt 0.169004 0.164518
vt 0.168717 0.191128
vt 0.162498 0.191057
vt 0.445214 0.594235
vt 0.174819 0.191211
vt 0.360697 0.377930
vt 0.360693 0.357167
vt 0.174607 0.217905
vt 0.168403 0.217921
vt 0.354065 0.356922
vt 0.096914 0.216959
vt 0.096378 0.243316
vt 0.353938 0.336389
vt 0.360682 0.336746
vt 0.174467 0.244236
vt 0.103847 0.243520
vt 0.103139 0.269034
vt 0.095526 0.268986
vt 0.354044 0.316532
vt 0.112279 0.269073
vt 0.111697 0.293864
vt 0.102441 0.293650
vt 0.124412 0.294120
vt 0.123377 0.317896
vt 0.110011 0.317139
vt 0.133376 0.318517
vt 0.131730 0.340363
vt 0.121016 0.339849
vt 0.138236 0.340864
vt 0.130606 0.360279
vt 0.122546 0.384108
vt 0.119979 0.361066
vt 0.108095 0.385047
vt 0.105707 0.361827
vt 0.106908 0.339737
vt 0.096629 0.362354
vt 0.098030 0.339791
vt 0.100894 0.316630
vt 0.597685 0.466448
vt 0.090860 0.339687
vt 0.093997 0.316301
vt 0.354077 0.279994
vt 0.597614 0.447215
vt 0.353976 0.297518
vt 0.094829 0.293566
vt 0.360392 0.279855
vt 0.174130 0.317421
vt 0.591323 0.447671
vt 0.360782 0.297503
vt 0.174041 0.294756
vt 0.174264 0.270075
vt 0.360811 0.316744
vt 0.167718 0.295083
vt 0.167975 0.270161
vt 0.168119 0.244208
vt 0.479197 0.044484
vt 0.161600 0.270235
vt 0.161785 0.244226
vt 0.479720 0.022645
vt 0.480527 0.000682
vt 0.445169 0.571994
vt 0.162071 0.217967
vt 0.080786 0.244824
vt 0.473388 0.022741
vt 0.474226 0.000889
vt 0.451463 0.571573
vt 0.080497 0.218566
vt 0.080225 0.191569
vt 0.451463 0.594144
vt 0.073587 0.218768
vt 0.073568 0.191726
vt 0.073748 0.165175
vt 0.065793 0.191919
vt 0.066240 0.165392
vt 0.066566 0.138493
vt 0.057653 0.165657
vt 0.058256 0.138741
vt 0.059008 0.110835
vt 0.049216 0.139063
vt 0.048662 0.111277
vt 0.048115 0.083478
vt 0.040774 0.111741
vt 0.039605 0.084155
vt 0.038048 0.056545
vt 0.032438 0.084859
vt 0.462635 0.173505
vt 0.030526 0.057530
vt 0.463676 0.198445
vt 0.028799 0.036061
vt 0.024745 0.058372
vt 0.470187 0.197192
vt 0.199925 0.049813
vt 0.022650 0.037057
vt 0.200037 0.028472
vt 0.200578 0.016321
vt 0.021362 0.024926
vt 0.193969 0.028929
vt 0.194418 0.016297
vt 0.194871 0.007248
vt 0.187418 0.016406
vt 0.187926 0.007367
vt 0.188812 0.001163
vt 0.396736 0.629915
vt 0.194475 0.000946
vt 0.395305 0.625266
vt 0.643968 0.318021
vt 0.155625 0.014600
vt 0.180944 0.007710
vt 0.182405 0.001278
vt 0.155653 0.008184
vt 0.397009 0.636308
vt 0.148511 0.014800
vt 0.394763 0.644195
vt 0.148460 0.009149
vt 0.138400 0.015248
vt 0.138500 0.009747
vt 0.138616 0.005091
vt 0.595154 0.618270
vt 0.607114 0.017922
vt 0.125212 0.009252
vt 0.595736 0.628852
vt 0.125381 0.004401
vt 0.603590 0.030986
vt 0.591390 0.629411
vt 0.591119 0.618577
vt 0.603914 0.018030
vt 0.377608 0.448750
vt 0.599455 0.031063
vt 0.599484 0.018609
vt 0.377491 0.436265
vt 0.602400 0.100227
vt 0.374392 0.448949
vt 0.374342 0.436561
vt 0.602980 0.087865
vt 0.419614 0.492791
vt 0.599122 0.100860
vt 0.599013 0.088150
vt 0.406903 0.493516
vt 0.420286 0.497728
vt 0.407687 0.498397
vt 0.398774 0.498261
vt 0.409176 0.504375
vt 0.400172 0.504661
vt 0.393643 0.504833
vt 0.633499 0.007588
vt 0.402191 0.512775
vt 0.633132 0.015495
vt 0.395700 0.513195
vt 0.628354 0.013746
vt 0.352573 0.497074
vt 0.391103 0.513516
vt 0.628793 0.006209
vt 0.352318 0.488466
vt 0.348044 0.496953
vt 0.347925 0.488237
vt 0.352403 0.509317
vt 0.617162 0.398252
vt 0.392929 0.525770
vt 0.612249 0.398753
vt 0.347910 0.509506
vt 0.395415 0.542955
vt 0.617181 0.413597
vt 0.347758 0.526327
vt 0.611988 0.413346
vt 0.342490 0.526059
vt 0.611957 0.425212
vt 0.347754 0.539972
vt 0.342413 0.539769
vt 0.570012 0.557888
vt 0.337217 0.539468
vt 0.337573 0.525835
vt 0.570392 0.544226
vt 0.565502 0.557973
vt 0.566068 0.544366
vt 0.559875 0.558093
vt 0.560363 0.544321
vt 0.553268 0.558050
vt 0.553356 0.544324
vt 0.544923 0.558312
vt 0.544559 0.544291
vt 0.544293 0.525624
vt 0.535873 0.543979
vt 0.534870 0.525323
vt 0.534266 0.512743
vt 0.527452 0.525647
vt 0.526385 0.512471
vt 0.525598 0.503554
vt 0.520522 0.512328
vt 0.498011 0.021536
vt 0.519670 0.503315
vt 0.498060 0.012490
vt 0.519344 0.496063
vt 0.497178 0.005230
vt 0.638798 0.435536
vt 0.492849 0.012442
vt 0.493293 0.021379
vt 0.487544 0.021421
vt 0.487157 0.012696
vt 0.443804 0.509632
vt 0.482214 0.021603
vt 0.482031 0.013117
vt 0.443649 0.501142
vt 0.438468 0.510029
vt 0.438402 0.501790
vt 0.431068 0.510685
vt 0.430897 0.502582
vt 0.430697 0.496602
vt 0.430328 0.491710
vt 0.600316 0.111496
vt 0.420708 0.503501
vt 0.421451 0.511285
vt 0.410782 0.512114
vt 0.422556 0.522602
vt 0.412569 0.523654
vt 0.404466 0.524563
vt 0.414789 0.541320
vt 0.407104 0.541814
vt 0.400736 0.542678
vt 0.398014 0.525017
vt 0.409019 0.555910
vt 0.402905 0.556189
vt 0.397561 0.556451
vt 0.617234 0.425773
vt 0.410476 0.565502
vt 0.416395 0.555667
vt 0.417510 0.565031
vt 0.651157 0.167041
vt 0.418361 0.571487
vt 0.616058 0.344751
vt 0.411691 0.571754
vt 0.645852 0.167087
vt 0.576484 0.646111
vt 0.651157 0.172659
vt 0.598011 0.364315
vt 0.610573 0.345752
vt 0.646033 0.171896
vt 0.576484 0.650924
vt 0.598690 0.357904
vt 0.593404 0.357459
vt 0.592250 0.364088
vt 0.586098 0.363955
vt 0.587257 0.356900
vt 0.597196 0.371136
vt 0.610573 0.351489
vt 0.591559 0.370744
vt 0.585649 0.370967
vt 0.580733 0.371511
vt 0.537872 0.574214
vt 0.545522 0.574138
vt 0.581118 0.363872
vt 0.591079 0.376348
vt 0.596105 0.376655
vt 0.590614 0.381749
vt 0.530572 0.643841
vt 0.590261 0.387343
vt 0.536386 0.645244
vt 0.382146 0.639563
vt 0.601424 0.371304
vt 0.425633 0.571653
vt 0.615604 0.350437
vt 0.600498 0.377352
vt 0.431722 0.572098
vt 0.431856 0.565115
vt 0.425276 0.564983
vt 0.424715 0.555382
vt 0.431882 0.555262
vt 0.431760 0.540902
vt 0.438341 0.541389
vt 0.630686 0.140874
vt 0.630892 0.128007
vt 0.437803 0.555178
vt 0.423840 0.541459
vt 0.431366 0.522864
vt 0.438527 0.522860
vt 0.630892 0.158052
vt 0.443804 0.523156
vt 0.625304 0.158518
vt 0.482473 0.035125
vt 0.482771 0.053133
vt 0.625162 0.141719
vt 0.487887 0.035254
vt 0.488124 0.052971
vt 0.488185 0.066865
vt 0.625386 0.128891
vt 0.482629 0.066963
vt 0.442965 0.554983
vt 0.488135 0.077018
vt 0.494338 0.652247
vt 0.608887 0.361787
vt 0.494064 0.066910
vt 0.493189 0.643783
vt 0.488356 0.086157
vt 0.489084 0.093728
vt 0.608953 0.373063
vt 0.493849 0.053047
vt 0.522799 0.544065
vt 0.603394 0.372577
vt 0.603204 0.361106
vt 0.524038 0.557775
vt 0.528791 0.544131
vt 0.529920 0.557945
vt 0.536615 0.557994
vt 0.537205 0.567461
vt 0.545207 0.567024
vt 0.553358 0.567854
vt 0.553290 0.574688
vt 0.581720 0.356159
vt 0.521553 0.526062
vt 0.603390 0.387458
vt 0.498082 0.035305
vt 0.608986 0.387468
vt 0.493592 0.035312
vt 0.603510 0.110686
vt 0.374607 0.459547
vt 0.377762 0.459333
vt 0.598686 0.041549
vt 0.602591 0.042031
vt 0.551322 0.622695
vt 0.591119 0.638374
vt 0.601195 0.049496
vt 0.553483 0.628340
vt 0.557353 0.627316
vt 0.106124 0.001920
vt 0.555211 0.621563
vt 0.595175 0.638103
vt 0.113828 0.003144
vt 0.113306 0.007901
vt 0.105676 0.006557
vt 0.105367 0.012180
vt 0.099866 0.011570
vt 0.355188 0.497691
vt 0.099906 0.005419
vt 0.355179 0.502544
vt 0.562132 0.632606
vt 0.112849 0.013280
vt 0.112530 0.020824
vt 0.105482 0.020394
vt 0.125122 0.014647
vt 0.125163 0.021809
vt 0.125335 0.032847
vt 0.112581 0.032457
vt 0.138592 0.022695
vt 0.138102 0.033690
vt 0.136190 0.055183
vt 0.125149 0.054050
vt 0.147379 0.023166
vt 0.146101 0.034688
vt 0.143846 0.056184
vt 0.141243 0.083504
vt 0.133980 0.082775
vt 0.181082 0.028842
vt 0.152537 0.035699
vt 0.150006 0.056988
vt 0.181531 0.050154
vt 0.146953 0.084065
vt 0.181866 0.077260
vt 0.181970 0.104139
vt 0.144738 0.110920
vt 0.139234 0.110577
vt 0.187309 0.050396
vt 0.187346 0.077391
vt 0.187257 0.104224
vt 0.187385 0.131360
vt 0.182207 0.131317
vt 0.143372 0.138086
vt 0.193620 0.077273
vt 0.193332 0.104178
vt 0.193416 0.131361
vt 0.193478 0.157890
vt 0.187647 0.157740
vt 0.468533 0.148227
vt 0.199383 0.104020
vt 0.199317 0.131296
vt 0.468364 0.123250
vt 0.199357 0.157918
vt 0.468287 0.098788
vt 0.468558 0.074436
vt 0.199364 0.184307
vt 0.193451 0.184393
vt 0.034662 0.139652
vt 0.462081 0.123256
vt 0.462124 0.098634
vt 0.035202 0.166319
vt 0.462561 0.074205
vt 0.035272 0.192681
vt 0.035330 0.219686
vt 0.463041 0.049185
vt 0.468931 0.049620
vt 0.199195 0.211263
vt 0.041783 0.166138
vt 0.041596 0.192517
vt 0.041346 0.219578
vt 0.463529 0.024518
vt 0.035246 0.246236
vt 0.048682 0.192341
vt 0.048216 0.219439
vt 0.056991 0.192137
vt 0.056253 0.219239
vt 0.065455 0.218995
vt 0.049078 0.165917
vt 0.041506 0.139386
vt 0.462212 0.148510
vt 0.033784 0.112188
vt 0.199593 0.076913
vt 0.469071 0.172845
vt 0.193808 0.050256
vt 0.187209 0.029063
vt 0.154200 0.023436
vt 0.180749 0.016564
vt 0.359754 0.503218
vt 0.561356 0.637063
vt 0.177283 0.005803
vt 0.342630 0.549996
vt 0.123625 0.406330
vt 0.525594 0.126272
vt 0.138875 0.497026
vt 0.142887 0.521784
vt 0.186342 0.514975
vt 0.137985 0.523169
vt 0.186360 0.543219
vt 0.142946 0.550029
vt 0.137892 0.551392
vt 0.131461 0.552762
vt 0.137904 0.579577
vt 0.131500 0.580963
vt 0.124439 0.582381
vt 0.131753 0.609240
vt 0.124294 0.610724
vt 0.114371 0.612334
vt 0.114848 0.583962
vt 0.106596 0.613738
vt 0.107074 0.585308
vt 0.113611 0.640901
vt 0.106000 0.642412
vt 0.113118 0.669263
vt 0.105658 0.670704
vt 0.113179 0.697611
vt 0.105607 0.699154
vt 0.113551 0.726192
vt 0.106151 0.727810
vt 0.114500 0.754555
vt 0.107149 0.756144
vt 0.115999 0.782761
vt 0.108509 0.784319
vt 0.118195 0.811040
vt 0.110231 0.812523
vt 0.120119 0.838640
vt 0.111594 0.839988
vt 0.121387 0.865815
vt 0.112418 0.866933
vt 0.122202 0.892430
vt 0.112949 0.893101
vt 0.123144 0.917288
vt 0.113540 0.917935
vt 0.123844 0.940564
vt 0.113928 0.941595
vt 0.124257 0.961918
vt 0.114123 0.962528
vt 0.106651 0.962786
vt 0.114448 0.974681
vt 0.106635 0.974788
vt 0.100713 0.974830
vt 0.176047 0.975580
vt 0.106611 0.983140
vt 0.631600 0.574863
vt 0.100659 0.983123
vt 0.633674 0.582014
vt 0.175736 0.983872
vt 0.169008 0.983826
vt 0.169537 0.975523
vt 0.624779 0.071736
vt 0.162529 0.983903
vt 0.162815 0.975515
vt 0.157018 0.983923
vt 0.073757 0.984759
vt 0.626867 0.065607
vt 0.157177 0.975592
vt 0.073912 0.976423
vt 0.067412 0.984595
vt 0.627187 0.059099
vt 0.067512 0.976410
vt 0.067706 0.964911
vt 0.058974 0.976272
vt 0.059562 0.964660
vt 0.060333 0.944087
vt 0.048170 0.963662
vt 0.049642 0.943168
vt 0.051373 0.921090
vt 0.061378 0.921243
vt 0.053326 0.898736
vt 0.062577 0.898302
vt 0.054479 0.875366
vt 0.063370 0.874498
vt 0.055825 0.849962
vt 0.064508 0.849048
vt 0.057918 0.823786
vt 0.066258 0.822667
vt 0.060551 0.796157
vt 0.068461 0.794953
vt 0.062874 0.767895
vt 0.070399 0.766708
vt 0.064283 0.739765
vt 0.071540 0.738641
vt 0.065231 0.711203
vt 0.072429 0.709975
vt 0.065646 0.682663
vt 0.073006 0.681338
vt 0.065896 0.654173
vt 0.073238 0.652830
vt 0.065857 0.625705
vt 0.073110 0.624361
vt 0.065423 0.597286
vt 0.055876 0.627246
vt 0.056062 0.598774
vt 0.056028 0.570538
vt 0.047216 0.600141
vt 0.047927 0.571821
vt 0.048255 0.543717
vt 0.041175 0.573025
vt 0.041553 0.544931
vt 0.035102 0.574249
vt 0.334274 0.296449
vt 0.035498 0.546164
vt 0.334356 0.322642
vt 0.340065 0.295397
vt 0.202781 0.567034
vt 0.340096 0.321605
vt 0.202574 0.538934
vt 0.197187 0.568437
vt 0.197131 0.540319
vt 0.191519 0.569892
vt 0.191514 0.541759
vt 0.186371 0.571365
vt 0.143063 0.578177
vt 0.191422 0.598122
vt 0.143556 0.606441
vt 0.186411 0.599624
vt 0.138290 0.607847
vt 0.186551 0.627637
vt 0.144067 0.634461
vt 0.138702 0.635857
vt 0.132203 0.637323
vt 0.139050 0.664535
vt 0.132433 0.665905
vt 0.124430 0.667466
vt 0.124518 0.638991
vt 0.132677 0.694215
vt 0.124570 0.695759
vt 0.132895 0.722653
vt 0.124792 0.724237
vt 0.133225 0.751170
vt 0.125376 0.752673
vt 0.133894 0.779373
vt 0.126277 0.780921
vt 0.135047 0.808001
vt 0.127539 0.809437
vt 0.137265 0.835668
vt 0.129551 0.837124
vt 0.139034 0.863515
vt 0.131422 0.864588
vt 0.140351 0.890938
vt 0.133196 0.891613
vt 0.141604 0.915231
vt 0.134859 0.916196
vt 0.143196 0.937740
vt 0.041124 0.919071
vt 0.136311 0.939012
vt 0.145277 0.958088
vt 0.041225 0.920054
vt 0.137077 0.960176
vt 0.041296 0.920730
vt 0.146756 0.972069
vt 0.137642 0.973497
vt 0.124383 0.974410
vt 0.137600 0.982275
vt 0.124724 0.982742
vt 0.114659 0.982960
vt 0.637278 0.556422
vt 0.125552 0.989333
vt 0.569637 0.102512
vt 0.115739 0.989429
vt 0.636773 0.565000
vt 0.107549 0.989614
vt 0.637436 0.572921
vt 0.643114 0.564852
vt 0.576309 0.110037
vt 0.643152 0.572131
vt 0.578355 0.117950
vt 0.569637 0.090874
vt 0.137190 0.989114
vt 0.345072 0.645347
vt 0.041325 0.921222
vt 0.147362 0.982251
vt 0.146704 0.989260
vt 0.343785 0.637466
vt 0.154342 0.981857
vt 0.337105 0.629009
vt 0.063062 0.897364
vt 0.041663 0.921203
vt 0.153502 0.989299
vt 0.344189 0.630259
vt 0.062765 0.897329
vt 0.051541 0.903904
vt 0.337904 0.622850
vt 0.345361 0.624302
vt 0.350967 0.625249
vt 0.583572 0.073676
vt 0.605948 0.453778
vt 0.590997 0.074750
vt 0.611357 0.452230
vt 0.026724 0.990028
vt 0.613111 0.458931
vt 0.607773 0.459831
vt 0.594733 0.079870
vt 0.614129 0.467503
vt 0.035546 0.989654
vt 0.035357 0.983280
vt 0.047238 0.983690
vt 0.046847 0.989841
vt 0.613162 0.477515
vt 0.618811 0.457264
vt 0.026532 0.983086
vt 0.020490 0.982810
vt 0.363206 0.427740
vt 0.617546 0.450629
vt 0.021712 0.972068
vt 0.363056 0.437976
vt 0.027715 0.973216
vt 0.035906 0.974535
vt 0.029705 0.959700
vt 0.036884 0.961748
vt 0.047531 0.975852
vt 0.058722 0.984265
vt 0.066506 0.990784
vt 0.621321 0.057753
vt 0.057916 0.990287
vt 0.620872 0.050436
vt 0.610505 0.486411
vt 0.620736 0.064439
vt 0.032188 0.940516
vt 0.038582 0.941729
vt 0.034143 0.919927
vt 0.035852 0.918209
vt 0.040524 0.920484
vt 0.035196 0.899717
vt 0.035903 0.917232
vt 0.042277 0.899157
vt 0.035995 0.916166
vt 0.037097 0.877665
vt 0.044299 0.876400
vt 0.038975 0.852054
vt 0.046279 0.850938
vt 0.040838 0.826136
vt 0.048467 0.824974
vt 0.042671 0.798757
vt 0.050741 0.797499
vt 0.043884 0.770690
vt 0.052579 0.769324
vt 0.044835 0.742461
vt 0.054025 0.741094
vt 0.045315 0.714126
vt 0.054853 0.712673
vt 0.045648 0.685668
vt 0.055301 0.684207
vt 0.045927 0.657226
vt 0.055604 0.655747
vt 0.046404 0.628669
vt 0.038767 0.658439
vt 0.039279 0.629831
vt 0.040193 0.601330
vt 0.335269 0.243414
vt 0.033160 0.630926
vt 0.034080 0.602501
vt 0.334884 0.270026
vt 0.340960 0.242629
vt 0.202593 0.623564
vt 0.340659 0.269062
vt 0.202595 0.595239
vt 0.197023 0.624850
vt 0.196993 0.596641
vt 0.191537 0.626218
vt 0.197269 0.653567
vt 0.191757 0.654945
vt 0.186732 0.656361
vt 0.144598 0.663194
vt 0.191945 0.683403
vt 0.144837 0.691611
vt 0.186952 0.684774
vt 0.139301 0.692894
vt 0.145026 0.720070
vt 0.187314 0.713227
vt 0.139574 0.721327
vt 0.145191 0.748543
vt 0.187508 0.741696
vt 0.139808 0.749855
vt 0.145663 0.776616
vt 0.187837 0.769760
vt 0.140463 0.777982
vt 0.146680 0.805387
vt 0.188352 0.798514
vt 0.141581 0.806621
vt 0.148494 0.832961
vt 0.189075 0.826060
vt 0.143867 0.834204
vt 0.150179 0.861736
vt 0.041462 0.915396
vt 0.189770 0.854809
vt 0.043376 0.915061
vt 0.041239 0.915438
vt 0.145579 0.862597
vt 0.041287 0.916781
vt 0.146565 0.890370
vt 0.041319 0.917940
vt 0.147228 0.914348
vt 0.041619 0.918970
vt 0.062862 0.899252
vt 0.041396 0.919016
vt 0.041726 0.919880
vt 0.062840 0.898457
vt 0.063089 0.898451
vt 0.041518 0.919960
vt 0.062804 0.897815
vt 0.051472 0.903339
vt 0.063070 0.897821
vt 0.041607 0.920677
vt 0.063353 0.896206
vt 0.062604 0.899272
vt 0.052206 0.897355
vt 0.063173 0.897148
vt 0.063166 0.896249
vt 0.052223 0.896478
vt 0.051962 0.897341
vt 0.367559 0.469732
vt 0.051971 0.896445
vt 0.362283 0.488693
vt 0.028809 0.919437
vt 0.051716 0.897362
vt 0.035594 0.918186
vt 0.362176 0.469543
vt 0.026468 0.939383
vt 0.362507 0.451729
vt 0.051726 0.895575
vt 0.023852 0.957816
vt 0.051769 0.898228
vt 0.035649 0.917269
vt 0.051828 0.899200
vt 0.035713 0.916241
vt 0.031265 0.879207
vt 0.027819 0.855782
vt 0.336957 0.033426
vt 0.032719 0.853712
vt 0.029038 0.829163
vt 0.336282 0.058420
vt 0.034339 0.827472
vt 0.030379 0.801105
vt 0.335508 0.084773
vt 0.035904 0.799914
vt 0.031184 0.773002
vt 0.335216 0.111061
vt 0.036994 0.771867
vt 0.031632 0.744880
vt 0.335075 0.137233
vt 0.037703 0.743692
vt 0.031904 0.716578
vt 0.335173 0.163566
vt 0.038080 0.715385
vt 0.032107 0.688057
vt 0.335360 0.190097
vt 0.038395 0.686893
vt 0.335378 0.216653
vt 0.032547 0.659577
vt 0.203024 0.680727
vt 0.341024 0.189261
vt 0.341089 0.215810
vt 0.202827 0.652241
vt 0.197585 0.682029
vt 0.203252 0.709242
vt 0.340842 0.162713
vt 0.197779 0.710543
vt 0.192226 0.711882
vt 0.197876 0.738895
vt 0.192363 0.740289
vt 0.198009 0.766938
vt 0.192589 0.768334
vt 0.198437 0.795365
vt 0.193033 0.796992
vt 0.198941 0.823430
vt 0.193605 0.824681
vt 0.199358 0.852475
vt 0.043839 0.914949
vt 0.194535 0.853819
vt 0.043606 0.915014
vt 0.341512 0.057198
vt 0.204038 0.822075
vt 0.203697 0.850901
vt 0.044049 0.914872
vt 0.342469 0.030231
vt 0.050758 0.875198
vt 0.340905 0.083689
vt 0.203779 0.793962
vt 0.340678 0.110293
vt 0.203403 0.765638
vt 0.340677 0.136431
vt 0.203313 0.737561
vt 0.042482 0.406736
vt 0.044176 0.392563
vt 0.037225 0.406976
vt 0.038111 0.393218
vt 0.395953 0.299757
vt 0.552076 0.262103
vt 0.547859 0.262238
vt 0.633816 0.235068
vt 0.515328 0.267940
vt 0.395582 0.279799
vt 0.397694 0.288109
vt 0.400754 0.298775
vt 0.404054 0.313668
vt 0.647308 0.368368
vt 0.399011 0.314075
vt 0.550478 0.275965
vt 0.403442 0.287032
vt 0.406205 0.297883
vt 0.409485 0.313222
vt 0.412566 0.327441
vt 0.557430 0.389365
vt 0.407558 0.328335
vt 0.411719 0.297531
vt 0.640459 0.222290
vt 0.414664 0.313364
vt 0.640912 0.237700
vt 0.417341 0.327235
vt 0.419981 0.338137
vt 0.415431 0.338669
vt 0.646174 0.239383
vt 0.420029 0.313920
vt 0.422434 0.327739
vt 0.424556 0.338292
vt 0.426839 0.347665
vt 0.596550 0.207457
vt 0.422710 0.348022
vt 0.427477 0.328360
vt 0.579490 0.497781
vt 0.425358 0.314214
vt 0.582759 0.511746
vt 0.578171 0.511545
vt 0.348094 0.584831
vt 0.575137 0.497861
vt 0.348680 0.599533
vt 0.352301 0.586168
vt 0.587966 0.160021
vt 0.352578 0.600378
vt 0.589095 0.173907
vt 0.353567 0.609718
vt 0.590598 0.182937
vt 0.629745 0.203153
vt 0.606073 0.317873
vt 0.592818 0.160740
vt 0.593389 0.174381
vt 0.593481 0.183190
vt 0.602867 0.543695
vt 0.632324 0.203094
vt 0.597860 0.162062
vt 0.597370 0.175408
vt 0.597026 0.184316
vt 0.604119 0.547204
vt 0.598916 0.546572
vt 0.591410 0.609872
vt 0.599076 0.542907
vt 0.595045 0.609887
vt 0.632324 0.206949
vt 0.588540 0.598972
vt 0.592929 0.599395
vt 0.616906 0.207464
vt 0.597622 0.600068
vt 0.594777 0.585707
vt 0.615857 0.221265
vt 0.600079 0.586392
vt 0.598137 0.343387
vt 0.610955 0.221136
vt 0.433413 0.618705
vt 0.612453 0.207457
vt 0.601738 0.600484
vt 0.599490 0.330187
vt 0.593206 0.342645
vt 0.438145 0.620479
vt 0.520451 0.426088
vt 0.594536 0.329988
vt 0.520983 0.439480
vt 0.525802 0.425832
vt 0.525831 0.438966
vt 0.525772 0.449418
vt 0.570014 0.388868
vt 0.531318 0.438402
vt 0.531109 0.448884
vt 0.530739 0.458888
vt 0.526016 0.459199
vt 0.570542 0.398091
vt 0.568110 0.409618
vt 0.595278 0.299971
vt 0.593206 0.287895
vt 0.570564 0.422091
vt 0.596258 0.287965
vt 0.567926 0.421729
vt 0.604353 0.232334
vt 0.601703 0.232370
vt 0.605918 0.244968
vt 0.567739 0.434504
vt 0.602429 0.245007
vt 0.598743 0.245373
vt 0.438026 0.383331
vt 0.598568 0.232453
vt 0.432721 0.371519
vt 0.430069 0.372221
vt 0.426124 0.359277
vt 0.429421 0.358698
vt 0.597586 0.218994
vt 0.433850 0.384717
vt 0.430580 0.385581
vt 0.426870 0.373152
vt 0.560995 0.450948
vt 0.427596 0.386579
vt 0.423957 0.374004
vt 0.559956 0.438303
vt 0.419299 0.361286
vt 0.558848 0.424809
vt 0.422587 0.360169
vt 0.414435 0.350050
vt 0.558033 0.412244
vt 0.418608 0.348870
vt 0.557658 0.401069
vt 0.410742 0.339696
vt 0.552885 0.388868
vt 0.570131 0.580136
vt 0.647308 0.382123
vt 0.403112 0.329007
vt 0.566213 0.579159
vt 0.642678 0.381893
vt 0.614687 0.170050
vt 0.642747 0.368677
vt 0.617534 0.154774
vt 0.634683 0.222290
vt 0.546410 0.275483
vt 0.611053 0.168083
vt 0.639094 0.222984
vt 0.613763 0.153088
vt 0.615682 0.140453
vt 0.638239 0.235128
vt 0.608933 0.151108
vt 0.610715 0.139519
vt 0.603716 0.149529
vt 0.604833 0.138287
vt 0.605247 0.131145
vt 0.498920 0.262886
vt 0.598568 0.137011
vt 0.598305 0.130349
vt 0.498775 0.255738
vt 0.504533 0.255103
vt 0.535088 0.254673
vt 0.504321 0.262772
vt 0.534826 0.261647
vt 0.540328 0.255162
vt 0.613573 0.626010
vt 0.540022 0.262255
vt 0.613487 0.618349
vt 0.607956 0.625294
vt 0.592285 0.556999
vt 0.608144 0.618079
vt 0.584746 0.556835
vt 0.608620 0.610900
vt 0.577195 0.556422
vt 0.405222 0.647011
vt 0.543914 0.268315
vt 0.584576 0.563065
vt 0.405222 0.653055
vt 0.577761 0.562524
vt 0.399430 0.651661
vt 0.621645 0.485177
vt 0.572357 0.561538
vt 0.399287 0.644896
vt 0.545045 0.274684
vt 0.620176 0.491438
vt 0.605018 0.635660
vt 0.549409 0.400047
vt 0.626380 0.486508
vt 0.624260 0.495358
vt 0.601466 0.640018
vt 0.471552 0.274898
vt 0.551520 0.390876
vt 0.597238 0.633164
vt 0.480236 0.275723
vt 0.545734 0.389121
vt 0.472074 0.268925
vt 0.620559 0.474153
vt 0.481299 0.269831
vt 0.488190 0.270586
vt 0.629006 0.473707
vt 0.507993 0.269612
vt 0.481448 0.262819
vt 0.620716 0.467539
vt 0.507068 0.262624
vt 0.628555 0.467202
vt 0.514578 0.261540
vt 0.402204 0.279045
vt 0.628577 0.460308
vt 0.506513 0.255189
vt 0.408671 0.278145
vt 0.514636 0.254899
vt 0.522596 0.255156
vt 0.409406 0.286439
vt 0.515083 0.248367
vt 0.415191 0.286062
vt 0.523814 0.248968
vt 0.646174 0.223534
vt 0.417159 0.297795
vt 0.420808 0.285926
vt 0.524562 0.243243
vt 0.585556 0.540086
vt 0.422608 0.298052
vt 0.585486 0.527879
vt 0.581170 0.538755
vt 0.631460 0.025019
vt 0.580888 0.527221
vt 0.623770 0.017267
vt 0.349353 0.568774
vt 0.586703 0.134320
vt 0.626364 0.027028
vt 0.619455 0.020079
vt 0.353567 0.571008
vt 0.587308 0.144671
vt 0.591973 0.135821
vt 0.592493 0.145999
vt 0.598297 0.147646
vt 0.602408 0.163542
vt 0.606711 0.165660
vt 0.585589 0.128007
vt 0.499702 0.242693
vt 0.629358 0.032780
vt 0.591403 0.129376
vt 0.499322 0.248766
vt 0.504827 0.242348
vt 0.535508 0.243044
vt 0.628299 0.037898
vt 0.504635 0.248315
vt 0.535503 0.248359
vt 0.540815 0.243073
vt 0.613434 0.638621
vt 0.624776 0.041847
vt 0.540421 0.248764
vt 0.613619 0.632622
vt 0.608086 0.637694
vt 0.605018 0.556422
vt 0.619477 0.042603
vt 0.616906 0.250992
vt 0.608204 0.631819
vt 0.598976 0.556623
vt 0.615319 0.245063
vt 0.604127 0.562617
vt 0.598221 0.563063
vt 0.591603 0.563203
vt 0.596725 0.572223
vt 0.590619 0.571942
vt 0.584286 0.571776
vt 0.578086 0.571467
vt 0.589446 0.585205
vt 0.584057 0.585082
vt 0.578593 0.585151
vt 0.573947 0.585795
vt 0.607481 0.595988
vt 0.608534 0.608816
vt 0.620176 0.475518
vt 0.573007 0.571405
vt 0.584122 0.598860
vt 0.579438 0.599159
vt 0.575086 0.599565
vt 0.607339 0.583892
vt 0.612291 0.584213
vt 0.546826 0.439165
vt 0.471025 0.538127
vt 0.612573 0.596234
vt 0.547689 0.425814
vt 0.542391 0.425650
vt 0.543045 0.410572
vt 0.613619 0.609526
vt 0.548402 0.411235
vt 0.625019 0.475584
vt 0.475499 0.537315
vt 0.542111 0.438738
vt 0.536698 0.438313
vt 0.536801 0.425384
vt 0.541844 0.449179
vt 0.474705 0.527506
vt 0.536396 0.448819
vt 0.540767 0.459251
vt 0.474330 0.517745
vt 0.535606 0.458867
vt 0.613619 0.556668
vt 0.471257 0.505545
vt 0.472375 0.490916
vt 0.649993 0.486568
vt 0.609534 0.556422
vt 0.467908 0.505132
vt 0.380830 0.547387
vt 0.567843 0.613964
vt 0.469581 0.490989
vt 0.380811 0.559745
vt 0.469317 0.478201
vt 0.381960 0.571713
vt 0.384390 0.547749
vt 0.570865 0.614710
vt 0.555301 0.425206
vt 0.384077 0.559173
vt 0.556972 0.438696
vt 0.384948 0.570867
vt 0.558254 0.451333
vt 0.531358 0.425493
vt 0.531461 0.409623
vt 0.537214 0.409778
vt 0.531829 0.397666
vt 0.538176 0.397872
vt 0.544126 0.398773
vt 0.539257 0.388868
vt 0.472803 0.262455
vt 0.472718 0.255360
vt 0.532093 0.388943
vt 0.481410 0.255115
vt 0.620397 0.460547
vt 0.525354 0.388868
vt 0.472050 0.248677
vt 0.620176 0.454381
vt 0.481507 0.248241
vt 0.629127 0.454261
vt 0.506208 0.248457
vt 0.620176 0.448604
vt 0.437458 0.577513
vt 0.481297 0.242348
vt 0.506192 0.242348
vt 0.575131 0.555057
vt 0.629583 0.448579
vt 0.515448 0.242348
vt 0.582231 0.549622
vt 0.572357 0.551602
vt 0.628804 0.443578
vt 0.632985 0.040596
vt 0.578301 0.546935
vt 0.634517 0.032857
vt 0.620782 0.443670
vt 0.433413 0.580238
vt 0.627518 0.046423
vt 0.442267 0.585177
vt 0.519344 0.389446
vt 0.471552 0.242798
vt 0.619455 0.047649
vt 0.437521 0.587035
vt 0.613095 0.254436
vt 0.443804 0.595156
vt 0.519713 0.398700
vt 0.438596 0.595529
vt 0.610333 0.246872
vt 0.441985 0.606546
vt 0.520095 0.410735
vt 0.610031 0.235944
vt 0.436936 0.605703
vt 0.615372 0.235423
vt 0.602444 0.572278
vt 0.525540 0.397990
vt 0.525588 0.410062
vt 0.578240 0.205117
vt 0.641588 0.009773
vt 0.578720 0.215411
vt 0.623112 0.138135
vt 0.573958 0.216092
vt 0.573421 0.228374
vt 0.623741 0.149440
vt 0.618998 0.149845
vt 0.567894 0.045974
vt 0.618929 0.138827
vt 0.566937 0.034379
vt 0.578384 0.228380
vt 0.577822 0.243732
vt 0.637111 0.343387
vt 0.573069 0.243021
vt 0.623797 0.162456
vt 0.583478 0.244038
vt 0.584499 0.260884
vt 0.625713 0.326211
vt 0.631472 0.327142
vt 0.578177 0.261050
vt 0.588339 0.243773
vt 0.549957 0.621834
vt 0.590178 0.261061
vt 0.620303 0.325388
vt 0.619304 0.315672
vt 0.638790 0.366757
vt 0.624892 0.314763
vt 0.614009 0.316326
vt 0.637765 0.378099
vt 0.620969 0.200728
vt 0.625278 0.305465
vt 0.629909 0.365890
vt 0.630067 0.359471
vt 0.640346 0.360558
vt 0.630729 0.314253
vt 0.619238 0.306527
vt 0.629514 0.372197
vt 0.619998 0.371346
vt 0.570845 0.262879
vt 0.570798 0.256286
vt 0.620432 0.364670
vt 0.613845 0.307572
vt 0.629547 0.377778
vt 0.619716 0.377589
vt 0.570873 0.269065
vt 0.562173 0.268506
vt 0.393681 0.483301
vt 0.399911 0.484528
vt 0.562322 0.262201
vt 0.629472 0.382637
vt 0.646934 0.451710
vt 0.620202 0.383063
vt 0.570746 0.274622
vt 0.489413 0.491584
vt 0.643677 0.443578
vt 0.562146 0.274678
vt 0.481530 0.495137
vt 0.553511 0.275202
vt 0.477244 0.503218
vt 0.389483 0.472822
vt 0.553559 0.268888
vt 0.395083 0.474546
vt 0.490876 0.496226
vt 0.650314 0.596179
vt 0.640288 0.447093
vt 0.485748 0.499043
vt 0.633804 0.164487
vt 0.648660 0.590254
vt 0.627368 0.163821
vt 0.482851 0.504993
vt 0.643700 0.593788
vt 0.630289 0.428180
vt 0.631710 0.169899
vt 0.626756 0.169470
vt 0.445169 0.617671
vt 0.631896 0.117604
vt 0.619926 0.170174
vt 0.618899 0.164675
vt 0.482404 0.513571
vt 0.625883 0.116362
vt 0.476864 0.513528
vt 0.340437 0.408718
vt 0.393038 0.463208
vt 0.429208 0.641110
vt 0.625923 0.126465
vt 0.484125 0.524762
vt 0.479246 0.525562
vt 0.341527 0.421147
vt 0.336094 0.421609
vt 0.403380 0.454615
vt 0.334788 0.409488
vt 0.398234 0.465036
vt 0.408659 0.456861
vt 0.630135 0.273356
vt 0.404178 0.467168
vt 0.631646 0.261661
vt 0.401319 0.476152
vt 0.625312 0.261600
vt 0.410144 0.468271
vt 0.554131 0.256069
vt 0.407439 0.477546
vt 0.406121 0.485844
vt 0.562220 0.255639
vt 0.553511 0.249861
vt 0.413136 0.478520
vt 0.561684 0.249330
vt 0.411794 0.487017
vt 0.570732 0.249861
vt 0.619942 0.358300
vt 0.560887 0.243856
vt 0.636125 0.443578
vt 0.417048 0.487464
vt 0.416556 0.625266
vt 0.570285 0.244657
vt 0.619716 0.353058
vt 0.414139 0.634097
vt 0.417182 0.644155
vt 0.636886 0.303276
vt 0.630235 0.353815
vt 0.422508 0.642394
vt 0.642064 0.305619
vt 0.550090 0.092686
vt 0.597180 0.388868
vt 0.641184 0.314334
vt 0.559335 0.088777
vt 0.641313 0.355010
vt 0.636110 0.314111
vt 0.641541 0.328094
vt 0.565848 0.076548
vt 0.636571 0.328006
vt 0.573069 0.260422
vt 0.642064 0.342949
vt 0.568273 0.059784
vt 0.618899 0.162456
vt 0.589839 0.408898
vt 0.561173 0.074613
vt 0.563444 0.059121
vt 0.591582 0.424250
vt 0.640273 0.105283
vt 0.594808 0.410617
vt 0.596166 0.423873
vt 0.637807 0.092164
vt 0.395598 0.594873
vt 0.635340 0.104484
vt 0.632974 0.092089
vt 0.400589 0.595685
vt 0.630263 0.103891
vt 0.628452 0.091498
vt 0.627571 0.081371
vt 0.649880 0.610282
vt 0.623967 0.091106
vt 0.649321 0.614794
vt 0.635209 0.646265
vt 0.623345 0.080473
vt 0.645043 0.614302
vt 0.458713 0.646815
vt 0.631439 0.645700
vt 0.645040 0.610596
vt 0.462302 0.646723
vt 0.462359 0.638213
vt 0.466842 0.638884
vt 0.458028 0.637876
vt 0.457723 0.627445
vt 0.463320 0.627987
vt 0.453179 0.637682
vt 0.451939 0.627442
vt 0.451271 0.618275
vt 0.619943 0.176402
vt 0.619969 0.182591
vt 0.457621 0.618569
vt 0.424419 0.631124
vt 0.448217 0.638365
vt 0.446181 0.627590
vt 0.424176 0.641457
vt 0.631364 0.126465
vt 0.429208 0.630234
vt 0.486488 0.535649
vt 0.481767 0.536305
vt 0.341894 0.432762
vt 0.413276 0.438324
vt 0.337471 0.442090
vt 0.336990 0.432755
vt 0.408695 0.445792
vt 0.627139 0.293433
vt 0.417210 0.440163
vt 0.413166 0.447940
vt 0.628708 0.284204
vt 0.623089 0.293181
vt 0.421222 0.441550
vt 0.623913 0.284133
vt 0.624546 0.273355
vt 0.647539 0.239383
vt 0.618824 0.284687
vt 0.618719 0.273949
vt 0.619201 0.261919
vt 0.415895 0.468794
vt 0.542179 0.057477
vt 0.613845 0.275005
vt 0.635751 0.472750
vt 0.613845 0.262711
vt 0.421504 0.469632
vt 0.638561 0.460673
vt 0.638924 0.450896
vt 0.418703 0.478983
vt 0.652030 0.398766
vt 0.475372 0.617671
vt 0.632949 0.460827
vt 0.633120 0.452645
vt 0.652564 0.390445
vt 0.630289 0.398265
vt 0.647059 0.398929
vt 0.620068 0.194349
vt 0.469963 0.618798
vt 0.647059 0.391825
vt 0.629265 0.404511
vt 0.626995 0.194264
vt 0.619879 0.188538
vt 0.463955 0.618719
vt 0.626730 0.188350
vt 0.631938 0.188468
vt 0.626055 0.410425
vt 0.626527 0.182175
vt 0.627423 0.416562
vt 0.631746 0.182299
vt 0.631680 0.237119
vt 0.622848 0.417754
vt 0.621590 0.411476
vt 0.631990 0.230420
vt 0.407086 0.580163
vt 0.626672 0.237075
vt 0.626985 0.230580
vt 0.400801 0.579527
vt 0.625008 0.113145
vt 0.406624 0.587054
vt 0.400973 0.586389
vt 0.630563 0.113380
vt 0.635685 0.113910
vt 0.395651 0.585319
vt 0.640098 0.114998
vt 0.391446 0.584158
vt 0.596608 0.400549
vt 0.592491 0.397390
vt 0.556143 0.085354
vt 0.550766 0.088598
vt 0.597251 0.392864
vt 0.625157 0.103348
vt 0.619453 0.113186
vt 0.412088 0.587216
vt 0.619979 0.102683
vt 0.413037 0.580356
vt 0.627098 0.243367
vt 0.631972 0.243802
vt 0.624581 0.423780
vt 0.632451 0.249591
vt 0.645070 0.597630
vt 0.626175 0.428910
vt 0.628971 0.422642
vt 0.631615 0.175874
vt 0.626560 0.175753
vt 0.468744 0.628802
vt 0.473798 0.628857
vt 0.546186 0.059542
vt 0.630948 0.472057
vt 0.552267 0.050402
vt 0.471079 0.639465
vt 0.548291 0.048366
vt 0.614954 0.285869
vt 0.652361 0.239247
vt 0.648289 0.231716
vt 0.618798 0.293343
vt 0.562175 0.094859
vt 0.621687 0.301911
vt 0.424682 0.433625
vt 0.618083 0.301495
vt 0.428154 0.434938
vt 0.561258 0.103070
vt 0.428373 0.423236
vt 0.431642 0.424626
vt 0.561876 0.113510
vt 0.334274 0.451855
vt 0.421218 0.432137
vt 0.425488 0.421548
vt 0.334704 0.462547
vt 0.636141 0.381860
vt 0.647440 0.459076
vt 0.643620 0.624472
vt 0.618271 0.203367
vt 0.538521 0.651622
vt 0.645721 0.261430
vt 0.639460 0.486568
vt 0.543552 0.643841
vt 0.526482 0.628800
vt 0.543584 0.622823
vt 0.529207 0.625039
vt 0.543863 0.627150
vt 0.522922 0.606324
vt 0.527063 0.603200
vt 0.645422 0.271866
vt 0.650083 0.624110
vt 0.636726 0.496278
vt 0.650083 0.635152
vt 0.640471 0.506422
vt 0.651013 0.050436
vt 0.538380 0.621458
vt 0.641159 0.524905
vt 0.647075 0.526527
vt 0.630152 0.435564
vt 0.631183 0.546897
vt 0.624745 0.430977
vt 0.636011 0.541682
vt 0.630451 0.430275
vt 0.636321 0.547335
vt 0.637466 0.554313
vt 0.641946 0.296590
vt 0.633272 0.297080
vt 0.647458 0.292191
vt 0.647322 0.300725
vt 0.357236 0.631524
vt 0.541208 0.579159
vt 0.648289 0.148731
vt 0.640239 0.543229
vt 0.646990 0.064040
vt 0.645666 0.161695
vt 0.435450 0.625253
vt 0.375692 0.547504
vt 0.643264 0.145815
vt 0.586921 0.548204
vt 0.454372 0.263451
vt 0.627065 0.619469
vt 0.621988 0.605360
vt 0.625655 0.608139
vt 0.619644 0.556646
vt 0.602001 0.273220
vt 0.607960 0.278585
vt 0.542884 0.118414
vt 0.547712 0.117866
vt 0.549077 0.118457
vt 0.499717 0.570704
vt 0.499717 0.581603
vt 0.501773 0.579749
vt 0.502479 0.572036
vt 0.501155 0.571398
vt 0.500944 0.572903
vt 0.499824 0.572735
vt 0.499748 0.578749
vt 0.500890 0.578534
vt 0.500818 0.580643
vt 0.502015 0.578453
vt 0.502414 0.573130
vt 0.502332 0.574512
vt 0.501004 0.574435
vt 0.500992 0.575742
vt 0.499848 0.575719
vt 0.499897 0.574419
vt 0.502254 0.575807
vt 0.502138 0.577090
vt 0.500949 0.577035
vt 0.499798 0.577017
vt 0.608185 0.442213
vt 0.495097 0.610708
vt 0.343777 0.419841
vt 0.495129 0.558915
vt 0.608151 0.390408
vt 0.377796 0.281974
vt 0.497112 0.610598
vt 0.606169 0.442102
vt 0.343606 0.421850
vt 0.606571 0.388868
vt 0.496706 0.557378
vt 0.377796 0.279855
vt 0.607322 0.442055
vt 0.343606 0.420691
vt 0.460460 0.272877
vt 0.607877 0.439898
vt 0.608742 0.439764
vt 0.459487 0.272969
vt 0.494533 0.608263
vt 0.496655 0.608218
vt 0.496269 0.610460
vt 0.344050 0.421055
vt 0.495779 0.558630
vt 0.377716 0.281400
vt 0.495965 0.560707
vt 0.608449 0.392291
vt 0.494830 0.560799
vt 0.607797 0.392375
vt 0.607557 0.390243
vt 0.377593 0.281520
vt 0.497411 0.608234
vt 0.605871 0.439738
vt 0.496729 0.560915
vt 0.606549 0.392406
vt 0.606183 0.396501
vt 0.497097 0.565008
vt 0.496087 0.564922
vt 0.608034 0.396316
vt 0.608160 0.402319
vt 0.605518 0.402534
vt 0.497762 0.571040
vt 0.608893 0.396653
vt 0.494384 0.565161
vt 0.609428 0.402807
vt 0.493849 0.571313
vt 0.493283 0.580647
vt 0.609993 0.412143
vt 0.608165 0.411852
vt 0.496356 0.570908
vt 0.496591 0.580545
vt 0.496632 0.590573
vt 0.493189 0.590711
vt 0.610087 0.422209
vt 0.498352 0.580474
vt 0.604929 0.411971
vt 0.498352 0.590725
vt 0.604929 0.422224
vt 0.605031 0.430744
vt 0.498250 0.599243
vt 0.496673 0.599363
vt 0.608278 0.422072
vt 0.608334 0.431083
vt 0.460460 0.276282
vt 0.608184 0.436174
vt 0.497865 0.604360
vt 0.605416 0.435862
vt 0.609905 0.430774
vt 0.493371 0.599275
vt 0.609307 0.436054
vt 0.459256 0.276325
vt 0.493968 0.604553
vt 0.496754 0.604541
vt 0.591164 0.191038
vt 0.590058 0.194574
vt 0.593155 0.190908
vt 0.593155 0.194313
vt 0.591755 0.190999
vt 0.591718 0.191937
vt 0.590899 0.191888
vt 0.590346 0.193655
vt 0.591202 0.193706
vt 0.591164 0.194481
vt 0.593155 0.191801
vt 0.592394 0.191871
vt 0.592421 0.190956
vt 0.592196 0.194394
vt 0.592230 0.193583
vt 0.593155 0.193501
vt 0.592319 0.192788
vt 0.593155 0.192686
vt 0.591447 0.192824
vt 0.590640 0.192714
vt 0.503008 0.621878
vt 0.631654 0.410235
vt 0.588155 0.276654
vt 0.632934 0.411433
vt 0.633600 0.408935
vt 0.496741 0.638740
vt 0.539115 0.115216
vt 0.377593 0.283339
vt 0.498067 0.615533
vt 0.633716 0.402931
vt 0.590216 0.269449
vt 0.631654 0.403462
vt 0.591531 0.271056
vt 0.495059 0.639197
vt 0.497054 0.612580
vt 0.587331 0.265611
vt 0.639845 0.403539
vt 0.540408 0.110720
vt 0.641027 0.401172
vt 0.540408 0.113181
vt 0.334706 0.519335
vt 0.633424 0.407035
vt 0.636265 0.409036
vt 0.635676 0.415032
vt 0.500762 0.627431
vt 0.633332 0.415985
vt 0.538632 0.125546
vt 0.499578 0.626985
vt 0.540290 0.125605
vt 0.501020 0.620503
vt 0.586909 0.274462
vt 0.636416 0.405141
vt 0.495566 0.634119
vt 0.497729 0.634500
vt 0.539848 0.118797
vt 0.496827 0.640136
vt 0.377593 0.284823
vt 0.495050 0.640290
vt 0.635032 0.423252
vt 0.538632 0.119232
vt 0.538714 0.114546
vt 0.635957 0.428395
vt 0.377790 0.284080
vt 0.501709 0.616471
vt 0.589060 0.271251
vt 0.497114 0.619577
vt 0.586909 0.264564
vt 0.495735 0.612073
vt 0.335617 0.518059
vt 0.499448 0.614223
vt 0.588342 0.268195
vt 0.501250 0.615114
vt 0.589310 0.269842
vt 0.589138 0.267970
vt 0.635768 0.402524
vt 0.638693 0.428910
vt 0.494140 0.639759
vt 0.493941 0.634278
vt 0.374996 0.523665
vt 0.639444 0.423475
vt 0.588400 0.265233
vt 0.638482 0.401022
vt 0.587954 0.263805
vt 0.640001 0.400304
vt 0.334277 0.518059
vt 0.376307 0.536078
vt 0.640239 0.408682
vt 0.641367 0.403949
vt 0.538632 0.111261
vt 0.493983 0.614657
vt 0.641679 0.408781
vt 0.374342 0.536094
vt 0.493189 0.619433
vt 0.539218 0.113138
vt 0.493767 0.612444
vt 0.335575 0.520029
vt 0.493189 0.626718
vt 0.374450 0.530173
vt 0.639571 0.415690
vt 0.376303 0.530320
vt 0.496111 0.626445
vt 0.376307 0.523848
vt 0.638622 0.423321
vt 0.636641 0.422836
vt 0.636622 0.428450
vt 0.637250 0.428607
vt 0.610297 0.002050
vt 0.344915 0.570299
vt 0.344050 0.415187
vt 0.342044 0.569101
vt 0.613164 0.000856
vt 0.469478 0.559680
vt 0.344577 0.616626
vt 0.335382 0.516694
vt 0.338790 0.594478
vt 0.335412 0.471960
vt 0.340911 0.596752
vt 0.617858 0.028892
vt 0.337344 0.597138
vt 0.334461 0.471737
vt 0.614419 0.028296
vt 0.340775 0.596539
vt 0.343677 0.417341
vt 0.615468 0.000682
vt 0.344050 0.418476
vt 0.616789 0.001301
vt 0.338415 0.569542
vt 0.343438 0.408718
vt 0.343729 0.415948
vt 0.341284 0.568774
vt 0.342715 0.571908
vt 0.612917 0.004336
vt 0.610256 0.009496
vt 0.608479 0.009047
vt 0.346729 0.577295
vt 0.343608 0.577799
vt 0.467762 0.559964
vt 0.611964 0.047649
vt 0.334457 0.515354
vt 0.613434 0.047162
vt 0.334274 0.490580
vt 0.334457 0.513881
vt 0.342399 0.615620
vt 0.335412 0.490797
vt 0.335617 0.514505
vt 0.468695 0.563171
vt 0.334467 0.508197
vt 0.344420 0.612204
vt 0.467762 0.563294
vt 0.335412 0.508196
vt 0.611218 0.043958
vt 0.335335 0.486703
vt 0.341860 0.611517
vt 0.338903 0.586829
vt 0.342765 0.586655
vt 0.617987 0.018977
vt 0.337207 0.587216
vt 0.335082 0.479590
vt 0.341583 0.604401
vt 0.613372 0.036246
vt 0.334731 0.479673
vt 0.540250 0.100504
vt 0.345545 0.596467
vt 0.334457 0.492439
vt 0.334609 0.500443
vt 0.344974 0.604461
vt 0.614486 0.018546
vt 0.335090 0.500482
vt 0.610393 0.036255
vt 0.610012 0.027948
vt 0.539371 0.100983
vt 0.335412 0.492162
vt 0.538632 0.109060
vt 0.609774 0.018399
vt 0.337838 0.574662
vt 0.617368 0.006419
vt 0.344050 0.413822
vt 0.616175 0.005402
vt 0.343259 0.412821
vt 0.339274 0.573187
vt 0.344050 0.412315
vt 0.339217 0.578291
vt 0.618090 0.010557
vt 0.337105 0.578794
vt 0.614913 0.010202
vt 0.540250 0.109210
vt 0.608479 0.018341
vt 0.346729 0.586592
vt 0.613823 0.043499
vt 0.334452 0.486928
vt 0.377702 0.289620
vt 0.377646 0.289136
vt 0.377821 0.289123
vt 0.377593 0.288675
vt 0.377593 0.287250
vt 0.377821 0.288615
vt 0.377808 0.287207
vt 0.377593 0.286713
vt 0.334796 0.527564
vt 0.334787 0.527110
vt 0.377815 0.295515
vt 0.334973 0.527115
vt 0.335018 0.527388
vt 0.335236 0.527217
vt 0.335202 0.526711
vt 0.335405 0.526685
vt 0.335444 0.527053
vt 0.335590 0.526661
vt 0.335632 0.526905
vt 0.335689 0.526648
vt 0.335006 0.526737
vt 0.334787 0.526643
vt 0.377593 0.295826
vt 0.377815 0.296201
vt 0.377593 0.297897
vt 0.343688 0.426083
vt 0.377597 0.353964
vt 0.344050 0.428881
vt 0.343769 0.431064
vt 0.377844 0.301383
vt 0.377826 0.294096
vt 0.468941 0.569881
vt 0.377636 0.297565
vt 0.343619 0.426459
vt 0.468912 0.566702
vt 0.377807 0.297568
vt 0.469079 0.566623
vt 0.377803 0.297921
vt 0.469234 0.566936
vt 0.343640 0.428691
vt 0.343546 0.425883
vt 0.377613 0.298149
vt 0.377782 0.355559
vt 0.343627 0.425709
vt 0.377755 0.353747
vt 0.377759 0.355371
vt 0.343781 0.425760
vt 0.377593 0.353747
vt 0.343959 0.430992
vt 0.377807 0.298155
vt 0.343688 0.428882
vt 0.377593 0.355587
vt 0.344050 0.426220
vt 0.469382 0.570261
vt 0.343959 0.430458
vt 0.469328 0.569872
vt 0.343947 0.426549
vt 0.344050 0.425928
vt 0.343905 0.430726
vt 0.377727 0.353898
vt 0.343919 0.428952
vt 0.377593 0.355329
vt 0.344050 0.428508
vt 0.343640 0.430726
vt 0.469478 0.566978
vt 0.343846 0.428646
vt 0.377805 0.293706
vt 0.468583 0.569729
vt 0.468605 0.569472
vt 0.468957 0.569514
vt 0.377844 0.301875
vt 0.469123 0.570332
vt 0.343952 0.428178
vt 0.343738 0.430317
vt 0.377633 0.301809
vt 0.469404 0.566579
vt 0.343723 0.428277
vt 0.377593 0.301416
vt 0.377604 0.294107
vt 0.469225 0.566202
vt 0.469172 0.565865
vt 0.377593 0.293777
vt 0.469330 0.569526
vt 0.377593 0.359026
vt 0.343808 0.426813
vt 0.469042 0.569177
vt 0.377659 0.358680
vt 0.469320 0.569163
vt 0.377906 0.305071
vt 0.377784 0.358670
vt 0.468474 0.566099
vt 0.377769 0.305081
vt 0.377784 0.359047
vt 0.343609 0.426807
vt 0.468694 0.566405
vt 0.468780 0.565920
vt 0.468923 0.566274
vt 0.377593 0.305306
vt 0.468288 0.565777
vt 0.468696 0.565554
vt 0.469141 0.565517
vt 0.377602 0.293435
vt 0.468655 0.565167
vt 0.469120 0.565120
vt 0.467946 0.569571
vt 0.469475 0.565167
vt 0.377593 0.303706
vt 0.469375 0.565454
vt 0.377827 0.293355
vt 0.468245 0.569624
vt 0.377704 0.303612
vt 0.467896 0.569438
vt 0.468261 0.569436
vt 0.467903 0.569128
vt 0.468274 0.569135
vt 0.468648 0.569154
vt 0.468281 0.568854
vt 0.468635 0.568880
vt 0.377593 0.300018
vt 0.469192 0.568797
vt 0.468897 0.568397
vt 0.436784 0.276764
vt 0.469324 0.568343
vt 0.377644 0.299520
vt 0.467681 0.565756
vt 0.377845 0.306945
vt 0.436784 0.276331
vt 0.377751 0.299850
vt 0.469382 0.568699
vt 0.468011 0.565992
vt 0.377906 0.305513
vt 0.468134 0.565358
vt 0.467511 0.565426
vt 0.377593 0.307218
vt 0.468057 0.564936
vt 0.468607 0.564737
vt 0.469111 0.564659
vt 0.469478 0.564749
vt 0.377593 0.303294
vt 0.377603 0.303240
vt 0.467511 0.569407
vt 0.467526 0.569120
vt 0.467542 0.568801
vt 0.467912 0.568828
vt 0.377876 0.307299
vt 0.436381 0.276214
vt 0.436388 0.276597
vt 0.335715 0.524211
vt 0.335715 0.525278
vt 0.338767 0.473928
vt 0.334787 0.525044
vt 0.339571 0.474304
vt 0.338767 0.472874
vt 0.343640 0.434492
vt 0.339909 0.473537
vt 0.339116 0.472503
vt 0.343640 0.435052
vt 0.340116 0.472955
vt 0.341063 0.472928
vt 0.341093 0.473693
vt 0.341266 0.474424
vt 0.341894 0.473588
vt 0.341876 0.474289
vt 0.341837 0.474969
vt 0.341847 0.472791
vt 0.340873 0.472153
vt 0.341454 0.471737
vt 0.340400 0.472155
vt 0.339890 0.471998
vt 0.343970 0.434869
s 0
usemtl tripo_mat_70a7822e-cdfa-4229-982a-4a6ecc22366a
f 1/1/1 107/318/1 108/319/1
f 1/1/2 108/319/2 109/320/2
f 1/2/3 110/322/3 111/324/3
f 1/2/4 111/324/4 107/317/4
f 1/3/5 109/321/5 112/326/5
f 1/3/6 112/326/6 110/323/6
f 2/4/7 113/328/7 3/6/7
f 113/328/8 114/329/8 3/6/8
f 2/4/9 3/6/9 115/333/9
f 2/4/10 115/333/10 116/337/10
f 2/4/11 107/317/11 111/324/11
f 2/4/12 111/324/12 113/328/12
f 3/7/13 117/339/13 115/334/13
f 117/339/14 98/292/14 115/334/14
f 4/9/15 115/335/15 98/293/15
f 4/9/16 98/293/16 118/344/16
f 4/10/17 119/348/17 116/338/17
f 4/10/18 116/338/18 115/336/18
f 4/11/19 118/343/19 120/349/19
f 4/11/20 120/349/20 119/346/20
f 5/12/21 121/353/21 122/356/21
f 5/12/22 122/356/22 123/357/22
f 5/13/23 123/358/23 124/359/23
f 5/13/24 124/359/24 125/361/24
f 6/18/25 126/364/25 127/368/25
f 6/18/26 127/368/26 128/370/26
f 6/16/27 128/369/27 129/371/27
f 6/16/28 129/371/28 130/374/28
f 6/17/29 130/373/29 131/377/29
f 6/17/30 131/377/30 132/378/30
f 7/21/31 133/380/31 134/382/31
f 7/21/32 134/382/32 135/386/32
f 7/20/33 135/387/33 136/390/33
f 7/20/34 136/390/34 137/391/34
f 7/21/35 137/392/35 138/394/35
f 7/21/36 138/394/36 133/380/36
f 8/22/37 143/407/37 139/397/37
f 8/22/38 139/397/38 140/401/38
f 8/22/39 141/403/39 142/404/39
f 8/22/40 142/404/40 143/408/40
f 9/23/41 144/411/41 145/413/41
f 9/23/42 145/413/42 146/414/42
f 9/24/43 146/415/43 147/417/43
f 9/24/44 147/417/44 148/419/44
f 9/24/45 148/419/45 149/420/45
f 9/24/46 149/420/46 150/423/46
f 10/27/47 151/428/47 152/429/47
f 10/27/48 152/429/48 153/430/48
f 10/28/49 154/432/49 155/435/49
f 10/28/50 155/435/50 151/426/50
f 10/28/51 15/47/51 156/438/51
f 10/28/52 156/438/52 154/432/52
f 11/31/53 157/442/53 158/445/53
f 11/31/54 158/445/54 15/48/54
f 11/32/55 15/49/55 159/448/55
f 11/32/56 159/448/56 160/449/56
f 11/33/57 17/55/57 12/35/57
f 11/33/58 12/35/58 157/441/58
f 12/36/59 161/451/59 162/454/59
f 12/36/60 162/454/60 14/42/60
f 12/36/61 17/56/61 163/456/61
f 12/36/62 163/456/62 161/451/62
f 13/41/63 164/460/63 165/461/63
f 13/41/64 165/461/64 166/465/64
f 13/39/65 166/466/65 167/468/65
f 13/39/66 167/468/66 168/471/66
f 13/40/67 169/475/67 170/477/67
f 13/40/68 170/477/68 171/481/68
f 13/40/69 168/472/69 78/226/69
f 13/40/70 78/226/70 169/475/70
f 14/43/71 162/455/71 172/487/71
f 14/43/72 172/487/72 173/489/72
f 14/44/73 173/488/73 15/50/73
f 14/44/74 15/50/74 158/444/74
f 15/50/75 173/488/75 174/490/75
f 15/50/76 174/490/76 156/440/76
f 16/52/77 10/29/77 153/431/77
f 16/52/78 153/431/78 175/492/78
f 17/58/79 80/235/79 176/494/79
f 17/58/80 176/494/80 177/497/80
f 17/56/81 178/502/81 179/503/81
f 17/56/82 179/503/82 163/456/82
f 17/57/83 177/498/83 164/458/83
f 17/57/84 164/458/84 178/500/84
f 18/59/85 160/449/85 180/504/85
f 18/59/86 180/504/86 181/505/86
f 18/59/87 182/506/87 80/233/87
f 18/59/88 80/233/88 160/449/88
f 18/59/89 183/512/89 170/478/89
f 18/59/90 170/478/90 182/506/90
f 19/61/91 181/505/91 184/513/91
f 19/61/92 184/513/92 185/515/92
f 19/63/93 186/516/93 187/517/93
f 19/63/94 187/517/94 183/509/94
f 19/60/95 185/514/95 188/520/95
f 19/60/96 188/520/96 189/521/96
f 20/64/97 190/523/97 191/525/97
f 20/64/98 191/525/98 192/527/98
f 20/64/99 192/527/99 193/530/99
f 20/64/100 193/530/100 194/535/100
f 20/64/101 195/538/101 196/539/101
f 20/64/102 196/539/102 197/543/102
f 21/68/103 198/544/103 199/546/103
f 21/68/104 199/546/104 200/548/104
f 21/65/105 22/69/105 201/549/105
f 21/65/106 201/549/106 202/551/106
f 21/66/107 202/550/107 203/552/107
f 21/66/108 203/552/108 198/545/108
f 23/73/109 24/74/109 204/553/109
f 23/73/110 204/553/110 205/557/110
f 23/71/111 26/80/111 206/560/111
f 23/71/112 206/560/112 207/565/112
f 23/73/113 205/557/113 208/568/113
f 23/73/114 208/568/114 26/81/114
f 207/564/115 67/195/115 33/106/115
f 207/564/116 33/106/116 32/102/116
f 23/71/117 207/565/117 32/103/117
f 23/71/118 32/103/118 209/571/118
f 23/72/119 209/572/119 167/468/119
f 23/72/120 167/468/120 166/466/120
f 23/73/121 166/467/121 165/462/121
f 23/73/122 165/462/122 24/74/122
f 24/76/123 210/575/123 30/95/123
f 24/76/124 30/95/124 29/92/124
f 24/75/125 165/463/125 211/577/125
f 165/463/126 79/229/126 211/577/126
f 24/76/127 211/578/127 212/581/127
f 24/76/128 212/581/128 210/575/128
f 24/77/129 29/93/129 213/586/129
f 24/77/130 213/586/130 204/554/130
f 25/78/131 214/587/131 215/591/131
f 25/78/132 215/591/132 216/593/132
f 25/79/133 217/594/133 218/597/133
f 25/79/134 218/597/134 214/588/134
f 25/78/135 216/593/135 219/599/135
f 25/78/136 219/599/136 220/601/136
f 25/79/137 221/603/137 222/605/137
f 25/79/138 222/605/138 217/594/138
f 25/79/139 220/602/139 223/609/139
f 25/79/140 223/609/140 221/603/140
f 26/82/141 224/611/141 225/613/141
f 26/82/142 225/613/142 206/561/142
f 26/83/143 221/604/143 223/608/143
f 26/83/144 223/608/144 224/610/144
f 26/83/145 208/570/145 222/606/145
f 26/83/146 222/606/146 221/604/146
f 27/85/147 226/614/147 227/615/147
f 27/85/148 227/615/148 228/617/148
f 27/84/149 228/618/149 207/566/149
f 27/84/150 207/566/150 206/562/150
f 27/85/151 206/563/151 225/612/151
f 27/85/152 225/612/152 226/614/152
f 28/86/153 229/621/153 31/99/153
f 28/86/154 31/99/154 30/96/154
f 28/87/155 30/97/155 210/576/155
f 28/87/156 210/576/156 230/625/156
f 28/88/157 230/623/157 204/555/157
f 28/88/158 204/555/158 213/585/158
f 28/89/159 218/596/159 217/595/159
f 28/89/160 217/595/160 229/622/160
f 28/90/161 213/586/161 231/626/161
f 28/90/162 231/626/162 232/628/162
f 29/93/163 233/631/163 231/626/163
f 29/93/164 231/626/164 213/586/164
f 29/94/165 234/632/165 235/634/165
f 29/94/166 235/634/166 233/629/166
f 29/94/167 30/98/167 76/222/167
f 29/94/168 76/222/168 234/632/168
f 30/98/169 236/637/169 237/640/169
f 30/98/170 237/640/170 76/222/170
f 31/100/171 229/622/171 238/643/171
f 31/100/172 238/643/172 239/644/172
f 31/101/173 239/645/173 236/637/173
f 31/101/174 236/637/174 30/98/174
f 33/107/175 240/647/175 241/650/175
f 33/107/176 241/650/176 242/654/176
f 32/104/177 33/108/177 242/653/177
f 32/104/178 242/653/178 212/582/178
f 32/105/179 212/583/179 211/579/179
f 32/105/180 211/579/180 209/573/180
f 33/109/181 67/196/181 243/657/181
f 33/109/182 243/657/182 240/648/182
f 34/113/183 74/214/183 73/212/183
f 34/113/184 73/212/184 244/660/184
f 34/112/185 35/114/185 245/661/185
f 34/112/186 245/661/186 246/664/186
f 34/110/187 158/445/187 157/442/187
f 34/110/188 157/442/188 74/215/188
f 35/115/189 247/666/189 248/668/189
f 35/115/190 248/668/190 245/662/190
f 35/116/191 249/669/191 250/670/191
f 35/116/192 250/670/192 247/665/192
f 36/117/193 251/672/193 252/676/193
f 36/117/194 252/676/194 253/679/194
f 36/117/195 253/679/195 254/680/195
f 36/117/196 254/680/196 255/681/196
f 37/120/197 256/682/197 257/687/197
f 37/120/198 257/687/198 258/689/198
f 38/123/199 260/695/199 261/698/199
f 38/123/200 261/698/200 262/700/200
f 38/123/201 262/700/201 263/704/201
f 38/123/202 263/704/202 264/705/202
f 38/123/203 264/705/203 265/706/203
f 38/123/204 265/706/204 100/297/204
f 39/125/205 266/708/205 267/709/205
f 39/125/206 267/709/206 268/710/206
f 39/126/207 269/712/207 270/715/207
f 39/126/208 270/715/208 266/707/208
f 39/127/209 268/711/209 271/717/209
f 39/127/210 271/717/210 269/713/210
f 40/128/211 272/719/211 273/723/211
f 40/128/212 273/723/212 274/726/212
f 276/728/213 277/730/213 40/129/213
f 277/730/214 272/720/214 40/129/214
f 40/129/215 274/725/215 275/727/215
f 40/129/216 275/727/216 276/728/216
f 41/130/217 278/732/217 279/736/217
f 41/130/218 279/736/218 280/739/218
f 41/131/219 281/740/219 282/742/219
f 41/131/220 282/742/220 278/733/220
f 41/131/221 280/738/221 283/746/221
f 41/131/222 283/746/222 281/740/222
f 42/132/223 284/751/223 52/159/223
f 42/132/224 52/159/224 285/753/224
f 42/133/225 286/757/225 287/759/225
f 42/133/226 287/759/226 284/750/226
f 42/134/227 285/754/227 288/762/227
f 42/134/228 288/762/228 286/758/228
f 43/135/229 289/764/229 290/766/229
f 43/135/230 290/766/230 291/767/230
f 43/135/231 291/767/231 279/736/231
f 43/135/232 279/736/232 292/768/232
f 43/135/233 292/768/233 293/770/233
f 43/135/234 293/770/234 289/764/234
f 44/136/235 294/773/235 287/759/235
f 44/136/236 287/759/236 286/757/236
f 44/137/237 286/758/237 288/762/237
f 44/137/238 288/762/238 295/777/238
f 44/137/239 295/777/239 296/780/239
f 44/137/240 296/780/240 294/774/240
f 45/138/241 297/783/241 298/784/241
f 45/138/242 298/784/242 299/786/242
f 45/139/243 300/790/243 277/729/243
f 45/139/244 277/729/244 297/782/244
f 45/140/245 299/785/245 301/791/245
f 45/140/246 301/791/246 293/772/246
f 46/141/247 302/794/247 303/798/247
f 46/141/248 303/798/248 304/801/248
f 46/142/249 304/802/249 49/148/249
f 46/142/250 49/148/250 305/805/250
f 46/142/251 305/805/251 306/806/251
f 46/142/252 306/806/252 302/795/252
f 47/143/253 303/800/253 281/741/253
f 47/143/254 281/741/254 283/747/254
f 47/144/255 283/748/255 307/808/255
f 47/144/256 307/808/256 308/811/256
f 47/145/257 308/810/257 304/803/257
f 47/145/258 304/803/258 303/799/258
f 48/146/259 49/149/259 309/812/259
f 48/146/260 309/812/260 57/171/260
f 48/146/261 310/815/261 305/804/261
f 48/146/262 305/804/262 49/149/262
f 48/147/263 311/818/263 273/724/263
f 48/147/264 273/724/264 310/816/264
f 49/150/265 304/803/265 308/810/265
f 49/150/266 308/810/266 53/161/266
f 49/151/267 53/162/267 312/820/267
f 49/151/268 312/820/268 309/813/268
f 50/152/269 313/822/269 51/154/269
f 50/152/270 51/154/270 314/827/270
f 50/152/271 314/827/271 315/829/271
f 50/152/272 315/829/272 316/831/272
f 50/153/273 316/832/273 317/834/273
f 50/153/274 317/834/274 313/823/274
f 51/155/275 313/824/275 318/838/275
f 51/155/276 318/838/276 319/839/276
f 51/155/277 319/839/277 320/840/277
f 51/155/278 320/840/278 321/841/278
f 51/155/279 321/841/279 322/843/279
f 51/155/280 322/843/280 52/158/280
f 52/159/281 323/844/281 324/846/281
f 52/159/282 324/846/282 51/156/282
f 52/159/283 284/751/283 325/849/283
f 52/159/284 325/849/284 323/844/284
f 52/160/285 322/842/285 326/852/285
f 52/160/286 326/852/286 285/755/286
f 51/157/287 324/847/287 327/856/287
f 51/157/288 327/856/288 314/826/288
f 53/162/289 328/859/289 329/861/289
f 53/162/290 329/861/290 312/820/290
f 53/163/291 308/811/291 307/808/291
f 53/163/292 307/808/292 330/863/292
f 53/164/293 330/864/293 320/840/293
f 53/164/294 320/840/294 328/860/294
f 54/165/295 331/865/295 312/820/295
f 54/165/296 312/820/296 329/861/296
f 54/166/297 332/868/297 333/871/297
f 54/166/298 333/871/298 331/867/298
f 54/167/299 329/862/299 334/872/299
f 54/167/300 334/872/300 332/869/300
f 55/168/301 335/873/301 336/875/301
f 55/168/302 336/875/302 337/877/302
f 55/168/303 338/878/303 339/880/303
f 55/168/304 339/880/304 335/873/304
f 55/168/305 337/877/305 340/884/305
f 55/168/306 340/884/306 338/878/306
f 56/169/307 341/885/307 57/172/307
f 56/169/308 57/172/308 309/814/308
f 56/169/309 309/814/309 312/821/309
f 56/169/310 312/821/310 331/866/310
f 56/170/311 331/867/311 333/871/311
f 56/170/312 333/871/312 341/886/312
f 57/173/313 341/887/313 342/891/313
f 57/173/314 342/891/314 48/147/314
f 58/174/315 311/817/315 343/892/315
f 58/174/316 343/892/316 344/895/316
f 58/175/317 63/187/317 345/899/317
f 58/175/318 345/899/318 346/900/318
f 58/175/319 344/896/319 347/902/319
f 58/175/320 347/902/320 63/187/320
f 59/178/321 348/903/321 338/878/321
f 59/178/322 338/878/322 340/884/322
f 59/177/323 344/897/323 343/893/323
f 59/177/324 343/893/324 348/904/324
f 59/178/325 340/884/325 349/906/325
f 59/178/326 349/906/326 350/907/326
f 59/179/327 351/910/327 347/901/327
f 59/179/328 347/901/328 344/898/328
f 60/181/329 352/914/329 353/916/329
f 60/181/330 353/916/330 61/183/330
f 60/182/331 354/918/331 355/921/331
f 60/182/332 355/921/332 352/915/332
f 60/182/333 61/184/333 356/923/333
f 60/182/334 356/923/334 354/918/334
f 61/184/335 353/917/335 357/926/335
f 61/184/336 357/926/336 356/923/336
f 62/185/337 358/930/337 359/933/337
f 62/185/338 359/933/338 360/934/338
f 62/186/339 360/935/339 361/939/339
f 62/186/340 361/939/340 362/940/340
f 62/186/341 362/940/341 363/941/341
f 62/186/342 363/941/342 358/929/342
f 63/187/343 347/902/343 364/943/343
f 63/187/344 364/943/344 365/944/344
f 63/187/345 365/944/345 366/945/345
f 63/187/346 366/945/346 367/946/346
f 63/187/347 367/946/347 368/947/347
f 63/187/348 368/947/348 345/899/348
f 64/188/349 369/949/349 370/951/349
f 64/188/350 370/951/350 371/952/350
f 64/188/351 372/953/351 66/191/351
f 64/188/352 66/191/352 369/949/352
f 64/188/353 371/952/353 373/955/353
f 64/188/354 373/955/354 203/552/354
f 64/188/355 203/552/355 202/550/355
f 64/188/356 202/550/356 374/956/356
f 64/188/357 374/956/357 375/959/357
f 64/188/358 375/959/358 372/953/358
f 65/189/359 369/948/359 66/192/359
f 65/189/360 66/192/360 68/198/360
f 65/190/361 67/196/361 370/951/361
f 65/190/362 370/951/362 369/949/362
f 65/190/363 68/199/363 243/657/363
f 65/190/364 243/657/364 67/196/364
f 66/193/365 372/954/365 376/964/365
f 66/193/366 376/964/366 377/965/366
f 66/194/367 378/967/367 379/969/367
f 66/194/368 379/969/368 68/200/368
f 66/194/369 377/966/369 380/973/369
f 66/194/370 380/973/370 378/967/370
f 67/197/371 207/567/371 228/619/371
f 67/197/372 228/619/372 370/950/372
f 68/201/373 379/970/373 381/975/373
f 68/201/374 381/975/374 237/639/374
f 68/202/375 237/640/375 236/637/375
f 68/202/376 236/637/376 243/658/376
f 69/203/377 382/977/377 383/978/377
f 69/203/378 383/978/378 384/981/378
f 69/203/379 384/981/379 385/984/379
f 69/203/380 385/984/380 386/986/380
f 69/204/381 386/987/381 387/989/381
f 69/204/382 387/989/382 382/976/382
f 70/205/383 388/990/383 383/978/383
f 70/205/384 383/978/384 382/977/384
f 70/205/385 389/992/385 390/994/385
f 70/205/386 390/994/386 388/990/386
f 70/205/387 382/977/387 387/988/387
f 70/205/388 387/988/388 389/992/388
f 71/207/389 324/848/389 323/845/389
f 71/207/390 323/845/390 390/995/390
f 71/207/391 355/922/391 327/858/391
f 71/207/392 327/858/392 324/848/392
f 71/206/393 391/996/393 352/915/393
f 71/206/394 352/915/394 355/921/394
f 71/206/395 392/997/395 380/973/395
f 71/206/396 380/973/396 391/996/396
f 71/207/397 390/995/397 389/993/397
f 71/207/398 389/993/398 392/998/398
f 72/208/399 393/999/399 296/780/399
f 72/208/400 296/780/400 295/777/400
f 73/211/401 74/216/401 393/1000/401
f 73/211/402 393/1000/402 72/209/402
f 299/786/403 298/784/403 244/660/403
f 299/786/404 244/660/404 73/212/404
f 72/210/405 295/778/405 299/787/405
f 72/210/406 299/787/406 73/213/406
f 74/216/407 394/1003/407 395/1005/407
f 74/216/408 395/1005/408 393/1000/408
f 74/217/409 157/443/409 12/37/409
f 74/217/410 12/37/410 75/219/410
f 74/218/411 75/220/411 76/222/411
f 74/218/412 76/222/412 394/1002/412
f 75/220/413 396/1007/413 234/632/413
f 75/220/414 234/632/414 76/222/414
f 75/221/415 12/38/415 14/45/415
f 75/221/416 14/45/416 396/1008/416
f 76/222/417 237/640/417 381/974/417
f 76/222/418 381/974/418 394/1002/418
f 77/223/419 397/1013/419 169/476/419
f 77/223/420 169/476/420 78/227/420
f 77/224/421 78/228/421 168/473/421
f 77/224/422 168/473/422 398/1014/422
f 77/225/423 398/1015/423 176/496/423
f 77/225/424 176/496/424 397/1012/424
f 79/230/425 167/469/425 209/574/425
f 79/230/426 209/574/426 211/580/426
f 79/231/427 165/464/427 164/459/427
f 79/231/428 164/459/428 177/499/428
f 79/231/429 177/499/429 176/495/429
f 79/231/430 176/495/430 398/1016/430
f 79/232/431 398/1017/431 168/474/431
f 79/232/432 168/474/432 167/470/432
f 80/234/433 182/507/433 397/1012/433
f 80/234/434 397/1012/434 176/496/434
f 81/238/435 403/1029/435 404/1030/435
f 81/238/436 404/1030/436 405/1032/436
f 81/236/437 405/1033/437 400/1020/437
f 81/236/438 400/1020/438 399/1018/438
f 81/237/439 399/1019/439 402/1028/439
f 81/237/440 402/1028/440 406/1036/440
f 81/238/441 407/1037/441 408/1039/441
f 81/238/442 408/1039/442 403/1029/442
f 81/239/443 406/1035/443 409/1040/443
f 81/239/444 409/1040/444 407/1038/444
f 82/240/445 410/1041/445 411/1043/445
f 82/240/446 411/1043/446 412/1044/446
f 82/241/447 413/1047/447 414/1048/447
f 82/241/448 414/1048/448 410/1042/448
f 82/242/449 415/1049/449 416/1053/449
f 82/242/450 416/1053/450 413/1046/450
f 82/243/451 412/1045/451 417/1054/451
f 82/243/452 417/1054/452 418/1056/452
f 82/244/453 418/1057/453 419/1060/453
f 82/244/454 419/1060/454 415/1050/454
f 83/245/455 420/1063/455 93/279/455
f 83/245/456 93/279/456 91/268/456
f 83/246/457 421/1065/457 422/1068/457
f 83/246/458 422/1068/458 420/1064/458
f 83/247/459 91/269/459 423/1071/459
f 83/247/460 423/1071/460 421/1066/460
f 85/250/461 428/1081/461 429/1082/461
f 85/250/462 429/1082/462 430/1084/462
f 85/251/463 431/1086/463 432/1087/463
f 85/251/464 432/1087/464 433/1089/464
f 85/252/465 430/1083/465 434/1091/465
f 85/252/466 434/1091/466 431/1085/466
f 96/288/467 87/257/467 86/255/467
f 96/288/468 86/255/468 435/1093/468
f 95/284/469 437/1099/469 96/289/469
f 437/1099/470 87/258/470 96/289/470
f 435/1092/471 436/1095/471 95/285/471
f 435/1092/472 95/285/472 96/290/472
f 86/255/473 438/1104/473 439/1105/473
f 86/255/474 439/1105/474 435/1093/474
f 86/256/475 87/259/475 440/1106/475
f 86/256/476 440/1106/476 438/1102/476
f 87/259/477 441/1108/477 442/1110/477
f 87/259/478 442/1110/478 440/1106/478
f 87/260/479 437/1100/479 443/1111/479
f 87/260/480 443/1111/480 441/1109/480
f 88/261/481 84/248/481 426/1076/481
f 88/261/482 426/1076/482 444/1113/482
f 89/263/483 445/1114/483 446/1117/483
f 89/263/484 446/1117/484 447/1118/484
f 89/263/485 447/1118/485 423/1071/485
f 89/263/486 423/1071/486 91/269/486
f 89/264/487 91/270/487 448/1122/487
f 89/264/488 448/1122/488 445/1115/488
f 90/265/489 449/1124/489 450/1125/489
f 90/265/490 450/1125/490 92/272/490
f 90/266/491 451/1128/491 452/1129/491
f 90/266/492 452/1129/492 449/1123/492
f 90/267/493 92/273/493 453/1131/493
f 90/267/494 453/1131/494 451/1127/494
f 92/274/495 93/277/495 454/1132/495
f 92/274/496 454/1132/496 453/1130/496
f 92/275/497 450/1126/497 455/1135/497
f 92/275/498 455/1135/498 448/1120/498
f 92/276/499 448/1121/499 91/271/499
f 92/276/500 91/271/500 93/278/500
f 93/279/501 420/1063/501 456/1137/501
f 93/279/502 456/1137/502 457/1140/502
f 94/281/503 458/1143/503 436/1096/503
f 458/1143/504 95/286/504 436/1096/504
f 94/282/505 401/1024/505 400/1021/505
f 94/282/506 400/1021/506 458/1144/506
f 94/283/507 436/1097/507 402/1027/507
f 94/283/508 402/1027/508 401/1025/508
f 95/287/509 458/1145/509 459/1146/509
f 95/287/510 459/1146/510 437/1101/510
f 97/291/511 460/1147/511 461/1149/511
f 97/291/512 461/1149/512 462/1151/512
f 97/291/513 463/1153/513 464/1157/513
f 97/291/514 464/1157/514 460/1147/514
f 97/291/515 462/1151/515 465/1158/515
f 97/291/516 465/1158/516 463/1153/516
f 98/293/517 466/1162/517 467/1163/517
f 98/293/518 467/1163/518 118/344/518
f 98/294/519 117/340/519 465/1158/519
f 98/294/520 465/1158/520 462/1151/520
f 98/295/521 462/1152/521 461/1148/521
f 98/295/522 461/1148/522 466/1160/522
f 99/296/523 267/709/523 468/1165/523
f 99/296/524 468/1165/524 469/1166/524
f 99/296/525 470/1167/525 268/710/525
f 99/296/526 268/710/526 267/709/526
f 99/296/527 469/1166/527 471/1170/527
f 99/296/528 471/1170/528 470/1167/528
f 100/297/529 472/1172/529 473/1174/529
f 100/297/530 473/1174/530 474/1176/530
f 101/300/531 475/1179/531 476/1181/531
f 101/300/532 476/1181/532 477/1183/532
f 101/299/533 478/1184/533 479/1187/533
f 101/299/534 479/1187/534 475/1178/534
f 102/301/535 259/694/535 258/691/535
f 102/301/536 258/691/536 480/1188/536
f 102/302/537 480/1189/537 481/1192/537
f 102/302/538 481/1192/538 482/1196/538
f 103/303/539 483/1198/539 484/1199/539
f 103/303/540 484/1199/540 485/1201/540
f 103/304/541 486/1203/541 487/1206/541
f 103/304/542 487/1206/542 488/1207/542
f 104/307/543 489/1209/543 490/1211/543
f 104/307/544 490/1211/544 491/1214/544
f 104/308/545 491/1213/545 492/1215/545
f 104/308/546 492/1215/546 493/1216/546
f 104/308/547 493/1216/547 494/1217/547
f 104/308/548 494/1217/548 495/1218/548
f 104/309/549 495/1219/549 496/1220/549
f 104/309/550 496/1220/550 489/1210/550
f 105/310/551 497/1221/551 498/1225/551
f 105/310/552 498/1225/552 499/1226/552
f 105/311/553 499/1227/553 500/1229/553
f 105/311/554 500/1229/554 501/1230/554
f 105/312/555 106/314/555 502/1233/555
f 105/312/556 502/1233/556 497/1223/556
f 106/315/557 105/313/557 503/1234/557
f 106/315/558 503/1234/558 504/1237/558
f 106/316/559 504/1238/559 505/1241/559
f 106/316/560 505/1241/560 502/1232/560
f 506/1243/561 108/319/561 507/1244/561
f 506/1243/562 507/1244/562 508/1245/562
f 506/1243/563 508/1245/563 509/1246/563
f 506/1243/564 509/1246/564 510/1247/564
f 511/1249/565 512/1250/565 513/1251/565
f 511/1249/566 513/1251/566 514/1252/566
f 511/1249/567 514/1252/567 112/326/567
f 511/1249/568 112/326/568 109/321/568
f 514/1252/569 513/1251/569 515/1253/569
f 514/1252/570 515/1253/570 516/1254/570
f 514/1252/571 516/1254/571 517/1255/571
f 514/1252/572 517/1255/572 112/326/572
f 517/1255/573 518/1256/573 110/323/573
f 517/1255/574 110/323/574 112/326/574
f 517/1255/575 516/1254/575 519/1257/575
f 517/1255/576 519/1257/576 520/1258/576
f 517/1255/577 520/1258/577 521/1259/577
f 517/1255/578 521/1259/578 518/1256/578
f 521/1259/579 522/1260/579 523/1263/579
f 521/1259/580 523/1263/580 518/1256/580
f 521/1259/581 520/1258/581 524/1264/581
f 521/1259/582 524/1264/582 525/1265/582
f 521/1259/583 525/1265/583 526/1266/583
f 521/1259/584 526/1266/584 522/1260/584
f 526/1266/585 527/1267/585 528/1269/585
f 526/1266/586 528/1269/586 522/1260/586
f 526/1266/587 525/1265/587 529/1272/587
f 526/1266/588 529/1272/588 530/1274/588
f 526/1266/589 530/1274/589 531/1276/589
f 526/1266/590 531/1276/590 527/1267/590
f 531/1277/591 532/1278/591 533/1281/591
f 531/1277/592 533/1281/592 527/1268/592
f 531/1276/593 530/1274/593 457/1141/593
f 531/1276/594 457/1141/594 456/1138/594
f 531/1277/595 456/1139/595 534/1283/595
f 531/1277/596 534/1283/596 532/1278/596
f 534/1282/597 535/1287/597 536/1288/597
f 534/1282/598 536/1288/598 532/1279/598
f 534/1283/599 456/1139/599 420/1064/599
f 534/1283/600 420/1064/600 422/1068/600
f 534/1284/601 422/1069/601 537/1289/601
f 534/1284/602 537/1289/602 535/1285/602
f 537/1290/603 538/1291/603 539/1293/603
f 537/1290/604 539/1293/604 535/1286/604
f 537/1290/605 422/1070/605 421/1067/605
f 537/1290/606 421/1067/606 540/1296/606
f 537/1290/607 540/1296/607 541/1297/607
f 537/1290/608 541/1297/608 538/1291/608
f 541/1297/609 542/1298/609 543/1300/609
f 541/1297/610 543/1300/610 538/1291/610
f 541/1297/611 540/1296/611 544/1302/611
f 541/1297/612 544/1302/612 545/1303/612
f 541/1297/613 545/1303/613 546/1304/613
f 541/1297/614 546/1304/614 542/1298/614
f 546/1304/615 547/1305/615 548/1306/615
f 546/1304/616 548/1306/616 542/1298/616
f 546/1304/617 545/1303/617 549/1307/617
f 546/1304/618 549/1307/618 550/1309/618
f 546/1304/619 550/1309/619 551/1311/619
f 546/1304/620 551/1311/620 547/1305/620
f 551/1311/621 552/1314/621 553/1315/621
f 551/1311/622 553/1315/622 547/1305/622
f 551/1312/623 550/1310/623 554/1317/623
f 551/1312/624 554/1317/624 555/1318/624
f 551/1312/625 555/1318/625 556/1320/625
f 551/1312/626 556/1320/626 552/1313/626
f 556/1320/627 557/1322/627 558/1324/627
f 556/1320/628 558/1324/628 552/1313/628
f 556/1321/629 555/1319/629 559/1327/629
f 556/1321/630 559/1327/630 560/1328/630
f 556/1321/631 560/1328/631 561/1329/631
f 556/1321/632 561/1329/632 557/1323/632
f 561/1329/633 562/1330/633 563/1332/633
f 561/1329/634 563/1332/634 557/1323/634
f 561/1329/635 560/1328/635 564/1333/635
f 561/1329/636 564/1333/636 565/1334/636
f 561/1329/637 565/1334/637 566/1335/637
f 561/1329/638 566/1335/638 562/1330/638
f 566/1335/639 567/1336/639 568/1337/639
f 566/1335/640 568/1337/640 562/1330/640
f 566/1335/641 565/1334/641 569/1338/641
f 566/1335/642 569/1338/642 570/1339/642
f 566/1335/643 570/1339/643 571/1340/643
f 566/1335/644 571/1340/644 567/1336/644
f 571/1340/645 572/1341/645 573/1342/645
f 571/1340/646 573/1342/646 567/1336/646
f 571/1340/647 570/1339/647 574/1343/647
f 571/1340/648 574/1343/648 575/1344/648
f 571/1340/649 575/1344/649 576/1345/649
f 571/1340/650 576/1345/650 572/1341/650
f 576/1345/651 577/1346/651 578/1347/651
f 576/1345/652 578/1347/652 572/1341/652
f 576/1345/653 575/1344/653 579/1348/653
f 576/1345/654 579/1348/654 580/1349/654
f 576/1345/655 580/1349/655 581/1350/655
f 576/1345/656 581/1350/656 577/1346/656
f 581/1350/657 582/1351/657 583/1352/657
f 581/1350/658 583/1352/658 577/1346/658
f 581/1350/659 580/1349/659 584/1354/659
f 581/1350/660 584/1354/660 585/1355/660
f 581/1350/661 585/1355/661 586/1357/661
f 581/1350/662 586/1357/662 582/1351/662
f 586/1357/663 587/1360/663 588/1361/663
f 586/1357/664 588/1361/664 582/1351/664
f 586/1358/665 585/1356/665 589/1362/665
f 586/1358/666 589/1362/666 590/1363/666
f 586/1358/667 590/1363/667 591/1364/667
f 586/1358/668 591/1364/668 587/1359/668
f 591/1364/669 592/1365/669 593/1366/669
f 591/1364/670 593/1366/670 587/1359/670
f 591/1364/671 590/1363/671 594/1368/671
f 591/1364/672 594/1368/672 595/1369/672
f 591/1364/673 595/1369/673 596/1370/673
f 591/1364/674 596/1370/674 592/1365/674
f 596/1370/675 597/1371/675 598/1372/675
f 596/1370/676 598/1372/676 592/1365/676
f 596/1370/677 595/1369/677 599/1374/677
f 596/1370/678 599/1374/678 600/1375/678
f 596/1370/679 600/1375/679 601/1377/679
f 596/1370/680 601/1377/680 597/1371/680
f 601/1377/681 185/515/681 184/513/681
f 601/1377/682 184/513/682 597/1371/682
f 601/1377/683 600/1375/683 602/1378/683
f 601/1377/684 602/1378/684 603/1382/684
f 601/1377/685 603/1382/685 188/519/685
f 601/1377/686 188/519/686 185/515/686
f 603/1383/687 602/1379/687 604/1384/687
f 603/1383/688 604/1384/688 605/1386/688
f 603/1383/689 605/1386/689 606/1388/689
f 603/1383/690 606/1388/690 188/520/690
f 606/1388/691 607/1391/691 189/521/691
f 606/1388/692 189/521/692 188/520/692
f 606/1389/693 605/1387/693 366/945/693
f 606/1389/694 366/945/694 365/944/694
f 606/1389/695 365/944/695 364/943/695
f 606/1389/696 364/943/696 607/1390/696
f 607/1391/697 201/549/697 22/69/697
f 607/1391/698 22/69/698 189/521/698
f 607/1391/699 364/942/699 608/1392/699
f 607/1391/700 608/1392/700 201/549/700
f 608/1392/701 374/957/701 202/551/701
f 608/1392/702 202/551/702 201/549/702
f 608/1393/703 364/943/703 347/902/703
f 608/1393/704 347/902/704 351/911/704
f 608/1393/705 351/911/705 375/960/705
f 608/1393/706 375/960/706 374/958/706
f 605/1387/707 604/1385/707 609/1394/707
f 605/1387/708 609/1394/708 366/945/708
f 609/1394/709 604/1385/709 610/1395/709
f 609/1394/710 610/1395/710 611/1396/710
f 609/1394/711 611/1396/711 612/1397/711
f 609/1394/712 612/1397/712 613/1398/712
f 609/1394/713 613/1398/713 367/946/713
f 609/1394/714 367/946/714 366/945/714
f 613/1398/715 612/1397/715 614/1399/715
f 613/1398/716 614/1399/716 615/1400/716
f 613/1398/717 615/1400/717 368/947/717
f 613/1398/718 368/947/718 367/946/718
f 615/1400/719 614/1399/719 616/1401/719
f 615/1400/720 616/1401/720 617/1402/720
f 615/1400/721 617/1402/721 618/1403/721
f 615/1400/722 618/1403/722 368/947/722
f 618/1403/723 619/1404/723 345/899/723
f 618/1403/724 345/899/724 368/947/724
f 618/1403/725 617/1402/725 620/1405/725
f 618/1403/726 620/1405/726 621/1407/726
f 618/1403/727 621/1407/727 622/1409/727
f 618/1403/728 622/1409/728 619/1404/728
f 622/1409/729 623/1412/729 624/1413/729
f 622/1409/730 624/1413/730 619/1404/730
f 622/1410/731 621/1408/731 625/1414/731
f 622/1410/732 625/1414/732 626/1416/732
f 622/1410/733 626/1416/733 627/1418/733
f 622/1410/734 627/1418/734 623/1411/734
f 627/1418/735 628/1420/735 629/1423/735
f 627/1418/736 629/1423/736 623/1411/736
f 627/1419/737 626/1417/737 630/1426/737
f 627/1419/738 630/1426/738 631/1427/738
f 627/1419/739 631/1427/739 632/1428/739
f 627/1419/740 632/1428/740 628/1421/740
f 632/1428/741 633/1429/741 634/1430/741
f 632/1428/742 634/1430/742 628/1421/742
f 632/1428/743 631/1427/743 635/1432/743
f 632/1428/744 635/1432/744 636/1434/744
f 632/1428/745 636/1434/745 637/1437/745
f 632/1428/746 637/1437/746 633/1429/746
f 637/1437/747 638/1440/747 639/1441/747
f 637/1437/748 639/1441/748 633/1429/748
f 637/1438/749 636/1435/749 640/1442/749
f 637/1438/750 640/1442/750 641/1445/750
f 637/1438/751 641/1445/751 642/1447/751
f 637/1438/752 642/1447/752 638/1439/752
f 642/1447/753 643/1450/753 644/1451/753
f 642/1447/754 644/1451/754 638/1439/754
f 642/1448/755 641/1446/755 645/1453/755
f 642/1448/756 645/1453/756 646/1454/756
f 642/1448/757 646/1454/757 647/1455/757
f 642/1448/758 647/1455/758 643/1449/758
f 647/1455/759 648/1456/759 649/1458/759
f 647/1455/760 649/1458/760 643/1449/760
f 647/1455/761 646/1454/761 650/1460/761
f 647/1455/762 650/1460/762 651/1461/762
f 647/1455/763 651/1461/763 652/1462/763
f 647/1455/764 652/1462/764 648/1456/764
f 652/1462/765 653/1463/765 654/1464/765
f 652/1462/766 654/1464/766 648/1456/766
f 652/1462/767 651/1461/767 655/1465/767
f 652/1462/768 655/1465/768 656/1466/768
f 652/1462/769 656/1466/769 657/1467/769
f 652/1462/770 657/1467/770 653/1463/770
f 657/1467/771 658/1468/771 659/1469/771
f 657/1467/772 659/1469/772 653/1463/772
f 657/1467/773 656/1466/773 660/1470/773
f 657/1467/774 660/1470/774 661/1471/774
f 657/1467/775 661/1471/775 662/1472/775
f 657/1467/776 662/1472/776 658/1468/776
f 662/1472/777 661/1471/777 663/1473/777
f 662/1472/778 663/1473/778 664/1474/778
f 662/1472/779 664/1474/779 665/1475/779
f 662/1472/780 665/1475/780 666/1476/780
f 662/1472/781 666/1476/781 667/1477/781
f 662/1472/782 667/1477/782 658/1468/782
f 667/1477/783 666/1476/783 668/1478/783
f 667/1477/784 668/1478/784 669/1479/784
f 667/1477/785 669/1479/785 670/1480/785
f 667/1477/786 670/1480/786 671/1481/786
f 667/1477/787 671/1481/787 659/1469/787
f 667/1477/788 659/1469/788 658/1468/788
f 671/1481/789 670/1480/789 672/1482/789
f 671/1481/790 672/1482/790 673/1483/790
f 671/1481/791 673/1483/791 674/1484/791
f 671/1481/792 674/1484/792 659/1469/792
f 674/1484/793 673/1483/793 675/1485/793
f 674/1484/794 675/1485/794 676/1487/794
f 674/1484/795 676/1487/795 677/1490/795
f 674/1484/796 677/1490/796 654/1464/796
f 674/1484/797 654/1464/797 653/1463/797
f 674/1484/798 653/1463/798 659/1469/798
f 677/1489/799 676/1488/799 678/1491/799
f 677/1489/800 678/1491/800 679/1492/800
f 677/1489/801 679/1492/801 680/1493/801
f 677/1489/802 680/1493/802 649/1457/802
f 677/1490/803 649/1458/803 648/1456/803
f 677/1490/804 648/1456/804 654/1464/804
f 680/1493/805 679/1492/805 681/1495/805
f 680/1493/806 681/1495/806 682/1496/806
f 680/1493/807 682/1496/807 683/1497/807
f 680/1493/808 683/1497/808 644/1452/808
f 680/1494/809 644/1451/809 643/1450/809
f 680/1494/810 643/1450/810 649/1459/810
f 683/1497/811 682/1496/811 684/1498/811
f 683/1497/812 684/1498/812 685/1500/812
f 683/1497/813 685/1500/813 686/1503/813
f 683/1497/814 686/1503/814 639/1441/814
f 683/1497/815 639/1441/815 638/1440/815
f 683/1497/816 638/1440/816 644/1452/816
f 686/1502/817 685/1501/817 687/1504/817
f 686/1502/818 687/1504/818 688/1506/818
f 686/1502/819 688/1506/819 689/1509/819
f 686/1502/820 689/1509/820 634/1431/820
f 686/1503/821 634/1430/821 633/1429/821
f 686/1503/822 633/1429/822 639/1441/822
f 689/1508/823 688/1507/823 690/1510/823
f 689/1508/824 690/1510/824 691/1511/824
f 689/1508/825 691/1511/825 692/1512/825
f 689/1508/826 692/1512/826 629/1425/826
f 689/1509/827 629/1424/827 628/1422/827
f 689/1509/828 628/1422/828 634/1431/828
f 692/1512/829 691/1511/829 693/1513/829
f 692/1512/830 693/1513/830 694/1514/830
f 692/1512/831 694/1514/831 346/900/831
f 692/1512/832 346/900/832 624/1413/832
f 692/1512/833 624/1413/833 623/1412/833
f 692/1512/834 623/1412/834 629/1425/834
f 694/1514/835 693/1513/835 275/727/835
f 694/1514/836 275/727/836 274/725/836
f 694/1514/837 274/725/837 58/175/837
f 694/1514/838 58/175/838 346/900/838
f 693/1513/839 695/1515/839 696/1516/839
f 693/1513/840 696/1516/840 275/727/840
f 693/1513/841 691/1511/841 690/1510/841
f 693/1513/842 690/1510/842 695/1515/842
f 696/1516/843 697/1517/843 698/1518/843
f 696/1516/844 698/1518/844 699/1519/844
f 696/1516/845 699/1519/845 276/728/845
f 696/1516/846 276/728/846 275/727/846
f 696/1516/847 695/1515/847 700/1520/847
f 696/1516/848 700/1520/848 697/1517/848
f 700/1520/849 701/1521/849 702/1522/849
f 700/1520/850 702/1522/850 697/1517/850
f 700/1520/851 695/1515/851 690/1510/851
f 700/1520/852 690/1510/852 703/1523/852
f 700/1520/853 703/1523/853 704/1524/853
f 700/1520/854 704/1524/854 701/1521/854
f 704/1524/855 705/1525/855 706/1526/855
f 704/1524/856 706/1526/856 701/1521/856
f 704/1524/857 703/1523/857 687/1505/857
f 704/1524/858 687/1505/858 707/1527/858
f 704/1524/859 707/1527/859 708/1529/859
f 704/1524/860 708/1529/860 705/1525/860
f 708/1529/861 709/1532/861 710/1533/861
f 708/1529/862 710/1533/862 705/1525/862
f 708/1530/863 707/1528/863 684/1499/863
f 708/1530/864 684/1499/864 711/1534/864
f 708/1530/865 711/1534/865 712/1536/865
f 708/1530/866 712/1536/866 709/1531/866
f 712/1536/867 713/1539/867 714/1540/867
f 712/1536/868 714/1540/868 709/1531/868
f 712/1537/869 711/1535/869 681/1495/869
f 712/1537/870 681/1495/870 715/1542/870
f 712/1537/871 715/1542/871 716/1543/871
f 712/1537/872 716/1543/872 713/1538/872
f 716/1543/873 717/1544/873 718/1546/873
f 716/1543/874 718/1546/874 713/1538/874
f 716/1543/875 715/1542/875 678/1491/875
f 716/1543/876 678/1491/876 719/1548/876
f 716/1543/877 719/1548/877 720/1549/877
f 716/1543/878 720/1549/878 717/1544/878
f 720/1549/879 721/1550/879 722/1551/879
f 720/1549/880 722/1551/880 717/1544/880
f 720/1549/881 719/1548/881 675/1486/881
f 720/1549/882 675/1486/882 723/1552/882
f 720/1549/883 723/1552/883 724/1555/883
f 720/1549/884 724/1555/884 721/1550/884
f 724/1554/885 723/1553/885 672/1482/885
f 724/1554/886 672/1482/886 725/1556/886
f 724/1554/887 725/1556/887 726/1557/887
f 724/1554/888 726/1557/888 727/1559/888
f 724/1555/889 727/1558/889 728/1560/889
f 724/1555/890 728/1560/890 721/1550/890
f 728/1560/891 729/1561/891 730/1562/891
f 728/1560/892 730/1562/892 731/1563/892
f 728/1560/893 731/1563/893 722/1551/893
f 728/1560/894 722/1551/894 721/1550/894
f 728/1560/895 727/1558/895 732/1565/895
f 728/1560/896 732/1565/896 729/1561/896
f 732/1564/897 727/1559/897 726/1557/897
f 732/1564/898 726/1557/898 733/1566/898
f 732/1564/899 733/1566/899 734/1567/899
f 732/1564/900 734/1567/900 735/1569/900
f 732/1565/901 735/1568/901 736/1570/901
f 732/1565/902 736/1570/902 729/1561/902
f 736/1570/903 737/1571/903 738/1572/903
f 736/1570/904 738/1572/904 739/1573/904
f 736/1570/905 739/1573/905 730/1562/905
f 736/1570/906 730/1562/906 729/1561/906
f 736/1570/907 735/1568/907 740/1575/907
f 736/1570/908 740/1575/908 737/1571/908
f 740/1574/909 735/1569/909 734/1567/909
f 740/1574/910 734/1567/910 741/1576/910
f 740/1574/911 741/1576/911 742/1577/911
f 740/1574/912 742/1577/912 743/1579/912
f 740/1575/913 743/1578/913 744/1580/913
f 740/1575/914 744/1580/914 737/1571/914
f 744/1580/915 745/1581/915 746/1582/915
f 744/1580/916 746/1582/916 747/1583/916
f 744/1580/917 747/1583/917 738/1572/917
f 744/1580/918 738/1572/918 737/1571/918
f 744/1580/919 743/1578/919 748/1585/919
f 744/1580/920 748/1585/920 745/1581/920
f 748/1584/921 743/1579/921 742/1577/921
f 748/1584/922 742/1577/922 749/1586/922
f 748/1584/923 749/1586/923 750/1587/923
f 748/1584/924 750/1587/924 751/1589/924
f 748/1585/925 751/1588/925 752/1590/925
f 748/1585/926 752/1590/926 745/1581/926
f 752/1590/927 753/1591/927 754/1592/927
f 752/1590/928 754/1592/928 755/1593/928
f 752/1590/929 755/1593/929 746/1582/929
f 752/1590/930 746/1582/930 745/1581/930
f 752/1590/931 751/1588/931 756/1595/931
f 752/1590/932 756/1595/932 753/1591/932
f 756/1594/933 751/1589/933 750/1587/933
f 756/1594/934 750/1587/934 757/1596/934
f 756/1594/935 757/1596/935 758/1597/935
f 756/1594/936 758/1597/936 759/1599/936
f 756/1595/937 759/1598/937 760/1600/937
f 756/1595/938 760/1600/938 753/1591/938
f 760/1600/939 761/1601/939 762/1602/939
f 760/1600/940 762/1602/940 763/1603/940
f 760/1600/941 763/1603/941 754/1592/941
f 760/1600/942 754/1592/942 753/1591/942
f 760/1600/943 759/1598/943 764/1605/943
f 760/1600/944 764/1605/944 761/1601/944
f 764/1604/945 759/1599/945 758/1597/945
f 764/1604/946 758/1597/946 765/1606/946
f 764/1604/947 765/1606/947 766/1607/947
f 764/1604/948 766/1607/948 767/1609/948
f 764/1605/949 767/1608/949 768/1610/949
f 764/1605/950 768/1610/950 761/1601/950
f 768/1610/951 769/1611/951 770/1612/951
f 768/1610/952 770/1612/952 771/1613/952
f 768/1610/953 771/1613/953 762/1602/953
f 768/1610/954 762/1602/954 761/1601/954
f 768/1610/955 767/1608/955 772/1615/955
f 768/1610/956 772/1615/956 769/1611/956
f 772/1614/957 767/1609/957 766/1607/957
f 772/1614/958 766/1607/958 773/1616/958
f 772/1614/959 773/1616/959 774/1617/959
f 772/1614/960 774/1617/960 775/1619/960
f 772/1615/961 775/1618/961 776/1620/961
f 772/1615/962 776/1620/962 769/1611/962
f 776/1620/963 775/1618/963 777/1622/963
f 776/1620/964 777/1622/964 778/1623/964
f 776/1620/965 778/1623/965 779/1624/965
f 776/1620/966 779/1624/966 780/1625/966
f 776/1620/967 780/1625/967 770/1612/967
f 776/1620/968 770/1612/968 769/1611/968
f 780/1625/969 779/1624/969 781/1626/969
f 780/1625/970 781/1626/970 782/1628/970
f 780/1625/971 782/1628/971 783/1631/971
f 780/1625/972 783/1631/972 770/1612/972
f 783/1630/973 782/1629/973 784/1632/973
f 783/1630/974 784/1632/974 785/1633/974
f 783/1630/975 785/1633/975 786/1634/975
f 783/1630/976 786/1634/976 787/1635/976
f 783/1631/977 787/1636/977 771/1613/977
f 783/1631/978 771/1613/978 770/1612/978
f 787/1635/979 786/1634/979 788/1637/979
f 787/1635/980 788/1637/980 789/1638/980
f 787/1636/981 789/1639/981 762/1602/981
f 787/1636/982 762/1602/982 771/1613/982
f 789/1638/983 788/1637/983 790/1640/983
f 789/1638/984 790/1640/984 791/1641/984
f 789/1639/985 791/1642/985 763/1603/985
f 789/1639/986 763/1603/986 762/1602/986
f 791/1641/987 790/1640/987 792/1644/987
f 791/1641/988 792/1644/988 793/1645/988
f 791/1642/989 793/1647/989 754/1592/989
f 791/1642/990 754/1592/990 763/1603/990
f 793/1646/991 792/1643/991 794/1648/991
f 793/1646/992 794/1648/992 795/1650/992
f 793/1647/993 795/1651/993 755/1593/993
f 793/1647/994 755/1593/994 754/1592/994
f 795/1650/995 794/1648/995 796/1652/995
f 795/1650/996 796/1652/996 797/1654/996
f 795/1651/997 797/1655/997 746/1582/997
f 795/1651/998 746/1582/998 755/1593/998
f 797/1654/999 796/1652/999 798/1656/999
f 797/1654/1000 798/1656/1000 799/1658/1000
f 797/1655/1001 799/1659/1001 747/1583/1001
f 797/1655/1002 747/1583/1002 746/1582/1002
f 799/1658/1000 798/1656/1000 800/1660/1000
f 799/1658/1003 800/1660/1003 801/1662/1003
f 799/1659/1004 801/1663/1004 738/1572/1004
f 799/1659/1005 738/1572/1005 747/1583/1005
f 801/1662/1006 800/1660/1006 802/1664/1006
f 801/1662/1007 802/1664/1007 803/1666/1007
f 801/1663/1008 803/1667/1008 739/1573/1008
f 801/1663/1009 739/1573/1009 738/1572/1009
f 803/1666/1010 802/1664/1010 804/1668/1010
f 803/1666/1011 804/1668/1011 805/1670/1011
f 803/1667/1012 805/1671/1012 730/1562/1012
f 803/1667/1013 730/1562/1013 739/1573/1013
f 805/1670/1014 804/1668/1014 806/1672/1014
f 805/1670/1015 806/1672/1015 807/1674/1015
f 805/1671/1016 807/1675/1016 731/1563/1016
f 805/1671/1017 731/1563/1017 730/1562/1017
f 807/1674/1018 806/1672/1018 808/1676/1018
f 807/1674/1019 808/1676/1019 809/1679/1019
f 807/1675/1020 809/1681/1020 722/1551/1020
f 807/1675/1021 722/1551/1021 731/1563/1021
f 809/1680/1022 808/1677/1022 810/1682/1022
f 809/1680/1023 810/1682/1023 718/1545/1023
f 809/1681/1024 718/1546/1024 717/1544/1024
f 809/1681/1025 717/1544/1025 722/1551/1025
f 810/1683/1026 808/1678/1026 811/1685/1026
f 810/1683/1027 811/1685/1027 812/1686/1027
f 810/1683/1028 812/1686/1028 813/1687/1028
f 810/1683/1029 813/1687/1029 714/1541/1029
f 810/1684/1030 714/1540/1030 713/1539/1030
f 810/1684/1031 713/1539/1031 718/1547/1031
f 813/1687/1032 812/1686/1032 814/1688/1032
f 813/1687/1033 814/1688/1033 815/1689/1033
f 813/1687/1034 815/1689/1034 816/1690/1034
f 813/1687/1035 816/1690/1035 710/1533/1035
f 813/1687/1036 710/1533/1036 709/1532/1036
f 813/1687/1037 709/1532/1037 714/1541/1037
f 816/1690/1038 815/1689/1038 817/1691/1038
f 816/1690/1039 817/1691/1039 818/1692/1039
f 816/1690/1040 818/1692/1040 819/1693/1040
f 816/1690/1041 819/1693/1041 706/1526/1041
f 816/1690/1042 706/1526/1042 705/1525/1042
f 816/1690/1043 705/1525/1043 710/1533/1043
f 819/1693/1044 818/1692/1044 820/1694/1044
f 819/1693/1045 820/1694/1045 821/1695/1045
f 819/1693/1046 821/1695/1046 822/1696/1046
f 819/1693/1047 822/1696/1047 702/1522/1047
f 819/1693/1048 702/1522/1048 701/1521/1048
f 819/1693/1049 701/1521/1049 706/1526/1049
f 822/1696/1050 821/1695/1050 823/1697/1050
f 822/1696/1051 823/1697/1051 255/681/1051
f 822/1696/1052 255/681/1052 254/680/1052
f 822/1696/1053 254/680/1053 698/1518/1053
f 822/1696/1054 698/1518/1054 697/1517/1054
f 822/1696/1055 697/1517/1055 702/1522/1055
f 823/1697/1056 824/1698/1056 825/1699/1056
f 823/1697/1057 825/1699/1057 826/1701/1057
f 823/1697/1058 826/1701/1058 36/117/1058
f 823/1697/1059 36/117/1059 255/681/1059
f 823/1697/1060 821/1695/1060 820/1694/1060
f 823/1697/1061 820/1694/1061 824/1698/1061
f 826/1702/1062 825/1700/1062 827/1703/1062
f 826/1702/1063 827/1703/1063 828/1705/1063
f 826/1702/1064 828/1705/1064 829/1707/1064
f 826/1702/1065 829/1707/1065 36/118/1065
f 828/1706/1066 827/1704/1066 830/1710/1066
f 828/1706/1067 830/1710/1067 831/1711/1067
f 828/1706/1068 831/1711/1068 832/1712/1068
f 828/1706/1069 832/1712/1069 829/1708/1069
f 831/1711/1070 830/1710/1070 833/1715/1070
f 831/1711/1071 833/1715/1071 834/1716/1071
f 831/1711/1072 834/1716/1072 835/1717/1072
f 831/1711/1073 835/1717/1073 832/1712/1073
f 835/1717/1074 836/1718/1074 144/411/1074
f 835/1717/1075 144/411/1075 832/1712/1075
f 835/1717/1076 834/1716/1076 837/1721/1076
f 835/1717/1077 837/1721/1077 838/1722/1077
f 835/1717/1078 838/1722/1078 839/1725/1078
f 835/1717/1079 839/1725/1079 836/1718/1079
f 839/1725/1080 840/1729/1080 841/1730/1080
f 839/1725/1081 841/1730/1081 836/1718/1081
f 839/1726/1082 838/1723/1082 842/1732/1082
f 839/1726/1083 842/1732/1083 843/1733/1083
f 839/1726/1084 843/1733/1084 844/1735/1084
f 839/1726/1085 844/1735/1085 840/1727/1085
f 844/1734/1086 845/1736/1086 846/1739/1086
f 844/1734/1087 846/1739/1087 840/1728/1087
f 844/1735/1088 843/1733/1088 847/1742/1088
f 844/1735/1089 847/1742/1089 848/1743/1089
f 844/1735/1090 848/1743/1090 849/1744/1090
f 844/1735/1091 849/1744/1091 845/1737/1091
f 849/1744/1092 848/1743/1092 850/1745/1092
f 849/1744/1093 850/1745/1093 851/1746/1093
f 849/1744/1094 851/1746/1094 852/1747/1094
f 849/1744/1095 852/1747/1095 853/1748/1095
f 849/1744/1096 853/1748/1096 854/1749/1096
f 849/1744/1097 854/1749/1097 845/1737/1097
f 854/1749/1098 853/1748/1098 855/1751/1098
f 854/1749/1099 855/1751/1099 856/1754/1099
f 854/1750/1100 856/1752/1100 857/1755/1100
f 854/1750/1101 857/1755/1101 858/1758/1101
f 854/1750/1102 858/1758/1102 846/1740/1102
f 854/1750/1103 846/1740/1103 845/1738/1103
f 858/1759/1104 857/1757/1104 180/504/1104
f 858/1759/1105 180/504/1105 859/1760/1105
f 858/1759/1106 859/1760/1106 860/1761/1106
f 858/1759/1107 860/1761/1107 846/1741/1107
f 860/1761/1108 859/1760/1108 159/448/1108
f 860/1761/1109 159/448/1109 861/1762/1109
f 860/1761/1110 861/1762/1110 145/413/1110
f 860/1761/1111 145/413/1111 841/1730/1111
f 860/1761/1112 841/1730/1112 840/1729/1112
f 860/1761/1113 840/1729/1113 846/1741/1113
f 859/1760/1114 180/504/1114 160/449/1114
f 859/1760/1115 160/449/1115 159/448/1115
f 857/1756/1116 856/1753/1116 862/1763/1116
f 857/1756/1117 862/1763/1117 863/1766/1117
f 857/1757/1118 863/1767/1118 181/505/1118
f 857/1757/1119 181/505/1119 180/504/1119
f 863/1767/1120 862/1764/1120 864/1768/1120
f 863/1767/1121 864/1768/1121 865/1770/1121
f 863/1767/1122 865/1770/1122 184/513/1122
f 863/1767/1123 184/513/1123 181/505/1123
f 865/1770/1124 864/1768/1124 866/1772/1124
f 865/1770/1125 866/1772/1125 598/1372/1125
f 865/1770/1126 598/1372/1126 597/1371/1126
f 865/1770/1127 597/1371/1127 184/513/1127
f 866/1771/1128 864/1769/1128 867/1773/1128
f 866/1771/1129 867/1773/1129 868/1774/1129
f 866/1771/1130 868/1774/1130 869/1775/1130
f 866/1771/1131 869/1775/1131 593/1367/1131
f 866/1772/1132 593/1366/1132 592/1365/1132
f 866/1772/1133 592/1365/1133 598/1372/1133
f 869/1775/1134 868/1774/1134 870/1776/1134
f 869/1775/1135 870/1776/1135 871/1777/1135
f 869/1775/1136 871/1777/1136 872/1778/1136
f 869/1775/1137 872/1778/1137 588/1361/1137
f 869/1775/1138 588/1361/1138 587/1360/1138
f 869/1775/1139 587/1360/1139 593/1367/1139
f 872/1778/1140 871/1777/1140 873/1779/1140
f 872/1778/1141 873/1779/1141 874/1780/1141
f 872/1778/1142 874/1780/1142 875/1781/1142
f 872/1778/1143 875/1781/1143 583/1352/1143
f 872/1778/1144 583/1352/1144 582/1351/1144
f 872/1778/1145 582/1351/1145 588/1361/1145
f 875/1781/1146 874/1780/1146 876/1782/1146
f 875/1781/1147 876/1782/1147 877/1783/1147
f 875/1781/1148 877/1783/1148 878/1784/1148
f 875/1781/1149 878/1784/1149 578/1347/1149
f 875/1781/1150 578/1347/1150 577/1346/1150
f 875/1781/1151 577/1346/1151 583/1352/1151
f 878/1784/1152 877/1783/1152 879/1785/1152
f 878/1784/1153 879/1785/1153 880/1786/1153
f 878/1784/1154 880/1786/1154 881/1787/1154
f 878/1784/1155 881/1787/1155 573/1342/1155
f 878/1784/1156 573/1342/1156 572/1341/1156
f 878/1784/1157 572/1341/1157 578/1347/1157
f 881/1787/1158 880/1786/1158 882/1789/1158
f 881/1787/1159 882/1789/1159 883/1790/1159
f 881/1787/1159 883/1790/1159 884/1793/1159
f 881/1787/1160 884/1793/1160 568/1337/1160
f 881/1787/1161 568/1337/1161 567/1336/1161
f 881/1787/1162 567/1336/1162 573/1342/1162
f 884/1792/1163 883/1791/1163 885/1795/1163
f 884/1792/1164 885/1795/1164 886/1796/1164
f 884/1792/1165 886/1796/1165 887/1798/1165
f 884/1792/1166 887/1798/1166 563/1331/1166
f 884/1793/1167 563/1332/1167 562/1330/1167
f 884/1793/1168 562/1330/1168 568/1337/1168
f 887/1799/1169 886/1797/1169 888/1801/1169
f 887/1799/1170 888/1801/1170 889/1802/1170
f 887/1799/1171 889/1802/1171 890/1803/1171
f 887/1799/1172 890/1803/1172 558/1326/1172
f 887/1800/1173 558/1325/1173 557/1323/1173
f 887/1800/1174 557/1323/1174 563/1332/1174
f 890/1803/1175 889/1802/1175 891/1804/1175
f 890/1803/1176 891/1804/1176 892/1805/1176
f 890/1803/1177 892/1805/1177 893/1806/1177
f 890/1803/1178 893/1806/1178 553/1315/1178
f 890/1803/1179 553/1315/1179 552/1314/1179
f 890/1803/1180 552/1314/1180 558/1326/1180
f 893/1806/1181 892/1805/1181 894/1808/1181
f 893/1806/1182 894/1808/1182 895/1809/1182
f 893/1806/1183 895/1809/1183 896/1813/1183
f 893/1806/1184 896/1813/1184 548/1306/1184
f 893/1806/1185 548/1306/1185 547/1305/1185
f 893/1806/1186 547/1305/1186 553/1315/1186
f 896/1812/1187 895/1810/1187 897/1814/1187
f 896/1812/1188 897/1814/1188 898/1816/1188
f 896/1812/1189 898/1816/1189 899/1818/1189
f 896/1812/1190 899/1818/1190 543/1299/1190
f 896/1813/1191 543/1300/1191 542/1298/1191
f 896/1813/1192 542/1298/1192 548/1306/1192
f 899/1819/1193 898/1817/1193 900/1821/1193
f 899/1819/1194 900/1821/1194 901/1822/1194
f 899/1819/1195 901/1822/1195 902/1823/1195
f 899/1819/1196 902/1823/1196 539/1295/1196
f 899/1820/1197 539/1294/1197 538/1292/1197
f 899/1820/1198 538/1292/1198 543/1301/1198
f 902/1823/1199 901/1822/1199 903/1824/1199
f 902/1823/1200 903/1824/1200 904/1825/1200
f 902/1823/1201 904/1825/1201 905/1826/1201
f 902/1823/1202 905/1826/1202 536/1288/1202
f 902/1823/1203 536/1288/1203 535/1287/1203
f 902/1823/1204 535/1287/1204 539/1295/1204
f 905/1826/1205 904/1825/1205 906/1827/1205
f 905/1826/1206 906/1827/1206 907/1828/1206
f 905/1826/1207 907/1828/1207 908/1829/1207
f 905/1826/1208 908/1829/1208 533/1280/1208
f 905/1826/1209 533/1280/1209 532/1279/1209
f 905/1826/1210 532/1279/1210 536/1288/1210
f 908/1829/1211 907/1828/1211 909/1832/1211
f 908/1829/1212 909/1832/1212 910/1833/1212
f 908/1830/1213 910/1834/1213 911/1837/1213
f 908/1830/1214 911/1837/1214 528/1270/1214
f 908/1830/1215 528/1270/1215 527/1268/1215
f 908/1830/1216 527/1268/1216 533/1281/1216
f 911/1838/1217 910/1835/1217 114/330/1217
f 911/1838/1218 114/330/1218 113/327/1218
f 911/1839/1219 113/328/1219 111/324/1219
f 911/1839/1220 111/324/1220 523/1262/1220
f 911/1839/1221 523/1262/1221 522/1261/1221
f 911/1839/1222 522/1261/1222 528/1271/1222
f 910/1836/1223 909/1831/1223 912/1840/1223
f 910/1836/1224 912/1840/1224 114/331/1224
f 912/1841/1225 913/1844/1225 914/1846/1225
f 912/1841/1226 914/1846/1226 915/1849/1226
f 912/1842/1227 915/1851/1227 3/8/1227
f 912/1842/1228 3/8/1228 114/332/1228
f 912/1843/1229 909/1832/1229 916/1852/1229
f 912/1843/1230 916/1852/1230 913/1845/1230
f 916/1852/1231 917/1853/1231 918/1854/1231
f 916/1852/1232 918/1854/1232 913/1845/1232
f 916/1852/1233 909/1832/1233 907/1828/1233
f 916/1852/1234 907/1828/1234 906/1827/1234
f 916/1852/1235 906/1827/1235 919/1855/1235
f 916/1852/1236 919/1855/1236 917/1853/1236
f 919/1855/1237 920/1856/1237 921/1857/1237
f 919/1855/1238 921/1857/1238 917/1853/1238
f 919/1855/1239 906/1827/1239 904/1825/1239
f 919/1855/1240 904/1825/1240 903/1824/1240
f 919/1855/1241 903/1824/1241 922/1858/1241
f 919/1855/1242 922/1858/1242 920/1856/1242
f 922/1858/1243 923/1859/1243 924/1860/1243
f 922/1858/1244 924/1860/1244 920/1856/1244
f 922/1858/1245 903/1824/1245 901/1822/1245
f 922/1858/1246 901/1822/1246 900/1821/1246
f 922/1858/1247 900/1821/1247 925/1861/1247
f 922/1858/1248 925/1861/1248 923/1859/1248
f 925/1861/1249 926/1862/1249 927/1863/1249
f 925/1861/1250 927/1863/1250 923/1859/1250
f 925/1861/1251 900/1821/1251 898/1817/1251
f 925/1861/1252 898/1817/1252 897/1815/1252
f 925/1861/1253 897/1815/1253 928/1864/1253
f 925/1861/1254 928/1864/1254 926/1862/1254
f 928/1864/1255 929/1865/1255 930/1866/1255
f 928/1864/1256 930/1866/1256 926/1862/1256
f 928/1864/1257 897/1815/1257 895/1811/1257
f 928/1864/1258 895/1811/1258 894/1807/1258
f 928/1864/1259 894/1807/1259 931/1867/1259
f 928/1864/1260 931/1867/1260 929/1865/1260
f 931/1867/1261 932/1870/1261 933/1871/1261
f 931/1867/1262 933/1871/1262 929/1865/1262
f 931/1868/1263 894/1808/1263 892/1805/1263
f 931/1868/1264 892/1805/1264 891/1804/1264
f 931/1868/1265 891/1804/1265 934/1872/1265
f 931/1868/1266 934/1872/1266 932/1869/1266
f 934/1872/1267 935/1873/1267 936/1875/1267
f 934/1872/1268 936/1875/1268 932/1869/1268
f 934/1872/1269 891/1804/1269 889/1802/1269
f 934/1872/1270 889/1802/1270 888/1801/1270
f 934/1872/1271 888/1801/1271 937/1878/1271
f 934/1872/1272 937/1878/1272 935/1873/1272
f 937/1878/1273 938/1879/1273 939/1880/1273
f 937/1878/1274 939/1880/1274 935/1873/1274
f 937/1878/1275 888/1801/1275 886/1797/1275
f 937/1878/1276 886/1797/1276 885/1794/1276
f 937/1878/1277 885/1794/1277 940/1882/1277
f 937/1878/1278 940/1882/1278 938/1879/1278
f 940/1882/1279 941/1885/1279 942/1886/1279
f 940/1882/1280 942/1886/1280 938/1879/1280
f 940/1883/1281 885/1795/1281 883/1791/1281
f 940/1883/1282 883/1791/1282 882/1788/1282
f 940/1883/1283 882/1788/1283 943/1887/1283
f 940/1883/1284 943/1887/1284 941/1884/1284
f 943/1887/1285 944/1890/1285 945/1891/1285
f 943/1887/1286 945/1891/1286 941/1884/1286
f 943/1888/1287 882/1789/1287 880/1786/1287
f 943/1888/1288 880/1786/1288 879/1785/1288
f 943/1888/1289 879/1785/1289 946/1893/1289
f 943/1888/1290 946/1893/1290 944/1889/1290
f 946/1893/1291 947/1894/1291 948/1895/1291
f 946/1893/1292 948/1895/1292 944/1889/1292
f 946/1893/1293 879/1785/1293 877/1783/1293
f 946/1893/1294 877/1783/1294 876/1782/1294
f 946/1893/1295 876/1782/1295 949/1897/1295
f 946/1893/1296 949/1897/1296 947/1894/1296
f 949/1897/1297 950/1898/1297 951/1899/1297
f 949/1897/1298 951/1899/1298 947/1894/1298
f 949/1897/1299 876/1782/1299 874/1780/1299
f 949/1897/1300 874/1780/1300 873/1779/1300
f 949/1897/1301 873/1779/1301 952/1900/1301
f 949/1897/1302 952/1900/1302 950/1898/1302
f 952/1900/1303 953/1901/1303 954/1902/1303
f 952/1900/1304 954/1902/1304 950/1898/1304
f 952/1900/1305 873/1779/1305 871/1777/1305
f 952/1900/1306 871/1777/1306 870/1776/1306
f 952/1900/1307 870/1776/1307 955/1903/1307
f 952/1900/1308 955/1903/1308 953/1901/1308
f 955/1903/1309 956/1904/1309 957/1905/1309
f 955/1903/1310 957/1905/1310 953/1901/1310
f 955/1903/1311 870/1776/1311 868/1774/1311
f 955/1903/1312 868/1774/1312 867/1773/1312
f 955/1903/1313 867/1773/1313 958/1906/1313
f 955/1903/1314 958/1906/1314 956/1904/1314
f 958/1906/1315 855/1751/1315 959/1907/1315
f 958/1906/1316 959/1907/1316 956/1904/1316
f 958/1906/1317 867/1773/1317 864/1769/1317
f 958/1906/1318 864/1769/1318 862/1765/1318
f 958/1906/1319 862/1765/1319 856/1754/1319
f 958/1906/1320 856/1754/1320 855/1751/1320
f 959/1907/1321 852/1747/1321 960/1908/1321
f 959/1907/1322 960/1908/1322 961/1909/1322
f 959/1907/1323 961/1909/1323 957/1905/1323
f 959/1907/1324 957/1905/1324 956/1904/1324
f 959/1907/1325 855/1751/1325 853/1748/1325
f 959/1907/1326 853/1748/1326 852/1747/1326
f 961/1909/1327 960/1908/1327 962/1910/1327
f 961/1909/1328 962/1910/1328 963/1911/1328
f 961/1909/1329 963/1911/1329 964/1912/1329
f 961/1909/1330 964/1912/1330 957/1905/1330
f 964/1912/1331 963/1911/1331 965/1913/1331
f 964/1912/1332 965/1913/1332 966/1914/1332
f 964/1912/1333 966/1914/1333 967/1915/1333
f 964/1912/1334 967/1915/1334 954/1902/1334
f 964/1912/1335 954/1902/1335 953/1901/1335
f 964/1912/1336 953/1901/1336 957/1905/1336
f 967/1915/1337 966/1914/1337 968/1917/1337
f 967/1915/1338 968/1917/1338 969/1918/1338
f 967/1915/1339 969/1918/1339 970/1922/1339
f 967/1915/1340 970/1922/1340 951/1899/1340
f 967/1915/1341 951/1899/1341 950/1898/1341
f 967/1915/1342 950/1898/1342 954/1902/1342
f 970/1921/1343 969/1919/1343 971/1923/1343
f 970/1921/1344 971/1923/1344 972/1926/1344
f 970/1921/1345 972/1926/1345 973/1929/1345
f 970/1921/1346 973/1929/1346 948/1896/1346
f 970/1922/1291 948/1895/1291 947/1894/1291
f 970/1922/1347 947/1894/1347 951/1899/1347
f 973/1928/1348 972/1927/1348 974/1930/1348
f 973/1928/1349 974/1930/1349 975/1931/1349
f 973/1928/1350 975/1931/1350 976/1932/1350
f 973/1928/1351 976/1932/1351 945/1892/1351
f 973/1929/1352 945/1891/1352 944/1890/1352
f 973/1929/1353 944/1890/1353 948/1896/1353
f 976/1932/1354 975/1931/1354 977/1934/1354
f 976/1932/1355 977/1934/1355 978/1935/1355
f 976/1932/1356 978/1935/1356 979/1939/1356
f 976/1932/1357 979/1939/1357 942/1886/1357
f 976/1932/1358 942/1886/1358 941/1885/1358
f 976/1932/1359 941/1885/1359 945/1892/1359
f 979/1937/1360 978/1936/1360 980/1941/1360
f 979/1937/1361 980/1941/1361 981/1942/1361
f 979/1938/1362 981/1943/1362 982/1946/1362
f 979/1938/1363 982/1946/1363 939/1881/1363
f 979/1939/1364 939/1880/1364 938/1879/1364
f 979/1939/1357 938/1879/1357 942/1886/1357
f 982/1945/1365 981/1944/1365 983/1947/1365
f 982/1945/1366 983/1947/1366 984/1948/1366
f 982/1945/1367 984/1948/1367 985/1949/1367
f 982/1945/1368 985/1949/1368 936/1877/1368
f 982/1946/1369 936/1876/1369 935/1874/1369
f 982/1946/1370 935/1874/1370 939/1881/1370
f 985/1949/1371 984/1948/1371 986/1950/1371
f 985/1949/1372 986/1950/1372 987/1951/1372
f 985/1949/1373 987/1951/1373 988/1952/1373
f 985/1949/1374 988/1952/1374 933/1871/1374
f 985/1949/1375 933/1871/1375 932/1870/1375
f 985/1949/1376 932/1870/1376 936/1877/1376
f 988/1952/1377 987/1951/1377 989/1953/1377
f 988/1952/1378 989/1953/1378 990/1954/1378
f 988/1952/1379 990/1954/1379 991/1955/1379
f 988/1952/1380 991/1955/1380 930/1866/1380
f 988/1952/1381 930/1866/1381 929/1865/1381
f 988/1952/1382 929/1865/1382 933/1871/1382
f 991/1955/1383 990/1954/1383 992/1956/1383
f 991/1955/1384 992/1956/1384 993/1957/1384
f 991/1955/1385 993/1957/1385 994/1958/1385
f 991/1955/1386 994/1958/1386 927/1863/1386
f 991/1955/1387 927/1863/1387 926/1862/1387
f 991/1955/1388 926/1862/1388 930/1866/1388
f 994/1958/1389 993/1957/1389 995/1959/1389
f 994/1958/1390 995/1959/1390 996/1960/1390
f 994/1958/1391 996/1960/1391 997/1961/1391
f 994/1958/1392 997/1961/1392 924/1860/1392
f 994/1958/1393 924/1860/1393 923/1859/1393
f 994/1958/1394 923/1859/1394 927/1863/1394
f 997/1961/1395 996/1960/1395 998/1962/1395
f 997/1961/1396 998/1962/1396 999/1964/1396
f 997/1961/1397 999/1964/1397 1000/1966/1397
f 997/1961/1398 1000/1966/1398 921/1857/1398
f 997/1961/1399 921/1857/1399 920/1856/1399
f 997/1961/1400 920/1856/1400 924/1860/1400
f 1000/1966/1401 999/1964/1401 1001/1967/1401
f 1000/1966/1402 1001/1967/1402 1002/1970/1402
f 1000/1966/1403 1002/1970/1403 1003/1973/1403
f 1000/1966/1404 1003/1973/1404 918/1854/1404
f 1000/1966/1405 918/1854/1405 917/1853/1405
f 1000/1966/1406 917/1853/1406 921/1857/1406
f 1003/1972/1407 1002/1971/1407 1004/1974/1407
f 1003/1972/1408 1004/1974/1408 1005/1975/1408
f 1003/1972/1409 1005/1975/1409 1006/1976/1409
f 1003/1972/1410 1006/1976/1410 914/1848/1410
f 1003/1973/1411 914/1847/1411 913/1845/1411
f 1003/1973/1412 913/1845/1412 918/1854/1412
f 1006/1976/1413 1005/1975/1413 1007/1977/1413
f 1006/1976/1414 1007/1977/1414 1008/1978/1414
f 1006/1976/1415 1008/1978/1415 1009/1979/1415
f 1006/1976/1416 1009/1979/1416 1010/1981/1416
f 1006/1976/1417 1010/1981/1417 915/1850/1417
f 1006/1976/1418 915/1850/1418 914/1848/1418
f 1010/1982/1419 1009/1980/1419 465/1159/1419
f 1010/1982/1420 465/1159/1420 117/341/1420
f 1010/1983/1421 117/342/1421 3/8/1421
f 1010/1983/1422 3/8/1422 915/1851/1422
f 1009/1979/1423 1008/1978/1423 1011/1985/1423
f 1009/1979/1424 1011/1985/1424 1012/1986/1424
f 1009/1980/1425 1012/1988/1425 463/1154/1425
f 1009/1980/1426 463/1154/1426 465/1159/1426
f 1012/1987/1427 1011/1984/1427 1013/1989/1427
f 1012/1987/1428 1013/1989/1428 1014/1991/1428
f 1012/1988/1429 1014/1990/1429 464/1155/1429
f 1012/1988/1430 464/1155/1430 463/1154/1430
f 1014/1991/1431 1013/1989/1431 1015/1992/1431
f 1014/1991/1432 1015/1992/1432 1016/1993/1432
f 1014/1991/1433 1016/1993/1433 1017/1994/1433
f 1014/1991/1434 1017/1994/1434 464/1156/1434
f 1017/1994/1435 1016/1993/1435 1018/1997/1435
f 1017/1994/1436 1018/1997/1436 1019/1999/1436
f 1017/1995/1437 1019/1998/1437 1020/2001/1437
f 1017/1995/1438 1020/2001/1438 1021/2002/1438
f 1017/1996/1439 1021/2003/1439 460/1147/1439
f 1017/1996/1440 460/1147/1440 464/1157/1440
f 1021/2003/1441 1020/2000/1441 1022/2005/1441
f 1021/2003/1442 1022/2005/1442 1023/2006/1442
f 1021/2003/1443 1023/2006/1443 461/1149/1443
f 1021/2003/1444 461/1149/1444 460/1147/1444
f 1023/2007/1445 1022/2004/1445 1024/2009/1445
f 1023/2007/1446 1024/2009/1446 1025/2010/1446
f 1023/2007/1447 1025/2010/1447 466/1161/1447
f 1023/2007/1448 466/1161/1448 461/1150/1448
f 1025/2011/1449 1024/2008/1449 1026/2013/1449
f 1025/2011/1450 1026/2013/1450 1027/2014/1450
f 1025/2011/1451 1027/2014/1451 467/1163/1451
f 1025/2011/1452 467/1163/1452 466/1162/1452
f 1027/2015/1453 1026/2012/1453 1028/2016/1453
f 1027/2015/1454 1028/2016/1454 1029/2017/1454
f 1027/2015/1455 1029/2017/1455 1030/2018/1455
f 1027/2015/1456 1030/2018/1456 467/1164/1456
f 1030/2018/1457 1029/2017/1457 1031/2019/1457
f 1030/2018/1458 1031/2019/1458 1032/2020/1458
f 1030/2018/1459 1032/2020/1459 1033/2021/1459
f 1030/2018/1460 1033/2021/1460 120/350/1460
f 1030/2018/1461 120/350/1461 118/345/1461
f 1030/2018/1462 118/345/1462 467/1164/1462
f 1033/2021/1463 1032/2020/1463 1034/2023/1463
f 1033/2021/1464 1034/2023/1464 1035/2025/1464
f 1033/2022/1465 1035/2024/1465 1036/2026/1465
f 1033/2022/1466 1036/2026/1466 1037/2029/1466
f 1033/2022/1467 1037/2029/1467 119/347/1467
f 1033/2022/1468 119/347/1468 120/351/1468
f 1037/2030/1469 1036/2027/1469 1038/2031/1469
f 1037/2030/1470 1038/2031/1470 1039/2032/1470
f 1037/2030/1471 1039/2032/1471 116/338/1471
f 1037/2030/1472 116/338/1472 119/348/1472
f 1039/2032/1473 1038/2031/1473 508/1245/1473
f 1039/2032/1474 508/1245/1474 507/1244/1474
f 1039/2032/1475 507/1244/1475 2/5/1475
f 1039/2032/1476 2/5/1476 116/338/1476
f 1038/2031/1477 1036/2027/1477 1040/2033/1477
f 1038/2031/1478 1040/2033/1478 1041/2037/1478
f 1038/2031/1479 1041/2037/1479 509/1246/1479
f 1038/2031/1480 509/1246/1480 508/1245/1480
f 1041/2036/1481 1040/2034/1481 1042/2039/1481
f 1041/2036/1482 1042/2039/1482 1043/2041/1482
f 1041/2037/1483 1043/2040/1483 1044/2042/1483
f 1041/2037/1484 1044/2042/1484 509/1246/1484
f 1044/2042/1485 1043/2040/1485 1045/2044/1485
f 1044/2042/1486 1045/2044/1486 1046/2045/1486
f 1044/2042/1487 1046/2045/1487 1047/2047/1487
f 1044/2042/1488 1047/2047/1488 1048/2048/1488
f 1044/2042/1489 1048/2048/1489 510/1247/1489
f 1044/2042/1490 510/1247/1490 509/1246/1490
f 1048/2049/1491 1047/2046/1491 1049/2050/1491
f 1048/2049/1492 1049/2050/1492 1050/2051/1492
f 1048/2049/1493 1050/2051/1493 512/1250/1493
f 1048/2049/1494 512/1250/1494 510/1248/1494
f 1050/2051/1495 1049/2050/1495 1051/2052/1495
f 1050/2051/1496 1051/2052/1496 1052/2053/1496
f 1050/2051/1497 1052/2053/1497 513/1251/1497
f 1050/2051/1498 513/1251/1498 512/1250/1498
f 1052/2053/1499 1051/2052/1499 1053/2054/1499
f 1052/2053/1500 1053/2054/1500 1054/2055/1500
f 1052/2053/1501 1054/2055/1501 515/1253/1501
f 1052/2053/1502 515/1253/1502 513/1251/1502
f 1054/2055/1503 1053/2054/1503 1055/2056/1503
f 1054/2055/1504 1055/2056/1504 1056/2057/1504
f 1054/2055/1505 1056/2057/1505 1057/2058/1505
f 1054/2055/1506 1057/2058/1506 515/1253/1506
f 1057/2058/1507 519/1257/1507 516/1254/1507
f 1057/2058/1508 516/1254/1508 515/1253/1508
f 1057/2058/1509 1056/2057/1509 1058/2059/1509
f 1057/2058/1510 1058/2059/1510 1059/2060/1510
f 1057/2058/1511 1059/2060/1511 1060/2061/1511
f 1057/2058/1512 1060/2061/1512 519/1257/1512
f 1060/2061/1513 524/1264/1513 520/1258/1513
f 1060/2061/1514 520/1258/1514 519/1257/1514
f 1060/2061/1515 1059/2060/1515 1061/2062/1515
f 1060/2061/1516 1061/2062/1516 1062/2063/1516
f 1060/2061/1517 1062/2063/1517 1063/2064/1517
f 1060/2061/1518 1063/2064/1518 524/1264/1518
f 1063/2064/1519 529/1272/1519 525/1265/1519
f 1063/2064/1520 525/1265/1520 524/1264/1520
f 1063/2064/1521 1062/2063/1521 1064/2065/1521
f 1063/2064/1522 1064/2065/1522 1065/2067/1522
f 1063/2064/1523 1065/2067/1523 1066/2069/1523
f 1063/2064/1524 1066/2069/1524 529/1272/1524
f 1066/2071/1525 457/1142/1525 530/1275/1525
f 1066/2071/1526 530/1275/1526 529/1273/1526
f 1066/2070/1527 1065/2068/1527 1067/2072/1527
f 1066/2070/1528 1067/2072/1528 454/1134/1528
f 1066/2071/1529 454/1133/1529 93/280/1529
f 1066/2071/1530 93/280/1530 457/1142/1530
f 1067/2072/1531 1065/2068/1531 1064/2066/1531
f 1067/2072/1532 1064/2066/1532 1068/2073/1532
f 1067/2072/1533 1068/2073/1533 1069/2074/1533
f 1067/2072/1534 1069/2074/1534 1070/2075/1534
f 1067/2072/1535 1070/2075/1535 453/1131/1535
f 1067/2072/1536 453/1131/1536 454/1134/1536
f 1070/2075/1537 1069/2074/1537 1071/2077/1537
f 1070/2075/1538 1071/2077/1538 1072/2078/1538
f 1070/2075/1539 1072/2078/1539 451/1127/1539
f 1070/2075/1540 451/1127/1540 453/1131/1540
f 1072/2079/1541 1071/2076/1541 1073/2080/1541
f 1072/2079/1542 1073/2080/1542 1074/2081/1542
f 1072/2079/1543 1074/2081/1543 452/1129/1543
f 1072/2079/1544 452/1129/1544 451/1128/1544
f 1074/2081/1545 1073/2080/1545 1075/2082/1545
f 1074/2081/1546 1075/2082/1546 1076/2083/1546
f 1074/2081/1547 1076/2083/1547 1077/2084/1547
f 1074/2081/1548 1077/2084/1548 452/1129/1548
f 1077/2084/1549 1078/2085/1549 449/1123/1549
f 1077/2084/1550 449/1123/1550 452/1129/1550
f 1077/2084/1551 1076/2083/1551 1079/2087/1551
f 1077/2084/1552 1079/2087/1552 1028/2016/1552
f 1077/2084/1553 1028/2016/1553 1026/2012/1553
f 1077/2084/1554 1026/2012/1554 1078/2085/1554
f 1079/2087/1555 1076/2083/1555 1075/2082/1555
f 1079/2087/1556 1075/2082/1556 1080/2088/1556
f 1079/2087/1557 1080/2088/1557 1081/2089/1557
f 1079/2087/1558 1081/2089/1558 1031/2019/1558
f 1079/2087/1559 1031/2019/1559 1029/2017/1559
f 1079/2087/1560 1029/2017/1560 1028/2016/1560
f 1081/2089/1561 1080/2088/1561 1082/2090/1561
f 1081/2089/1562 1082/2090/1562 1083/2091/1562
f 1081/2089/1563 1083/2091/1563 1084/2092/1563
f 1081/2089/1564 1084/2092/1564 1034/2023/1564
f 1081/2089/1565 1034/2023/1565 1032/2020/1565
f 1081/2089/1566 1032/2020/1566 1031/2019/1566
f 1084/2092/1567 1083/2091/1567 1085/2093/1567
f 1084/2092/1568 1085/2093/1568 1086/2094/1568
f 1084/2092/1569 1086/2094/1569 1087/2095/1569
f 1084/2092/1570 1087/2095/1570 1088/2096/1570
f 1084/2092/1571 1088/2096/1571 1035/2025/1571
f 1084/2092/1572 1035/2025/1572 1034/2023/1572
f 1088/2096/1573 1087/2095/1573 1042/2038/1573
f 1088/2096/1574 1042/2038/1574 1040/2035/1574
f 1088/2096/1575 1040/2035/1575 1036/2028/1575
f 1088/2096/1576 1036/2028/1576 1035/2025/1576
f 1087/2095/1577 1086/2094/1577 1089/2097/1577
f 1087/2095/1578 1089/2097/1578 1090/2098/1578
f 1087/2095/1579 1090/2098/1579 1091/2099/1579
f 1087/2095/1580 1091/2099/1580 1042/2038/1580
f 1091/2099/1579 1090/2098/1579 442/1110/1579
f 1091/2099/1581 442/1110/1581 441/1108/1581
f 1091/2100/1582 441/1109/1582 443/1111/1582
f 1091/2100/1583 443/1111/1583 1045/2043/1583
f 1091/2100/1584 1045/2043/1584 1043/2041/1584
f 1091/2100/1585 1043/2041/1585 1042/2039/1585
f 1090/2098/1586 1089/2097/1586 1092/2101/1586
f 1090/2098/1587 1092/2101/1587 442/1110/1587
f 1092/2101/1588 1089/2097/1588 1093/2102/1588
f 1092/2101/1589 1093/2102/1589 1094/2103/1589
f 1092/2101/1590 1094/2103/1590 1095/2105/1590
f 1092/2101/1591 1095/2105/1591 1096/2107/1591
f 1092/2101/1592 1096/2107/1592 440/1106/1592
f 1092/2101/1593 440/1106/1593 442/1110/1593
f 1096/2108/1594 1095/2104/1594 1097/2110/1594
f 1096/2108/1595 1097/2110/1595 1098/2113/1595
f 1096/2109/1596 1098/2114/1596 438/1103/1596
f 1096/2109/1597 438/1103/1597 440/1107/1597
f 1098/2115/1598 1099/2116/1598 439/1105/1598
f 1098/2115/1599 439/1105/1599 438/1104/1599
f 1098/2115/1600 1097/2111/1600 1100/2117/1600
f 1098/2115/1601 1100/2117/1601 1099/2116/1601
f 1100/2117/1602 1101/2118/1602 1102/2119/1602
f 1100/2117/1603 1102/2119/1603 1099/2116/1603
f 1100/2117/1604 1097/2111/1604 1103/2120/1604
f 1100/2117/1605 1103/2120/1605 1104/2122/1605
f 1100/2117/1606 1104/2122/1606 1105/2123/1606
f 1100/2117/1607 1105/2123/1607 1101/2118/1607
f 1105/2123/1608 1106/2124/1608 1107/2127/1608
f 1105/2123/1609 1107/2127/1609 1101/2118/1609
f 1105/2123/1610 1104/2122/1610 1108/2128/1610
f 1105/2123/1611 1108/2128/1611 411/1043/1611
f 1105/2123/1612 411/1043/1612 410/1041/1612
f 1105/2123/1613 410/1041/1613 1106/2124/1613
f 1108/2128/1614 1104/2122/1614 1103/2120/1614
f 1108/2128/1615 1103/2120/1615 1109/2129/1615
f 1108/2128/1616 1109/2129/1616 434/1091/1616
f 1108/2128/1617 434/1091/1617 1110/2130/1617
f 1108/2128/1618 1110/2130/1618 412/1044/1618
f 1108/2128/1619 412/1044/1619 411/1043/1619
f 1110/2130/1620 434/1091/1620 430/1083/1620
f 1110/2130/1621 430/1083/1621 1111/2132/1621
f 1110/2131/1622 1111/2133/1622 417/1054/1622
f 1110/2131/1623 417/1054/1623 412/1045/1623
f 1111/2134/1624 430/1084/1624 429/1082/1624
f 1111/2134/1625 429/1082/1625 444/1113/1625
f 1111/2134/1626 444/1113/1626 426/1076/1626
f 1111/2134/1627 426/1076/1627 417/1055/1627
f 1109/2129/1628 1103/2120/1628 1112/2135/1628
f 1109/2129/1629 1112/2135/1629 1113/2138/1629
f 1109/2129/1630 1113/2138/1630 431/1085/1630
f 1109/2129/1631 431/1085/1631 434/1091/1631
f 1113/2139/1632 1114/2140/1632 432/1087/1632
f 1113/2139/1633 432/1087/1633 431/1086/1633
f 1113/2139/1634 1112/2136/1634 1115/2141/1634
f 1113/2139/1635 1115/2141/1635 1114/2140/1635
f 1115/2141/1636 1116/2142/1636 1117/2143/1636
f 1115/2141/1637 1117/2143/1637 1114/2140/1637
f 1115/2141/1638 1112/2136/1638 1095/2105/1638
f 1115/2141/1639 1095/2105/1639 1094/2103/1639
f 1115/2141/1640 1094/2103/1640 1093/2102/1640
f 1115/2141/1641 1093/2102/1641 1116/2142/1641
f 1117/2143/1642 1118/2144/1642 1119/2145/1642
f 1117/2143/1643 1119/2145/1643 1120/2148/1643
f 1117/2143/1644 1120/2148/1644 432/1087/1644
f 1117/2143/1645 432/1087/1645 1114/2140/1645
f 1117/2143/1646 1116/2142/1646 1121/2149/1646
f 1117/2143/1647 1121/2149/1647 1118/2144/1647
f 1121/2149/1648 1082/2090/1648 1122/2150/1648
f 1121/2149/1649 1122/2150/1649 1118/2144/1649
f 1121/2149/1650 1116/2142/1650 1093/2102/1650
f 1121/2149/1651 1093/2102/1651 1085/2093/1651
f 1121/2149/1652 1085/2093/1652 1083/2091/1652
f 1121/2149/1653 1083/2091/1653 1082/2090/1653
f 1122/2150/1654 1075/2082/1654 1073/2080/1654
f 1122/2150/1655 1073/2080/1655 1123/2151/1655
f 1122/2150/1656 1123/2151/1656 1119/2145/1656
f 1122/2150/1657 1119/2145/1657 1118/2144/1657
f 1122/2150/1658 1082/2090/1658 1080/2088/1658
f 1122/2150/1658 1080/2088/1658 1075/2082/1658
f 1123/2151/1659 1073/2080/1659 1071/2076/1659
f 1123/2151/1660 1071/2076/1660 1124/2153/1660
f 1123/2152/1661 1124/2154/1661 1125/2157/1661
f 1123/2152/1662 1125/2157/1662 1119/2146/1662
f 1125/2156/1663 1124/2155/1663 1126/2158/1663
f 1125/2156/1664 1126/2158/1664 1127/2159/1664
f 1125/2156/1665 1127/2159/1665 1128/2160/1665
f 1125/2156/1666 1128/2160/1666 1129/2162/1666
f 1125/2157/1667 1129/2161/1667 1120/2147/1667
f 1125/2157/1668 1120/2147/1668 1119/2146/1668
f 1129/2162/1669 1128/2160/1669 1130/2164/1669
f 1129/2162/1670 1130/2164/1670 433/1088/1670
f 1129/2163/1671 433/1089/1671 432/1087/1671
f 1129/2163/1672 432/1087/1672 1120/2148/1672
f 1130/2164/1673 1128/2160/1673 1131/2167/1673
f 1130/2164/1674 1131/2167/1674 416/1052/1674
f 1130/2164/1675 416/1052/1675 415/1051/1675
f 1130/2164/1676 415/1051/1676 1132/2169/1676
f 1130/2165/1677 1132/2168/1677 85/253/1677
f 1130/2165/1678 85/253/1678 433/1090/1678
f 1132/2169/1679 415/1051/1679 419/1061/1679
f 1132/2169/1680 419/1061/1680 1133/2170/1680
f 1132/2169/1681 1133/2170/1681 428/1080/1681
f 1132/2169/1682 428/1080/1682 85/254/1682
f 1133/2170/1683 419/1061/1683 427/1079/1683
f 1133/2170/1684 427/1079/1684 424/1073/1684
f 1133/2170/1685 424/1073/1685 88/262/1685
f 1133/2170/1686 88/262/1686 428/1080/1686
f 1131/2166/1687 1134/2171/1687 1135/2174/1687
f 1131/2166/1688 1135/2174/1688 1136/2175/1688
f 1131/2166/1689 1136/2175/1689 413/1046/1689
f 1131/2166/1690 413/1046/1690 416/1053/1690
f 1131/2167/1691 1128/2160/1691 1127/2159/1691
f 1131/2167/1692 1127/2159/1692 1134/2172/1692
f 1136/2176/1693 1135/2173/1693 1137/2177/1693
f 1136/2176/1694 1137/2177/1694 1138/2178/1694
f 1136/2176/1695 1138/2178/1695 414/1048/1695
f 1136/2176/1696 414/1048/1696 413/1047/1696
f 1138/2178/1697 1137/2177/1697 1058/2059/1697
f 1138/2178/1698 1058/2059/1698 1139/2179/1698
f 1138/2178/1699 1139/2179/1699 1140/2180/1699
f 1138/2178/1700 1140/2180/1700 414/1048/1700
f 1140/2180/1701 1139/2179/1701 1055/2056/1701
f 1140/2180/1702 1055/2056/1702 1141/2181/1702
f 1140/2180/1703 1141/2181/1703 1107/2126/1703
f 1140/2180/1704 1107/2126/1704 1106/2125/1704
f 1140/2180/1705 1106/2125/1705 410/1042/1705
f 1140/2180/1706 410/1042/1706 414/1048/1706
f 1141/2181/1707 1055/2056/1707 1053/2054/1707
f 1141/2181/1708 1053/2054/1708 1142/2182/1708
f 1141/2181/1709 1142/2182/1709 1143/2183/1709
f 1141/2181/1710 1143/2183/1710 1107/2126/1710
f 1143/2183/1711 1142/2182/1711 408/1039/1711
f 1143/2183/1712 408/1039/1712 407/1037/1712
f 1143/2184/1713 407/1038/1713 409/1040/1713
f 1143/2184/1714 409/1040/1714 1102/2119/1714
f 1143/2184/1715 1102/2119/1715 1101/2118/1715
f 1143/2184/1716 1101/2118/1716 1107/2127/1716
f 1142/2182/1717 1053/2054/1717 1051/2052/1717
f 1142/2182/1718 1051/2052/1718 408/1039/1718
f 1139/2179/1509 1058/2059/1509 1056/2057/1509
f 1139/2179/1719 1056/2057/1719 1055/2056/1719
f 1137/2177/1720 1061/2062/1720 1059/2060/1720
f 1137/2177/1721 1059/2060/1721 1058/2059/1721
f 1137/2177/1722 1135/2173/1722 1144/2185/1722
f 1137/2177/1723 1144/2185/1723 1061/2062/1723
f 1144/2185/1724 1064/2065/1724 1062/2063/1724
f 1144/2185/1725 1062/2063/1725 1061/2062/1725
f 1144/2186/1726 1135/2174/1726 1134/2171/1726
f 1144/2186/1727 1134/2171/1727 1145/2188/1727
f 1144/2187/1728 1145/2189/1728 1068/2073/1728
f 1144/2187/1729 1068/2073/1729 1064/2066/1729
f 1145/2189/1730 1134/2172/1730 1127/2159/1730
f 1145/2189/1731 1127/2159/1731 1126/2158/1731
f 1145/2189/1732 1126/2158/1732 1069/2074/1732
f 1145/2189/1733 1069/2074/1733 1068/2073/1733
f 1126/2158/1734 1124/2155/1734 1071/2077/1734
f 1126/2158/1735 1071/2077/1735 1069/2074/1735
f 1112/2137/1736 1103/2121/1736 1097/2112/1736
f 1112/2137/1737 1097/2112/1737 1095/2106/1737
f 1102/2119/1738 409/1040/1738 439/1105/1738
f 1102/2119/1739 439/1105/1739 1099/2116/1739
f 1093/2102/1740 1089/2097/1740 1086/2094/1740
f 1093/2102/1741 1086/2094/1741 1085/2093/1741
f 1078/2086/1742 1146/2190/1742 450/1125/1742
f 1078/2086/1743 450/1125/1743 449/1124/1743
f 1078/2086/1744 1026/2013/1744 1024/2008/1744
f 1078/2086/1745 1024/2008/1745 1146/2190/1745
f 1146/2191/1746 1147/2192/1746 455/1135/1746
f 1146/2191/1747 455/1135/1747 450/1126/1747
f 1146/2191/1748 1024/2009/1748 1022/2004/1748
f 1146/2191/1749 1022/2004/1749 1147/2192/1749
f 1147/2193/1750 1148/2194/1750 1149/2197/1750
f 1147/2193/1751 1149/2197/1751 455/1136/1751
f 1147/2193/1752 1022/2005/1752 1020/2000/1752
f 1147/2193/1753 1020/2000/1753 1148/2194/1753
f 1149/2198/1754 1150/2199/1754 446/1117/1754
f 1149/2198/1755 446/1117/1755 445/1114/1755
f 1149/2197/1756 445/1115/1756 448/1122/1756
f 1149/2197/1757 448/1122/1757 455/1136/1757
f 1149/2198/1758 1148/2195/1758 1151/2201/1758
f 1149/2198/1759 1151/2201/1759 1150/2199/1759
f 1151/2203/1760 1152/2204/1760 1153/2205/1760
f 1151/2203/1761 1153/2205/1761 1150/2200/1761
f 1151/2202/1762 1148/2196/1762 1020/2001/1762
f 1151/2202/1763 1020/2001/1763 1019/1998/1763
f 1151/2203/1764 1019/1999/1764 1018/1997/1764
f 1151/2203/1765 1018/1997/1765 1152/2204/1765
f 1153/2205/1766 1154/2206/1766 1155/2207/1766
f 1153/2205/1767 1155/2207/1767 1156/2209/1767
f 1153/2205/1768 1156/2209/1768 446/1116/1768
f 1153/2205/1769 446/1116/1769 1150/2200/1769
f 1153/2205/1770 1152/2204/1770 1157/2212/1770
f 1153/2205/1771 1157/2212/1771 1154/2206/1771
f 1157/2212/1772 1158/2213/1772 1159/2214/1772
f 1157/2212/1773 1159/2214/1773 1154/2206/1773
f 1157/2212/1774 1152/2204/1774 1018/1997/1774
f 1157/2212/1775 1018/1997/1775 1160/2215/1775
f 1157/2212/1776 1160/2215/1776 1161/2216/1776
f 1157/2212/1777 1161/2216/1777 1158/2213/1777
f 1161/2216/1778 1162/2217/1778 1163/2218/1778
f 1161/2216/1779 1163/2218/1779 1158/2213/1779
f 1161/2216/1780 1160/2215/1780 1015/1992/1780
f 1161/2216/1781 1015/1992/1781 1164/2219/1781
f 1161/2216/1782 1164/2219/1782 1165/2220/1782
f 1161/2216/1783 1165/2220/1783 1162/2217/1783
f 1165/2220/1784 1166/2221/1784 1167/2222/1784
f 1165/2220/1785 1167/2222/1785 1162/2217/1785
f 1165/2220/1786 1164/2219/1786 1168/2223/1786
f 1165/2220/1787 1168/2223/1787 1169/2224/1787
f 1165/2220/1788 1169/2224/1788 1170/2225/1788
f 1165/2220/1789 1170/2225/1789 1166/2221/1789
f 1170/2225/1790 1171/2226/1790 1172/2227/1790
f 1170/2225/1791 1172/2227/1791 1166/2221/1791
f 1170/2225/1792 1169/2224/1792 1173/2229/1792
f 1170/2225/1793 1173/2229/1793 1174/2230/1793
f 1170/2225/1794 1174/2230/1794 1175/2232/1794
f 1170/2225/1795 1175/2232/1795 1171/2226/1795
f 1175/2232/1796 1176/2235/1796 1177/2236/1796
f 1175/2232/1797 1177/2236/1797 1171/2226/1797
f 1175/2233/1798 1174/2231/1798 1178/2237/1798
f 1175/2233/1799 1178/2237/1799 1179/2238/1799
f 1175/2233/1800 1179/2238/1800 1180/2239/1800
f 1175/2233/1801 1180/2239/1801 1176/2234/1801
f 1180/2239/1802 1181/2240/1802 1182/2241/1802
f 1180/2239/1803 1182/2241/1803 1176/2234/1803
f 1180/2239/1804 1179/2238/1804 1183/2243/1804
f 1180/2239/1805 1183/2243/1805 1184/2244/1805
f 1180/2239/1806 1184/2244/1806 1185/2245/1806
f 1180/2239/1807 1185/2245/1807 1181/2240/1807
f 1185/2245/1808 1186/2246/1808 1187/2247/1808
f 1185/2245/1809 1187/2247/1809 1181/2240/1809
f 1185/2245/1810 1184/2244/1810 1188/2249/1810
f 1185/2245/1811 1188/2249/1811 1189/2250/1811
f 1185/2245/1812 1189/2250/1812 1190/2252/1812
f 1185/2245/1813 1190/2252/1813 1186/2246/1813
f 1190/2252/1814 1191/2255/1814 1192/2256/1814
f 1190/2252/1815 1192/2256/1815 1186/2246/1815
f 1190/2253/1816 1189/2251/1816 1193/2258/1816
f 1190/2253/1817 1193/2258/1817 1194/2259/1817
f 1190/2253/1818 1194/2259/1818 1195/2261/1818
f 1190/2253/1819 1195/2261/1819 1191/2254/1819
f 1195/2261/1820 1196/2264/1820 1197/2265/1820
f 1195/2261/1821 1197/2265/1821 1191/2254/1821
f 1195/2262/1822 1194/2260/1822 1198/2267/1822
f 1195/2262/1823 1198/2267/1823 1199/2268/1823
f 1195/2262/1824 1199/2268/1824 1200/2269/1824
f 1195/2262/1825 1200/2269/1825 1196/2263/1825
f 1200/2269/1826 610/1395/1826 1201/2271/1826
f 1200/2269/1827 1201/2271/1827 1196/2263/1827
f 1200/2269/1828 1199/2268/1828 1202/2272/1828
f 1200/2269/1829 1202/2272/1829 1203/2273/1829
f 1200/2269/1830 1203/2273/1830 611/1396/1830
f 1200/2269/1831 611/1396/1831 610/1395/1831
f 1203/2273/1832 1202/2272/1832 1204/2274/1832
f 1203/2273/1833 1204/2274/1833 1205/2275/1833
f 1203/2273/1834 1205/2275/1834 612/1397/1834
f 1203/2273/1835 612/1397/1835 611/1396/1835
f 1205/2275/1836 1204/2274/1836 986/1950/1836
f 1205/2275/1837 986/1950/1837 1206/2276/1837
f 1205/2275/1838 1206/2276/1838 614/1399/1838
f 1205/2275/1839 614/1399/1839 612/1397/1839
f 1206/2276/1840 986/1950/1840 984/1948/1840
f 1206/2276/1841 984/1948/1841 983/1947/1841
f 1206/2276/1842 983/1947/1842 616/1401/1842
f 1206/2276/1843 616/1401/1843 614/1399/1843
f 1204/2274/1844 1202/2272/1844 1207/2277/1844
f 1204/2274/1845 1207/2277/1845 989/1953/1845
f 1204/2274/1846 989/1953/1846 987/1951/1846
f 1204/2274/1847 987/1951/1847 986/1950/1847
f 1207/2277/1848 1202/2272/1848 1199/2268/1848
f 1207/2277/1849 1199/2268/1849 1198/2267/1849
f 1207/2277/1850 1198/2267/1850 1208/2278/1850
f 1207/2277/1851 1208/2278/1851 992/1956/1851
f 1207/2277/1852 992/1956/1852 990/1954/1852
f 1207/2277/1853 990/1954/1853 989/1953/1853
f 1208/2278/1854 1198/2267/1854 1194/2260/1854
f 1208/2278/1855 1194/2260/1855 1193/2257/1855
f 1208/2278/1856 1193/2257/1856 1209/2280/1856
f 1208/2278/1857 1209/2280/1857 995/1959/1857
f 1208/2278/1858 995/1959/1858 993/1957/1858
f 1208/2278/1859 993/1957/1859 992/1956/1859
f 1209/2279/1860 1193/2258/1860 1189/2251/1860
f 1209/2279/1861 1189/2251/1861 1188/2248/1861
f 1209/2279/1862 1188/2248/1862 1210/2282/1862
f 1209/2279/1863 1210/2282/1863 998/1963/1863
f 1209/2280/1864 998/1962/1864 996/1960/1864
f 1209/2280/1865 996/1960/1865 995/1959/1865
f 1210/2281/1866 1188/2249/1866 1184/2244/1866
f 1210/2281/1867 1184/2244/1867 1183/2243/1867
f 1210/2281/1868 1183/2243/1868 1211/2283/1868
f 1210/2281/1869 1211/2283/1869 1001/1969/1869
f 1210/2282/1870 1001/1968/1870 999/1965/1870
f 1210/2282/1871 999/1965/1871 998/1963/1871
f 1211/2283/1872 1183/2243/1872 1179/2238/1872
f 1211/2283/1873 1179/2238/1873 1178/2237/1873
f 1211/2283/1874 1178/2237/1874 1212/2284/1874
f 1211/2283/1875 1212/2284/1875 1004/1974/1875
f 1211/2283/1876 1004/1974/1876 1002/1971/1876
f 1211/2283/1877 1002/1971/1877 1001/1969/1877
f 1212/2284/1878 1178/2237/1878 1174/2231/1878
f 1212/2284/1879 1174/2231/1879 1173/2228/1879
f 1212/2284/1880 1173/2228/1880 1213/2286/1880
f 1212/2284/1881 1213/2286/1881 1007/1977/1881
f 1212/2284/1882 1007/1977/1882 1005/1975/1882
f 1212/2284/1883 1005/1975/1883 1004/1974/1883
f 1213/2285/1884 1173/2229/1884 1169/2224/1884
f 1213/2285/1885 1169/2224/1885 1168/2223/1885
f 1213/2285/1886 1168/2223/1886 1013/1989/1886
f 1213/2285/1887 1013/1989/1887 1011/1984/1887
f 1213/2286/1888 1011/1985/1888 1008/1978/1888
f 1213/2286/1889 1008/1978/1889 1007/1977/1889
f 1201/2270/1890 602/1380/1890 600/1376/1890
f 1201/2270/1891 600/1376/1891 599/1373/1891
f 1201/2270/1892 599/1373/1892 1197/2265/1892
f 1201/2270/1893 1197/2265/1893 1196/2264/1893
f 1201/2271/1894 610/1395/1894 604/1385/1894
f 1201/2271/1895 604/1385/1895 602/1381/1895
f 1197/2266/1896 599/1374/1896 595/1369/1896
f 1197/2266/1897 595/1369/1897 594/1368/1897
f 1197/2266/1898 594/1368/1898 1192/2256/1898
f 1197/2266/1899 1192/2256/1899 1191/2255/1899
f 1192/2256/1900 594/1368/1900 590/1363/1900
f 1192/2256/1901 590/1363/1901 589/1362/1901
f 1192/2256/1902 589/1362/1902 1187/2247/1902
f 1192/2256/1903 1187/2247/1903 1186/2246/1903
f 1187/2247/1904 589/1362/1904 585/1356/1904
f 1187/2247/1905 585/1356/1905 584/1353/1905
f 1187/2247/1906 584/1353/1906 1182/2241/1906
f 1187/2247/1907 1182/2241/1907 1181/2240/1907
f 1182/2242/1908 584/1354/1908 580/1349/1908
f 1182/2242/1909 580/1349/1909 579/1348/1909
f 1182/2242/1910 579/1348/1910 1177/2236/1910
f 1182/2242/1911 1177/2236/1911 1176/2235/1911
f 1177/2236/1912 579/1348/1912 575/1344/1912
f 1177/2236/1913 575/1344/1913 574/1343/1913
f 1177/2236/1914 574/1343/1914 1172/2227/1914
f 1177/2236/1915 1172/2227/1915 1171/2226/1915
f 1172/2227/1916 574/1343/1916 570/1339/1916
f 1172/2227/1917 570/1339/1917 569/1338/1917
f 1172/2227/1918 569/1338/1918 1167/2222/1918
f 1172/2227/1919 1167/2222/1919 1166/2221/1919
f 1168/2223/1920 1164/2219/1920 1015/1992/1920
f 1168/2223/1921 1015/1992/1921 1013/1989/1921
f 1167/2222/1922 569/1338/1922 565/1334/1922
f 1167/2222/1923 565/1334/1923 564/1333/1923
f 1167/2222/1924 564/1333/1924 1163/2218/1924
f 1167/2222/1925 1163/2218/1925 1162/2217/1925
f 1163/2218/1926 564/1333/1926 560/1328/1926
f 1163/2218/1927 560/1328/1927 559/1327/1927
f 1163/2218/1928 559/1327/1928 1159/2214/1928
f 1163/2218/1929 1159/2214/1929 1158/2213/1929
f 1160/2215/1930 1018/1997/1930 1016/1993/1930
f 1160/2215/1931 1016/1993/1931 1015/1992/1931
f 1159/2214/1932 559/1327/1932 555/1319/1932
f 1159/2214/1933 555/1319/1933 554/1316/1933
f 1159/2214/1934 554/1316/1934 1155/2207/1934
f 1159/2214/1935 1155/2207/1935 1154/2206/1935
f 1156/2210/1936 1155/2208/1936 549/1308/1936
f 1156/2210/1937 549/1308/1937 1214/2287/1937
f 1156/2211/1938 1214/2288/1938 447/1118/1938
f 1156/2211/1939 447/1118/1939 446/1117/1939
f 1214/2289/1940 549/1307/1940 545/1303/1940
f 1214/2289/1941 545/1303/1941 544/1302/1941
f 1214/2289/1942 544/1302/1942 423/1072/1942
f 1214/2289/1943 423/1072/1943 447/1119/1943
f 1155/2208/1944 554/1317/1944 550/1310/1944
f 1155/2208/1945 550/1310/1945 549/1308/1945
f 1051/2052/1946 1049/2050/1946 403/1029/1946
f 1051/2052/1947 403/1029/1947 408/1039/1947
f 1049/2050/1948 1047/2046/1948 404/1030/1948
f 1049/2050/1949 404/1030/1949 403/1029/1949
f 1047/2047/1950 1046/2045/1950 1215/2290/1950
f 1047/2047/1951 1215/2290/1951 404/1031/1951
f 1215/2290/1952 1046/2045/1952 1045/2044/1952
f 1215/2290/1953 1045/2044/1953 443/1112/1953
f 1215/2290/1954 443/1112/1954 437/1101/1954
f 1215/2290/1955 437/1101/1955 459/1146/1955
f 1215/2290/1956 459/1146/1956 405/1034/1956
f 1215/2290/1957 405/1034/1957 404/1031/1957
f 983/1947/1958 981/1944/1958 980/1940/1958
f 983/1947/1959 980/1940/1959 616/1401/1959
f 980/1940/1960 620/1405/1960 617/1402/1960
f 980/1940/1961 617/1402/1961 616/1401/1961
f 980/1941/1962 978/1936/1962 977/1933/1962
f 980/1941/1963 977/1933/1963 620/1406/1963
f 977/1933/1964 625/1414/1964 621/1408/1964
f 977/1933/1965 621/1408/1965 620/1406/1965
f 977/1934/1966 975/1931/1966 974/1930/1966
f 977/1934/1967 974/1930/1967 625/1415/1967
f 974/1930/1968 630/1426/1968 626/1417/1968
f 974/1930/1969 626/1417/1969 625/1415/1969
f 974/1930/1970 972/1927/1970 971/1924/1970
f 974/1930/1971 971/1924/1971 630/1426/1971
f 971/1924/1972 635/1432/1972 631/1427/1972
f 971/1924/1973 631/1427/1973 630/1426/1973
f 971/1925/1974 969/1920/1974 968/1916/1974
f 971/1925/1975 968/1916/1975 635/1433/1975
f 968/1916/1976 640/1443/1976 636/1436/1976
f 968/1916/1977 636/1436/1977 635/1433/1977
f 968/1917/1978 966/1914/1978 965/1913/1978
f 968/1917/1979 965/1913/1979 640/1444/1979
f 965/1913/1980 645/1453/1980 641/1446/1980
f 965/1913/1981 641/1446/1981 640/1444/1981
f 965/1913/1982 963/1911/1982 962/1910/1982
f 965/1913/1983 962/1910/1983 645/1453/1983
f 962/1910/1984 650/1460/1984 646/1454/1984
f 962/1910/1985 646/1454/1985 645/1453/1985
f 962/1910/1986 960/1908/1986 1216/2291/1986
f 962/1910/1987 1216/2291/1987 650/1460/1987
f 1216/2291/1988 655/1465/1988 651/1461/1988
f 1216/2291/1989 651/1461/1989 650/1460/1989
f 1216/2291/1990 960/1908/1990 852/1747/1990
f 1216/2291/1991 852/1747/1991 851/1746/1991
f 1216/2291/1992 851/1746/1992 850/1745/1992
f 1216/2291/1993 850/1745/1993 655/1465/1993
f 850/1745/1994 660/1470/1994 656/1466/1994
f 850/1745/1995 656/1466/1995 655/1465/1995
f 850/1745/1996 848/1743/1996 847/1742/1996
f 850/1745/1997 847/1742/1997 660/1470/1997
f 847/1742/1998 843/1733/1998 842/1732/1998
f 847/1742/1999 842/1732/1999 663/1473/1999
f 847/1742/2000 663/1473/2000 661/1471/2000
f 847/1742/2001 661/1471/2001 660/1470/2001
f 842/1731/2002 838/1724/2002 837/1719/2002
f 842/1731/2003 837/1719/2003 1217/2292/2003
f 842/1732/2004 1217/2293/2004 664/1474/2004
f 842/1732/2005 664/1474/2005 663/1473/2005
f 1217/2293/2006 837/1720/2006 1218/2294/2006
f 1217/2293/2007 1218/2294/2007 1219/2296/2007
f 1217/2293/2008 1219/2296/2008 665/1475/2008
f 1217/2293/2009 665/1475/2009 664/1474/2009
f 1219/2296/2010 1218/2294/2010 1220/2298/2010
f 1219/2296/2011 1220/2298/2011 1221/2299/2011
f 1219/2296/2012 1221/2299/2012 1222/2300/2012
f 1219/2296/2013 1222/2300/2013 665/1475/2013
f 1222/2300/2014 1221/2299/2014 1223/2301/2014
f 1222/2300/2015 1223/2301/2015 1224/2302/2015
f 1222/2300/2016 1224/2302/2016 1225/2303/2016
f 1222/2300/2017 1225/2303/2017 668/1478/2017
f 1222/2300/2018 668/1478/2018 666/1476/2018
f 1222/2300/2019 666/1476/2019 665/1475/2019
f 1225/2303/2020 1224/2302/2020 1226/2304/2020
f 1225/2303/2021 1226/2304/2021 1227/2305/2021
f 1225/2303/2022 1227/2305/2022 1228/2306/2022
f 1225/2303/2023 1228/2306/2023 1229/2307/2023
f 1225/2303/2024 1229/2307/2024 669/1479/2024
f 1225/2303/2025 669/1479/2025 668/1478/2025
f 1229/2307/2026 1228/2306/2026 1230/2308/2026
f 1229/2307/2027 1230/2308/2027 1231/2309/2027
f 1229/2307/2028 1231/2309/2028 670/1480/2028
f 1229/2307/2029 670/1480/2029 669/1479/2029
f 1231/2309/2030 1230/2308/2030 726/1557/2030
f 1231/2309/2031 726/1557/2031 725/1556/2031
f 1231/2309/2032 725/1556/2032 672/1482/2032
f 1231/2309/2033 672/1482/2033 670/1480/2033
f 1230/2308/2034 1228/2306/2034 1232/2310/2034
f 1230/2308/2035 1232/2310/2035 1233/2311/2035
f 1230/2308/2036 1233/2311/2036 733/1566/2036
f 1230/2308/2037 733/1566/2037 726/1557/2037
f 1233/2311/2038 1232/2310/2038 1234/2312/2038
f 1233/2311/2039 1234/2312/2039 1235/2313/2039
f 1233/2311/2040 1235/2313/2040 734/1567/2040
f 1233/2311/2041 734/1567/2041 733/1566/2041
f 1235/2313/2042 1234/2312/2042 1236/2314/2042
f 1235/2313/2043 1236/2314/2043 1237/2315/2043
f 1235/2313/2044 1237/2315/2044 741/1576/2044
f 1235/2313/2045 741/1576/2045 734/1567/2045
f 1237/2315/2046 1236/2314/2046 1238/2316/2046
f 1237/2315/2047 1238/2316/2047 1239/2317/2047
f 1237/2315/2048 1239/2317/2048 742/1577/2048
f 1237/2315/2049 742/1577/2049 741/1576/2049
f 1239/2317/2050 1238/2316/2050 1240/2318/2050
f 1239/2317/2051 1240/2318/2051 1241/2319/2051
f 1239/2317/2052 1241/2319/2052 749/1586/2052
f 1239/2317/2052 749/1586/2052 742/1577/2052
f 1241/2319/2053 1240/2318/2053 1242/2320/2053
f 1241/2319/2054 1242/2320/2054 1243/2321/2054
f 1241/2319/2055 1243/2321/2055 750/1587/2055
f 1241/2319/2056 750/1587/2056 749/1586/2056
f 1243/2321/2057 1242/2320/2057 1244/2322/2057
f 1243/2321/2058 1244/2322/2058 1245/2323/2058
f 1243/2321/2059 1245/2323/2059 757/1596/2059
f 1243/2321/2060 757/1596/2060 750/1587/2060
f 1245/2323/2061 1244/2322/2061 1246/2324/2061
f 1245/2323/2062 1246/2324/2062 1247/2325/2062
f 1245/2323/2063 1247/2325/2063 758/1597/2063
f 1245/2323/2064 758/1597/2064 757/1596/2064
f 1247/2325/2065 1246/2324/2065 1248/2326/2065
f 1247/2325/2066 1248/2326/2066 1249/2327/2066
f 1247/2325/2067 1249/2327/2067 765/1606/2067
f 1247/2325/2068 765/1606/2068 758/1597/2068
f 1249/2327/2069 1248/2326/2069 1250/2328/2069
f 1249/2327/2070 1250/2328/2070 1251/2329/2070
f 1249/2327/2071 1251/2329/2071 766/1607/2071
f 1249/2327/2072 766/1607/2072 765/1606/2072
f 1251/2329/2073 1250/2328/2073 1252/2330/2073
f 1251/2329/2074 1252/2330/2074 1253/2331/2074
f 1251/2329/2075 1253/2331/2075 773/1616/2075
f 1251/2329/2076 773/1616/2076 766/1607/2076
f 1253/2331/2077 1252/2330/2077 1254/2332/2077
f 1253/2331/2078 1254/2332/2078 1255/2333/2078
f 1253/2331/2079 1255/2333/2079 774/1617/2079
f 1253/2331/2080 774/1617/2080 773/1616/2080
f 1255/2333/2081 1254/2332/2081 1256/2334/2081
f 1255/2333/2082 1256/2334/2082 1257/2335/2082
f 1255/2333/2083 1257/2335/2083 1258/2336/2083
f 1255/2333/2084 1258/2336/2084 774/1617/2084
f 1258/2336/2085 1257/2335/2085 1259/2337/2085
f 1258/2336/2086 1259/2337/2086 1260/2338/2086
f 1258/2336/2087 1260/2338/2087 1261/2339/2087
f 1258/2336/2088 1261/2339/2088 777/1621/2088
f 1258/2336/2089 777/1621/2089 775/1619/2089
f 1258/2336/2090 775/1619/2090 774/1617/2090
f 1261/2339/2091 1260/2338/2091 1262/2341/2091
f 1261/2339/2092 1262/2341/2092 1263/2343/2092
f 1261/2340/2093 1263/2345/2093 1264/2346/2093
f 1261/2340/2094 1264/2346/2094 1265/2347/2094
f 1261/2340/2095 1265/2347/2095 778/1623/2095
f 1261/2340/2096 778/1623/2096 777/1622/2096
f 1265/2347/2097 1264/2346/2097 1266/2349/2097
f 1265/2347/2098 1266/2349/2098 1267/2350/2098
f 1265/2347/2099 1267/2350/2099 779/1624/2099
f 1265/2347/2100 779/1624/2100 778/1623/2100
f 1267/2350/2101 1266/2349/2101 1268/2351/2101
f 1267/2350/2102 1268/2351/2102 1269/2354/2102
f 1267/2350/2103 1269/2354/2103 781/1626/2103
f 1267/2350/2104 781/1626/2104 779/1624/2104
f 1269/2355/2105 1268/2352/2105 1270/2356/2105
f 1269/2355/2106 1270/2356/2106 1271/2358/2106
f 1269/2355/2107 1271/2358/2107 1272/2359/2107
f 1269/2355/2108 1272/2359/2108 781/1627/2108
f 1272/2359/2109 784/1632/2109 782/1629/2109
f 1272/2359/2110 782/1629/2110 781/1627/2110
f 1272/2359/2111 1271/2358/2111 1273/2360/2111
f 1272/2359/2112 1273/2360/2112 1274/2361/2112
f 1272/2359/2113 1274/2361/2113 1275/2362/2113
f 1272/2359/2114 1275/2362/2114 784/1632/2114
f 1275/2362/2115 1274/2361/2115 1276/2363/2115
f 1275/2362/2116 1276/2363/2116 1277/2364/2116
f 1275/2362/2117 1277/2364/2117 1278/2365/2117
f 1275/2362/2118 1278/2365/2118 1279/2366/2118
f 1275/2362/2119 1279/2366/2119 785/1633/2119
f 1275/2362/2120 785/1633/2120 784/1632/2120
f 1279/2366/2121 1278/2365/2121 1280/2367/2121
f 1279/2366/2122 1280/2367/2122 1281/2368/2122
f 1279/2366/2123 1281/2368/2123 786/1634/2123
f 1279/2366/2124 786/1634/2124 785/1633/2124
f 1281/2368/2125 1280/2367/2125 1282/2369/2125
f 1281/2368/2126 1282/2369/2126 1283/2370/2126
f 1281/2368/2127 1283/2370/2127 788/1637/2127
f 1281/2368/2128 788/1637/2128 786/1634/2128
f 1283/2370/2129 1282/2369/2129 1284/2371/2129
f 1283/2370/2130 1284/2371/2130 1285/2372/2130
f 1283/2370/2131 1285/2372/2131 790/1640/2131
f 1283/2370/2132 790/1640/2132 788/1637/2132
f 1285/2372/2133 1284/2371/2133 1286/2373/2133
f 1285/2372/2134 1286/2373/2134 1287/2374/2134
f 1285/2372/2135 1287/2374/2135 792/1644/2135
f 1285/2372/2136 792/1644/2136 790/1640/2136
f 1287/2374/2137 1286/2373/2137 1288/2375/2137
f 1287/2374/2138 1288/2375/2138 1289/2376/2138
f 1287/2374/2139 1289/2376/2139 794/1649/2139
f 1287/2374/2140 794/1649/2140 792/1644/2140
f 1289/2376/2141 1288/2375/2141 1290/2377/2141
f 1289/2376/2142 1290/2377/2142 1291/2378/2142
f 1289/2376/2143 1291/2378/2143 796/1653/2143
f 1289/2376/2144 796/1653/2144 794/1649/2144
f 1291/2378/2145 1290/2377/2145 1292/2379/2145
f 1291/2378/2146 1292/2379/2146 1293/2380/2146
f 1291/2378/2147 1293/2380/2147 798/1657/2147
f 1291/2378/2148 798/1657/2148 796/1653/2148
f 1293/2380/2149 1292/2379/2149 1294/2381/2149
f 1293/2380/2150 1294/2381/2150 1295/2382/2150
f 1293/2380/2151 1295/2382/2151 800/1661/2151
f 1293/2380/2152 800/1661/2152 798/1657/2152
f 1295/2382/2153 1294/2381/2153 1296/2383/2153
f 1295/2382/2154 1296/2383/2154 1297/2384/2154
f 1295/2382/2155 1297/2384/2155 802/1665/2155
f 1295/2382/2156 802/1665/2156 800/1661/2156
f 1297/2384/2157 1296/2383/2157 1298/2385/2157
f 1297/2384/2158 1298/2385/2158 1299/2386/2158
f 1297/2384/2159 1299/2386/2159 804/1669/2159
f 1297/2384/2160 804/1669/2160 802/1665/2160
f 1299/2386/2161 1298/2385/2161 1300/2387/2161
f 1299/2386/2162 1300/2387/2162 1301/2388/2162
f 1299/2386/2163 1301/2388/2163 806/1673/2163
f 1299/2386/2164 806/1673/2164 804/1669/2164
f 1301/2388/2165 1300/2387/2165 1302/2389/2165
f 1301/2388/2166 1302/2389/2166 811/1685/2166
f 1301/2388/2167 811/1685/2167 808/1678/2167
f 1301/2388/2168 808/1678/2168 806/1673/2168
f 1302/2389/2169 1300/2387/2169 1303/2390/2169
f 1302/2389/2170 1303/2390/2170 1304/2391/2170
f 1302/2389/2171 1304/2391/2171 1305/2392/2171
f 1302/2389/2172 1305/2392/2172 814/1688/2172
f 1302/2389/2173 814/1688/2173 812/1686/2173
f 1302/2389/2174 812/1686/2174 811/1685/2174
f 1305/2392/2175 1304/2391/2175 1306/2393/2175
f 1305/2392/2176 1306/2393/2176 1307/2394/2176
f 1305/2392/2177 1307/2394/2177 1308/2395/2177
f 1305/2392/2178 1308/2395/2178 817/1691/2178
f 1305/2392/2179 817/1691/2179 815/1689/2179
f 1305/2392/2180 815/1689/2180 814/1688/2180
f 1308/2395/2181 1307/2394/2181 1309/2396/2181
f 1308/2395/2182 1309/2396/2182 1310/2397/2182
f 1308/2395/2183 1310/2397/2183 824/1698/2183
f 1308/2395/2184 824/1698/2184 820/1694/2184
f 1308/2395/2185 820/1694/2185 818/1692/2185
f 1308/2395/2186 818/1692/2186 817/1691/2186
f 1310/2397/2187 1309/2396/2187 1311/2398/2187
f 1310/2397/2188 1311/2398/2188 1312/2400/2188
f 1310/2397/2189 1312/2400/2189 825/1699/2189
f 1310/2397/2190 825/1699/2190 824/1698/2190
f 1312/2401/2191 1311/2399/2191 1313/2402/2191
f 1312/2401/2192 1313/2402/2192 1314/2404/2192
f 1312/2401/2193 1314/2404/2193 827/1703/2193
f 1312/2401/2194 827/1703/2194 825/1700/2194
f 1314/2405/2195 1313/2403/2195 1315/2406/2195
f 1314/2405/2196 1315/2406/2196 1316/2407/2196
f 1314/2405/2197 1316/2407/2197 830/1710/2197
f 1314/2405/2198 830/1710/2198 827/1704/2198
f 1316/2407/2199 1315/2406/2199 1317/2408/2199
f 1316/2407/2200 1317/2408/2200 1318/2409/2200
f 1316/2407/2201 1318/2409/2201 833/1715/2201
f 1316/2407/2202 833/1715/2202 830/1710/2202
f 1318/2409/2203 1317/2408/2203 1319/2410/2203
f 1318/2409/2204 1319/2410/2204 1220/2297/2204
f 1318/2409/2205 1220/2297/2205 1218/2295/2205
f 1318/2409/2206 1218/2295/2206 833/1715/2206
f 1319/2410/2207 1317/2408/2207 1320/2412/2207
f 1319/2410/2208 1320/2412/2208 1321/2414/2208
f 1319/2411/2209 1321/2413/2209 1322/2415/2209
f 1319/2411/2210 1322/2415/2210 1223/2301/2210
f 1319/2411/2211 1223/2301/2211 1221/2299/2211
f 1319/2411/2212 1221/2299/2212 1220/2298/2212
f 1322/2415/2213 1321/2413/2213 1323/2417/2213
f 1322/2415/2214 1323/2417/2214 1324/2418/2214
f 1322/2415/2215 1324/2418/2215 1325/2419/2215
f 1322/2415/2216 1325/2419/2216 1226/2304/2216
f 1322/2415/2217 1226/2304/2217 1224/2302/2217
f 1322/2415/2218 1224/2302/2218 1223/2301/2218
f 1325/2419/2219 1324/2418/2219 1326/2420/2219
f 1325/2419/2220 1326/2420/2220 1327/2421/2220
f 1325/2419/2221 1327/2421/2221 1328/2422/2221
f 1325/2419/2222 1328/2422/2222 1329/2423/2222
f 1325/2419/2223 1329/2423/2223 1227/2305/2223
f 1325/2419/2224 1227/2305/2224 1226/2304/2224
f 1329/2423/2225 1328/2422/2225 1234/2312/2225
f 1329/2423/2226 1234/2312/2226 1232/2310/2226
f 1329/2423/2227 1232/2310/2227 1228/2306/2227
f 1329/2423/2228 1228/2306/2228 1227/2305/2228
f 1328/2422/2229 1327/2421/2229 1330/2424/2229
f 1328/2422/2230 1330/2424/2230 1331/2425/2230
f 1328/2422/2231 1331/2425/2231 1236/2314/2231
f 1328/2422/2232 1236/2314/2232 1234/2312/2232
f 1331/2425/2233 1330/2424/2233 1332/2426/2233
f 1331/2425/2234 1332/2426/2234 1333/2427/2234
f 1331/2425/2235 1333/2427/2235 1238/2316/2235
f 1331/2425/2236 1238/2316/2236 1236/2314/2236
f 1333/2427/2237 1332/2426/2237 1334/2428/2237
f 1333/2427/2238 1334/2428/2238 1335/2429/2238
f 1333/2427/2239 1335/2429/2239 1240/2318/2239
f 1333/2427/2240 1240/2318/2240 1238/2316/2240
f 1335/2429/2241 1334/2428/2241 1336/2430/2241
f 1335/2429/2242 1336/2430/2242 1337/2431/2242
f 1335/2429/2243 1337/2431/2243 1242/2320/2243
f 1335/2429/2244 1242/2320/2244 1240/2318/2244
f 1337/2431/2245 1336/2430/2245 1338/2432/2245
f 1337/2431/2246 1338/2432/2246 1339/2433/2246
f 1337/2431/2247 1339/2433/2247 1244/2322/2247
f 1337/2431/2248 1244/2322/2248 1242/2320/2248
f 1339/2433/2249 1338/2432/2249 1340/2434/2249
f 1339/2433/2250 1340/2434/2250 1341/2435/2250
f 1339/2433/2251 1341/2435/2251 1246/2324/2251
f 1339/2433/2252 1246/2324/2252 1244/2322/2252
f 1341/2435/2253 1340/2434/2253 1342/2436/2253
f 1341/2435/2254 1342/2436/2254 1343/2437/2254
f 1341/2435/2255 1343/2437/2255 1248/2326/2255
f 1341/2435/2256 1248/2326/2256 1246/2324/2256
f 1343/2437/2257 1342/2436/2257 1344/2438/2257
f 1343/2437/2258 1344/2438/2258 1345/2439/2258
f 1343/2437/2259 1345/2439/2259 1250/2328/2259
f 1343/2437/2260 1250/2328/2260 1248/2326/2260
f 1345/2439/2261 1344/2438/2261 1346/2440/2261
f 1345/2439/2262 1346/2440/2262 1347/2441/2262
f 1345/2439/2263 1347/2441/2263 1252/2330/2263
f 1345/2439/2264 1252/2330/2264 1250/2328/2264
f 1347/2441/2265 1346/2440/2265 1348/2442/2265
f 1347/2441/2266 1348/2442/2266 1349/2444/2266
f 1347/2441/2267 1349/2444/2267 1254/2332/2267
f 1347/2441/2268 1254/2332/2268 1252/2330/2268
f 1349/2444/2269 1348/2442/2269 1350/2445/2269
f 1349/2444/2270 1350/2445/2270 1351/2447/2270
f 1349/2444/2271 1351/2447/2271 1256/2334/2271
f 1349/2444/2272 1256/2334/2272 1254/2332/2272
f 1351/2447/2273 1350/2445/2273 1352/2449/2273
f 1351/2447/2274 1352/2449/2274 1353/2450/2274
f 1351/2447/2275 1353/2450/2275 1354/2451/2275
f 1351/2447/2276 1354/2451/2276 1256/2334/2276
f 1354/2451/2277 1353/2450/2277 1355/2452/2277
f 1354/2451/2278 1355/2452/2278 1356/2453/2278
f 1354/2451/2279 1356/2453/2279 1357/2454/2279
f 1354/2451/2280 1357/2454/2280 1259/2337/2280
f 1354/2451/2281 1259/2337/2281 1257/2335/2281
f 1354/2451/2282 1257/2335/2282 1256/2334/2282
f 1357/2454/2283 1356/2453/2283 1358/2456/2283
f 1357/2454/2284 1358/2456/2284 1359/2458/2284
f 1357/2454/2285 1359/2458/2285 1360/2460/2285
f 1357/2454/2286 1360/2460/2286 1262/2341/2286
f 1357/2454/2287 1262/2341/2287 1260/2338/2287
f 1357/2454/2288 1260/2338/2288 1259/2337/2288
f 1360/2461/2289 1359/2459/2289 1361/2462/2289
f 1360/2461/2290 1361/2462/2290 1362/2464/2290
f 1360/2461/2291 1362/2464/2291 266/707/2291
f 1360/2461/2292 266/707/2292 270/715/2292
f 1360/2461/2293 270/715/2293 1263/2344/2293
f 1360/2461/2294 1263/2344/2294 1262/2342/2294
f 1362/2465/2295 1361/2463/2295 265/706/2295
f 1362/2465/2296 265/706/2296 468/1165/2296
f 1362/2465/2297 468/1165/2297 267/709/2297
f 1362/2465/2298 267/709/2298 266/708/2298
f 1361/2462/2299 1359/2459/2299 1358/2455/2299
f 1361/2462/2300 1358/2455/2300 472/1171/2300
f 1361/2463/2301 472/1172/2301 100/297/2301
f 1361/2463/2302 100/297/2302 265/706/2302
f 1358/2456/2303 1356/2453/2303 1355/2452/2303
f 1358/2456/2304 1355/2452/2304 1363/2467/2304
f 1358/2457/2305 1363/2466/2305 473/1174/2305
f 1358/2457/2306 473/1174/2306 472/1172/2306
f 1363/2467/2307 1355/2452/2307 1364/2470/2307
f 1363/2467/2308 1364/2470/2308 1365/2471/2308
f 1363/2468/2309 1365/2472/2309 476/1180/2309
f 1363/2468/2310 476/1180/2310 473/1173/2310
f 1365/2471/2311 1364/2470/2311 1366/2473/2311
f 1365/2471/2312 1366/2473/2312 1367/2477/2312
f 1365/2472/2313 1367/2478/2313 477/1182/2313
f 1365/2472/2314 477/1182/2314 476/1180/2314
f 1367/2478/2315 1366/2474/2315 1368/2481/2315
f 1367/2478/2316 1368/2481/2316 1369/2482/2316
f 1367/2478/2317 1369/2482/2317 1370/2483/2317
f 1367/2478/2318 1370/2483/2318 477/1182/2318
f 1370/2483/2319 1369/2482/2319 137/393/2319
f 1370/2483/2320 137/393/2320 136/388/2320
f 1370/2484/2321 136/389/2321 1371/2486/2321
f 1370/2484/2322 1371/2486/2322 478/1185/2322
f 1370/2484/2323 478/1185/2323 101/300/2323
f 1370/2484/2324 101/300/2324 477/1183/2324
f 1371/2485/2325 136/390/2325 135/387/2325
f 1371/2485/2326 135/387/2326 1372/2487/2326
f 1371/2485/2327 1372/2487/2327 1373/2489/2327
f 1371/2485/2328 1373/2489/2328 1374/2490/2328
f 1371/2486/2329 1374/2491/2329 479/1186/2329
f 1371/2486/2330 479/1186/2330 478/1185/2330
f 1374/2490/2331 1373/2489/2331 1375/2492/2331
f 1374/2490/2332 1375/2492/2332 261/699/2332
f 1374/2491/2333 261/698/2333 260/695/2333
f 1374/2491/2334 260/695/2334 479/1186/2334
f 1375/2493/2335 1376/2494/2335 1377/2495/2335
f 1375/2493/2336 1377/2495/2336 1378/2496/2336
f 1375/2492/2337 1378/2497/2337 262/701/2337
f 1375/2492/2338 262/701/2338 261/699/2338
f 1375/2493/2339 1373/2488/2339 1379/2499/2339
f 1375/2493/2340 1379/2499/2340 1376/2494/2340
f 1379/2498/2341 1373/2489/2341 1372/2487/2341
f 1379/2498/2342 1372/2487/2342 1380/2502/2342
f 1379/2499/2343 1380/2500/2343 1381/2503/2343
f 1379/2499/2344 1381/2503/2344 1382/2505/2344
f 1379/2499/2345 1382/2505/2345 1383/2506/2345
f 1379/2499/2346 1383/2506/2346 1376/2494/2346
f 1383/2506/2347 1382/2505/2347 1384/2507/2347
f 1383/2506/2348 1384/2507/2348 1385/2508/2348
f 1383/2506/2349 1385/2508/2349 1276/2363/2349
f 1383/2506/2350 1276/2363/2350 1386/2509/2350
f 1383/2506/2351 1386/2509/2351 1377/2495/2351
f 1383/2506/2352 1377/2495/2352 1376/2494/2352
f 1386/2509/2353 1276/2363/2353 1274/2361/2353
f 1386/2509/2354 1274/2361/2354 1273/2360/2354
f 1386/2509/2355 1273/2360/2355 1387/2510/2355
f 1386/2509/2356 1387/2510/2356 1377/2495/2356
f 1387/2510/2357 1273/2360/2357 1271/2358/2357
f 1387/2510/2358 1271/2358/2358 1270/2356/2358
f 1387/2510/2359 1270/2356/2359 1388/2511/2359
f 1387/2510/2360 1388/2511/2360 1389/2513/2360
f 1387/2510/2361 1389/2513/2361 1378/2496/2361
f 1387/2510/2362 1378/2496/2362 1377/2495/2362
f 1389/2514/2363 1388/2512/2363 471/1169/2363
f 1389/2514/2364 471/1169/2364 263/702/2364
f 1389/2515/2365 263/703/2365 262/701/2365
f 1389/2515/2366 262/701/2366 1378/2497/2366
f 1388/2512/2367 1270/2357/2367 1268/2353/2367
f 1388/2512/2368 1268/2353/2368 1390/2516/2368
f 1388/2512/2369 1390/2516/2369 470/1168/2369
f 1388/2512/2370 470/1168/2370 471/1169/2370
f 1390/2516/2371 1268/2353/2371 1266/2348/2371
f 1390/2516/2372 1266/2348/2372 271/717/2372
f 1390/2516/2373 271/717/2373 268/711/2373
f 1390/2516/2374 268/711/2374 470/1168/2374
f 1385/2508/2375 1384/2507/2375 1391/2517/2375
f 1385/2508/2376 1391/2517/2376 1392/2518/2376
f 1385/2508/2377 1392/2518/2377 1277/2364/2377
f 1385/2508/2378 1277/2364/2378 1276/2363/2378
f 1392/2518/2379 1391/2517/2379 1393/2519/2379
f 1392/2518/2380 1393/2519/2380 1394/2521/2380
f 1392/2518/2381 1394/2521/2381 1278/2365/2381
f 1392/2518/2382 1278/2365/2382 1277/2364/2382
f 1394/2521/2383 1393/2519/2383 1395/2522/2383
f 1394/2521/2384 1395/2522/2384 1396/2524/2384
f 1394/2521/2385 1396/2524/2385 1280/2367/2385
f 1394/2521/2386 1280/2367/2386 1278/2365/2386
f 1396/2524/2387 1395/2522/2387 1397/2526/2387
f 1396/2524/2388 1397/2526/2388 1398/2527/2388
f 1396/2524/2389 1398/2527/2389 1282/2369/2389
f 1396/2524/2390 1282/2369/2390 1280/2367/2390
f 1398/2527/2391 1397/2526/2391 1399/2528/2391
f 1398/2527/2392 1399/2528/2392 1400/2529/2392
f 1398/2527/2393 1400/2529/2393 1284/2371/2393
f 1398/2527/2394 1284/2371/2394 1282/2369/2394
f 1400/2529/2395 1399/2528/2395 1401/2530/2395
f 1400/2529/2396 1401/2530/2396 1402/2531/2396
f 1400/2529/2397 1402/2531/2397 1286/2373/2397
f 1400/2529/2398 1286/2373/2398 1284/2371/2398
f 1402/2531/2399 1401/2530/2399 1403/2532/2399
f 1402/2531/2400 1403/2532/2400 1404/2533/2400
f 1402/2531/2401 1404/2533/2401 1288/2375/2401
f 1402/2531/2402 1288/2375/2402 1286/2373/2402
f 1404/2533/2403 1403/2532/2403 1405/2534/2403
f 1404/2533/2404 1405/2534/2404 1406/2535/2404
f 1404/2533/2405 1406/2535/2405 1290/2377/2405
f 1404/2533/2406 1290/2377/2406 1288/2375/2406
f 1406/2535/2407 1405/2534/2407 1407/2536/2407
f 1406/2535/2408 1407/2536/2408 1408/2537/2408
f 1406/2535/2409 1408/2537/2409 1292/2379/2409
f 1406/2535/2410 1292/2379/2410 1290/2377/2410
f 1408/2537/2411 1407/2536/2411 1409/2538/2411
f 1408/2537/2412 1409/2538/2412 1410/2539/2412
f 1408/2537/2413 1410/2539/2413 1294/2381/2413
f 1408/2537/2414 1294/2381/2414 1292/2379/2414
f 1410/2539/2415 1409/2538/2415 1411/2540/2415
f 1410/2539/2416 1411/2540/2416 1412/2541/2416
f 1410/2539/2417 1412/2541/2417 1296/2383/2417
f 1410/2539/2418 1296/2383/2418 1294/2381/2418
f 1412/2541/2419 1411/2540/2419 1413/2542/2419
f 1412/2541/2420 1413/2542/2420 1414/2543/2420
f 1412/2541/2421 1414/2543/2421 1298/2385/2421
f 1412/2541/2422 1298/2385/2422 1296/2383/2422
f 1414/2543/2423 1413/2542/2423 1415/2544/2423
f 1414/2543/2424 1415/2544/2424 1303/2390/2424
f 1414/2543/2425 1303/2390/2425 1300/2387/2425
f 1414/2543/2426 1300/2387/2426 1298/2385/2426
f 1415/2544/2427 1413/2542/2427 1416/2545/2427
f 1415/2544/2428 1416/2545/2428 1417/2546/2428
f 1415/2544/2429 1417/2546/2429 1418/2547/2429
f 1415/2544/2430 1418/2547/2430 1306/2393/2430
f 1415/2544/2431 1306/2393/2431 1304/2391/2431
f 1415/2544/2432 1304/2391/2432 1303/2390/2432
f 1418/2547/2433 1417/2546/2433 1419/2549/2433
f 1418/2547/2434 1419/2549/2434 1420/2550/2434
f 1418/2547/2435 1420/2550/2435 1311/2398/2435
f 1418/2547/2436 1311/2398/2436 1309/2396/2436
f 1418/2547/2437 1309/2396/2437 1307/2394/2437
f 1418/2547/2438 1307/2394/2438 1306/2393/2438
f 1420/2551/2439 1419/2548/2439 1421/2552/2439
f 1420/2551/2440 1421/2552/2440 1422/2554/2440
f 1420/2551/2441 1422/2554/2441 1313/2402/2441
f 1420/2551/2442 1313/2402/2442 1311/2399/2442
f 1422/2555/2443 1421/2553/2443 1423/2556/2443
f 1422/2555/2444 1423/2556/2444 1424/2557/2444
f 1422/2555/2445 1424/2557/2445 1315/2406/2445
f 1422/2555/2446 1315/2406/2446 1313/2403/2446
f 1424/2557/2447 1423/2556/2447 1425/2558/2447
f 1424/2557/2448 1425/2558/2448 1320/2412/2448
f 1424/2557/2449 1320/2412/2449 1317/2408/2449
f 1424/2557/2450 1317/2408/2450 1315/2406/2450
f 1425/2558/2451 1423/2556/2451 1426/2559/2451
f 1425/2558/2452 1426/2559/2452 1427/2560/2452
f 1425/2558/2453 1427/2560/2453 1428/2561/2453
f 1425/2558/2454 1428/2561/2454 1323/2416/2454
f 1425/2558/2455 1323/2416/2455 1321/2414/2455
f 1425/2558/2208 1321/2414/2208 1320/2412/2208
f 1428/2561/2456 1427/2560/2456 1429/2563/2456
f 1428/2561/2457 1429/2563/2457 1430/2565/2457
f 1428/2562/2458 1430/2564/2458 1431/2566/2458
f 1428/2562/2459 1431/2566/2459 1326/2420/2459
f 1428/2562/2460 1326/2420/2460 1324/2418/2460
f 1428/2562/2461 1324/2418/2461 1323/2417/2461
f 1431/2566/2462 1430/2564/2462 1432/2567/2462
f 1431/2566/2463 1432/2567/2463 1433/2569/2463
f 1431/2566/2464 1433/2569/2464 1332/2426/2464
f 1431/2566/2465 1332/2426/2465 1330/2424/2465
f 1431/2566/2466 1330/2424/2466 1327/2421/2466
f 1431/2566/2467 1327/2421/2467 1326/2420/2467
f 1433/2569/2463 1432/2567/2463 1434/2570/2463
f 1433/2569/2468 1434/2570/2468 1435/2572/2468
f 1433/2569/2469 1435/2572/2469 1334/2428/2469
f 1433/2569/2470 1334/2428/2470 1332/2426/2470
f 1435/2572/2471 1434/2570/2471 1436/2573/2471
f 1435/2572/2472 1436/2573/2472 1437/2575/2472
f 1435/2572/2473 1437/2575/2473 1336/2430/2473
f 1435/2572/2474 1336/2430/2474 1334/2428/2474
f 1437/2575/2475 1436/2573/2475 1438/2576/2475
f 1437/2575/2476 1438/2576/2476 1439/2578/2476
f 1437/2575/2477 1439/2578/2477 1338/2432/2477
f 1437/2575/2478 1338/2432/2478 1336/2430/2478
f 1439/2578/2479 1438/2576/2479 1440/2579/2479
f 1439/2578/2480 1440/2579/2480 1441/2581/2480
f 1439/2578/2481 1441/2581/2481 1340/2434/2481
f 1439/2578/2482 1340/2434/2482 1338/2432/2482
f 1441/2581/2483 1440/2579/2483 1442/2582/2483
f 1441/2581/2484 1442/2582/2484 1443/2587/2484
f 1441/2581/2485 1443/2587/2485 1342/2436/2485
f 1441/2581/2486 1342/2436/2486 1340/2434/2486
f 1443/2586/2487 1442/2583/2487 482/1195/2487
f 1443/2586/2488 482/1195/2488 1444/2588/2488
f 1443/2587/2489 1444/2589/2489 1344/2438/2489
f 1443/2587/2490 1344/2438/2490 1342/2436/2490
f 1444/2588/2491 482/1195/2491 481/1193/2491
f 1444/2588/2492 481/1193/2492 1445/2590/2492
f 1444/2589/2493 1445/2591/2493 1346/2440/2493
f 1444/2589/2494 1346/2440/2494 1344/2438/2494
f 1445/2590/2495 481/1193/2495 1446/2592/2495
f 1445/2590/2496 1446/2592/2496 1447/2594/2496
f 1445/2590/2497 1447/2594/2497 1348/2443/2497
f 1445/2591/2498 1348/2442/2498 1346/2440/2498
f 1447/2594/2499 1446/2592/2499 1448/2595/2499
f 1447/2594/2500 1448/2595/2500 1449/2598/2500
f 1447/2594/2501 1449/2598/2501 1350/2446/2501
f 1447/2594/2502 1350/2446/2502 1348/2443/2502
f 1449/2597/2503 1448/2596/2503 1450/2599/2503
f 1449/2597/2504 1450/2599/2504 1451/2601/2504
f 1449/2598/2505 1451/2602/2505 1352/2448/2505
f 1449/2598/2506 1352/2448/2506 1350/2446/2506
f 1451/2601/2507 1450/2599/2507 1368/2479/2507
f 1451/2601/2508 1368/2479/2508 1366/2475/2508
f 1451/2602/2509 1366/2476/2509 1364/2469/2509
f 1451/2602/2510 1364/2469/2510 1352/2448/2510
f 1450/2599/2511 1448/2596/2511 142/405/2511
f 1450/2599/2512 142/405/2512 141/402/2512
f 1450/2600/2513 141/403/2513 138/396/2513
f 1450/2600/2514 138/396/2514 1368/2480/2514
f 1448/2596/2515 1446/2593/2515 1452/2604/2515
f 1448/2596/2516 1452/2604/2516 142/405/2516
f 1452/2603/2517 480/1191/2517 1453/2606/2517
f 1452/2603/2518 1453/2606/2518 1454/2607/2518
f 1452/2603/2519 1454/2607/2519 143/409/2519
f 1452/2603/2520 143/409/2520 142/406/2520
f 1452/2604/2521 1446/2593/2521 481/1194/2521
f 1452/2604/2522 481/1194/2522 480/1190/2522
f 1454/2608/2523 1453/2605/2523 1455/2609/2523
f 1454/2608/2524 1455/2609/2524 1456/2611/2524
f 1454/2608/2525 1456/2611/2525 139/398/2525
f 1454/2608/2526 139/398/2526 143/410/2526
f 1456/2611/2527 1455/2609/2527 1457/2614/2527
f 1456/2610/2528 1457/2612/2528 1458/2616/2528
f 1456/2610/2529 1458/2616/2529 1459/2618/2529
f 1456/2611/2530 1459/2619/2530 139/398/2530
f 1459/2618/2531 1381/2504/2531 140/400/2531
f 1459/2619/2532 140/399/2532 139/398/2532
f 1459/2620/2533 1458/2617/2533 1391/2517/2533
f 1459/2620/2534 1391/2517/2534 1384/2507/2534
f 1459/2620/2535 1384/2507/2535 1382/2505/2535
f 1459/2620/2536 1382/2505/2536 1381/2503/2536
f 1458/2617/2537 1457/2613/2537 1393/2519/2537
f 1458/2617/2538 1393/2519/2538 1391/2517/2538
f 1457/2614/2539 1455/2609/2539 257/688/2539
f 1457/2614/2540 257/688/2540 1460/2621/2540
f 1457/2615/2541 1460/2622/2541 1395/2523/2541
f 1457/2615/2542 1395/2523/2542 1393/2520/2542
f 1460/2621/2543 257/688/2543 256/683/2543
f 1460/2621/2544 256/683/2544 1461/2623/2544
f 1460/2622/2545 1461/2624/2545 1397/2525/2545
f 1460/2622/2546 1397/2525/2546 1395/2523/2546
f 1461/2625/2547 256/684/2547 1462/2626/2547
f 1461/2625/2548 1462/2626/2548 1463/2628/2548
f 1461/2625/2549 1463/2628/2549 1399/2528/2549
f 1461/2625/2550 1399/2528/2550 1397/2526/2550
f 1463/2628/2551 1462/2626/2551 1464/2629/2551
f 1463/2628/2552 1464/2629/2552 1465/2631/2552
f 1463/2628/2553 1465/2631/2553 1401/2530/2553
f 1463/2628/2554 1401/2530/2554 1399/2528/2554
f 1465/2631/2555 1464/2629/2555 1466/2632/2555
f 1465/2631/2556 1466/2632/2556 1467/2634/2556
f 1465/2631/2557 1467/2634/2557 1403/2532/2557
f 1465/2631/2558 1403/2532/2558 1401/2530/2558
f 1467/2634/2559 1466/2632/2559 1468/2635/2559
f 1467/2634/2560 1468/2635/2560 1469/2637/2560
f 1467/2634/2561 1469/2637/2561 1405/2534/2561
f 1467/2634/2562 1405/2534/2562 1403/2532/2562
f 1469/2637/2563 1468/2635/2563 1470/2638/2563
f 1469/2637/2564 1470/2638/2564 1471/2640/2564
f 1469/2637/2565 1471/2640/2565 1407/2536/2565
f 1469/2637/2566 1407/2536/2566 1405/2534/2566
f 1471/2640/2567 1470/2638/2567 1472/2641/2567
f 1471/2640/2568 1472/2641/2568 1473/2643/2568
f 1471/2640/2569 1473/2643/2569 1409/2538/2569
f 1471/2640/2570 1409/2538/2570 1407/2536/2570
f 1473/2643/2571 1472/2641/2571 1474/2644/2571
f 1473/2643/2572 1474/2644/2572 1475/2646/2572
f 1473/2643/2573 1475/2646/2573 1411/2540/2573
f 1473/2643/2574 1411/2540/2574 1409/2538/2574
f 1475/2646/2575 1474/2644/2575 1476/2648/2575
f 1475/2646/2576 1476/2648/2576 1416/2545/2576
f 1475/2646/2577 1416/2545/2577 1413/2542/2577
f 1475/2646/2578 1413/2542/2578 1411/2540/2578
f 1476/2647/2579 1474/2645/2579 1477/2650/2579
f 1476/2647/2580 1477/2650/2580 1478/2651/2580
f 1476/2647/2581 1478/2651/2581 1421/2552/2581
f 1476/2647/2582 1421/2552/2582 1419/2548/2582
f 1476/2648/2583 1419/2549/2583 1417/2546/2583
f 1476/2648/2584 1417/2546/2584 1416/2545/2584
f 1478/2652/2585 1477/2649/2585 1479/2653/2585
f 1478/2652/2586 1479/2653/2586 1426/2559/2586
f 1478/2652/2587 1426/2559/2587 1423/2556/2587
f 1478/2652/2588 1423/2556/2588 1421/2553/2588
f 1479/2653/2589 1477/2649/2589 1480/2654/2589
f 1479/2653/2590 1480/2654/2590 1481/2656/2590
f 1479/2653/2591 1481/2656/2591 1482/2657/2591
f 1479/2653/2592 1482/2657/2592 1429/2563/2592
f 1479/2653/2593 1429/2563/2593 1427/2560/2593
f 1479/2653/2594 1427/2560/2594 1426/2559/2594
f 1482/2657/2595 1481/2656/2595 1483/2658/2595
f 1482/2657/2596 1483/2658/2596 1484/2659/2596
f 1482/2657/2597 1484/2659/2597 1434/2571/2597
f 1482/2657/2598 1434/2571/2598 1432/2568/2598
f 1482/2657/2599 1432/2568/2599 1430/2565/2599
f 1482/2657/2600 1430/2565/2600 1429/2563/2600
f 1484/2659/2601 1483/2658/2601 1485/2660/2601
f 1484/2659/2602 1485/2660/2602 1486/2661/2602
f 1484/2659/2603 1486/2661/2603 1436/2574/2603
f 1484/2659/2604 1436/2574/2604 1434/2571/2604
f 1486/2661/2605 1485/2660/2605 1487/2662/2605
f 1486/2661/2606 1487/2662/2606 1488/2663/2606
f 1486/2661/2607 1488/2663/2607 1438/2577/2607
f 1486/2661/2608 1438/2577/2608 1436/2574/2608
f 1488/2663/2609 1487/2662/2609 1489/2664/2609
f 1488/2663/2610 1489/2664/2610 1490/2665/2610
f 1488/2663/2611 1490/2665/2611 1440/2580/2611
f 1488/2663/2612 1440/2580/2612 1438/2577/2612
f 1490/2665/2613 1489/2664/2613 1491/2666/2613
f 1490/2665/2614 1491/2666/2614 1492/2668/2614
f 1490/2665/2615 1492/2668/2615 1442/2584/2615
f 1490/2665/2616 1442/2584/2616 1440/2580/2616
f 1492/2668/2617 1491/2666/2617 259/692/2617
f 1492/2669/2618 259/693/2618 102/302/2618
f 1492/2669/2619 102/302/2619 482/1196/2619
f 1492/2669/2620 482/1196/2620 1442/2585/2620
f 1491/2666/2621 1489/2664/2621 1493/2671/2621
f 1491/2666/2622 1493/2671/2622 1494/2672/2622
f 1491/2667/2623 1494/2673/2623 37/122/2623
f 1491/2667/2624 37/122/2624 259/693/2624
f 1494/2674/2625 1493/2670/2625 1464/2630/2625
f 1494/2674/2626 1464/2630/2626 1462/2627/2626
f 1494/2674/2627 1462/2627/2627 256/685/2627
f 1494/2675/2628 256/686/2628 37/121/2628
f 1493/2670/2629 1495/2676/2629 1466/2633/2629
f 1493/2670/2630 1466/2633/2630 1464/2630/2630
f 1493/2671/2631 1489/2664/2631 1487/2662/2631
f 1493/2671/2632 1487/2662/2632 1495/2677/2632
f 1495/2676/2633 1496/2678/2633 1468/2636/2633
f 1495/2676/2634 1468/2636/2634 1466/2633/2634
f 1495/2677/2635 1487/2662/2635 1485/2660/2635
f 1495/2677/2636 1485/2660/2636 1496/2679/2636
f 1496/2678/2637 1497/2680/2637 1470/2639/2637
f 1496/2678/2638 1470/2639/2638 1468/2636/2638
f 1496/2679/2639 1485/2660/2639 1483/2658/2639
f 1496/2679/2640 1483/2658/2640 1497/2681/2640
f 1497/2680/2641 1480/2655/2641 1472/2642/2641
f 1497/2680/2642 1472/2642/2642 1470/2639/2642
f 1497/2681/2643 1483/2658/2643 1481/2656/2643
f 1497/2681/2644 1481/2656/2644 1480/2654/2644
f 1480/2655/2645 1477/2650/2645 1474/2645/2645
f 1480/2655/2646 1474/2645/2646 1472/2642/2646
f 1455/2609/2647 1453/2605/2647 258/690/2647
f 1455/2609/2648 258/690/2648 257/688/2648
f 1381/2504/2649 1380/2501/2649 134/383/2649
f 1381/2504/2650 134/383/2650 140/400/2650
f 1380/2502/2651 1372/2487/2651 135/387/2651
f 1380/2502/2652 135/387/2652 134/384/2652
f 1369/2482/2653 1368/2481/2653 138/395/2653
f 1369/2482/2654 138/395/2654 137/393/2654
f 1364/2470/2655 1355/2452/2655 1353/2450/2655
f 1364/2470/2656 1353/2450/2656 1352/2449/2656
f 1266/2349/2657 1264/2346/2657 269/714/2657
f 1266/2349/2658 269/714/2658 271/718/2658
f 1264/2346/2659 1263/2345/2659 270/716/2659
f 1264/2346/2660 270/716/2660 269/714/2660
f 1218/2295/2661 837/1721/2661 834/1716/2661
f 1218/2295/2662 834/1716/2662 833/1715/2662
f 841/1730/2663 145/413/2663 144/411/2663
f 841/1730/2664 144/411/2664 836/1718/2664
f 723/1553/2665 675/1485/2665 673/1483/2665
f 723/1553/2666 673/1483/2666 672/1482/2666
f 719/1548/2667 678/1491/2667 676/1488/2667
f 719/1548/2668 676/1488/2668 675/1486/2668
f 715/1542/2669 681/1495/2669 679/1492/2669
f 715/1542/2670 679/1492/2670 678/1491/2670
f 711/1535/2671 684/1498/2671 682/1496/2671
f 711/1535/2672 682/1496/2672 681/1495/2672
f 707/1528/2673 687/1504/2673 685/1501/2673
f 707/1528/2674 685/1501/2674 684/1499/2674
f 703/1523/2675 690/1510/2675 688/1507/2675
f 703/1523/2676 688/1507/2676 687/1505/2676
f 699/1519/2677 698/1518/2677 254/680/2677
f 699/1519/2678 254/680/2678 1498/2682/2678
f 699/1519/2679 1498/2682/2679 1499/2683/2679
f 699/1519/2680 1499/2683/2680 276/728/2680
f 1499/2683/2681 1498/2682/2681 1500/2684/2681
f 1499/2683/2682 1500/2684/2682 1501/2685/2682
f 1499/2683/2683 1501/2685/2683 298/784/2683
f 1499/2683/2684 298/784/2684 297/783/2684
f 1499/2683/2685 297/783/2685 277/730/2685
f 1499/2683/2686 277/730/2686 276/728/2686
f 1501/2685/2687 1500/2684/2687 250/670/2687
f 1501/2685/2688 250/670/2688 249/669/2688
f 1501/2685/2689 249/669/2689 244/660/2689
f 1501/2685/2690 244/660/2690 298/784/2690
f 1500/2684/2691 253/679/2691 252/676/2691
f 1500/2684/2692 252/676/2692 250/670/2692
f 1500/2684/2693 1498/2682/2693 254/680/2693
f 1500/2684/2694 254/680/2694 253/679/2694
f 624/1413/2695 346/900/2695 345/899/2695
f 624/1413/2696 345/899/2696 619/1404/2696
f 544/1302/2697 540/1296/2697 421/1067/2697
f 544/1302/2698 421/1067/2698 423/1072/2698
f 523/1263/2699 111/325/2699 110/323/2699
f 523/1263/2700 110/323/2700 518/1256/2700
f 507/1244/2701 108/319/2701 107/318/2701
f 507/1244/2702 107/318/2702 2/5/2702
f 505/1241/2703 1502/2687/2703 1503/2688/2703
f 505/1241/2704 1503/2688/2704 502/1232/2704
f 505/1242/2705 504/1239/2705 1504/2691/2705
f 505/1242/2706 1504/2691/2706 1505/2692/2706
f 505/1242/2707 1505/2692/2707 1506/2693/2707
f 505/1242/2708 1506/2693/2708 1502/2686/2708
f 1506/2693/2709 1507/2694/2709 1508/2696/2709
f 1506/2693/2710 1508/2696/2710 1502/2686/2710
f 1506/2693/2711 1505/2692/2711 1509/2698/2711
f 1506/2693/2712 1509/2698/2712 1510/2699/2712
f 1506/2693/2713 1510/2699/2713 1511/2700/2713
f 1506/2693/2714 1511/2700/2714 1507/2694/2714
f 1511/2700/2715 1512/2701/2715 1513/2703/2715
f 1511/2700/2716 1513/2703/2716 1507/2694/2716
f 1511/2700/2717 1510/2699/2717 1514/2704/2717
f 1511/2700/2718 1514/2704/2718 1515/2706/2718
f 1511/2700/2719 1515/2706/2719 1516/2708/2719
f 1511/2700/2720 1516/2708/2720 1512/2701/2720
f 1516/2708/2721 1517/2709/2721 1518/2710/2721
f 1516/2708/2722 1518/2710/2722 1512/2701/2722
f 1516/2708/2723 1515/2706/2723 1519/2712/2723
f 1516/2708/2724 1519/2712/2724 1520/2713/2724
f 1516/2708/2725 1520/2713/2725 1521/2714/2725
f 1516/2708/2726 1521/2714/2726 1517/2709/2726
f 1521/2714/2727 1522/2715/2727 1523/2717/2727
f 1521/2714/2728 1523/2717/2728 1517/2709/2728
f 1521/2714/2729 1520/2713/2729 1524/2718/2729
f 1521/2714/2730 1524/2718/2730 193/531/2730
f 1521/2714/2731 193/531/2731 192/528/2731
f 1521/2714/2732 192/528/2732 1522/2715/2732
f 1524/2718/2733 1520/2713/2733 1519/2712/2733
f 1524/2718/2734 1519/2712/2734 1525/2720/2734
f 1524/2719/2735 1525/2721/2735 1526/2722/2735
f 1524/2719/2736 1526/2722/2736 1527/2724/2736
f 1524/2719/2737 1527/2724/2737 194/533/2737
f 1524/2719/2738 194/533/2738 193/532/2738
f 1527/2725/2739 1526/2723/2739 1528/2726/2739
f 1527/2725/2740 1528/2726/2740 1529/2728/2740
f 1527/2725/2741 1529/2728/2741 1530/2730/2741
f 1527/2725/2742 1530/2730/2742 194/534/2742
f 1529/2729/2743 1528/2727/2743 1531/2734/2743
f 1529/2729/2744 1531/2734/2744 1532/2735/2744
f 1529/2729/2745 1532/2735/2745 1533/2736/2745
f 1529/2729/2746 1533/2736/2746 1530/2731/2746
f 1532/2735/2747 1531/2734/2747 1534/2739/2747
f 1532/2735/2748 1534/2739/2748 1535/2740/2748
f 1532/2735/2749 1535/2740/2749 1536/2741/2749
f 1532/2735/2750 1536/2741/2750 1533/2736/2750
f 1536/2742/2751 1537/2743/2751 1538/2745/2751
f 1536/2742/2752 1538/2745/2752 1533/2737/2752
f 1536/2741/2753 1535/2740/2753 492/1215/2753
f 1536/2741/2754 492/1215/2754 491/1213/2754
f 1536/2742/2755 491/1214/2755 490/1211/2755
f 1536/2742/2756 490/1211/2756 1537/2743/2756
f 1537/2744/2757 490/1212/2757 1539/2748/2757
f 1537/2744/2758 1539/2748/2758 1540/2749/2758
f 1537/2744/2759 1540/2749/2759 1541/2751/2759
f 1537/2744/2760 1541/2751/2760 1538/2746/2760
f 1541/2751/2761 1540/2749/2761 1542/2752/2761
f 1541/2751/2762 1542/2752/2762 1543/2754/2762
f 1541/2750/2763 1543/2753/2763 1544/2756/2763
f 1541/2750/2764 1544/2756/2764 1545/2758/2764
f 1541/2751/2765 1545/2759/2765 195/536/2765
f 1541/2751/2766 195/536/2766 1538/2746/2766
f 1545/2760/2767 1544/2755/2767 1546/2761/2767
f 1545/2760/2768 1546/2761/2768 1547/2764/2768
f 1545/2760/2769 1547/2764/2769 196/539/2769
f 1545/2760/2770 196/539/2770 195/538/2770
f 1547/2765/2771 1546/2763/2771 1548/2766/2771
f 1547/2765/2772 1548/2766/2772 1549/2767/2772
f 1547/2765/2773 1549/2767/2773 1550/2768/2773
f 1547/2765/2774 1550/2768/2774 196/540/2774
f 1550/2768/2775 1549/2767/2775 1551/2770/2775
f 1550/2768/2776 1551/2770/2776 1552/2771/2776
f 1550/2768/2777 1552/2771/2777 1553/2772/2777
f 1550/2768/2778 1553/2772/2778 1554/2773/2778
f 1550/2769/2779 1554/2774/2779 197/542/2779
f 1550/2769/2780 197/542/2780 196/541/2780
f 1554/2773/2781 1553/2772/2781 200/548/2781
f 1554/2773/2782 200/548/2782 199/546/2782
f 1554/2774/2783 199/547/2783 1555/2775/2783
f 1554/2774/2784 1555/2775/2784 197/542/2784
f 1555/2776/2785 190/523/2785 20/64/2785
f 1555/2776/2786 20/64/2786 197/543/2786
f 1555/2775/2787 199/547/2787 198/545/2787
f 1555/2775/2788 198/545/2788 1556/2778/2788
f 1555/2776/2789 1556/2777/2789 1557/2779/2789
f 1555/2776/2790 1557/2779/2790 190/523/2790
f 1557/2781/2791 1558/2782/2791 191/526/2791
f 1557/2781/2792 191/526/2792 190/524/2792
f 1557/2780/2793 1556/2778/2793 373/955/2793
f 1557/2780/2794 373/955/2794 1559/2784/2794
f 1557/2781/2795 1559/2783/2795 1560/2785/2795
f 1557/2781/2796 1560/2785/2796 1558/2782/2796
f 1560/2785/2797 1561/2786/2797 1562/2788/2797
f 1560/2785/2798 1562/2788/2798 1558/2782/2798
f 1560/2785/2799 1559/2783/2799 227/615/2799
f 1560/2785/2800 227/615/2800 226/614/2800
f 1560/2785/2801 226/614/2801 225/612/2801
f 1560/2785/2802 225/612/2802 1561/2786/2802
f 1562/2789/2803 1563/2790/2803 1564/2791/2803
f 1562/2789/2804 1564/2791/2804 1565/2792/2804
f 1562/2788/2805 1565/2793/2805 191/526/2805
f 1562/2788/2806 191/526/2806 1558/2782/2806
f 1562/2789/2807 1561/2787/2807 1566/2794/2807
f 1562/2789/2808 1566/2794/2808 1563/2790/2808
f 1566/2794/2809 224/611/2809 223/609/2809
f 1566/2794/2810 223/609/2810 1567/2795/2810
f 1566/2794/2811 1567/2795/2811 1568/2796/2811
f 1566/2794/2812 1568/2796/2812 1563/2790/2812
f 1566/2794/2813 1561/2787/2813 225/613/2813
f 1566/2794/2814 225/613/2814 224/611/2814
f 1568/2796/2815 1567/2795/2815 1569/2798/2815
f 1568/2796/2816 1569/2798/2816 1570/2799/2816
f 1568/2796/2817 1570/2799/2817 1571/2801/2817
f 1568/2796/2818 1571/2801/2818 1572/2803/2818
f 1568/2796/2819 1572/2803/2819 1564/2791/2819
f 1568/2796/2820 1564/2791/2820 1563/2790/2820
f 1572/2803/2821 1571/2801/2821 1573/2804/2821
f 1572/2803/2822 1573/2804/2822 1574/2806/2822
f 1572/2803/2823 1574/2806/2823 1523/2717/2823
f 1572/2803/2824 1523/2717/2824 1564/2791/2824
f 1574/2806/2825 1573/2804/2825 1575/2808/2825
f 1574/2806/2826 1575/2808/2826 1518/2710/2826
f 1574/2806/2827 1518/2710/2827 1517/2709/2827
f 1574/2806/2828 1517/2709/2828 1523/2717/2828
f 1575/2807/2829 1573/2805/2829 488/1208/2829
f 1575/2807/2830 488/1208/2830 487/1205/2830
f 1575/2807/2831 487/1205/2831 1576/2809/2831
f 1575/2807/2832 1576/2809/2832 1513/2702/2832
f 1575/2808/2833 1513/2703/2833 1512/2701/2833
f 1575/2808/2834 1512/2701/2834 1518/2710/2834
f 1576/2810/2835 487/1206/2835 486/1203/2835
f 1576/2810/2836 486/1203/2836 1577/2813/2836
f 1576/2811/2837 1577/2814/2837 1578/2816/2837
f 1576/2811/2838 1578/2816/2838 1508/2695/2838
f 1576/2812/2839 1508/2696/2839 1507/2694/2839
f 1576/2812/2840 1507/2694/2840 1513/2703/2840
f 1578/2817/2841 1577/2815/2841 1579/2820/2841
f 1578/2817/2842 1579/2820/2842 1580/2822/2842
f 1578/2818/2843 1580/2821/2843 1581/2824/2843
f 1578/2818/2844 1581/2824/2844 1503/2689/2844
f 1578/2819/2845 1503/2688/2845 1502/2687/2845
f 1578/2819/2846 1502/2687/2846 1508/2697/2846
f 1581/2823/2847 1580/2822/2847 1582/2825/2847
f 1581/2823/2848 1582/2825/2848 1583/2826/2848
f 1581/2823/2849 1583/2826/2849 498/1224/2849
f 1581/2823/2850 498/1224/2850 497/1222/2850
f 1581/2824/2851 497/1223/2851 502/1233/2851
f 1581/2824/2852 502/1233/2852 1503/2689/2852
f 1583/2826/2853 1582/2825/2853 1584/2827/2853
f 1583/2826/2854 1584/2827/2854 1585/2828/2854
f 1583/2826/2855 1585/2828/2855 1586/2829/2855
f 1583/2826/2856 1586/2829/2856 498/1224/2856
f 1586/2829/2857 1585/2828/2857 1587/2831/2857
f 1586/2829/2858 1587/2831/2858 1588/2832/2858
f 1586/2830/2859 1588/2833/2859 1589/2834/2859
f 1586/2830/2860 1589/2834/2860 1590/2836/2860
f 1586/2830/2861 1590/2836/2861 499/1226/2861
f 1586/2830/2862 499/1226/2862 498/1225/2862
f 1590/2837/2863 1589/2835/2863 1591/2838/2863
f 1590/2837/2864 1591/2838/2864 1592/2840/2864
f 1590/2837/2865 1592/2840/2865 500/1229/2865
f 1590/2837/2866 500/1229/2866 499/1227/2866
f 1592/2841/2867 1591/2839/2867 1593/2842/2867
f 1592/2841/2868 1593/2842/2868 1594/2844/2868
f 1592/2841/2869 1594/2844/2869 1595/2846/2869
f 1592/2841/2870 1595/2846/2870 500/1228/2870
f 1595/2847/2871 1594/2845/2871 1596/2850/2871
f 1595/2847/2872 1596/2850/2872 1597/2852/2872
f 1595/2848/2873 1597/2851/2873 1598/2853/2873
f 1595/2848/2874 1598/2853/2874 1599/2856/2874
f 1595/2849/2875 1599/2857/2875 501/1230/2875
f 1595/2849/2876 501/1230/2876 500/1229/2876
f 1599/2858/2877 1598/2854/2877 1600/2861/2877
f 1599/2858/2878 1600/2861/2878 1601/2862/2878
f 1599/2859/2879 1601/2863/2879 1602/2866/2879
f 1599/2859/2880 1602/2866/2880 501/1231/2880
f 1602/2866/2881 503/1234/2881 105/313/2881
f 1602/2866/2882 105/313/2882 501/1231/2882
f 1602/2867/2883 1601/2864/2883 1603/2869/2883
f 1602/2867/2884 1603/2869/2884 1604/2871/2884
f 1602/2867/2885 1604/2871/2885 1605/2872/2885
f 1602/2867/2886 1605/2872/2886 503/1235/2886
f 1605/2874/2887 1504/2690/2887 504/1240/2887
f 1605/2874/2888 504/1240/2888 503/1236/2888
f 1605/2873/2889 1604/2870/2889 1606/2876/2889
f 1605/2873/2890 1606/2876/2890 1607/2878/2890
f 1605/2874/2891 1607/2877/2891 1608/2879/2891
f 1605/2874/2892 1608/2879/2892 1504/2690/2892
f 1608/2880/2893 1509/2698/2893 1505/2692/2893
f 1608/2880/2894 1505/2692/2894 1504/2691/2894
f 1608/2879/2895 1607/2877/2895 1609/2882/2895
f 1608/2879/2896 1609/2882/2896 1610/2884/2896
f 1608/2880/2897 1610/2883/2897 1611/2886/2897
f 1608/2880/2898 1611/2886/2898 1509/2698/2898
f 1611/2886/2899 1514/2704/2899 1510/2699/2899
f 1611/2886/2900 1510/2699/2900 1509/2698/2900
f 1611/2885/2901 1610/2884/2901 1612/2887/2901
f 1611/2885/2902 1612/2887/2902 1613/2889/2902
f 1611/2886/2903 1613/2888/2903 1614/2891/2903
f 1611/2886/2904 1614/2891/2904 1514/2704/2904
f 1614/2890/2905 1519/2711/2905 1515/2707/2905
f 1614/2890/2906 1515/2707/2906 1514/2705/2906
f 1614/2891/2907 1613/2888/2907 1615/2892/2907
f 1614/2891/2908 1615/2892/2908 1616/2895/2908
f 1614/2891/2909 1616/2895/2909 1525/2720/2909
f 1614/2891/2910 1525/2720/2910 1519/2712/2910
f 1616/2896/2911 1615/2894/2911 1617/2897/2911
f 1616/2896/2912 1617/2897/2912 1618/2899/2912
f 1616/2896/2913 1618/2899/2913 1526/2722/2913
f 1616/2896/2914 1526/2722/2914 1525/2721/2914
f 1618/2900/2915 1617/2898/2915 1619/2903/2915
f 1618/2900/2916 1619/2903/2916 1620/2904/2916
f 1618/2901/2917 1620/2905/2917 1528/2726/2917
f 1618/2901/2918 1528/2726/2918 1526/2723/2918
f 1620/2906/2919 1619/2902/2919 1621/2907/2919
f 1620/2906/2920 1621/2907/2920 1622/2908/2920
f 1620/2906/2921 1622/2908/2921 1531/2734/2921
f 1620/2906/2922 1531/2734/2922 1528/2727/2922
f 1622/2908/2923 1621/2907/2923 1587/2831/2923
f 1622/2908/2924 1587/2831/2924 1623/2909/2924
f 1622/2908/2925 1623/2909/2925 1534/2739/2925
f 1622/2908/2926 1534/2739/2926 1531/2734/2926
f 1623/2909/2927 1587/2831/2927 1585/2828/2927
f 1623/2909/2928 1585/2828/2928 1584/2827/2928
f 1623/2909/2929 1584/2827/2929 1624/2910/2929
f 1623/2909/2930 1624/2910/2930 1534/2739/2930
f 1624/2910/2931 492/1215/2931 1535/2740/2931
f 1624/2910/2932 1535/2740/2932 1534/2739/2932
f 1624/2910/2933 1584/2827/2933 1582/2825/2933
f 1624/2910/2934 1582/2825/2934 1625/2911/2934
f 1624/2910/2935 1625/2911/2935 493/1216/2935
f 1624/2910/2936 493/1216/2936 492/1215/2936
f 1625/2911/2937 1582/2825/2937 1580/2822/2937
f 1625/2911/2938 1580/2822/2938 1579/2820/2938
f 1625/2911/2939 1579/2820/2939 494/1217/2939
f 1625/2911/2940 494/1217/2940 493/1216/2940
f 1621/2907/2941 1619/2902/2941 1626/2912/2941
f 1621/2907/2942 1626/2912/2942 1627/2915/2942
f 1621/2907/2943 1627/2915/2943 1588/2832/2943
f 1621/2907/2944 1588/2832/2944 1587/2831/2944
f 1627/2916/2945 1626/2913/2945 1628/2917/2945
f 1627/2916/2946 1628/2917/2946 1629/2920/2946
f 1627/2916/2947 1629/2920/2947 1589/2834/2947
f 1627/2916/2948 1589/2834/2948 1588/2833/2948
f 1629/2921/2949 1628/2918/2949 1630/2922/2949
f 1629/2921/2950 1630/2922/2950 1631/2925/2950
f 1629/2921/2951 1631/2925/2951 1591/2838/2951
f 1629/2921/2952 1591/2838/2952 1589/2835/2952
f 1631/2926/2953 1630/2923/2953 1632/2927/2953
f 1631/2926/2954 1632/2927/2954 1633/2931/2954
f 1631/2926/2955 1633/2931/2955 1593/2842/2955
f 1631/2926/2956 1593/2842/2956 1591/2839/2956
f 1633/2932/2957 1632/2928/2957 1634/2934/2957
f 1633/2932/2958 1634/2934/2958 1635/2935/2958
f 1633/2932/2959 1635/2935/2959 1636/2936/2959
f 1633/2932/2960 1636/2936/2960 1593/2843/2960
f 1636/2936/2961 1635/2935/2961 1637/2937/2961
f 1636/2936/2962 1637/2937/2962 1638/2938/2962
f 1636/2936/2963 1638/2938/2963 1639/2939/2963
f 1636/2936/2964 1639/2939/2964 1596/2850/2964
f 1636/2936/2965 1596/2850/2965 1594/2845/2965
f 1636/2936/2966 1594/2845/2966 1593/2843/2966
f 1639/2939/2967 1640/2940/2967 1597/2852/2967
f 1639/2939/2968 1597/2852/2968 1596/2850/2968
f 1639/2939/2969 1638/2938/2969 1641/2941/2969
f 1639/2939/2970 1641/2941/2970 1642/2942/2970
f 1639/2939/2971 1642/2942/2971 1643/2943/2971
f 1639/2939/2972 1643/2943/2972 1640/2940/2972
f 1643/2943/2973 1644/2944/2973 1645/2948/2973
f 1643/2943/2974 1645/2948/2974 1640/2940/2974
f 1643/2943/2975 1642/2942/2975 1646/2949/2975
f 1643/2943/2976 1646/2949/2976 1647/2950/2976
f 1643/2943/2977 1647/2950/2977 1648/2951/2977
f 1643/2943/2978 1648/2951/2978 1644/2944/2978
f 1648/2952/2979 1649/2953/2979 1650/2956/2979
f 1648/2952/2980 1650/2956/2980 1644/2945/2980
f 1648/2951/2981 1647/2950/2981 496/1220/2981
f 1648/2951/2982 496/1220/2982 485/1202/2982
f 1648/2952/2983 485/1201/2983 484/1199/2983
f 1648/2952/2984 484/1199/2984 1649/2953/2984
f 1650/2957/2985 1651/2958/2985 1652/2959/2985
f 1650/2957/2986 1652/2959/2986 1653/2961/2986
f 1650/2956/2987 1653/2960/2987 1645/2946/2987
f 1650/2956/2988 1645/2946/2988 1644/2945/2988
f 1650/2957/2989 1649/2954/2989 1654/2964/2989
f 1650/2957/2990 1654/2964/2990 1651/2958/2990
f 1654/2964/2991 1655/2965/2991 1656/2966/2991
f 1654/2964/2992 1656/2966/2992 1651/2958/2992
f 1654/2963/2993 1649/2955/2993 484/1200/2993
f 1654/2963/2994 484/1200/2994 1657/2968/2994
f 1654/2964/2995 1657/2967/2995 1658/2969/2995
f 1654/2964/2996 1658/2969/2996 1655/2965/2996
f 1658/2969/2997 1552/2771/2997 1551/2770/2997
f 1658/2969/2998 1551/2770/2998 1655/2965/2998
f 1658/2969/2999 1657/2967/2999 1659/2970/2999
f 1658/2969/3000 1659/2970/3000 1660/2972/3000
f 1658/2969/3001 1660/2972/3001 1553/2772/3001
f 1658/2969/3002 1553/2772/3002 1552/2771/3002
f 1660/2972/3003 1659/2970/3003 187/517/3003
f 1660/2972/3004 187/517/3004 186/516/3004
f 1660/2972/3005 186/516/3005 200/548/3005
f 1660/2972/3006 200/548/3006 1553/2772/3006
f 1659/2971/3007 1657/2968/3007 484/1200/3007
f 1659/2971/3008 484/1200/3008 483/1197/3008
f 1659/2971/3009 483/1197/3009 1661/2974/3009
f 1659/2971/3010 1661/2974/3010 187/518/3010
f 1661/2974/3011 1662/2975/3011 183/510/3011
f 1661/2974/3012 183/510/3012 187/518/3012
f 1661/2973/3013 483/1198/3013 103/303/3013
f 1661/2973/3014 103/303/3014 1663/2977/3014
f 1661/2974/3015 1663/2978/3015 1664/2981/3015
f 1661/2974/3016 1664/2981/3016 1662/2975/3016
f 1664/2981/3017 1665/2983/3017 171/482/3017
f 1664/2981/3018 171/482/3018 1662/2975/3018
f 1664/2982/3019 1663/2979/3019 1666/2985/3019
f 1664/2982/3020 1666/2985/3020 1667/2988/3020
f 1664/2982/3021 1667/2988/3021 1668/2990/3021
f 1664/2982/3022 1668/2990/3022 1665/2984/3022
f 1668/2990/3023 219/600/3023 179/503/3023
f 1668/2990/3024 179/503/3024 1665/2984/3024
f 1668/2991/3025 1667/2989/3025 1570/2800/3025
f 1668/2991/3026 1570/2800/3026 1569/2797/3026
f 1668/2991/3027 1569/2797/3027 220/601/3027
f 1668/2991/3028 220/601/3028 219/599/3028
f 1667/2989/3029 1666/2987/3029 1571/2802/3029
f 1667/2989/3030 1571/2802/3030 1570/2800/3030
f 1666/2986/3031 1663/2980/3031 103/304/3031
f 1666/2986/3032 103/304/3032 488/1207/3032
f 1666/2987/3033 488/1208/3033 1573/2805/3033
f 1666/2987/3034 1573/2805/3034 1571/2802/3034
f 1662/2976/3035 171/483/3035 170/479/3035
f 1662/2976/3036 170/479/3036 183/511/3036
f 1656/2966/3037 1669/2992/3037 1670/2993/3037
f 1656/2966/3038 1670/2993/3038 1671/2994/3038
f 1656/2966/3039 1671/2994/3039 1652/2959/3039
f 1656/2966/3040 1652/2959/3040 1651/2958/3040
f 1656/2966/3041 1655/2965/3041 1551/2770/3041
f 1656/2966/3042 1551/2770/3042 1669/2992/3042
f 1671/2994/3043 1670/2993/3043 1672/2995/3043
f 1671/2994/3044 1672/2995/3044 1673/2996/3044
f 1671/2994/3045 1673/2996/3045 1674/2997/3045
f 1671/2994/3046 1674/2997/3046 1652/2959/3046
f 1674/2997/3047 1603/2868/3047 1601/2865/3047
f 1674/2997/3048 1601/2865/3048 1600/2860/3048
f 1674/2997/3049 1600/2860/3049 1653/2961/3049
f 1674/2997/3050 1653/2961/3050 1652/2959/3050
f 1674/2997/3051 1673/2996/3051 1675/2998/3051
f 1674/2997/3052 1675/2998/3052 1603/2868/3052
f 1675/2999/3053 1606/2875/3053 1604/2871/3053
f 1675/2999/3054 1604/2871/3054 1603/2869/3054
f 1675/2998/3055 1673/2996/3055 1672/2995/3055
f 1675/2998/3056 1672/2995/3056 1676/3001/3056
f 1675/2999/3057 1676/3000/3057 1677/3002/3057
f 1675/2999/3058 1677/3002/3058 1606/2875/3058
f 1677/3003/3059 1609/2881/3059 1607/2878/3059
f 1677/3003/3060 1607/2878/3060 1606/2876/3060
f 1677/3002/3061 1676/3000/3061 1678/3005/3061
f 1677/3002/3062 1678/3005/3062 1679/3007/3062
f 1677/3003/3063 1679/3006/3063 1680/3008/3063
f 1677/3003/3064 1680/3008/3064 1609/2881/3064
f 1680/3009/3065 1612/2887/3065 1610/2884/3065
f 1680/3009/3066 1610/2884/3066 1609/2882/3066
f 1680/3008/3067 1679/3006/3067 1681/3010/3067
f 1680/3008/3068 1681/3010/3068 1682/3015/3068
f 1680/3009/3069 1682/3013/3069 1683/3016/3069
f 1680/3009/3070 1683/3016/3070 1612/2887/3070
f 1683/3016/3071 1615/2893/3071 1613/2889/3071
f 1683/3016/3072 1613/2889/3072 1612/2887/3072
f 1683/3017/3073 1682/3014/3073 1684/3018/3073
f 1683/3017/3074 1684/3018/3074 1685/3021/3074
f 1683/3017/3075 1685/3021/3075 1617/2897/3075
f 1683/3017/3076 1617/2897/3076 1615/2894/3076
f 1685/3022/3077 1684/3020/3077 1628/2919/3077
f 1685/3022/3078 1628/2919/3078 1626/2914/3078
f 1685/3022/3079 1626/2914/3079 1619/2903/3079
f 1685/3022/3080 1619/2903/3080 1617/2898/3080
f 1684/3019/3081 1682/3015/3081 1681/3010/3081
f 1684/3019/3082 1681/3010/3082 1686/3023/3082
f 1684/3020/3083 1686/3025/3083 1630/2924/3083
f 1684/3020/3084 1630/2924/3084 1628/2919/3084
f 1686/3024/3085 1681/3011/3085 1687/3026/3085
f 1686/3024/3086 1687/3026/3086 1688/3030/3086
f 1686/3025/3087 1688/3029/3087 1632/2929/3087
f 1686/3025/3088 1632/2929/3088 1630/2924/3088
f 1688/3030/3089 1687/3026/3089 1689/3032/3089
f 1688/3030/3090 1689/3032/3090 1690/3034/3090
f 1688/3031/3091 1690/3035/3091 1634/2933/3091
f 1688/3031/3092 1634/2933/3092 1632/2930/3092
f 1690/3034/3093 1689/3032/3093 1691/3036/3093
f 1690/3034/3094 1691/3036/3094 1692/3039/3094
f 1690/3035/3095 1692/3038/3095 1693/3040/3095
f 1690/3035/3096 1693/3040/3096 1634/2933/3096
f 1693/3041/3097 1637/2937/3097 1635/2935/3097
f 1693/3041/3098 1635/2935/3098 1634/2934/3098
f 1693/3040/3099 1692/3038/3099 1544/2756/3099
f 1693/3040/3100 1544/2756/3100 1543/2753/3100
f 1693/3041/3101 1543/2754/3101 1542/2752/3101
f 1693/3041/3102 1542/2752/3102 1637/2937/3102
f 1692/3039/3103 1691/3036/3103 1546/2762/3103
f 1692/3039/3104 1546/2762/3104 1544/2757/3104
f 1691/3037/3105 1689/3033/3105 1694/3042/3105
f 1691/3037/3106 1694/3042/3106 1695/3043/3106
f 1691/3037/3107 1695/3043/3107 1548/2766/3107
f 1691/3037/3108 1548/2766/3108 1546/2763/3108
f 1695/3043/3109 1694/3042/3109 1672/2995/3109
f 1695/3043/3110 1672/2995/3110 1670/2993/3110
f 1695/3043/3111 1670/2993/3111 1669/2992/3111
f 1695/3043/3112 1669/2992/3112 1548/2766/3112
f 1694/3042/3113 1678/3004/3113 1676/3001/3113
f 1694/3042/3114 1676/3001/3114 1672/2995/3114
f 1694/3042/3115 1689/3033/3115 1687/3027/3115
f 1694/3042/3116 1687/3027/3116 1678/3004/3116
f 1687/3028/3117 1681/3012/3117 1679/3007/3117
f 1687/3028/3118 1679/3007/3118 1678/3005/3118
f 1669/2992/3119 1551/2770/3119 1549/2767/3119
f 1669/2992/3120 1549/2767/3120 1548/2766/3120
f 1653/2962/3121 1600/2861/3121 1598/2854/3121
f 1653/2962/3122 1598/2854/3122 1645/2947/3122
f 1647/2950/3123 1646/2949/3123 489/1210/3123
f 1647/2950/3124 489/1210/3124 496/1220/3124
f 1646/2949/3125 1642/2942/3125 1641/2941/3125
f 1646/2949/3126 1641/2941/3126 1539/2748/3126
f 1646/2949/3127 1539/2748/3127 490/1212/3127
f 1646/2949/3128 490/1212/3128 489/1210/3128
f 1645/2948/3129 1598/2855/3129 1597/2852/3129
f 1645/2948/3130 1597/2852/3130 1640/2940/3130
f 1641/2941/3131 1638/2938/3131 1637/2937/3131
f 1641/2941/3132 1637/2937/3132 1542/2752/3132
f 1641/2941/3133 1542/2752/3133 1540/2749/3133
f 1641/2941/3134 1540/2749/3134 1539/2748/3134
f 1579/2820/3135 1577/2815/3135 486/1204/3135
f 1579/2820/3136 486/1204/3136 494/1217/3136
f 1569/2798/3137 1567/2795/3137 223/609/3137
f 1569/2798/3138 223/609/3138 220/602/3138
f 1565/2792/3139 1564/2791/3139 1523/2717/3139
f 1565/2792/3140 1523/2717/3140 1522/2715/3140
f 1565/2793/3141 1522/2716/3141 192/529/3141
f 1565/2793/3142 192/529/3142 191/526/3142
f 1559/2784/3143 373/955/3143 371/952/3143
f 1559/2784/3144 371/952/3144 227/616/3144
f 1556/2778/3145 198/545/3145 203/552/3145
f 1556/2778/3146 203/552/3146 373/955/3146
f 495/1218/3147 494/1217/3147 486/1204/3147
f 495/1218/3148 486/1204/3148 103/305/3148
f 495/1219/3149 103/306/3149 485/1202/3149
f 495/1219/3150 485/1202/3150 496/1220/3150
f 475/1178/3151 479/1187/3151 260/696/3151
f 475/1178/3152 260/696/3152 474/1175/3152
f 476/1181/3153 475/1179/3153 474/1176/3153
f 476/1181/3154 474/1176/3154 473/1174/3154
f 471/1170/3155 469/1166/3155 264/705/3155
f 471/1170/3156 264/705/3156 263/704/3156
f 469/1166/3157 468/1165/3157 265/706/3157
f 469/1166/3158 265/706/3158 264/705/3158
f 459/1146/3159 458/1145/3159 400/1022/3159
f 459/1146/3160 400/1022/3160 405/1034/3160
f 439/1105/3161 409/1040/3161 406/1035/3161
f 439/1105/3162 406/1035/3162 435/1093/3162
f 436/1098/3163 435/1094/3163 406/1036/3163
f 436/1098/3164 406/1036/3164 402/1028/3164
f 427/1077/3165 419/1062/3165 418/1058/3165
f 427/1077/3166 418/1058/3166 425/1074/3166
f 426/1076/3167 425/1075/3167 418/1059/3167
f 426/1076/3168 418/1059/3168 417/1055/3168
f 397/1013/3169 182/508/3169 170/480/3169
f 397/1013/3170 170/480/3170 169/476/3170
f 1696/3044/3171 1697/3046/3171 1698/3048/3171
f 1696/3044/3172 1698/3048/3172 235/635/3172
f 1696/3044/3173 235/635/3173 234/633/3173
f 1696/3044/3174 234/633/3174 396/1009/3174
f 1696/3044/3175 246/663/3175 245/662/3175
f 1696/3044/3176 245/662/3176 1697/3046/3176
f 1698/3047/3177 1699/3050/3177 1700/3051/3177
f 1698/3047/3178 1700/3051/3178 1701/3053/3178
f 1698/3047/3179 1701/3053/3179 233/630/3179
f 1698/3047/3180 233/630/3180 235/636/3180
f 1698/3048/3181 1697/3046/3181 1702/3055/3181
f 1698/3048/3182 1702/3055/3182 1699/3049/3182
f 1702/3055/3183 1703/3056/3183 1704/3058/3183
f 1702/3055/3184 1704/3058/3184 1699/3049/3184
f 1702/3055/3185 1697/3046/3185 245/662/3185
f 1702/3055/3186 245/662/3186 248/668/3186
f 1702/3055/3187 248/668/3187 1705/3060/3187
f 1702/3055/3188 1705/3060/3188 1703/3056/3188
f 1705/3060/3189 1706/3061/3189 1707/3064/3189
f 1705/3060/3190 1707/3064/3190 1703/3056/3190
f 1705/3060/3191 248/668/3191 247/666/3191
f 1705/3060/3192 247/666/3192 1708/3065/3192
f 1705/3060/3193 1708/3065/3193 1709/3067/3193
f 1705/3060/3194 1709/3067/3194 1706/3061/3194
f 1709/3068/3195 1710/3069/3195 1711/3071/3195
f 1709/3068/3196 1711/3071/3196 1706/3062/3196
f 1709/3067/3197 1708/3065/3197 252/677/3197
f 1709/3067/3198 252/677/3198 251/673/3198
f 1709/3068/3199 251/674/3199 1712/3072/3199
f 1709/3068/3200 1712/3072/3200 1710/3069/3200
f 1711/3070/3201 1713/3076/3201 1714/3077/3201
f 1711/3070/3202 1714/3077/3202 1715/3078/3202
f 1711/3071/3203 1715/3079/3203 1707/3063/3203
f 1711/3071/3204 1707/3063/3204 1706/3062/3204
f 1711/3071/3205 1710/3069/3205 1716/3080/3205
f 1711/3071/3206 1716/3080/3206 1713/3075/3206
f 1716/3081/3207 1717/3082/3207 1718/3085/3207
f 1716/3081/3208 1718/3085/3208 1713/3076/3208
f 1716/3080/3209 1710/3069/3209 1712/3072/3209
f 1716/3080/3210 1712/3072/3210 1719/3086/3210
f 1716/3081/3211 1719/3087/3211 1720/3088/3211
f 1716/3081/3212 1720/3088/3212 1717/3082/3212
f 1720/3089/3213 1721/3090/3213 1722/3093/3213
f 1720/3089/3214 1722/3093/3214 1717/3083/3214
f 1720/3088/3215 1719/3087/3215 1723/3094/3215
f 1720/3088/3216 1723/3094/3216 1724/3096/3216
f 1720/3089/3217 1724/3097/3217 1725/3100/3217
f 1720/3089/3218 1725/3100/3218 1721/3090/3218
f 1725/3100/3219 1726/3102/3219 1727/3105/3219
f 1725/3100/3220 1727/3105/3220 1721/3090/3220
f 1725/3101/3221 1724/3098/3221 1728/3107/3221
f 1725/3101/3222 1728/3107/3222 1729/3110/3222
f 1725/3101/3223 1729/3110/3223 1730/3114/3223
f 1725/3101/3224 1730/3114/3224 1726/3103/3224
f 1730/3113/3225 1729/3111/3225 1731/3117/3225
f 1730/3113/3226 1731/3117/3226 1732/3118/3226
f 1730/3113/3227 1732/3118/3227 1733/3121/3227
f 1730/3113/3228 1733/3121/3228 1734/3122/3228
f 1730/3114/3229 1734/3123/3229 1735/3125/3229
f 1730/3114/3230 1735/3125/3230 1726/3103/3230
f 1735/3125/3231 1734/3123/3231 1736/3130/3231
f 1735/3125/3232 1736/3130/3232 1737/3131/3232
f 1735/3126/3233 1737/3132/3233 1738/3133/3233
f 1735/3126/3234 1738/3133/3234 1739/3135/3234
f 1735/3127/3235 1739/3136/3235 1727/3106/3235
f 1735/3127/3236 1727/3106/3236 1726/3104/3236
f 1739/3136/3237 1738/3134/3237 1740/3137/3237
f 1739/3136/3238 1740/3137/3238 1741/3139/3238
f 1739/3136/3239 1741/3139/3239 1742/3141/3239
f 1739/3136/3240 1742/3141/3240 1727/3106/3240
f 1742/3141/3241 1722/3092/3241 1721/3091/3241
f 1742/3141/3242 1721/3091/3242 1727/3106/3242
f 1742/3141/3243 1741/3139/3243 1743/3143/3243
f 1742/3141/3244 1743/3143/3244 1744/3145/3244
f 1742/3141/3245 1744/3145/3245 1745/3146/3245
f 1742/3141/3246 1745/3146/3246 1722/3092/3246
f 1745/3147/3247 1744/3144/3247 1746/3148/3247
f 1745/3147/3248 1746/3148/3248 1747/3150/3248
f 1745/3147/3249 1747/3150/3249 1748/3152/3249
f 1745/3147/3250 1748/3152/3250 1718/3084/3250
f 1745/3147/3251 1718/3084/3251 1717/3083/3251
f 1745/3147/3252 1717/3083/3252 1722/3093/3252
f 1748/3152/3253 1747/3150/3253 1749/3154/3253
f 1748/3152/3254 1749/3154/3254 1750/3158/3254
f 1748/3153/3255 1750/3159/3255 1751/3163/3255
f 1748/3153/3256 1751/3163/3256 1714/3077/3256
f 1748/3153/3257 1714/3077/3257 1713/3076/3257
f 1748/3153/3258 1713/3076/3258 1718/3085/3258
f 1751/3161/3259 1750/3160/3259 5/14/3259
f 1751/3161/3260 5/14/3260 1752/3164/3260
f 1751/3162/3261 1752/3165/3261 1753/3168/3261
f 1751/3162/3262 1753/3168/3262 1754/3171/3262
f 1751/3163/3263 1754/3170/3263 1715/3078/3263
f 1751/3163/3264 1715/3078/3264 1714/3077/3264
f 1754/3171/3265 1753/3168/3265 1755/3172/3265
f 1754/3171/3266 1755/3172/3266 1756/3174/3266
f 1754/3171/3267 1756/3174/3267 1707/3063/3267
f 1754/3171/3268 1707/3063/3268 1715/3079/3268
f 1756/3174/3269 1755/3172/3269 1757/3176/3269
f 1756/3174/3270 1757/3176/3270 1704/3057/3270
f 1756/3175/3271 1704/3058/3271 1703/3056/3271
f 1756/3175/3272 1703/3056/3272 1707/3064/3272
f 1757/3177/3273 1755/3173/3273 1758/3180/3273
f 1757/3177/3274 1758/3180/3274 1759/3181/3274
f 1757/3177/3275 1759/3181/3275 129/372/3275
f 1757/3177/3276 129/372/3276 1700/3052/3276
f 1757/3178/3277 1700/3051/3277 1699/3050/3277
f 1757/3178/3278 1699/3050/3278 1704/3059/3278
f 1759/3182/3279 1758/3179/3279 1760/3184/3279
f 1759/3182/3280 1760/3184/3280 1761/3185/3280
f 1759/3182/3281 1761/3185/3281 130/374/3281
f 1759/3182/3282 130/374/3282 129/371/3282
f 1761/3186/3283 1760/3183/3283 1762/3188/3283
f 1761/3186/3284 1762/3188/3284 1763/3189/3284
f 1761/3186/3285 1763/3189/3285 131/376/3285
f 1761/3186/3286 131/376/3286 130/375/3286
f 1763/3189/3287 1762/3188/3287 1764/3191/3287
f 1763/3189/3288 1764/3191/3288 1765/3192/3288
f 1763/3189/3289 1765/3192/3289 1766/3193/3289
f 1763/3189/3290 1766/3193/3290 131/376/3290
f 1766/3193/3291 1765/3192/3291 1767/3195/3291
f 1766/3193/3292 1767/3195/3292 1768/3198/3292
f 1766/3194/3293 1768/3196/3293 1769/3199/3293
f 1766/3194/3294 1769/3199/3294 1770/3202/3294
f 1766/3194/3295 1770/3202/3295 132/378/3295
f 1766/3194/3296 132/378/3296 131/377/3296
f 1770/3203/3297 1771/3204/3297 1772/3205/3297
f 1770/3203/3298 1772/3205/3298 132/379/3298
f 1770/3203/3299 1769/3200/3299 1773/3206/3299
f 1770/3203/3300 1773/3206/3300 1771/3204/3300
f 1773/3206/3301 1774/3207/3301 1775/3208/3301
f 1773/3206/3302 1775/3208/3302 1771/3204/3302
f 1773/3206/3303 1769/3200/3303 155/436/3303
f 1773/3206/3304 155/436/3304 1776/3209/3304
f 1773/3206/3305 1776/3209/3305 1777/3210/3305
f 1773/3206/3306 1777/3210/3306 1774/3207/3306
f 1777/3210/3307 1778/3211/3307 1779/3214/3307
f 1777/3210/3308 1779/3214/3308 1774/3207/3308
f 1777/3210/3309 1776/3209/3309 1780/3216/3309
f 1777/3210/3310 1780/3216/3310 1781/3217/3310
f 1777/3210/3311 1781/3217/3311 1733/3119/3311
f 1777/3210/3312 1733/3119/3312 1778/3211/3312
f 1781/3218/3313 1780/3215/3313 1782/3220/3313
f 1781/3218/3314 1782/3220/3314 1736/3128/3314
f 1781/3219/3315 1736/3129/3315 1734/3124/3315
f 1781/3219/3316 1734/3124/3316 1733/3120/3316
f 1782/3220/3317 1780/3215/3317 154/433/3317
f 1782/3220/3318 154/433/3318 156/439/3318
f 1782/3221/3319 156/440/3319 174/490/3319
f 1782/3221/3320 174/490/3320 1783/3222/3320
f 1782/3221/3321 1783/3222/3321 1737/3131/3321
f 1782/3221/3322 1737/3131/3322 1736/3130/3322
f 1783/3223/3323 174/491/3323 1784/3225/3323
f 1783/3223/3324 1784/3225/3324 1785/3226/3324
f 1783/3223/3325 1785/3226/3325 1738/3133/3325
f 1783/3223/3326 1738/3133/3326 1737/3132/3326
f 1785/3227/3327 1784/3224/3327 1786/3229/3327
f 1785/3227/3328 1786/3229/3328 1787/3230/3328
f 1785/3227/3329 1787/3230/3329 1740/3137/3329
f 1785/3227/3330 1740/3137/3330 1738/3134/3330
f 1787/3231/3331 1786/3228/3331 1788/3232/3331
f 1787/3231/3332 1788/3232/3332 1789/3234/3332
f 1787/3231/3333 1789/3234/3333 1790/3235/3333
f 1787/3231/3334 1790/3235/3334 1740/3138/3334
f 1790/3235/3335 1743/3142/3335 1741/3140/3335
f 1790/3235/3336 1741/3140/3336 1740/3138/3336
f 1790/3235/3337 1789/3234/3337 1791/3237/3337
f 1790/3235/3338 1791/3237/3338 1792/3238/3338
f 1790/3235/3339 1792/3238/3339 1793/3239/3339
f 1790/3235/3340 1793/3239/3340 1743/3142/3340
f 1793/3240/3341 1746/3149/3341 1744/3145/3341
f 1793/3240/3342 1744/3145/3342 1743/3143/3342
f 1793/3239/3343 1792/3238/3343 1794/3242/3343
f 1793/3239/3344 1794/3242/3344 1795/3244/3344
f 1793/3240/3345 1795/3245/3345 1796/3248/3345
f 1793/3240/3346 1796/3248/3346 1746/3149/3346
f 1796/3247/3347 1795/3246/3347 1797/3251/3347
f 1796/3247/3348 1797/3251/3348 1798/3252/3348
f 1796/3247/3349 1798/3252/3349 121/352/3349
f 1796/3247/3350 121/352/3350 1749/3155/3350
f 1796/3248/3351 1749/3156/3351 1747/3151/3351
f 1796/3248/3352 1747/3151/3352 1746/3149/3352
f 1798/3253/3353 1797/3249/3353 1799/3255/3353
f 1798/3253/3354 1799/3255/3354 1800/3258/3354
f 1798/3254/3355 1800/3259/3355 122/356/3355
f 1798/3254/3356 122/356/3356 121/353/3356
f 1800/3260/3357 1799/3256/3357 1801/3261/3357
f 1800/3260/3358 1801/3261/3358 1802/3263/3358
f 1800/3260/3359 1802/3263/3359 1803/3264/3359
f 1800/3260/3360 1803/3264/3360 122/355/3360
f 1803/3264/3361 1802/3263/3361 1804/3266/3361
f 1803/3264/3362 1804/3266/3362 1805/3268/3362
f 1803/3265/3363 1805/3267/3363 1806/3270/3363
f 1803/3265/3364 1806/3270/3364 1807/3271/3364
f 1803/3265/3365 1807/3271/3365 123/357/3365
f 1803/3265/3366 123/357/3366 122/356/3366
f 1807/3272/3367 1806/3269/3367 1808/3274/3367
f 1807/3272/3368 1808/3274/3368 1809/3275/3368
f 1807/3272/3369 1809/3275/3369 124/359/3369
f 1807/3272/3370 124/359/3370 123/358/3370
f 1809/3276/3371 1808/3273/3371 1810/3278/3371
f 1809/3276/3372 1810/3278/3372 1811/3279/3372
f 1809/3276/3373 1811/3279/3373 1812/3282/3373
f 1809/3276/3374 1812/3282/3374 124/360/3374
f 1812/3282/3375 1811/3279/3375 1764/3190/3375
f 1812/3282/3376 1764/3190/3376 1762/3187/3376
f 1812/3281/3377 1762/3188/3377 1760/3183/3377
f 1812/3281/3378 1760/3183/3378 1813/3283/3378
f 1812/3282/3379 1813/3284/3379 125/362/3379
f 1812/3282/3380 125/362/3380 124/360/3380
f 1813/3285/3381 1760/3184/3381 1758/3179/3381
f 1813/3285/3382 1758/3179/3382 1814/3286/3382
f 1813/3285/3383 1814/3286/3383 1815/3289/3383
f 1813/3285/3384 1815/3289/3384 125/363/3384
f 1814/3287/3385 1758/3180/3385 1755/3173/3385
f 1814/3287/3386 1755/3173/3386 1753/3169/3386
f 1814/3287/3387 1753/3169/3387 1752/3166/3387
f 1814/3287/3388 1752/3166/3388 1815/3288/3388
f 1811/3280/3389 1810/3277/3389 1816/3290/3389
f 1811/3280/3390 1816/3290/3390 1764/3191/3390
f 1816/3290/3391 1810/3277/3391 1817/3291/3391
f 1816/3290/3392 1817/3291/3392 1818/3293/3392
f 1816/3290/3393 1818/3293/3393 152/429/3393
f 1816/3290/3394 152/429/3394 1767/3195/3394
f 1816/3290/3395 1767/3195/3395 1765/3192/3395
f 1816/3290/3396 1765/3192/3396 1764/3191/3396
f 1818/3293/3397 1817/3291/3397 148/418/3397
f 1818/3293/3398 148/418/3398 147/416/3398
f 1818/3293/3399 147/416/3399 153/430/3399
f 1818/3293/3400 153/430/3400 152/429/3400
f 1817/3292/3401 1819/3294/3401 149/420/3401
f 1817/3292/3402 149/420/3402 148/419/3402
f 1817/3292/3403 1810/3278/3403 1808/3273/3403
f 1817/3292/3404 1808/3273/3404 1819/3294/3404
f 1819/3295/3405 1820/3296/3405 1821/3298/3405
f 1819/3295/3406 1821/3298/3406 149/421/3406
f 1819/3295/3407 1808/3274/3407 1806/3269/3407
f 1819/3295/3408 1806/3269/3408 1820/3296/3408
f 1821/3299/3409 1731/3115/3409 1729/3112/3409
f 1821/3299/3410 1729/3112/3410 1728/3108/3410
f 1821/3299/3411 1728/3108/3411 150/424/3411
f 1821/3299/3412 150/424/3412 149/422/3412
f 1821/3300/3413 1820/3297/3413 1822/3301/3413
f 1821/3300/3414 1822/3301/3414 1731/3116/3414
f 1822/3302/3415 1823/3303/3415 1732/3118/3415
f 1822/3302/3416 1732/3118/3416 1731/3117/3416
f 1822/3301/3417 1820/3297/3417 1806/3270/3417
f 1822/3301/3418 1806/3270/3418 1805/3267/3418
f 1822/3302/3419 1805/3268/3419 1804/3266/3419
f 1822/3302/3420 1804/3266/3420 1823/3303/3420
f 1823/3303/3421 1778/3212/3421 1733/3121/3421
f 1823/3303/3422 1733/3121/3422 1732/3118/3422
f 1823/3303/3423 1804/3266/3423 1779/3213/3423
f 1823/3303/3424 1779/3213/3424 1778/3212/3424
f 1804/3266/3425 1802/3263/3425 1801/3261/3425
f 1804/3266/3426 1801/3261/3426 1779/3213/3426
f 1801/3262/3427 1799/3257/3427 1824/3304/3427
f 1801/3262/3428 1824/3304/3428 1775/3208/3428
f 1801/3262/3429 1775/3208/3429 1774/3207/3429
f 1801/3262/3430 1774/3207/3430 1779/3214/3430
f 1824/3304/3431 1799/3257/3431 1797/3250/3431
f 1824/3304/3432 1797/3250/3432 1825/3305/3432
f 1824/3304/3433 1825/3305/3433 1826/3309/3433
f 1824/3304/3434 1826/3309/3434 1772/3205/3434
f 1824/3304/3435 1772/3205/3435 1771/3204/3435
f 1824/3304/3436 1771/3204/3436 1775/3208/3436
f 1826/3308/3437 1825/3306/3437 1794/3241/3437
f 1826/3308/3438 1794/3241/3438 1827/3310/3438
f 1826/3308/3439 1827/3310/3439 126/364/3439
f 1826/3308/3440 126/364/3440 6/18/3440
f 1826/3309/3441 6/19/3441 132/379/3441
f 1826/3309/3442 132/379/3442 1772/3205/3442
f 1827/3311/3443 1794/3242/3443 1792/3238/3443
f 1827/3311/3444 1792/3238/3444 1791/3237/3444
f 1827/3312/3445 1791/3236/3445 1828/3313/3445
f 1827/3312/3446 1828/3313/3446 126/365/3446
f 1828/3314/3447 1791/3237/3447 1789/3234/3447
f 1828/3314/3448 1789/3234/3448 1788/3232/3448
f 1828/3314/3449 1788/3232/3449 1829/3316/3449
f 1828/3314/3450 1829/3316/3450 1830/3318/3450
f 1828/3315/3451 1830/3320/3451 127/367/3451
f 1828/3315/3452 127/367/3452 126/366/3452
f 1830/3319/3453 1829/3317/3453 1831/3321/3453
f 1830/3319/3454 1831/3321/3454 1832/3322/3454
f 1830/3320/3455 1832/3323/3455 232/627/3455
f 1830/3320/3456 232/627/3456 127/367/3456
f 1832/3322/3457 1831/3321/3457 214/588/3457
f 1832/3322/3458 214/588/3458 218/597/3458
f 1832/3323/3459 218/598/3459 28/91/3459
f 1832/3323/3460 28/91/3460 232/627/3460
f 1831/3321/3461 1829/3317/3461 1833/3325/3461
f 1831/3321/3462 1833/3325/3462 1834/3326/3462
f 1831/3321/3463 1834/3326/3463 215/589/3463
f 1831/3321/3464 215/589/3464 214/588/3464
f 1834/3327/3465 1833/3324/3465 172/487/3465
f 1834/3327/3466 172/487/3466 162/455/3466
f 1834/3327/3467 162/455/3467 161/452/3467
f 1834/3327/3468 161/452/3468 215/590/3468
f 1833/3325/3469 1786/3229/3469 1784/3224/3469
f 1833/3325/3470 1784/3224/3470 172/486/3470
f 1833/3325/3471 1829/3317/3471 1788/3233/3471
f 1833/3325/3472 1788/3233/3472 1786/3229/3472
f 1825/3307/3473 1797/3251/3473 1795/3246/3473
f 1825/3307/3474 1795/3246/3474 1794/3243/3474
f 1784/3225/3475 174/491/3475 173/489/3475
f 1784/3225/3476 173/489/3476 172/487/3476
f 1780/3216/3477 1776/3209/3477 155/436/3477
f 1780/3216/3478 155/436/3478 154/434/3478
f 1769/3201/3479 1768/3197/3479 151/427/3479
f 1769/3201/3480 151/427/3480 155/437/3480
f 1768/3198/3481 1767/3195/3481 152/429/3481
f 1768/3198/3482 152/429/3482 151/428/3482
f 1750/3160/3483 1749/3157/3483 121/354/3483
f 1750/3160/3484 121/354/3484 5/14/3484
f 1728/3109/3485 1724/3099/3485 1723/3095/3485
f 1728/3109/3486 1723/3095/3486 150/425/3486
f 1723/3094/3487 1719/3087/3487 1712/3073/3487
f 1723/3094/3488 1712/3073/3488 1835/3328/3488
f 1723/3095/3489 1835/3329/3489 9/25/3489
f 1723/3095/3490 9/25/3490 150/425/3490
f 1708/3066/3491 247/667/3491 250/671/3491
f 1708/3066/3492 250/671/3492 252/678/3492
f 1701/3054/3493 1700/3052/3493 129/372/3493
f 1701/3054/3494 129/372/3494 128/370/3494
f 1701/3054/3495 128/370/3495 231/626/3495
f 1701/3054/3496 231/626/3496 233/631/3496
f 395/1004/3497 1836/3333/3497 296/781/3497
f 395/1004/3498 296/781/3498 393/1001/3498
f 395/1005/3499 394/1003/3499 381/975/3499
f 395/1005/3500 381/975/3500 1837/3336/3500
f 395/1006/3501 1837/3335/3501 385/983/3501
f 395/1006/3502 385/983/3502 1836/3332/3502
f 1837/3336/3503 381/975/3503 379/970/3503
f 1837/3336/3504 379/970/3504 1838/3338/3504
f 1837/3337/3505 1838/3339/3505 386/986/3505
f 1837/3337/3506 386/986/3506 385/984/3506
f 1838/3340/3507 379/971/3507 378/968/3507
f 1838/3340/3508 378/968/3508 1839/3341/3508
f 1838/3340/3509 1839/3341/3509 387/989/3509
f 1838/3340/3510 387/989/3510 386/987/3510
f 1839/3341/3511 378/968/3511 380/972/3511
f 1839/3341/3512 380/972/3512 392/998/3512
f 1839/3341/3513 392/998/3513 389/993/3513
f 1839/3341/3514 389/993/3514 387/989/3514
f 1836/3333/3515 1840/3342/3515 294/775/3515
f 1836/3333/3516 294/775/3516 296/781/3516
f 1836/3334/3517 385/985/3517 384/982/3517
f 1836/3334/3518 384/982/3518 1840/3344/3518
f 1840/3343/3519 1841/3345/3519 287/760/3519
f 1840/3343/3520 287/760/3520 294/776/3520
f 1840/3344/3521 384/982/3521 383/979/3521
f 1840/3344/3522 383/979/3522 1841/3346/3522
f 1841/3347/3523 325/850/3523 284/752/3523
f 1841/3347/3524 284/752/3524 287/761/3524
f 1841/3348/3525 383/980/3525 388/991/3525
f 1841/3348/3526 388/991/3526 325/851/3526
f 391/996/3527 380/973/3527 377/966/3527
f 391/996/3528 377/966/3528 1842/3349/3528
f 391/996/3529 1842/3349/3529 353/917/3529
f 391/996/3530 353/917/3530 352/915/3530
f 1842/3349/3531 377/966/3531 376/963/3531
f 1842/3349/3532 376/963/3532 1843/3350/3532
f 1842/3349/3533 1843/3350/3533 357/926/3533
f 1842/3349/3534 357/926/3534 353/917/3534
f 1843/3351/3535 376/964/3535 1844/3353/3535
f 1843/3351/3536 1844/3353/3536 1845/3355/3536
f 1843/3352/3537 1845/3356/3537 1846/3357/3537
f 1843/3352/3538 1846/3357/3538 357/927/3538
f 1846/3357/3539 1845/3356/3539 361/938/3539
f 1846/3357/3540 361/938/3540 360/936/3540
f 1846/3358/3541 360/937/3541 359/931/3541
f 1846/3358/3542 359/931/3542 1847/3359/3542
f 1846/3358/3543 1847/3359/3543 356/924/3543
f 1846/3358/3544 356/924/3544 357/928/3544
f 1847/3360/3545 359/932/3545 315/828/3545
f 1847/3360/3546 315/828/3546 1848/3361/3546
f 1847/3360/3547 1848/3361/3547 354/919/3547
f 1847/3360/3548 354/919/3548 356/925/3548
f 1848/3362/3549 315/829/3549 314/827/3549
f 1848/3362/3550 314/827/3550 327/857/3550
f 1848/3363/3551 327/858/3551 355/922/3551
f 1848/3363/3552 355/922/3552 354/920/3552
f 1845/3356/3553 1844/3354/3553 1849/3365/3553
f 1845/3356/3554 1849/3365/3554 361/938/3554
f 390/995/3555 323/845/3555 325/851/3555
f 390/995/3556 325/851/3556 388/991/3556
f 376/964/3557 372/954/3557 375/961/3557
f 376/964/3558 375/961/3558 1844/3353/3558
f 371/952/3559 370/951/3559 228/620/3559
f 371/952/3560 228/620/3560 227/616/3560
f 363/941/3561 362/940/3561 350/908/3561
f 363/941/3562 350/908/3562 349/905/3562
f 363/941/3563 349/905/3563 1850/3367/3563
f 363/941/3564 1850/3367/3564 317/834/3564
f 363/941/3565 317/834/3565 316/832/3565
f 363/941/3566 316/832/3566 358/929/3566
f 1850/3368/3567 349/906/3567 340/884/3567
f 1850/3368/3568 340/884/3568 337/877/3568
f 1850/3368/3569 337/877/3569 336/875/3569
f 1850/3368/3570 336/875/3570 318/836/3570
f 1850/3369/3571 318/837/3571 313/825/3571
f 1850/3369/3572 313/825/3572 317/835/3572
f 362/940/3573 361/939/3573 1849/3364/3573
f 362/940/3574 1849/3364/3574 350/908/3574
f 359/933/3575 358/930/3575 316/833/3575
f 359/933/3576 316/833/3576 315/830/3576
f 1849/3365/3577 1844/3354/3577 375/962/3577
f 1849/3365/3578 375/962/3578 351/912/3578
f 1849/3366/3579 351/913/3579 59/180/3579
f 1849/3366/3580 59/180/3580 350/909/3580
f 348/904/3581 343/893/3581 342/889/3581
f 348/904/3582 342/889/3582 1851/3370/3582
f 348/904/3583 1851/3370/3583 339/881/3583
f 348/904/3584 339/881/3584 338/879/3584
f 1851/3371/3585 342/890/3585 341/888/3585
f 1851/3371/3586 341/888/3586 333/870/3586
f 1851/3372/3587 333/871/3587 332/868/3587
f 1851/3372/3588 332/868/3588 339/882/3588
f 343/894/3589 311/818/3589 48/147/3589
f 343/894/3590 48/147/3590 342/891/3590
f 58/176/3591 274/726/3591 273/723/3591
f 58/176/3592 273/723/3592 311/819/3592
f 339/883/3593 332/869/3593 334/872/3593
f 339/883/3594 334/872/3594 335/874/3594
f 336/876/3595 335/874/3595 334/872/3595
f 336/876/3596 334/872/3596 1852/3373/3596
f 336/876/3597 1852/3373/3597 319/839/3597
f 336/876/3598 319/839/3598 318/838/3598
f 1852/3373/3599 334/872/3599 329/862/3599
f 1852/3373/3600 329/862/3600 328/860/3600
f 1852/3373/3601 328/860/3601 320/840/3601
f 1852/3373/3602 320/840/3602 319/839/3602
f 330/864/3603 307/809/3603 1853/3374/3603
f 330/864/3604 1853/3374/3604 1854/3375/3604
f 330/864/3605 1854/3375/3605 321/841/3605
f 330/864/3606 321/841/3606 320/840/3606
f 1854/3375/3607 1853/3374/3607 291/767/3607
f 1854/3375/3608 291/767/3608 290/766/3608
f 1854/3375/3609 290/766/3609 322/843/3609
f 1854/3375/3610 322/843/3610 321/841/3610
f 1853/3374/3611 307/809/3611 283/749/3611
f 1853/3374/3612 283/749/3612 280/739/3612
f 1853/3374/3613 280/739/3613 279/736/3613
f 1853/3374/3614 279/736/3614 291/767/3614
f 326/853/3615 322/843/3615 290/766/3615
f 326/853/3616 290/766/3616 289/764/3616
f 326/854/3617 289/765/3617 293/771/3617
f 326/854/3618 293/771/3618 301/792/3618
f 326/855/3619 301/793/3619 288/763/3619
f 326/855/3620 288/763/3620 285/756/3620
f 310/816/3621 1855/3376/3621 306/806/3621
f 310/816/3622 306/806/3622 305/805/3622
f 310/816/3623 273/724/3623 272/721/3623
f 310/816/3624 272/721/3624 1855/3376/3624
f 1855/3377/3625 300/789/3625 1856/3378/3625
f 1855/3377/3626 1856/3378/3626 306/807/3626
f 1855/3377/3627 272/722/3627 277/731/3627
f 1855/3377/3628 277/731/3628 300/789/3628
f 1856/3379/3629 1857/3380/3629 278/734/3629
f 1856/3379/3630 278/734/3630 282/743/3630
f 1856/3378/3631 282/744/3631 302/796/3631
f 1856/3378/3632 302/796/3632 306/807/3632
f 1856/3379/3633 300/790/3633 45/139/3633
f 1856/3379/3634 45/139/3634 1857/3380/3634
f 1857/3381/3635 292/769/3635 279/737/3635
f 1857/3381/3636 279/737/3636 278/735/3636
f 1857/3381/3637 45/140/3637 293/772/3637
f 1857/3381/3638 293/772/3638 292/769/3638
f 303/800/3639 302/797/3639 282/745/3639
f 303/800/3640 282/745/3640 281/741/3640
f 301/793/3641 299/788/3641 295/779/3641
f 301/793/3642 295/779/3642 288/763/3642
f 396/1010/3643 14/46/3643 158/446/3643
f 396/1010/3644 158/446/3644 34/111/3644
f 246/664/3645 1696/3045/3645 396/1011/3645
f 246/664/3646 396/1011/3646 34/112/3646
f 243/659/3647 236/638/3647 239/646/3647
f 243/659/3648 239/646/3648 240/649/3648
f 242/654/3649 241/650/3649 208/569/3649
f 242/654/3650 208/569/3650 205/558/3650
f 242/655/3651 205/559/3651 204/556/3651
f 242/655/3652 204/556/3652 230/624/3652
f 242/656/3653 230/625/3653 210/576/3653
f 242/656/3654 210/576/3654 212/584/3654
f 241/651/3655 238/641/3655 222/606/3655
f 241/651/3656 222/606/3656 208/570/3656
f 241/652/3657 240/649/3657 239/646/3657
f 241/652/3658 239/646/3658 238/642/3658
f 238/643/3659 229/622/3659 217/595/3659
f 238/643/3660 217/595/3660 222/607/3660
f 232/628/3661 231/626/3661 128/370/3661
f 232/628/3662 128/370/3662 127/368/3662
f 219/600/3663 216/592/3663 163/456/3663
f 219/600/3664 163/456/3664 179/503/3664
f 216/593/3665 215/591/3665 161/453/3665
f 216/593/3666 161/453/3666 163/457/3666
f 1530/2732/3667 1533/2738/3667 1538/2747/3667
f 1530/2732/3668 1538/2747/3668 195/537/3668
f 1530/2733/3669 195/538/3669 20/64/3669
f 1530/2733/3670 20/64/3670 194/535/3670
f 861/1762/3671 175/493/3671 146/414/3671
f 861/1762/3672 146/414/3672 145/413/3672
f 175/492/3673 153/431/3673 147/417/3673
f 175/492/3674 147/417/3674 146/415/3674
f 178/501/3675 164/460/3675 13/41/3675
f 178/501/3676 13/41/3676 171/484/3676
f 178/502/3677 171/485/3677 1665/2984/3677
f 178/502/3678 1665/2984/3678 179/503/3678
f 141/403/3679 8/22/3679 133/381/3679
f 141/403/3680 133/381/3680 138/396/3680
f 8/22/3681 140/401/3681 134/385/3681
f 8/22/3682 134/385/3682 133/381/3682
f 1815/3289/3683 1752/3167/3683 5/15/3683
f 1815/3289/3684 5/15/3684 125/363/3684
f 399/1019/3685 400/1023/3685 402/1028/3685
f 400/1023/3686 401/1026/3686 402/1028/3686
f 84/248/3687 427/1078/3687 425/1075/3687
f 84/248/3688 425/1075/3688 426/1076/3688
f 88/261/3689 444/1113/3689 429/1082/3689
f 88/261/3690 429/1082/3690 428/1081/3690
f 84/249/3691 88/262/3691 424/1073/3691
f 84/249/3692 424/1073/3692 427/1079/3692
f 80/235/3693 17/58/3693 11/34/3693
f 80/235/3694 11/34/3694 160/450/3694
f 183/512/3695 18/59/3695 181/505/3695
f 183/512/3696 181/505/3696 19/61/3696
f 249/669/3697 35/116/3697 34/113/3697
f 249/669/3698 34/113/3698 244/660/3698
f 1835/3331/3699 1712/3074/3699 36/119/3699
f 1712/3074/3700 251/675/3700 36/119/3700
f 1835/3330/3701 832/1713/3701 144/412/3701
f 1835/3330/3702 144/412/3702 9/26/3702
f 1835/3331/3703 36/119/3703 829/1709/3703
f 1835/3331/3704 829/1709/3704 832/1714/3704
f 16/53/3705 159/447/3705 15/51/3705
f 16/53/3706 15/51/3706 10/30/3706
f 16/54/3707 175/493/3707 861/1762/3707
f 16/54/3708 861/1762/3708 159/448/3708
f 189/522/3709 22/70/3709 21/67/3709
f 189/522/3710 21/67/3710 19/62/3710
f 21/68/3711 200/548/3711 186/516/3711
f 21/68/3712 186/516/3712 19/63/3712
f 1858/3382/3713 1862/3386/3713 1863/3387/3713
f 1858/3382/3714 1863/3387/3714 1864/3388/3714
f 1859/3383/3715 1865/3389/3715 1866/3390/3715
f 1859/3383/3716 1866/3390/3716 1867/3391/3716
f 1860/3384/3717 1867/3391/3717 1866/3390/3717
f 1860/3384/3718 1866/3390/3718 1868/3392/3718
f 1861/3385/3719 1869/3393/3719 1863/3387/3719
f 1861/3385/3714 1863/3387/3714 1862/3386/3714
f 1869/3393/3720 1870/3394/3720 1871/3395/3720
f 1869/3393/3721 1871/3395/3721 1863/3387/3721
f 1871/3395/3722 1872/3396/3722 1873/3397/3722
f 1871/3395/3723 1873/3397/3723 1874/3398/3723
f 1871/3395/3724 1874/3398/3724 1864/3388/3724
f 1871/3395/3725 1864/3388/3725 1863/3387/3725
f 1871/3395/3726 1870/3394/3726 1875/3399/3726
f 1871/3395/3722 1875/3399/3722 1872/3396/3722
f 1875/3399/3727 1876/3400/3727 1877/3401/3727
f 1875/3399/3728 1877/3401/3728 1872/3396/3728
f 1877/3401/3729 1866/3390/3729 1865/3389/3729
f 1877/3401/3730 1865/3389/3730 1878/3402/3730
f 1877/3401/3728 1878/3402/3728 1873/3397/3728
f 1877/3401/3728 1873/3397/3728 1872/3396/3728
f 1877/3401/3727 1876/3400/3727 1868/3392/3727
f 1877/3401/3731 1868/3392/3731 1866/3390/3731
f 1879/3403/3732 1883/3415/3732 1884/3418/3732
f 1879/3403/3733 1884/3418/3733 1885/3419/3733
f 1879/3404/3734 1885/3421/3734 1886/3422/3734
f 1879/3404/3735 1886/3422/3735 1887/3423/3735
f 1880/3406/3736 1888/3425/3736 1889/3427/3736
f 1880/3406/3737 1889/3427/3737 1890/3429/3737
f 1880/3407/3738 1890/3428/3738 1891/3430/3738
f 1880/3407/3739 1891/3430/3739 1892/3431/3739
f 1881/3409/3740 1887/3423/3740 1886/3422/3740
f 1881/3409/3741 1886/3422/3741 1893/3433/3741
f 1881/3410/3742 1893/3434/3742 1884/3418/3742
f 1881/3410/3743 1884/3418/3743 1883/3415/3743
f 1882/3412/3744 1892/3431/3744 1891/3430/3744
f 1882/3412/3745 1891/3430/3745 1894/3436/3745
f 1882/3413/3746 1894/3435/3746 1889/3427/3746
f 1882/3413/3747 1889/3427/3747 1888/3425/3747
f 1894/3435/3748 1895/3438/3748 1896/3439/3748
f 1894/3435/3749 1896/3439/3749 1889/3427/3749
f 1894/3436/3750 1891/3430/3750 1897/3440/3750
f 1894/3436/3751 1897/3440/3751 1895/3437/3751
f 1897/3440/3752 1898/3441/3752 1899/3442/3752
f 1897/3440/3753 1899/3442/3753 1895/3437/3753
f 1897/3440/3754 1891/3430/3754 1890/3428/3754
f 1897/3440/3755 1890/3428/3755 1900/3444/3755
f 1897/3440/3756 1900/3444/3756 1901/3446/3756
f 1897/3440/3757 1901/3446/3757 1898/3441/3757
f 1901/3446/3758 1902/3449/3758 1903/3450/3758
f 1901/3446/3759 1903/3450/3759 1898/3441/3759
f 1901/3447/3760 1900/3445/3760 1896/3439/3760
f 1901/3447/3761 1896/3439/3761 1904/3451/3761
f 1901/3447/3762 1904/3451/3762 1905/3452/3762
f 1901/3447/3763 1905/3452/3763 1902/3448/3763
f 1905/3452/3764 1906/3453/3764 1907/3454/3764
f 1905/3452/3765 1907/3454/3765 1902/3448/3765
f 1905/3452/3766 1904/3451/3766 1899/3443/3766
f 1905/3452/3767 1899/3443/3767 1908/3456/3767
f 1905/3452/3768 1908/3456/3768 1909/3458/3768
f 1905/3452/3769 1909/3458/3769 1906/3453/3769
f 1909/3458/3770 1910/3461/3770 1911/3462/3770
f 1909/3458/3771 1911/3462/3771 1906/3453/3771
f 1909/3459/3772 1908/3457/3772 1903/3450/3772
f 1909/3459/3773 1903/3450/3773 1912/3463/3773
f 1909/3459/3774 1912/3463/3774 1913/3464/3774
f 1909/3459/3775 1913/3464/3775 1910/3460/3775
f 1913/3464/3776 1914/3466/3776 1915/3468/3776
f 1913/3464/3777 1915/3468/3777 1910/3460/3777
f 1913/3464/3778 1912/3463/3778 1907/3455/3778
f 1913/3464/3779 1907/3455/3779 1916/3469/3779
f 1913/3464/3780 1916/3469/3780 1917/3471/3780
f 1913/3464/3781 1917/3471/3781 1914/3466/3781
f 1917/3472/3782 1885/3420/3782 1884/3417/3782
f 1917/3472/3783 1884/3417/3783 1914/3465/3783
f 1917/3473/3784 1916/3470/3784 1911/3462/3784
f 1917/3473/3785 1911/3462/3785 1918/3474/3785
f 1917/3473/3786 1918/3474/3786 1886/3422/3786
f 1917/3473/3787 1886/3422/3787 1885/3421/3787
f 1918/3474/3788 1911/3462/3788 1910/3461/3788
f 1918/3474/3789 1910/3461/3789 1915/3467/3789
f 1918/3474/3790 1915/3467/3790 1893/3433/3790
f 1918/3474/3791 1893/3433/3791 1886/3422/3791
f 1916/3470/3792 1907/3454/3792 1906/3453/3792
f 1916/3470/3793 1906/3453/3793 1911/3462/3793
f 1915/3468/3794 1914/3466/3794 1884/3418/3794
f 1915/3468/3795 1884/3418/3795 1893/3434/3795
f 1912/3463/3796 1903/3450/3796 1902/3449/3796
f 1912/3463/3797 1902/3449/3797 1907/3455/3797
f 1908/3457/3798 1899/3442/3798 1898/3441/3798
f 1908/3457/3799 1898/3441/3799 1903/3450/3799
f 1904/3451/3800 1896/3439/3800 1895/3438/3800
f 1904/3451/3801 1895/3438/3801 1899/3443/3801
f 1900/3445/3802 1890/3429/3802 1889/3427/3802
f 1900/3445/3803 1889/3427/3803 1896/3439/3803
f 1879/3405/3804 1887/3424/3804 1881/3411/3804
f 1879/3405/3805 1881/3411/3805 1883/3416/3805
f 1880/3408/3806 1892/3432/3806 1888/3426/3806
f 1892/3432/3807 1882/3414/3807 1888/3426/3807
f 1919/3475/3808 1923/3479/3808 1924/3480/3808
f 1919/3475/3809 1924/3480/3809 1925/3481/3809
f 1920/3476/3810 1926/3482/3810 1927/3483/3810
f 1920/3476/3810 1927/3483/3810 1928/3484/3810
f 1921/3477/3811 1929/3485/3811 1930/3486/3811
f 1921/3477/3812 1930/3486/3812 1931/3487/3812
f 1922/3478/3813 1932/3488/3813 1933/3489/3813
f 1922/3478/3814 1933/3489/3814 1934/3490/3814
f 1934/3490/3815 1933/3489/3815 1935/3491/3815
f 1934/3490/3811 1935/3491/3811 1936/3492/3811
f 1936/3492/3812 1935/3491/3812 1930/3486/3812
f 1936/3492/3812 1930/3486/3812 1929/3485/3812
f 1935/3491/3816 1937/3493/3816 1924/3480/3816
f 1935/3491/3811 1924/3480/3811 1930/3486/3811
f 1935/3491/3817 1933/3489/3817 1927/3483/3817
f 1935/3491/3818 1927/3483/3818 1937/3493/3818
f 1937/3493/3810 1938/3494/3810 1925/3481/3810
f 1937/3493/3819 1925/3481/3819 1924/3480/3819
f 1937/3493/3813 1927/3483/3813 1926/3482/3813
f 1937/3493/3813 1926/3482/3813 1938/3494/3813
f 1933/3489/3820 1932/3488/3820 1928/3484/3820
f 1933/3489/3810 1928/3484/3810 1927/3483/3810
f 1930/3486/3821 1924/3480/3821 1923/3479/3821
f 1930/3486/3811 1923/3479/3811 1931/3487/3811
f 1940/3498/3822 1941/3499/3822 1951/3517/3822
f 1940/3498/3823 1951/3517/3823 1952/3518/3823
f 1939/3496/3824 1950/3516/3824 1941/3499/3824
f 1939/3496/3825 1941/3499/3825 1940/3498/3825
f 1939/3496/3826 1940/3498/3826 1952/3518/3826
f 1939/3496/3827 1952/3518/3827 1953/3520/3827
f 1939/3495/3828 1953/3519/3828 1954/3522/3828
f 1939/3495/3829 1954/3522/3829 1955/3524/3829
f 1941/3499/3830 1950/3516/3830 1956/3526/3830
f 1941/3499/3831 1956/3526/3831 1951/3517/3831
f 1942/3500/3832 1946/3508/3832 1957/3527/3832
f 1942/3500/3833 1957/3527/3833 1958/3528/3833
f 1942/3500/3834 1959/3530/3834 1960/3532/3834
f 1942/3500/3835 1960/3532/3835 1946/3508/3835
f 1942/3501/3836 1958/3529/3836 1961/3534/3836
f 1942/3501/3837 1961/3534/3837 1962/3535/3837
f 1943/3503/3838 1963/3538/3838 1955/3524/3838
f 1943/3503/3839 1955/3524/3839 1964/3540/3839
f 1943/3503/3840 1965/3542/3840 1947/3509/3840
f 1943/3503/3841 1947/3509/3841 1966/3544/3841
f 1943/3503/3842 1966/3544/3842 1967/3546/3842
f 1943/3503/3843 1967/3546/3843 1963/3538/3843
f 1944/3504/3844 1968/3549/3844 1956/3526/3844
f 1944/3504/3845 1956/3526/3845 1950/3516/3845
f 1944/3505/3846 1967/3547/3846 1966/3545/3846
f 1944/3505/3847 1966/3545/3847 1968/3548/3847
f 1945/3506/3848 1944/3504/3848 1950/3516/3848
f 1945/3506/3849 1950/3516/3849 1939/3496/3849
f 1946/3508/3850 1969/3551/3850 1970/3552/3850
f 1946/3508/3851 1970/3552/3851 1957/3527/3851
f 1947/3510/3852 1971/3555/3852 1968/3548/3852
f 1947/3510/3853 1968/3548/3853 1966/3545/3853
f 1947/3510/3854 1965/3541/3854 1972/3557/3854
f 1947/3510/3855 1972/3557/3855 1971/3555/3855
f 1948/3511/3856 1956/3526/3856 1968/3549/3856
f 1948/3511/3857 1968/3549/3857 1971/3556/3857
f 1948/3511/3858 1973/3561/3858 1951/3517/3858
f 1948/3511/3859 1951/3517/3859 1956/3526/3859
f 1948/3511/3860 1974/3562/3860 1975/3565/3860
f 1948/3511/3861 1975/3565/3861 1973/3561/3861
f 1948/3511/3862 1971/3556/3862 1972/3558/3862
f 1948/3511/3863 1972/3558/3863 1949/3513/3863
f 1948/3512/3864 1949/3514/3864 1976/3568/3864
f 1948/3512/3865 1976/3568/3865 1974/3563/3865
f 1976/3569/3866 1965/3542/3866 1943/3503/3866
f 1976/3569/3867 1943/3503/3867 1974/3564/3867
f 1975/3566/3868 1977/3572/3868 1978/3574/3868
f 1975/3566/3869 1978/3574/3869 1973/3560/3869
f 1975/3567/3870 1974/3564/3870 1943/3503/3870
f 1975/3567/3871 1943/3503/3871 1964/3540/3871
f 1975/3567/3872 1964/3540/3872 1979/3575/3872
f 1975/3567/3873 1979/3575/3873 1977/3571/3873
f 1979/3575/3874 1957/3527/3874 1970/3552/3874
f 1979/3575/3875 1970/3552/3875 1977/3571/3875
f 1979/3575/3876 1964/3540/3876 1955/3524/3876
f 1979/3575/3877 1955/3524/3877 1954/3522/3877
f 1979/3575/3878 1954/3522/3878 1958/3528/3878
f 1979/3575/3879 1958/3528/3879 1957/3527/3879
f 1978/3573/3880 1980/3577/3880 1981/3578/3880
f 1978/3573/3881 1981/3578/3881 1952/3518/3881
f 1978/3573/3882 1952/3518/3882 1951/3517/3882
f 1978/3573/3883 1951/3517/3883 1973/3561/3883
f 1978/3574/3884 1977/3572/3884 1970/3553/3884
f 1978/3574/3885 1970/3553/3885 1980/3576/3885
f 1981/3578/3886 1982/3579/3886 1962/3536/3886
f 1981/3578/3887 1962/3536/3887 1961/3533/3887
f 1981/3578/3888 1961/3533/3888 1953/3520/3888
f 1981/3578/3889 1953/3520/3889 1952/3518/3889
f 1981/3578/3890 1980/3577/3890 1983/3580/3890
f 1981/3578/3891 1983/3580/3891 1982/3579/3891
f 1983/3580/3892 1980/3577/3892 1970/3554/3892
f 1983/3580/3893 1970/3554/3893 1969/3550/3893
f 1945/3507/3894 1939/3497/3894 1955/3525/3894
f 1945/3507/3895 1955/3525/3895 1963/3539/3895
f 1961/3534/3896 1958/3529/3896 1954/3523/3896
f 1961/3534/3897 1954/3523/3897 1953/3521/3897
f 1949/3515/3898 1972/3559/3898 1965/3543/3898
f 1949/3515/3899 1965/3543/3899 1976/3570/3899
f 1944/3505/3900 1945/3507/3900 1963/3539/3900
f 1944/3505/3901 1963/3539/3901 1967/3547/3901
f 1969/3551/3902 1946/3508/3902 1960/3532/3902
f 1959/3531/3903 1942/3502/3903 1962/3537/3903
f 1993/3603/3904 1992/3599/3904 1985/3583/3904
f 1992/3599/3905 1991/3597/3905 1985/3583/3905
f 1984/3582/3906 1994/3605/3906 1985/3584/3906
f 1994/3605/3907 1993/3604/3907 1985/3584/3907
f 1984/3581/3908 1985/3585/3908 1991/3598/3908
f 1984/3581/3909 1991/3598/3909 1995/3606/3909
f 1984/3581/3910 1995/3606/3910 1996/3607/3910
f 1984/3581/3911 1996/3607/3911 1997/3608/3911
f 1984/3582/3912 1997/3609/3912 1998/3610/3912
f 1984/3582/3913 1998/3610/3913 1994/3605/3913
f 1986/3586/3914 2002/3620/3914 2003/3623/3914
f 1986/3586/3915 2003/3623/3915 1999/3611/3915
f 1986/3587/3916 2001/3617/3916 2004/3627/3916
f 1986/3587/3917 2004/3627/3917 2002/3622/3917
f 1987/3589/3918 2005/3628/3918 2006/3629/3918
f 1987/3589/3919 2006/3629/3919 1988/3591/3919
f 1987/3589/3920 1989/3593/3920 2007/3631/3920
f 1987/3589/3921 2007/3631/3921 2005/3628/3921
f 1988/3590/3922 2008/3632/3922 2009/3635/3922
f 1988/3590/3923 2009/3635/3923 1990/3594/3923
f 1988/3591/3924 2010/3637/3924 2011/3640/3924
f 1988/3591/3925 2011/3640/3925 2008/3633/3925
f 1989/3592/3926 1990/3595/3926 2012/3641/3926
f 1989/3592/3927 2012/3641/3927 2007/3630/3927
f 1990/3595/3928 2009/3634/3928 2013/3643/3928
f 1990/3595/3929 2013/3643/3929 2014/3644/3929
f 1990/3595/3930 2014/3644/3930 2015/3648/3930
f 1990/3595/3931 2015/3648/3931 2012/3641/3931
f 1991/3598/3932 1992/3600/3932 2017/3652/3932
f 1991/3598/3933 2017/3652/3933 1995/3606/3933
f 1993/3604/3934 1994/3605/3934 2018/3654/3934
f 1993/3604/3935 2018/3654/3935 1992/3601/3935
f 2018/3654/3936 2019/3656/3936 2020/3658/3936
f 2018/3654/3937 2020/3658/3937 2016/3649/3937
f 2018/3654/3938 1994/3605/3938 1998/3610/3938
f 2018/3654/3939 1998/3610/3939 2019/3656/3939
f 2020/3657/3940 2007/3630/3940 2012/3641/3940
f 2020/3657/3941 2012/3641/3941 2021/3659/3941
f 2020/3657/3942 2021/3659/3942 2017/3652/3942
f 2020/3657/3943 2017/3652/3943 2016/3650/3943
f 2020/3658/3944 2019/3656/3944 2005/3628/3944
f 2020/3658/3945 2005/3628/3945 2007/3631/3945
f 2021/3659/3946 2012/3641/3946 2015/3648/3946
f 2021/3659/3947 2015/3648/3947 1996/3607/3947
f 2021/3659/3948 1996/3607/3948 1995/3606/3948
f 2021/3659/3949 1995/3606/3949 2017/3652/3949
f 2019/3656/3950 1998/3610/3950 2006/3629/3950
f 2019/3656/3951 2006/3629/3951 2005/3628/3951
f 2015/3647/3952 2014/3645/3952 2010/3636/3952
f 2015/3647/3953 2010/3636/3953 2022/3660/3953
f 2015/3648/3954 2022/3661/3954 1997/3608/3954
f 2015/3648/3955 1997/3608/3955 1996/3607/3955
f 2022/3662/3956 2010/3637/3956 1988/3591/3956
f 2022/3662/3957 1988/3591/3957 2006/3629/3957
f 2022/3662/3958 2006/3629/3958 1998/3610/3958
f 2022/3662/3959 1998/3610/3959 1997/3609/3959
f 2014/3646/3960 2013/3642/3960 2011/3639/3960
f 2014/3646/3961 2011/3639/3961 2010/3638/3961
f 2013/3642/3962 2003/3624/3962 2002/3621/3962
f 2013/3642/3963 2002/3621/3963 2011/3639/3963
f 2013/3643/3964 2009/3634/3964 2023/3663/3964
f 2013/3643/3965 2023/3663/3965 2003/3625/3965
f 2023/3663/3966 2000/3614/3966 1999/3612/3966
f 2023/3663/3967 1999/3612/3967 2003/3625/3967
f 2023/3664/3968 2009/3635/3968 2008/3632/3968
f 2023/3664/3969 2008/3632/3969 2004/3626/3969
f 2023/3664/3970 2004/3626/3970 2001/3618/3970
f 2023/3664/3971 2001/3618/3971 2000/3615/3971
f 2011/3640/3972 2002/3622/3972 2004/3627/3972
f 2011/3640/3973 2004/3627/3973 2008/3633/3973
f 1987/3589/3974 1988/3591/3974 1989/3593/3974
f 1988/3591/3975 1990/3596/3975 1989/3593/3975
f 1992/3602/3976 2018/3655/3976 2017/3653/3976
f 2018/3655/3977 2016/3651/3977 2017/3653/3977
f 1986/3588/3978 1999/3613/3978 2000/3616/3978
f 1986/3588/3979 2000/3616/3979 2001/3619/3979
f 2024/3665/3980 2025/3666/3980 2026/3667/3980
f 2025/3666/3981 2027/3668/3981 2028/3670/3981
f 2025/3666/3982 2028/3670/3982 2026/3667/3982
f 2028/3671/3983 2027/3669/3983 2029/3672/3983
f 2030/3673/3984 2031/3674/3984 2032/3676/3984
f 2030/3673/3985 2032/3676/3985 2033/3677/3985
f 2034/3678/3986 2035/3679/3986 2036/3680/3986
f 2034/3678/3987 2036/3680/3987 2037/3681/3987
f 2037/3681/3988 2036/3680/3988 2038/3682/3988
f 2037/3681/3989 2038/3682/3989 2039/3683/3989
f 2039/3683/3989 2038/3682/3989 2040/3684/3989
f 2041/3685/3990 2032/3676/3990 2031/3674/3990
f 2041/3685/3991 2031/3674/3991 2042/3686/3991
f 2042/3687/3992 2031/3675/3992 2043/3688/3992
f 2032/3676/3993 2041/3685/3993 2035/3679/3993
f 2032/3676/3988 2035/3679/3988 2034/3678/3988
f 2032/3676/3994 2034/3678/3994 2033/3677/3994
f 2044/3689/3995 2047/3697/3995 2048/3700/3995
f 2044/3689/3996 2048/3700/3996 2049/3702/3996
f 2044/3690/3997 2050/3705/3997 2051/3708/3997
f 2044/3690/3998 2051/3708/3998 2052/3711/3998
f 2044/3689/3999 2049/3702/3999 2053/3714/3999
f 2044/3689/4000 2053/3714/4000 2050/3706/4000
f 2044/3690/4001 2054/3717/4001 2055/3721/4001
f 2044/3690/4002 2055/3721/4002 2047/3698/4002
f 2044/3690/4003 2052/3711/4003 2056/3722/4003
f 2044/3690/4004 2056/3722/4004 2054/3717/4004
f 2045/3691/4005 2052/3712/4005 2051/3709/4005
f 2045/3691/4006 2051/3709/4006 2057/3724/4006
f 2045/3692/4007 2057/3725/4007 2059/3730/4007
f 2045/3692/4008 2059/3730/4008 2058/3727/4008
f 2046/3696/4009 2060/3732/4009 2061/3733/4009
f 2046/3696/4010 2061/3733/4010 2062/3734/4010
f 2046/3694/4011 2063/3735/4011 2064/3739/4011
f 2046/3694/4012 2064/3739/4012 2065/3742/4012
f 2046/3695/4013 2065/3743/4013 2066/3746/4013
f 2046/3695/4014 2066/3746/4014 2060/3731/4014
f 2046/3696/4015 2062/3734/4015 2067/3747/4015
f 2046/3696/4016 2067/3747/4016 2055/3720/4016
f 2046/3696/4017 2055/3720/4017 2054/3718/4017
f 2046/3696/4018 2054/3718/4018 2063/3736/4018
f 2067/3747/4019 2062/3734/4019 2068/3750/4019
f 2067/3747/4020 2068/3750/4020 2069/3752/4020
f 2067/3748/4021 2069/3751/4021 2070/3754/4021
f 2067/3748/4022 2070/3754/4022 2071/3757/4022
f 2067/3749/4023 2071/3758/4023 2047/3698/4023
f 2067/3749/4024 2047/3698/4024 2055/3721/4024
f 2071/3759/4025 2070/3755/4025 2072/3760/4025
f 2071/3759/4026 2072/3760/4026 2073/3761/4026
f 2071/3759/4027 2073/3761/4027 2048/3701/4027
f 2071/3759/4028 2048/3701/4028 2047/3699/4028
f 2073/3761/4029 2072/3760/4029 2066/3745/4029
f 2073/3761/4030 2066/3745/4030 2065/3744/4030
f 2073/3761/4031 2065/3744/4031 2064/3740/4031
f 2073/3761/4032 2064/3740/4032 2048/3701/4032
f 2072/3760/4033 2070/3755/4033 2074/3763/4033
f 2072/3760/4034 2074/3763/4034 2075/3764/4034
f 2072/3760/4035 2075/3764/4035 2076/3765/4035
f 2072/3760/4036 2076/3765/4036 2066/3745/4036
f 2076/3765/4037 2075/3764/4037 2077/3767/4037
f 2076/3765/4038 2077/3767/4038 2078/3768/4038
f 2076/3765/4039 2078/3768/4039 2079/3770/4039
f 2076/3765/4040 2079/3770/4040 2080/3772/4040
f 2076/3766/4041 2080/3773/4041 2060/3731/4041
f 2076/3766/4042 2060/3731/4042 2066/3746/4042
f 2080/3774/4043 2079/3769/4043 2081/3776/4043
f 2080/3774/4044 2081/3776/4044 2082/3777/4044
f 2080/3774/4045 2082/3777/4045 2061/3733/4045
f 2080/3774/4046 2061/3733/4046 2060/3732/4046
f 2082/3777/4047 2081/3776/4047 2083/3778/4047
f 2082/3777/4048 2083/3778/4048 2084/3779/4048
f 2082/3777/4049 2084/3779/4049 2085/3780/4049
f 2082/3777/4050 2085/3780/4050 2061/3733/4050
f 2085/3780/4051 2068/3750/4051 2062/3734/4051
f 2085/3780/4052 2062/3734/4052 2061/3733/4052
f 2085/3780/4053 2084/3779/4053 2086/3781/4053
f 2085/3780/4054 2086/3781/4054 2087/3782/4054
f 2085/3780/4055 2087/3782/4055 2088/3784/4055
f 2085/3780/4056 2088/3784/4056 2068/3750/4056
f 2088/3784/4057 2087/3782/4057 2089/3785/4057
f 2088/3784/4058 2089/3785/4058 2090/3787/4058
f 2088/3783/4059 2090/3788/4059 2091/3792/4059
f 2088/3784/4060 2091/3793/4060 2069/3752/4060
f 2088/3784/4061 2069/3752/4061 2068/3750/4061
f 2091/3794/4062 2090/3789/4062 2092/3796/4062
f 2091/3794/4063 2092/3796/4063 2074/3763/4063
f 2091/3795/4064 2074/3762/4064 2070/3756/4064
f 2091/3795/4065 2070/3756/4065 2069/3753/4065
f 2092/3796/4066 2090/3789/4066 2093/3797/4066
f 2092/3796/4067 2093/3797/4067 2094/3799/4067
f 2092/3796/4068 2094/3799/4068 2095/3800/4068
f 2092/3796/4069 2095/3800/4069 2077/3767/4069
f 2092/3796/4070 2077/3767/4070 2075/3764/4070
f 2092/3796/4071 2075/3764/4071 2074/3763/4071
f 2095/3800/4072 2096/3801/4072 2078/3768/4072
f 2095/3800/4073 2078/3768/4073 2077/3767/4073
f 2096/3801/4074 2097/3802/4074 2079/3770/4074
f 2096/3801/4075 2079/3770/4075 2078/3768/4075
f 2097/3803/4076 2098/3804/4076 2081/3775/4076
f 2097/3803/4077 2081/3775/4077 2079/3771/4077
f 2098/3805/4078 2099/3806/4078 2083/3778/4078
f 2098/3805/4079 2083/3778/4079 2081/3776/4079
f 2099/3806/4080 2100/3807/4080 2101/3808/4080
f 2099/3806/4081 2101/3808/4081 2083/3778/4081
f 2101/3808/4082 2086/3781/4082 2084/3779/4082
f 2101/3808/4083 2084/3779/4083 2083/3778/4083
f 2093/3798/4084 2090/3790/4084 2102/3809/4084
f 2102/3810/4085 2090/3791/4085 2089/3786/4085
f 2102/3810/4086 2089/3786/4086 2103/3811/4086
f 2064/3740/4087 2059/3729/4087 2049/3703/4087
f 2064/3740/4088 2049/3703/4088 2048/3701/4088
f 2064/3741/4089 2063/3737/4089 2058/3727/4089
f 2064/3741/4090 2058/3727/4090 2059/3730/4090
f 2063/3738/4091 2054/3719/4091 2056/3723/4091
f 2063/3738/4092 2056/3723/4092 2058/3728/4092
f 2059/3730/4093 2057/3725/4093 2053/3715/4093
f 2059/3730/4094 2053/3715/4094 2049/3704/4094
f 2045/3693/4095 2058/3728/4095 2056/3723/4095
f 2045/3693/4096 2056/3723/4096 2052/3713/4096
f 2050/3707/4097 2053/3716/4097 2057/3726/4097
f 2050/3707/4098 2057/3726/4098 2051/3710/4098
f 2104/3812/4099 2105/3813/4099 2106/3815/4099
f 2105/3814/4100 2107/3817/4100 2108/3819/4100
f 2105/3814/4101 2108/3819/4101 2106/3816/4101
f 2108/3819/4102 2107/3817/4102 2109/3820/4102
f 2108/3819/4103 2109/3820/4103 2110/3822/4103
f 2108/3819/4104 2110/3822/4104 2111/3823/4104
f 2108/3819/4105 2111/3823/4105 2112/3824/4105
f 2108/3819/4106 2112/3824/4106 2113/3825/4106
f 2108/3819/4107 2113/3825/4107 2106/3816/4107
f 2113/3825/4108 2112/3824/4108 2114/3826/4108
f 2113/3825/4109 2114/3826/4109 2115/3827/4109
f 2116/3828/4110 2113/3825/4110 2115/3827/4110
f 2114/3826/4111 2112/3824/4111 2111/3823/4111
f 2114/3826/4112 2111/3823/4112 2117/3829/4112
f 2117/3829/4113 2111/3823/4113 2118/3830/4113
f 2117/3829/4114 2118/3830/4114 2119/3831/4114
f 2118/3830/4115 2111/3823/4115 2110/3822/4115
f 2118/3830/4116 2110/3822/4116 2120/3832/4116
f 2120/3832/4117 2110/3822/4117 2109/3820/4117
f 2120/3832/4118 2109/3820/4118 2121/3833/4118
f 2122/3834/4119 2109/3821/4119 2107/3818/4119
f 100/298/4120 474/1177/4120 260/697/4120 38/124/4120
f 1453/2606/4121 480/1191/4121 258/691/4121
f 258/691/4122 259/694/4122 37/122/4122
